Date,AAPL,MSFT,NVDA,AMZN,GOOGL,META,TSLA,JPM,XOM,JNJ,VFIAX,VTSAX,VBTLX,VIMAX,VSMAX,VGSLX,VTIAX,GLD,SLV,USO,TLT,BND,BTC-USD,ETH-USD
2020-01-01,,,,,,,,,,,,,,,,,,,,,,,7200.17431640625,130.802001953125
2020-01-02,72.40052795410156,152.1584014892578,5.9707536697387695,94.90049743652344,67.87303161621094,208.14657592773438,28.68400001525879,118.43034362792969,53.30641174316406,122.63822937011719,274.31719970703125,73.3395004272461,9.186951637268066,201.2875518798828,72.65579986572266,102.3915786743164,25.101041793823242,143.9499969482422,16.809999465942383,102.4800033569336,113.74646759033203,69.48673248291016,6985.47021484375,127.4101791381836
2020-01-03,71.69664764404297,150.2637481689453,5.875187397003174,93.74849700927734,67.5179672241211,207.04522705078125,29.534000396728516,116.86748504638672,52.87785339355469,121.21835327148438,272.41046142578125,72.89190673828125,9.22011661529541,200.4603729248047,72.45468139648438,103.27581787109375,24.90129280090332,145.86000061035156,16.84000015258789,105.44000244140625,115.4982681274414,69.7349853515625,7344.88427734375,134.1717071533203
2020-01-04,,,,,,,,,,,,,,,,,,,,,,,7410.65673828125,135.06936645507812
2020-01-05,,,,,,,,,,,,,,,,,,,,,,,7411.3173828125,136.2767791748047
2020-01-06,72.26793670654297,150.65216064453125,5.899824619293213,95.14399719238281,69.31758880615234,210.9446258544922,30.1026668548584,116.7745590209961,53.283851623535156,121.067138671875,273.368408203125,73.12940979003906,9.211828231811523,200.69674682617188,72.55525207519531,103.34687042236328,24.892974853515625,147.38999938964844,16.940000534057617,105.27999877929688,114.84239196777344,69.65223693847656,7769.21923828125,144.3041534423828
2020-01-07,71.9280776977539,149.27854919433594,5.971251487731934,95.34300231933594,69.1837158203125,211.40103149414062,31.270666122436523,114.789306640625,52.84778594970703,121.80644226074219,272.6294250488281,72.95584869384766,9.195246696472168,200.65130615234375,72.39067077636719,102.13894653320312,24.868005752563477,147.97000122070312,17.170000076293945,105.04000091552734,114.27788543701172,69.59432220458984,8163.6923828125,143.5439910888672
2020-01-08,73.08509063720703,151.6563262939453,5.982451438903809,94.59850311279297,69.6761245727539,213.5442352294922,32.80933380126953,115.6847915649414,52.05082321166992,121.78966522216797,273.979736328125,73.30296325683594,9.17866039276123,201.16029357910156,72.57351684570312,102.51790618896484,24.868005752563477,146.86000061035156,16.93000030517578,101.27999877929688,113.52233123779297,69.48673248291016,8079.86279296875,141.2581329345703
2020-01-09,74.63748931884766,153.5509490966797,6.048154830932617,95.05249786376953,70.40758514404297,216.60025024414062,32.089332580566406,116.10717010498047,52.44929122924805,122.15090942382812,275.87738037109375,73.75967407226562,9.186951637268066,202.29661560058594,72.78382873535156,102.50212097167969,24.992843627929688,146.02999877929688,16.719999313354492,99.91999816894531,113.92081451416016,69.56950378417969,7879.0712890625,138.9792022705078
2020-01-10,74.80623626708984,152.84043884277344,6.080508232116699,94.15799713134766,70.86233520507812,216.3621063232422,31.876667022705078,114.94979858398438,51.983154296875,121.87368774414062,275.0836486816406,73.55873107910156,9.20353889465332,201.96932983398438,72.54608154296875,103.30744171142578,24.959552764892578,146.91000366210938,16.889999389648438,99.27999877929688,114.93370056152344,69.68531799316406,8166.55419921875,143.96377563476562
2020-01-11,,,,,,,,,,,,,,,,,,,,,,,8037.53759765625,142.92710876464844
2020-01-12,,,,,,,,,,,,,,,,,,,,,,,8192.494140625,145.87393188476562
2020-01-13,76.4044189453125,154.67825317382812,6.271146297454834,94.56500244140625,71.41129302978516,220.18212890625,34.990665435791016,115.90442657470703,52.479366302490234,122.4113998413086,277.0085144042969,74.08853149414062,9.195246696472168,203.4329071044922,73.1495132446289,104.49958038330078,25.14265251159668,145.82000732421875,16.780000686645508,97.5999984741211,114.58505249023438,69.64398193359375,8144.1943359375,144.22659301757812
2020-01-14,75.37271118164062,153.58883666992188,6.1541748046875,93.47200012207031,70.94315338134766,217.3542938232422,35.861331939697266,117.25608825683594,52.02825164794922,123.1003189086914,276.6163330078125,74.0428466796875,9.211828231811523,203.7692413330078,73.36894226074219,104.10481262207031,25.134326934814453,145.69000244140625,16.6200008392334,98.23999786376953,115.17444610595703,69.74323272705078,8827.7646484375,165.95535278320312
2020-01-15,75.0497055053711,154.58355712890625,6.111616611480713,93.10099792480469,71.37012481689453,219.42803955078125,34.56666564941406,115.49893951416016,51.94554138183594,123.51199340820312,277.1363525390625,74.19811248779297,9.22011661529541,204.25106811523438,73.5517578125,105.01272583007812,25.109363555908203,146.5399932861328,16.809999465942383,97.44000244140625,115.9382095336914,69.85083770751953,8807.0107421875,166.23068237304688
2020-01-16,75.98979187011719,157.41604614257812,6.195239067077637,93.89700317382812,71.91364288330078,220.043212890625,34.232666015625,115.94664764404297,51.7425537109375,124.51177215576172,279.46282958984375,74.85578918457031,9.211828231811523,206.41452026367188,74.40203857421875,105.85750579833984,25.209230422973633,146.30999755859375,16.770000457763672,98.31999969482422,115.57294464111328,69.80943298339844,8723.7861328125,164.39100646972656
2020-01-17,76.83108520507812,158.2970428466797,6.203949928283691,93.23600006103516,73.36959838867188,220.4103240966797,34.03333282470703,116.74921417236328,51.54707717895508,125.32672119140625,280.5483703613281,75.06587219238281,9.20353889465332,206.7508544921875,74.23747253417969,105.96015167236328,25.292461395263672,146.5800018310547,16.81999969482422,98.63999938964844,114.58505249023438,69.80119323730469,8929.0380859375,170.7799530029297
2020-01-18,,,,,,,,,,,,,,,,,,,,,,,8942.80859375,175.3656768798828
2020-01-19,,,,,,,,,,,,,,,,,,,,,,,8706.2451171875,166.9698486328125
2020-01-20,,,,,,,,,,,,,,,,,,,,,,,8657.642578125,167.12051391601562
2020-01-21,76.31040954589844,157.72860717773438,6.1706013679504395,94.5999984741211,73.50499725341797,219.71578979492188,36.47999954223633,115.60028839111328,50.81026077270508,125.41075134277344,279.8094482421875,74.86494445800781,9.228407859802246,206.1509246826172,73.80779266357422,106.99443817138672,25.05942726135254,146.74000549316406,16.639999389648438,97.91999816894531,115.78883361816406,69.9749755859375,8745.89453125,169.69715881347656
2020-01-22,76.58281707763672,156.97079467773438,6.224607467651367,94.37300109863281,73.58531951904297,219.59669494628906,37.97066879272461,115.46513366699219,50.51704406738281,124.55377197265625,279.9007263183594,74.90145874023438,9.236701011657715,206.305419921875,73.75292205810547,106.29963684082031,25.109363555908203,146.7899932861328,16.65999984741211,95.19999694824219,116.19558715820312,70.03288269042969,8680.8759765625,168.29415893554688
2020-01-23,76.95162200927734,157.9370574951172,6.29304838180542,94.22899627685547,73.62596893310547,218.04885864257812,38.14666748046875,115.34686279296875,50.20125198364258,124.78903198242188,280.2382507324219,74.98367309570312,9.253287315368652,207.0236053466797,73.81690216064453,107.14444732666016,25.01780891418457,147.1199951171875,16.610000610351562,93.27999877929688,117.00912475585938,70.1570053100586,8406.515625,162.92855834960938
2020-01-24,76.72984313964844,156.34556579589844,6.233814716339111,93.08200073242188,72.70758056640625,216.24302673339844,37.654666900634766,112.4830551147461,49.8629150390625,124.61260223388672,277.71112060546875,74.28947448730469,9.26986312866211,205.1237030029297,72.96664428710938,106.82073974609375,24.909618377685547,147.97999572753906,16.90999984741211,91.44000244140625,117.95559692382812,70.26457977294922,8445.4345703125,163.05117797851562
2020-01-25,,,,,,,,,,,,,,,,,,,,,,,8367.84765625,161.283935546875
2020-01-26,,,,,,,,,,,,,,,,,,,,,,,8596.830078125,168.0771026611328
2020-01-27,74.47357177734375,153.73095703125,5.977972984313965,91.41699981689453,70.99969482421875,213.19691467285156,37.201332092285156,111.53688049316406,48.674991607666016,124.9738998413086,273.3409729003906,73.16594696044922,9.303031921386719,202.01480102539062,72.04327392578125,106.31544494628906,24.401935577392578,148.99000549316406,16.889999389648438,88.80000305175781,119.79035949707031,70.49629974365234,8909.8193359375,170.93089294433594
2020-01-28,76.58039093017578,156.743408203125,6.1713480949401855,92.6624984741211,71.93049621582031,216.09417724609375,37.793331146240234,113.56434631347656,48.60733413696289,125.6040267944336,276.09625244140625,73.8875503540039,9.28645133972168,203.88743591308594,72.73808288574219,106.710205078125,24.57671356201172,147.66000366210938,16.31999969482422,90.0,118.85221862792969,70.37217712402344,9358.58984375,176.3703155517578
2020-01-29,78.18341827392578,159.1875457763672,6.110871315002441,92.9000015258789,72.23795318603516,221.49185180664062,38.732666015625,113.3954086303711,48.201324462890625,126.47774505615234,275.8591613769531,73.80535888671875,9.311325073242188,203.03292846679688,72.50953674316406,106.29174041748047,24.55174446105957,148.4600067138672,16.40999984741211,89.27999877929688,120.0145034790039,70.5707778930664,9316.6298828125,175.0503387451172
2020-01-30,78.07011413574219,163.6777801513672,6.11759090423584,93.53399658203125,72.11647033691406,207.8985137939453,42.72066879272461,114.7977523803711,48.71259307861328,126.32649230957031,276.7713928222656,74.03372955322266,9.311325073242188,203.54197692871094,72.5003890991211,106.43385314941406,24.43522834777832,148.47000122070312,16.68000030517578,88.63999938964844,120.03114318847656,70.58733367919922,9508.9931640625,184.6904754638672
2020-01-31,74.60856628417969,161.2621612548828,5.884145736694336,100.43599700927734,71.0517578125,200.33786010742188,43.371334075927734,111.81568908691406,46.70512771606445,125.07465362548828,271.89044189453125,72.73663330078125,9.357029914855957,200.0967559814453,71.09244537353516,105.09957122802734,24.035741806030273,149.3300018310547,16.81999969482422,86.72000122070312,121.12699890136719,70.76937103271484,9350.529296875,180.16017150878906
2020-02-01,,,,,,,,,,,,,,,,,,,,,,,9392.875,183.6739501953125
2020-02-02,,,,,,,,,,,,,,,,,,,,,,,9344.365234375,188.61753845214844
2020-02-03,74.40367126464844,165.19351196289062,5.981207370758057,100.20999908447266,73.52233123779297,202.60011291503906,52.0,112.66890716552734,45.660057067871094,126.16687774658203,273.861083984375,73.3395004272461,9.357029914855957,201.75120544433594,71.76898193359375,105.42327880859375,24.10232162475586,148.36000061035156,16.5,83.91999816894531,121.02889251708984,70.7055435180664,9293.521484375,189.8650665283203
2020-02-04,76.86000061035156,170.63111877441406,6.1504411697387695,102.4834976196289,71.6780776977539,208.19618225097656,59.137332916259766,114.2908706665039,45.088645935058594,127.3683090209961,277.966552734375,74.47216033935547,9.3237886428833,204.4873809814453,72.8478012084961,106.55231475830078,24.510135650634766,146.42999267578125,16.450000762939453,83.5199966430664,119.39901733398438,70.48992156982422,9180.962890625,189.25059509277344
2020-02-05,77.48676300048828,170.42269897460938,6.240784168243408,101.99349975585938,71.70982360839844,208.4739990234375,48.97999954223633,116.23387908935547,47.16375732421875,129.3762969970703,281.1049499511719,75.22115325927734,9.298856735229492,206.32363891601562,73.67977905273438,106.57599639892578,24.70155143737793,146.61000061035156,16.459999084472656,85.5999984741211,118.09342956542969,70.37379455566406,9613.423828125,204.23023986816406
2020-02-06,78.39311981201172,173.95623779296875,6.327640056610107,102.5114974975586,73.19354248046875,209.20823669433594,49.930667877197266,116.2507553100586,46.524696350097656,128.98985290527344,282.08111572265625,75.422119140625,9.307169914245605,206.34181213378906,73.4603500366211,106.97862243652344,24.80974769592285,147.39999389648438,16.6299991607666,85.91999816894531,118.62567901611328,70.44017791748047,9729.8017578125,212.33908081054688
2020-02-07,77.32755279541016,174.20249938964844,6.261439800262451,103.96399688720703,73.3492660522461,210.67674255371094,49.871334075927734,115.87905883789062,46.216426849365234,127.61196899414062,280.6122131347656,75.00192260742188,9.340410232543945,204.7692108154297,72.73808288574219,106.89965057373047,24.593355178833008,147.7899932861328,16.540000915527344,84.63999938964844,120.10578155517578,70.65576171875,9795.943359375,222.72605895996094
2020-02-08,,,,,,,,,,,,,,,,,,,,,,,9865.119140625,223.14651489257812
2020-02-09,,,,,,,,,,,,,,,,,,,,,,,10116.673828125,228.5785675048828
2020-02-10,77.6948013305664,178.7591094970703,6.5446600914001465,106.69550323486328,74.81465148925781,211.40103149414062,51.41866683959961,116.36060333251953,45.72833251953125,127.5867691040039,282.71063232421875,75.56825256347656,9.348718643188477,205.9963836669922,73.18608856201172,108.17869567871094,24.618328094482422,148.1699981689453,16.610000610351562,83.36000061035156,120.43850708007812,70.76356506347656,9856.611328125,223.522705078125
2020-02-11,77.22607421875,174.72357177734375,6.667105197906494,107.54000091552734,74.88407897949219,205.57675170898438,51.62533187866211,116.58023834228516,46.16304397583008,127.69599151611328,283.2033996582031,75.7509536743164,9.332099914550781,207.29629516601562,73.66148376464844,108.96820831298828,24.80141830444336,147.66000366210938,16.479999542236328,84.0,119.83142852783203,70.64747619628906,10208.236328125,235.8511962890625
2020-02-12,79.06000518798828,174.97927856445312,6.78283166885376,108.0,75.30908203125,209.11892700195312,51.15266799926758,116.58023834228516,46.727394104003906,126.93984985351562,285.0369567871094,76.23506927490234,9.31548023223877,208.6053009033203,74.20089721679688,109.62350463867188,24.926265716552734,147.5399932861328,16.329999923706055,86.4800033569336,119.22431945800781,70.56454467773438,10326.0546875,265.4061279296875
2020-02-13,78.49700927734375,174.03199768066406,6.7390313148498535,107.49349975585938,75.0492172241211,211.48043823242188,53.599998474121094,116.47886657714844,46.46809768676758,126.09969329833984,284.6720886230469,76.19853973388672,9.3237886428833,208.7325897216797,74.36546325683594,110.2945785522461,24.80141830444336,148.3800048828125,16.459999084472656,86.72000122070312,119.68169403076172,70.63088989257812,10214.3798828125,268.0992431640625
2020-02-14,78.5163345336914,175.58563232421875,7.212141513824463,106.74349975585938,75.31401824951172,212.51229858398438,53.33533477783203,116.12406921386719,46.25457000732422,126.13331604003906,285.2378234863281,76.33556365966797,9.332099914550781,209.2689208984375,74.3563232421875,111.42357635498047,24.76813316345215,149.0,16.559999465942383,87.5999984741211,120.20565795898438,70.7055435180664,10312.1162109375,284.2174987792969
2020-02-15,,,,,,,,,,,,,,,,,,,,,,,9889.4248046875,264.72857666015625
2020-02-16,,,,,,,,,,,,,,,,,,,,,,,9934.43359375,259.89471435546875
2020-02-17,,,,,,,,,,,,,,,,,,,,,,,9690.142578125,266.3634338378906
2020-02-18,77.07868194580078,177.36656188964844,7.380878925323486,107.78350067138672,75.34923553466797,216.10414123535156,57.22666549682617,114.58655548095703,45.66732406616211,125.30155181884766,284.41680908203125,76.1620101928711,9.348718643188477,208.90530395507812,74.1643295288086,111.25777435302734,24.593355178833008,150.91000366210938,17.010000228881836,87.5999984741211,121.02889251708984,70.8133316040039,10141.99609375,281.944580078125
2020-02-19,78.19499206542969,177.89849853515625,7.832089424133301,108.51100158691406,75.6185073852539,215.7965545654297,61.16133117675781,116.14940643310547,46.01814270019531,125.13349914550781,285.8125305175781,76.53651428222656,9.348718643188477,209.60523986816406,74.46602630615234,109.75772857666016,24.726520538330078,151.7899932861328,17.229999542236328,89.44000244140625,121.02059173583984,70.80502319335938,9633.38671875,259.76397705078125
2020-02-20,77.39277648925781,175.18174743652344,7.682765007019043,107.65499877929688,75.22773742675781,212.90919494628906,59.96066665649414,116.14940643310547,45.652069091796875,124.65460968017578,284.7268371582031,76.32644653320312,9.365337371826172,209.6234588623047,74.65802001953125,111.07621765136719,24.51845359802246,152.41000366210938,17.139999389648438,90.23999786376953,121.96856689453125,70.97919464111328,9608.4755859375,257.949462890625
2020-02-21,75.6410140991211,169.6438446044922,7.318661212921143,104.79850006103516,73.56498718261719,208.54347229003906,60.06666564941406,114.73015594482422,45.0953369140625,125.96524810791016,281.74359130859375,75.52259826660156,9.39026927947998,207.3599853515625,73.83518981933594,111.39990234375,24.410261154174805,154.6999969482422,17.280000686645508,89.27999877929688,123.10792541503906,71.1533432006836,9686.44140625,265.6006164550781
2020-02-22,,,,,,,,,,,,,,,,,,,,,,,9663.181640625,262.33172607421875
2020-02-23,,,,,,,,,,,,,,,,,,,,,,,9924.515625,273.754150390625
2020-02-24,72.04801177978516,162.32955932617188,6.801249027252197,100.4645004272461,70.41104888916016,199.1571044921875,55.58599853515625,111.64669799804688,42.982810974121094,123.36955261230469,272.32843017578125,73.03805541992188,9.423508644104004,201.3421630859375,71.65926361083984,109.82875061035156,23.544708251953125,156.08999633789062,17.399999618530273,85.91999816894531,124.94559478759766,71.37725067138672,9650.1748046875,265.2164306640625
2020-02-25,69.60760498046875,159.65084838867188,6.521762371063232,98.63700103759766,68.74779510498047,195.2378692626953,53.32733154296875,106.66249084472656,41.33548355102539,122.30416107177734,264.0901184082031,70.79100799560547,9.440129280090332,194.7607421875,69.23648834228516,106.89965057373047,23.195159912109375,153.3000030517578,16.709999084472656,83.19999694824219,125.61097717285156,71.43528747558594,9341.705078125,247.81759643554688
2020-02-26,70.71183776855469,161.64559936523438,6.661133289337158,98.97949981689453,68.9535903930664,195.66452026367188,51.91999816894531,106.98350524902344,40.42793655395508,121.4840316772461,263.0865783691406,70.40737915039062,9.423508644104004,192.5244598388672,68.27651977539062,105.73121643066406,23.211801528930664,153.97000122070312,16.68000030517578,81.5199966430664,124.94559478759766,71.39382934570312,8820.5224609375,225.68026733398438
2020-02-27,66.08950805664062,150.25619506835938,6.2903361320495605,94.21499633789062,65.20854949951172,188.2725372314453,45.266666412353516,102.53150939941406,37.995086669921875,117.6284408569336,251.51834106445312,67.3747787475586,9.448443412780762,184.87954711914062,65.78975677490234,100.0940933227539,22.57928466796875,154.0,16.469999313354492,78.23999786376953,126.30118560791016,71.47677612304688,8784.494140625,226.75338745117188
2020-02-28,66.05084991455078,153.89437866210938,6.725381851196289,94.1875,66.41358947753906,190.9713592529297,44.53266525268555,98.08792114257812,39.23057556152344,113.70526885986328,249.49295043945312,66.79933166503906,9.51755428314209,182.57962036132812,64.93036651611328,97.66239929199219,22.421154022216797,148.3800048828125,15.529999732971191,75.5999984741211,129.15347290039062,71.94944763183594,8672.455078125,226.760498046875
2020-02-29,,,,,,,,,,,,,,,,,,,,,,,8599.5087890625,219.8485107421875
2020-03-01,,,,,,,,,,,,,,,,,,,,,,,8562.4541015625,218.97059631347656
2020-03-02,72.20024108886719,164.13433837890625,6.883759498596191,97.69750213623047,68.74779510498047,194.9104461669922,49.574668884277344,102.658203125,41.09143829345703,118.3894271850586,260.97906494140625,69.69490051269531,9.500897407531738,189.55194091796875,66.80455780029297,101.94153594970703,22.770702362060547,149.1999969482422,15.5600004196167,79.36000061035156,128.2032012939453,71.90210723876953,8869.669921875,230.5697784423828
2020-03-03,69.9072036743164,156.2691650390625,6.6212897300720215,95.44950103759766,66.33772277832031,184.44259643554688,49.70066833496094,98.80599975585938,39.12380599975586,114.64376831054688,253.6622772216797,67.8223648071289,9.575838088989258,185.40675354003906,65.29607391357422,101.68891906738281,22.53767204284668,153.88999938964844,16.020000457763672,79.12000274658203,130.19366455078125,72.33419799804688,8787.7861328125,224.47962951660156
2020-03-04,73.1498031616211,162.006591796875,7.084970951080322,98.79149627685547,68.51374053955078,190.26687622070312,49.96666717529297,101.24739074707031,39.97797775268555,121.31489562988281,264.3728942871094,70.56267547607422,9.559188842773438,192.3063201904297,67.4079818725586,105.58119201660156,23.120256423950195,154.16000366210938,16.09000015258789,78.87999725341797,128.81124877929688,72.31757354736328,8755.24609375,224.51797485351562
2020-03-05,70.77706909179688,157.94094848632812,6.805566787719727,96.20149993896484,65.19913482666016,183.7281951904297,48.30266571044922,96.28009796142578,38.21625518798828,120.07200622558594,255.4595489501953,68.19688415527344,9.609148025512695,186.1339569091797,65.04007720947266,103.17318725585938,22.66250991821289,157.49000549316406,16.299999237060547,76.87999725341797,132.0175323486328,72.59178924560547,9078.7626953125,229.2681884765625
2020-03-06,69.83715057373047,153.4763946533203,6.625024318695068,95.05449676513672,64.25592041015625,179.679931640625,46.89866638183594,91.30430603027344,36.37065887451172,120.08891296386719,251.11692810058594,66.98200988769531,9.684087753295898,181.72515869140625,63.69611358642578,101.4836196899414,22.246379852294922,157.5500030517578,16.18000030517578,69.83999633789062,138.88829040527344,73.09037780761719,9122.5458984375,243.52529907226562
2020-03-07,,,,,,,,,,,,,,,,,,,,,,,8909.9541015625,237.85308837890625
2020-03-08,,,,,,,,,,,,,,,,,,,,,,,8108.1162109375,200.68905639648438
2020-03-09,64.31356048583984,143.074951171875,6.112035751342773,90.03050231933594,60.29119873046875,168.18019104003906,40.53333282470703,78.93665313720703,31.924423217773438,115.36247253417969,231.9847412109375,61.729759216308594,9.675760269165039,165.8231658935547,57.82967758178711,93.56195831298828,20.51527214050293,157.80999755859375,15.880000114440918,52.15999984741211,142.65252685546875,72.93251037597656,7923.64453125,201.986328125
2020-03-10,68.94552612304688,152.85899353027344,6.501507759094238,94.59100341796875,63.23585510253906,176.8025665283203,43.02199935913086,85.06977844238281,33.10652542114258,119.75917053222656,243.43780517578125,64.64360809326172,9.550862312316895,173.29290771484375,59.9759407043457,97.60948181152344,21.139469146728516,154.47999572753906,15.729999542236328,57.91999816894531,135.34046936035156,71.95196533203125,7909.7294921875,200.76724243164062
2020-03-11,66.55103302001953,145.93418884277344,6.137685298919678,91.04299926757812,60.04869842529297,168.91445922851562,42.28200149536133,81.06551361083984,32.01593780517578,111.43927001953125,231.5723876953125,61.35526657104492,9.492568969726562,163.82330322265625,56.12368392944336,91.54219055175781,20.2739200592041,153.92999267578125,15.630000114440918,55.52000045776367,130.36024475097656,70.58921813964844,7911.43017578125,194.8685302734375
2020-03-12,59.978797912597656,132.09397888183594,5.386629104614258,83.83049774169922,55.12191390991211,153.2672576904297,37.369998931884766,74.38326263427734,28.355228424072266,106.03640747070312,209.59164428710938,55.436222076416016,9.40097713470459,147.8975372314453,50.18019104003906,82.47702026367188,18.17661476135254,147.7899932861328,14.619999885559082,52.31999969482422,131.16799926757812,66.7502212524414,4970.7880859375,112.34712219238281
2020-03-13,67.16476440429688,150.8737030029297,5.9974846839904785,89.25,60.21581268310547,168.95413208007812,36.44133377075195,87.78155517578125,29.072111129760742,113.54459381103516,229.1260528564453,60.414432525634766,9.3510160446167,158.4264678955078,54.08749008178711,89.7291488647461,19.158679962158203,143.27999877929688,13.6899995803833,55.68000030517578,128.2032012939453,69.567138671875,5563.70703125,133.20181274414062
2020-03-14,,,,,,,,,,,,,,,,,,,,,,,5200.3662109375,123.30602264404297
2020-03-15,,,,,,,,,,,,,,,,,,,,,,,5392.31494140625,125.21430206298828
2020-03-16,58.52421951293945,128.63636779785156,4.8908233642578125,84.4574966430664,53.21022033691406,144.8731231689453,29.67133331298828,74.64515686035156,26.303709030151367,107.49068450927734,201.68438720703125,52.98822021484375,9.434285163879395,138.33665466308594,46.48387908935547,73.62657165527344,17.194543838500977,141.63999938964844,12.0,48.400001525878906,136.50637817382812,70.29834747314453,5014.47998046875,110.60587310791016
2020-03-17,61.0975341796875,139.22779846191406,5.4105353355407715,90.39199829101562,55.44475173950195,148.2565460205078,28.68000030517578,79.20697021484375,28.07305145263672,115.48928833007812,213.74224853515625,56.0482177734375,9.276079177856445,146.20819091796875,48.80440139770508,78.07167053222656,17.843708038330078,143.55999755859375,11.880000114440918,45.68000030517578,127.40371704101562,68.8442153930664,5225.62939453125,113.9427490234375
2020-03-18,59.601863861083984,133.36691284179688,5.050696849822998,91.5,54.112274169921875,145.8157196044922,24.08133316040039,70.86897277832031,25.258880615234375,114.11111450195312,202.67396545410156,52.76900100708008,9.126190185546875,135.2044677734375,44.10831832885742,70.51738739013672,16.81170654296875,140.6999969482422,11.210000038146973,37.68000030517578,120.21660614013672,67.18231964111328,5238.4384765625,114.84226989746094
2020-03-19,59.145179748535156,135.56118774414062,5.303455829620361,94.04650115966797,55.127864837646484,151.93765258789062,28.50933265686035,72.06011962890625,26.257953643798828,107.42304229736328,203.635986328125,53.41753005981445,9.051254272460938,137.31385803222656,46.327945709228516,70.97065734863281,16.869958877563477,138.0399932861328,11.319999694824219,42.959999084472656,123.48954010009766,67.1407699584961,6191.19287109375,136.59385681152344
2020-03-20,55.39031982421875,130.4696807861328,5.123661041259766,92.30449676513672,52.97268295288086,148.5641632080078,28.50200080871582,70.53949737548828,24.969079971313477,101.36913299560547,194.84002685546875,51.18876266479492,9.176154136657715,131.11346435546875,44.52105712890625,67.7501220703125,16.89082908630371,140.11000061035156,11.619999885559082,39.52000045776367,132.77540588378906,68.2791519165039,6198.7783203125,132.73716735839844
2020-03-21,,,,,,,,,,,,,,,,,,,,,,,6185.06640625,132.81871032714844
2020-03-22,,,,,,,,,,,,,,,,,,,,,,,5830.2548828125,123.32115173339844
2020-03-23,54.213600158691406,129.1682891845703,5.296482563018799,95.1415023803711,52.274452209472656,146.94686889648438,28.952667236328125,66.76333618164062,23.985261917114258,93.97087097167969,189.13185119628906,49.7729377746582,9.25109577178955,127.23242950439453,43.43875503540039,64.25130462646484,16.498598098754883,146.3000030517578,12.3100004196167,39.040000915527344,138.24691772460938,69.79148864746094,6416.31494140625,134.91160583496094
2020-03-24,59.65260696411133,140.90911865234375,6.205169200897217,97.00499725341797,56.037349700927734,159.72657775878906,33.66666793823242,74.70426940917969,27.028221130371094,100.7688217163086,206.90699768066406,54.47711944580078,9.25109577178955,141.11268615722656,47.75878143310547,70.10388946533203,17.81715202331543,153.39999389648438,13.289999961853027,39.84000015258789,135.67364501953125,69.86630249023438,6734.8037109375,138.76144409179688
2020-03-25,59.323997497558594,139.5602569580078,6.116517543792725,94.29199981689453,54.62948989868164,154.99368286132812,35.95000076293945,77.49208068847656,28.439119338989258,100.95482635498047,209.29840087890625,55.23630905151367,9.284401893615723,144.57359313964844,49.07039260864258,73.7299575805664,18.418010711669922,151.3000030517578,13.510000228881836,40.63999938964844,135.3654327392578,70.80525207519531,6681.06298828125,136.19589233398438
2020-03-26,62.445796966552734,148.2898712158203,6.405884742736816,97.77449798583984,57.66936492919922,162.0681610107422,35.21066665649414,82.89025115966797,29.605976104736328,107.0172119140625,222.3641357421875,58.669639587402344,9.342689514160156,153.184814453125,52.051300048828125,79.03386688232422,19.252538681030273,153.24000549316406,13.529999732971191,38.63999938964844,136.0316619873047,71.12930297851562,6716.4404296875,138.36155700683594
2020-03-27,59.86040496826172,142.20101928710938,6.293574810028076,95.00499725341797,55.057945251464844,155.56919860839844,34.29066848754883,76.98519897460938,28.17981719970703,104.13398742675781,214.87840270996094,56.69593048095703,9.425954818725586,148.5824737548828,50.28110122680664,78.95433044433594,18.62664222717285,152.25,13.4399995803833,35.7599983215332,139.66278076171875,71.51155090332031,6469.79833984375,133.9379425048828
2020-03-28,,,,,,,,,,,,,,,,,,,,,,,6242.19384765625,130.9864959716797
2020-03-29,,,,,,,,,,,,,,,,,,,,,,,5922.04296875,125.58373260498047
2020-03-30,61.56869888305664,152.20350646972656,6.613818645477295,98.19750213623047,56.845672607421875,164.6578369140625,33.47533416748047,78.98733520507812,28.599271774291992,112.46234130859375,222.11672973632812,58.48603057861328,9.434285163879395,152.235107421875,51.29001235961914,80.71171569824219,18.910383224487305,152.9199981689453,13.15999984741211,33.84000015258789,138.51348876953125,71.58634948730469,6429.841796875,132.904541015625
2020-03-31,61.443050384521484,149.8097686767578,6.564262390136719,97.48600006103516,57.62125778198242,165.50123596191406,34.93333435058594,76.0559310913086,28.95771598815918,110.8727798461914,218.58001708984375,57.60475540161133,9.462655067443848,148.92945861816406,50.730525970458984,78.8032455444336,18.81858253479004,148.0500030517578,13.050000190734863,33.68000030517578,137.38914489746094,70.92158508300781,6438.64453125,133.59356689453125
2020-04-01,58.2100944519043,144.49029541015625,6.05301570892334,95.38500213623047,54.65329360961914,158.35728454589844,32.104000091552734,71.2660140991211,28.622159957885742,108.9111557006836,208.93190002441406,54.9241828918457,9.479341506958008,141.7062225341797,47.66706466674805,73.5708999633789,18.201032638549805,149.4499969482422,13.020000457763672,35.040000915527344,139.3140869140625,71.28802490234375,6606.7763671875,135.63455200195312
2020-04-02,59.181434631347656,147.48251342773438,6.361806392669678,95.94149780273438,55.393672943115234,156.95826721191406,30.29800033569336,73.92707824707031,30.810951232910156,112.5807113647461,213.74224853515625,56.0533332824707,9.487688064575195,143.3043212890625,48.09814453125,73.92078399658203,18.50146484375,151.89999389648438,13.529999732971191,40.880001068115234,140.19815063476562,71.62110900878906,6793.62451171875,142.02914428710938
2020-04-03,58.33091354370117,146.12416076660156,6.0739359855651855,95.32949829101562,54.1871452331543,152.97946166992188,32.000667572021484,71.7419662475586,29.90340232849121,113.44315338134766,210.5353546142578,55.12614059448242,9.487688064575195,140.52825927734375,46.76820755004883,72.8075180053711,18.134273529052734,152.64999389648438,13.460000038146973,47.20000076293945,140.5316925048828,71.58779907226562,6733.38720703125,142.09130859375
2020-04-04,,,,,,,,,,,,,,,,,,,,,,,6867.52734375,145.21939086914062
2020-04-05,,,,,,,,,,,,,,,,,,,,,,,6791.12939453125,143.54664611816406
2020-04-06,63.41954803466797,156.99111938476562,6.683794021606445,99.87950134277344,58.67455291748047,164.26097106933594,34.41600036621094,76.35974884033203,30.864337921142578,118.1695556640625,225.33279418945312,59.07355499267578,9.479341506958008,151.82421875,50.57459259033203,78.286376953125,19.035558700561523,156.8800048828125,14.029999732971191,43.84000015258789,140.164794921875,71.81266784667969,7271.78125,169.13587951660156
2020-04-07,62.68501281738281,155.30023193359375,6.45045804977417,100.58000183105469,58.643310546875,167.5154266357422,36.36333465576172,77.36695098876953,31.45157814025879,116.24180603027344,224.9754180908203,59.04602813720703,9.479341506958008,153.0296173095703,50.89562225341797,78.9145736694336,19.169084548950195,156.0399932861328,13.989999771118164,40.720001220703125,138.69686889648438,71.8792953491211,7176.41455078125,165.10194396972656
2020-04-08,64.28942108154297,156.85809326171875,6.647685527801514,102.1500015258789,59.85529708862305,172.92298889160156,36.589332580566406,80.49097442626953,33.44208526611328,121.12890625,232.69940185546875,61.17580795288086,9.471000671386719,159.86924743652344,53.32621383666992,84.31391906738281,19.452821731567383,154.64999389648438,13.9399995803833,42.959999084472656,137.68780517578125,72.0625228881836,7334.0986328125,172.64173889160156
2020-04-09,64.75332641601562,156.86758422851562,6.5480756759643555,102.13800048828125,59.83396530151367,173.825927734375,38.20000076293945,87.71212768554688,32.892974853515625,119.41251373291016,236.09869384765625,62.268218994140625,9.529410362243652,164.2433624267578,55.29819107055664,89.06121063232422,19.67814826965332,158.69000244140625,14.34000015258789,39.84000015258789,137.93798828125,72.85368347167969,7302.08935546875,170.80714416503906
2020-04-10,,,,,,,,,,,,,,,,,,,,,,,6865.4931640625,158.41244506835938
2020-04-11,,,,,,,,,,,,,,,,,,,,,,,6859.0830078125,158.2160186767578
2020-04-12,,,,,,,,,,,,,,,,,,,,,,,6971.091796875,161.14242553710938
2020-04-13,66.0242691040039,157.2190399169922,6.719902515411377,108.44349670410156,60.02439880371094,173.42901611328125,43.39666748046875,83.81135559082031,32.610801696777344,118.17804718017578,233.72557067871094,61.54300308227539,9.546101570129395,160.57241821289062,53.80316162109375,85.16476440429688,19.61138343811035,161.41000366210938,14.399999618530273,39.439998626708984,136.6786346435547,72.62049865722656,6845.03759765625,156.27955627441406
2020-04-14,69.35871887207031,164.998779296875,7.071024417877197,114.16600036621094,62.74292755126953,176.78269958496094,47.32600021362305,81.5152587890625,32.35912322998047,123.47095489501953,240.89981079101562,63.388179779052734,9.562784194946289,164.89170837402344,55.02303695678711,87.70936584472656,20.020299911499023,162.67999267578125,14.649999618530273,37.279998779296875,136.64520263671875,72.62049865722656,6842.427734375,157.5963897705078
2020-04-15,68.72564697265625,163.2699432373047,6.993578910827637,115.38400268554688,62.34968185424805,175.592041015625,48.65533447265625,77.49497985839844,30.871963500976562,124.84916687011719,235.60391235351562,61.91020965576172,9.6128568649292,160.28016662597656,52.968502044677734,84.13896179199219,19.452821731567383,161.85000610351562,14.489999771118164,35.439998626708984,140.26480102539062,72.97863006591797,6642.10986328125,153.28689575195312
2020-04-16,69.27173614501953,168.1715087890625,7.338726043701172,120.40950012207031,62.35612487792969,174.87765502929688,49.680667877197266,74.5416488647461,29.85763931274414,126.54865264892578,236.9690704345703,62.213134765625,9.629546165466309,160.45367431640625,52.77588653564453,83.19270324707031,19.427791595458984,161.7100067138672,14.510000228881836,34.880001068115234,141.85780334472656,73.02022552490234,7116.80419921875,172.15737915039062
2020-04-17,68.33180236816406,169.65330505371094,7.279458045959473,118.75,63.42578887939453,177.8444061279297,50.259334564208984,81.24210357666016,32.96162414550781,128.53564453125,243.33705139160156,63.994049072265625,9.604509353637695,166.3345184326172,54.96800231933594,85.8486328125,19.91181182861328,158.57000732421875,14.149999618530273,33.68000030517578,139.95626831054688,72.92032623291016,7096.1845703125,171.63858032226562
2020-04-18,,,,,,,,,,,,,,,,,,,,,,,7257.6650390625,186.91400146484375
2020-04-19,,,,,,,,,,,,,,,,,,,,,,,7189.4248046875,181.61495971679688
2020-04-20,66.91345977783203,166.29061889648438,7.148223400115967,119.68049621582031,62.54060363769531,176.8521728515625,49.75733184814453,78.28025817871094,31.40581703186035,128.23973083496094,238.97567749023438,62.90164566040039,9.6128568649292,163.0653839111328,54.170047760009766,82.5326919555664,19.70318031311035,159.6999969482422,14.260000228881836,30.0,141.0821990966797,72.80370330810547,6881.95849609375,172.2971649169922
2020-04-21,64.84512329101562,159.413330078125,6.711434841156006,116.40599822998047,60.11118698120117,169.47007751464844,45.781333923339844,76.00977325439453,31.238040924072266,126.55708312988281,231.65487670898438,60.983009338378906,9.621200561523438,158.38076782226562,52.638301849365234,81.08544158935547,19.2358455657959,158.61000061035156,13.880000114440918,22.479999542236328,142.85862731933594,72.89534759521484,6880.3232421875,172.73770141601562
2020-04-22,66.712890625,164.82777404785156,7.1258111000061035,118.17449951171875,62.40472412109375,180.8607177734375,48.807334899902344,76.2573013305664,32.13033676147461,129.3557891845703,236.978271484375,62.35083770751953,9.6128568649292,162.2161102294922,53.454612731933594,82.42137908935547,19.59469223022461,161.72999572753906,14.09000015258789,20.079999923706055,141.3991241455078,72.8370132446289,7117.20751953125,182.59957885742188
2020-04-23,66.45436096191406,162.83299255371094,7.072520732879639,119.97250366210938,63.03749084472656,183.68850708007812,47.04199981689453,76.29999542236328,33.137027740478516,131.48648071289062,236.85914611816406,62.39674377441406,9.621200561523438,162.44442749023438,53.9682502746582,81.65003204345703,19.586341857910156,163.33999633789062,14.210000038146973,21.1200008392334,142.1497344970703,72.9536361694336,7429.724609375,185.02867126464844
2020-04-24,68.3729019165039,165.8061981201172,7.211474895477295,120.51100158691406,63.306766510009766,188.59005737304688,48.34333419799805,77.42668151855469,33.35057067871094,130.93695068359375,240.16680908203125,63.268856048583984,9.629546165466309,164.74560546875,54.784568786621094,81.96015167236328,19.6697998046875,162.63999938964844,14.210000038146973,20.559999465942383,142.48333740234375,72.92864990234375,7550.90087890625,189.2369384765625
2020-04-25,,,,,,,,,,,,,,,,,,,,,,,7569.93603515625,195.5153045654297
2020-04-26,,,,,,,,,,,,,,,,,,,,,,,7679.8671875,197.31753540039062
2020-04-27,68.42120361328125,165.33126831054688,7.397993087768555,118.80000305175781,63.022125244140625,186.04002380371094,53.25,80.7641372680664,33.510719299316406,130.4549560546875,243.70358276367188,64.40717315673828,9.587820053100586,168.98277282714844,56.85744857788086,84.78307342529297,19.970233917236328,161.55999755859375,14.210000038146973,17.520000457763672,139.8311767578125,72.67046356201172,7795.60107421875,197.22471618652344
2020-04-28,67.31214141845703,161.3036346435547,7.255552768707275,115.7040023803711,61.12431335449219,181.4857940673828,51.27466583251953,81.33599853515625,34.29625701904297,128.00299072265625,242.43911743164062,64.16850280761719,9.6128568649292,169.8411102294922,57.426116943359375,85.52261352539062,20.120447158813477,160.83999633789062,14.100000381469727,17.040000915527344,141.44082641601562,72.88695526123047,7807.05859375,198.41539001464844
2020-04-29,69.52304077148438,168.5419464111328,7.43235969543457,118.635498046875,66.55889129638672,192.67796325683594,53.367332458496094,83.52967834472656,36.19525146484375,127.0306396484375,248.8894805908203,66.03205108642578,9.621200561523438,174.5713653564453,59.90254592895508,86.82672119140625,20.637855529785156,161.72999572753906,14.279999732971191,18.0,140.7068634033203,72.9369888305664,8801.0380859375,216.96823120117188
2020-04-30,70.98969268798828,170.23275756835938,7.278461933135986,123.69999694824219,66.78304290771484,203.1160430908203,52.12533187866211,81.7371826171875,35.440223693847656,126.86151123046875,246.59884643554688,65.2425537109375,9.623705863952637,170.37985229492188,58.159873962402344,85.78501892089844,20.329078674316406,158.8000030517578,13.979999542236328,19.1200008392334,139.0638427734375,72.8786849975586,8658.5537109375,207.60205078125
2020-05-01,69.8468017578125,165.8251953125,7.0418901443481445,114.302001953125,65.32608032226562,200.695068359375,46.75466537475586,79.59474182128906,32.900604248046875,125.38182830810547,239.7086944580078,63.33311080932617,9.632071495056152,165.11090087890625,56.1053352355957,82.77123260498047,19.91181182861328,159.77999877929688,13.920000076293945,18.860000610351562,140.2547607421875,72.84862518310547,8864.7666015625,214.21910095214844
2020-05-02,,,,,,,,,,,,,,,,,,,,,,,8988.5966796875,215.32537841796875
2020-05-03,,,,,,,,,,,,,,,,,,,,,,,8897.46875,210.9331512451172
2020-05-04,70.83505249023438,169.88128662109375,7.253808975219727,115.79949951171875,65.602783203125,203.66175842285156,50.74599838256836,78.64728546142578,34.22761917114258,125.36492919921875,240.72569274902344,63.62685012817383,9.623705863952637,165.8779296875,56.288780212402344,82.47702026367188,19.811670303344727,160.33999633789062,13.770000457763672,19.670000076293945,139.5950164794922,72.92376708984375,8912.654296875,208.17401123046875
2020-05-05,71.898193359375,171.705078125,7.314820289611816,115.88999938964844,66.8980941772461,205.4576873779297,51.2140007019043,78.52778625488281,34.189476013183594,126.40495300292969,242.8972625732422,64.23274230957031,9.615348815917969,167.6860809326172,56.85744857788086,82.86666107177734,19.928504943847656,161.02000427246094,13.930000305175781,21.510000228881836,138.7014617919922,72.85697174072266,9003.0703125,206.77439880371094
2020-05-06,72.64000701904297,173.39596557617188,7.415674209594727,117.56300354003906,66.72005462646484,206.84677124023438,52.172000885009766,77.05111694335938,33.548858642578125,125.20427703857422,241.22052001953125,63.819637298583984,9.58189868927002,166.07882690429688,56.56393814086914,81.37171936035156,19.828359603881836,158.9499969482422,13.920000076293945,20.850000381469727,136.46343994140625,72.5315170288086,9268.76171875,204.0557861328125
2020-05-07,73.39144897460938,174.40286254882812,7.591983318328857,118.38050079345703,67.90277099609375,209.6150360107422,52.00266647338867,77.85346984863281,33.73951721191406,124.78997802734375,244.08836364746094,64.67337036132812,9.615348815917969,169.40277099609375,57.60038375854492,82.59629821777344,20.036991119384766,161.38999938964844,14.260000228881836,20.469999313354492,138.74313354492188,72.76516723632812,9951.5185546875,212.28941345214844
2020-05-08,75.13826751708984,175.42877197265625,7.781988143920898,118.98049926757812,68.64961242675781,210.69659423828125,54.62799835205078,79.12528228759766,35.219051361083984,125.72850036621094,248.25730895996094,65.90351104736328,9.58189868927002,173.1285400390625,59.443965911865234,84.58427429199219,20.354110717773438,160.4199981689453,14.4399995803833,21.469999313354492,136.93936157226562,72.55658721923828,9842.666015625,212.9915771484375
2020-05-09,,,,,,,,,,,,,,,,,,,,,,,9593.896484375,211.60012817382812
2020-05-10,,,,,,,,,,,,,,,,,,,,,,,8756.4306640625,188.5995635986328
2020-05-11,76.32062530517578,177.38555908203125,8.034000396728516,120.44999694824219,69.60420989990234,211.5200958251953,54.08599853515625,76.79503631591797,34.88349151611328,126.07514953613281,248.2938690185547,65.8851547241211,9.556818008422852,172.41627502441406,59.1137580871582,83.31993103027344,20.337425231933594,159.4199981689453,14.4399995803833,21.170000076293945,135.8704376220703,72.3312759399414,8601.7958984375,185.912841796875
2020-05-12,75.44840240478516,173.367431640625,7.772026538848877,117.84750366210938,68.19535827636719,208.46409606933594,53.96066665649414,74.28556823730469,34.3004150390625,124.40949249267578,243.22706604003906,64.45307922363281,9.5735445022583,168.1700439453125,57.160118103027344,79.44734954833984,20.120447158813477,160.0399932861328,14.420000076293945,20.969999313354492,137.26507568359375,72.5649185180664,8804.4775390625,189.3125
2020-05-13,74.5374526977539,170.74569702148438,7.7496161460876465,118.39600372314453,66.8638687133789,203.5030059814453,52.73066711425781,71.72489929199219,32.59782791137695,124.40103149414062,239.0032196044922,63.195404052734375,9.5902681350708,163.91464233398438,55.2431755065918,77.57071685791016,19.970233917236328,161.5800018310547,14.550000190734863,20.600000381469727,138.2254638671875,72.64839935302734,9269.9873046875,199.1932830810547
2020-05-14,74.99533081054688,171.48667907714844,7.999138355255127,119.44249725341797,67.28687286376953,205.19970703125,53.55533218383789,74.70382690429688,32.8854866027832,124.83226776123047,241.81607055664062,63.91144561767578,9.606985092163086,166.1519012451172,55.78432083129883,77.8331298828125,19.886777877807617,163.00999450683594,14.8100004196167,21.450000762939453,139.57833862304688,72.84862518310547,9733.7216796875,202.9490966796875
2020-05-15,74.55198669433594,173.98484802246094,8.457587242126465,120.48899841308594,68.0902328491211,209.238037109375,53.27799987792969,73.321044921875,32.652244567871094,127.19974517822266,242.78726196289062,64.24192810058594,9.606985092163086,166.9098663330078,56.398841857910156,77.53890991210938,19.870088577270508,163.92999267578125,15.510000228881836,22.389999389648438,139.21913146972656,72.8903579711914,9328.197265625,195.62266540527344
2020-05-16,,,,,,,,,,,,,,,,,,,,,,,9377.013671875,200.6771240234375
2020-05-17,,,,,,,,,,,,,,,,,,,,,,,9670.7392578125,207.15869140625
2020-05-18,76.30850219726562,175.647216796875,8.716075897216797,121.31300354003906,68.69127655029297,211.530029296875,54.242000579833984,77.20476531982422,35.24888229370117,127.26734161376953,250.46543884277344,66.4267807006836,9.58189868927002,173.92303466796875,59.52650833129883,82.16691589355469,20.504331588745117,162.69000244140625,15.789999961853027,24.309999465942383,136.1627655029297,72.7568588256836,9726.5751953125,214.52505493164062
2020-05-19,75.86754608154297,174.43136596679688,8.771110534667969,122.46649932861328,68.15669250488281,215.19131469726562,53.867332458496094,75.68544006347656,34.16048049926758,125.99908447265625,247.86328125,65.72908782958984,9.606985092163086,172.3432159423828,58.71019744873047,81.03773498535156,20.379150390625,164.25999450683594,16.170000076293945,24.440000534057617,136.6721649169922,72.84862518310547,9729.0380859375,213.45111083984375
2020-05-20,77.3430404663086,176.85086059570312,8.934967041015625,124.89700317382812,69.88043975830078,228.1793670654297,54.37066650390625,77.9559097290039,35.2722053527832,124.86604309082031,252.03221130371094,66.90414428710938,9.623705863952637,175.39321899414062,60.104347229003906,81.80110931396484,20.72964859008789,164.64999389648438,16.360000610351562,25.34000015258789,137.08139038085938,73.04055786132812,9522.9814453125,210.09674072265625
2020-05-21,76.76641082763672,174.7266387939453,8.74097728729248,122.33699798583984,69.76092529296875,229.5883026123047,55.17333221435547,76.96574401855469,34.64249038696289,124.04590606689453,250.08978271484375,66.46348571777344,9.632071495056152,174.2425994873047,60.186885833740234,81.76931762695312,20.546058654785156,162.25,15.960000038146973,26.600000381469727,137.42373657226562,73.11566162109375,9081.76171875,199.88360595703125
2020-05-22,77.26066589355469,174.80284118652344,8.990998268127441,121.84400177001953,70.08277893066406,233.08091735839844,54.45866775512695,76.36827850341797,34.673580169677734,122.91357421875,250.72201538085938,66.67462921142578,9.64042854309082,175.08270263671875,60.47122573852539,82.9461669921875,20.370803833007812,163.2100067138672,16.040000915527344,25.56999969482422,138.25047302246094,73.14071655273438,9182.5771484375,207.169189453125
2020-05-23,,,,,,,,,,,,,,,,,,,,,,,9209.287109375,208.69439697265625
2020-05-24,,,,,,,,,,,,,,,,,,,,,,,8790.3681640625,202.37034606933594
2020-05-25,,,,,,,,,,,,,,,,,,,,,,,8906.9345703125,205.3197479248047
2020-05-26,76.73734283447266,172.95494079589844,8.68370246887207,121.09300231933594,70.48593139648438,230.3920135498047,54.591331481933594,81.78839874267578,35.69202423095703,123.07536315917969,253.80975341796875,67.60181427001953,9.632071495056152,178.8541259765625,62.094669342041016,86.07128143310547,20.929935455322266,160.88999938964844,15.970000267028809,25.65999984741211,136.39659118652344,73.09898376464844,8835.052734375,201.90231323242188
2020-05-27,77.07168579101562,173.18348693847656,8.491952896118164,120.51950073242188,70.431884765625,227.3558349609375,54.68199920654297,86.52566528320312,35.94857406616211,123.3563461303711,257.5755310058594,68.66670989990234,9.632071495056152,181.87677001953125,63.61724090576172,87.79684448242188,21.163606643676758,161.17999267578125,16.149999618530273,25.0,136.14596557617188,73.13236236572266,9181.017578125,208.86343383789062
2020-05-28,77.1056137084961,172.79298400878906,8.453856468200684,120.05500030517578,70.3307113647461,223.70449829101562,53.72066879272461,85.2367935180664,35.015655517578125,125.12714385986328,257.0716247558594,68.4188461303711,9.632071495056152,181.54798889160156,62.64500045776367,88.1944351196289,21.255399703979492,161.72000122070312,16.190000534057617,25.030000686645508,135.64498901367188,73.15738677978516,9525.7509765625,219.84042358398438
2020-05-29,77.03050231933594,174.55519104003906,8.840837478637695,122.11849975585938,71.08845520019531,223.3373565673828,55.66666793823242,83.06021118164062,35.349952697753906,126.64265441894531,258.34515380859375,68.74932098388672,9.676469802856445,182.5251007080078,62.663326263427734,87.27997589111328,21.313823699951172,162.91000366210938,16.65999984741211,25.8799991607666,136.61370849609375,73.36602783203125,9439.1240234375,220.6751251220703
2020-05-30,,,,,,,,,,,,,,,,,,,,,,,9700.4140625,242.34559631347656
2020-05-31,,,,,,,,,,,,,,,,,,,,,,,9461.05859375,230.9757080078125
2020-06-01,77.97779846191406,174.15512084960938,8.771855354309082,123.552001953125,71.1553955078125,230.10427856445312,59.87333297729492,84.16130828857422,35.97968292236328,125.31449127197266,259.3255310058594,69.11654663085938,9.676469802856445,184.53404235839844,63.41545486450195,89.27589416503906,21.64763069152832,163.66000366210938,17.100000381469727,26.219999313354492,135.6938934326172,73.30662536621094,10167.2685546875,246.99176025390625
2020-06-02,78.33882141113281,176.1363983154297,8.790786743164062,123.62049865722656,71.52436828613281,230.907958984375,58.770668029785156,84.44297790527344,36.780418395996094,126.21692657470703,261.46038818359375,69.69485473632812,9.676469802856445,186.55218505859375,63.96577835083008,89.9518051147461,21.9814395904541,162.60000610351562,16.84000015258789,27.06999969482422,135.2005615234375,73.36515808105469,9529.8037109375,237.21905517578125
2020-06-03,78.77006530761719,176.56507873535156,8.735251426696777,123.91999816894531,71.37261199951172,228.36788940429688,58.86399841308594,89.00098419189453,38.2808837890625,126.5574722290039,265.061279296875,70.75056457519531,9.651341438293457,190.4696807861328,65.58003997802734,92.89400482177734,22.4404296875,159.60000610351562,16.479999542236328,27.1200008392334,133.40277099609375,73.19793701171875,9656.7177734375,244.1793212890625
2020-06-04,78.09168243408203,174.24081420898438,8.736248970031738,123.02999877929688,70.13533782958984,224.5280303955078,57.62533187866211,90.85323333740234,38.17204284667969,124.9228286743164,264.2274475097656,70.52106475830078,9.634583473205566,189.7482452392578,65.52501678466797,91.99545288085938,22.39035987854004,161.27999877929688,16.540000915527344,27.5,131.4712371826172,73.0223617553711,9800.63671875,244.4263916015625
2020-06-05,80.31580352783203,178.31776428222656,8.889217376708984,124.1500015258789,71.41079711914062,228.97312927246094,59.04399871826172,94.9417953491211,41.266239166259766,125.40814971923828,271.1542663574219,72.3846206665039,9.626202583312988,194.8438262939453,67.51534271240234,95.40680694580078,22.81597137451172,158.00999450683594,16.200000762939453,28.8700008392334,130.53469848632812,73.01405334472656,9665.533203125,241.22198486328125
2020-06-06,,,,,,,,,,,,,,,,,,,,,,,9653.6796875,241.9313201904297
2020-06-07,,,,,,,,,,,,,,,,,,,,,,,9758.8525390625,245.16725158691406
2020-06-08,80.79068756103516,179.42274475097656,8.774615287780762,126.2030029296875,71.8084945678711,229.5982208251953,63.327999114990234,96.83672332763672,42.5567741394043,124.9569091796875,274.4253234863281,73.36688232421875,9.642959594726562,198.36865234375,68.94618225097656,97.80032348632812,23.016252517700195,159.72000122070312,16.59000015258789,28.3700008392334,131.03646850585938,73.08924865722656,9771.4892578125,246.30990600585938
2020-06-09,83.34188842773438,180.79440307617188,9.01478099822998,130.04299926757812,72.00884246826172,236.81163024902344,62.711334228515625,94.35285949707031,41.608299255371094,124.26728057861328,272.29962158203125,72.66921997070312,9.668096542358398,194.35064697265625,67.49699401855469,96.21791076660156,22.807621002197266,161.25999450683594,16.420000076293945,28.420000076293945,132.52484130859375,73.13943481445312,9795.7001953125,244.9114532470703
2020-06-10,85.48607635498047,187.50035095214844,9.334426879882812,132.37249755859375,72.63468933105469,234.88671875,68.336669921875,90.52889251708984,39.37706756591797,125.83383178710938,270.8518981933594,72.16429138183594,9.701604843139648,191.5655059814453,66.00194549560547,93.71305847167969,22.81597137451172,163.57000732421875,16.959999084472656,28.43000030517578,134.48983764648438,73.44876861572266,9870.0947265625,247.4449462890625
2020-06-11,81.3818359375,177.43191528320312,8.765893936157227,127.89800262451172,69.52042388916016,222.6824951171875,64.85600280761719,82.974853515625,35.90193176269531,119.93376159667969,254.91842651367188,67.83131408691406,9.709983825683594,179.59378051757812,61.434288024902344,87.7491455078125,21.65597915649414,162.38999938964844,16.440000534057617,26.360000610351562,137.03184509277344,73.31498718261719,9321.78125,231.70266723632812
2020-06-12,82.08444213867188,178.83216857910156,8.901674270629883,127.2509994506836,70.06690979003906,226.80018615722656,62.35200119018555,85.24534606933594,36.67158889770508,121.02351379394531,258.32684326171875,68.79524993896484,9.693228721618652,182.62554931640625,62.77341079711914,90.92192840576172,21.9814395904541,162.6199951171875,16.280000686645508,26.43000030517578,135.71066284179688,73.39022827148438,9480.84375,237.4932098388672
2020-06-13,,,,,,,,,,,,,,,,,,,,,,,9475.27734375,238.90884399414062
2020-06-14,,,,,,,,,,,,,,,,,,,,,,,9386.7880859375,234.1147003173828
2020-06-15,83.099609375,179.97518920898438,9.142091751098633,128.63400268554688,70.45469665527344,230.68968200683594,66.05999755859375,86.42323303222656,36.64826583862305,120.25730895996094,260.4891357421875,69.50206756591797,9.684852600097656,185.3285369873047,63.947425842285156,92.1226806640625,21.989784240722656,162.3300018310547,16.229999542236328,26.979999542236328,135.78590393066406,73.5407485961914,9450.7021484375,229.9289093017578
2020-06-16,85.30193328857422,184.38552856445312,9.037203788757324,130.7635040283203,71.73065185546875,233.8151397705078,65.47533416748047,87.11463928222656,37.47236251831055,122.9902114868164,265.4277648925781,70.83319091796875,9.693228721618652,188.71641540527344,65.259033203125,93.99137878417969,22.29021453857422,162.25,16.260000228881836,27.639999389648438,133.70379638671875,73.44876861572266,9538.0244140625,234.41616821289062
2020-06-17,85.1832275390625,185.0237579345703,9.204127311706543,132.0489959716797,72.03165435791016,233.69607543945312,66.11933135986328,84.91242218017578,36.25178146362305,122.61563110351562,264.4748840332031,70.51188659667969,9.693228721618652,187.75758361816406,64.47940063476562,92.59182739257812,22.34028434753418,162.55999755859375,16.329999923706055,27.280000686645508,134.25572204589844,73.46551513671875,9480.2548828125,233.0282745361328
2020-06-18,85.2171630859375,187.00503540039062,9.186189651489258,132.69900512695312,71.11820983886719,234.10289001464844,66.9306640625,84.45150756835938,36.47722625732422,122.09627532958984,264.63067626953125,70.5761489868164,9.709983825683594,187.87632751464844,64.45191192626953,91.55809020996094,22.29021453857422,162.24000549316406,16.209999084472656,27.889999389648438,135.6771697998047,73.54910278320312,9411.8408203125,232.10116577148438
2020-06-19,84.73017883300781,185.8905792236328,9.229289054870605,133.75050354003906,70.6480941772461,236.93069458007812,66.72666931152344,83.48700714111328,35.74644088745117,122.45384979248047,263.18292236328125,70.5761489868164,9.718362808227539,187.87632751464844,64.45191192626953,91.55809020996094,22.243249893188477,164.02999877929688,16.489999771118164,28.229999542236328,135.78590393066406,73.5741958618164,9288.0185546875,227.13829040527344
2020-06-20,,,,,,,,,,,,,,,,,,,,,,,9332.3408203125,229.27426147460938
2020-06-21,,,,,,,,,,,,,,,,,,,,,,,9303.6298828125,228.9898223876953
2020-06-22,86.94703674316406,191.0534210205078,9.493873596191406,135.6909942626953,71.93843078613281,237.3573455810547,66.28800201416016,82.58220672607422,36.08852005004883,122.0792236328125,264.905517578125,70.66796112060547,9.709983825683594,187.58412170410156,64.50691223144531,90.16650390625,22.427764892578125,165.08999633789062,16.5,28.979999542236328,135.8025665283203,73.54910278320312,9648.7177734375,242.53318786621094
2020-06-23,88.80289459228516,192.32980346679688,9.417388916015625,138.2205047607422,72.59896850585938,240.3538360595703,66.78533172607422,83.58941650390625,36.30619430541992,121.62801361083984,266.04156494140625,70.94335174560547,9.701604843139648,187.40142822265625,64.65367889404297,89.78482818603516,22.603900909423828,166.47999572753906,16.760000228881836,28.719999313354492,134.8743896484375,73.51565551757812,9629.658203125,244.14215087890625
2020-06-24,87.23533630371094,188.4529266357422,9.203629493713379,136.72000122070312,71.04779815673828,232.1978302001953,64.0566635131836,80.79825592041016,34.5958366394043,119.03984069824219,259.1697998046875,69.03380584716797,9.709983825683594,181.7732391357422,62.48712921142578,87.2679443359375,22.09227180480957,165.89999389648438,16.280000686645508,27.25,136.321044921875,73.5240249633789,9313.6103515625,235.7724609375
2020-06-25,88.3934097290039,190.83428955078125,9.457250595092773,137.72900390625,71.46434783935547,233.84490966796875,65.73200225830078,83.6150131225586,35.11672592163086,118.91211700439453,262.0193176269531,69.85441589355469,9.709983825683594,183.9093475341797,63.37873840332031,88.35176086425781,22.29357147216797,165.8000030517578,16.59000015258789,27.940000534057617,136.7140350341797,73.59925842285156,9264.8134765625,232.94448852539062
2020-06-26,85.67747497558594,187.01454162597656,9.123408317565918,134.64349365234375,67.56855010986328,214.39752197265625,63.982666015625,79.03138732910156,33.91169738769531,117.32855224609375,255.65147399902344,68.18550872802734,9.735118865966797,180.58140563964844,61.999942779541016,86.60961151123047,22.00000762939453,166.5399932861328,16.6299991607666,27.360000610351562,138.1772918701172,73.73303985595703,9162.91796875,229.6680450439453
2020-06-27,,,,,,,,,,,,,,,,,,,,,,,9045.390625,222.9597930908203
2020-06-28,,,,,,,,,,,,,,,,,,,,,,,9143.58203125,225.34716796875
2020-06-29,87.65205383300781,189.02447509765625,9.168251037597656,134.0189971923828,69.28584289550781,218.92202758789062,67.29000091552734,79.38135528564453,34.455909729003906,118.3757553100586,259.4362487792969,69.23662567138672,9.7267427444458,183.1209259033203,63.36035919189453,88.26344299316406,22.167762756347656,166.6300048828125,16.649999618530273,28.270000457763672,137.74253845214844,73.783203125,9190.8544921875,228.1948699951172
2020-06-30,88.38373565673828,193.85386657714844,9.464972496032715,137.9409942626953,70.32129669189453,225.3019561767578,71.98733520507812,80.28612518310547,34.766876220703125,119.72946166992188,263.4512939453125,70.31546020507812,9.745208740234375,186.07302856445312,64.25196075439453,89.38740539550781,22.22647476196289,167.3699951171875,17.010000228881836,28.059999465942383,137.07357788085938,73.8584213256836,9137.9931640625,226.31500244140625
2020-07-01,88.21656799316406,194.9874267578125,9.497115135192871,143.93499755859375,71.50897216796875,235.7003631591797,74.64199829101562,79.60328674316406,33.981666564941406,119.51658630371094,264.7773742675781,70.6381607055664,9.745208740234375,186.55889892578125,64.02217102050781,91.45069122314453,22.285181045532227,166.6199951171875,16.81999969482422,28.350000381469727,136.8074188232422,73.87686920166016,9228.3251953125,231.11341857910156
2020-07-02,88.21656799316406,196.47340393066406,9.579080581665039,144.51499938964844,72.89402770996094,231.60250854492188,80.57733154296875,79.8618392944336,34.26932144165039,120.0188980102539,266.0389099121094,70.97932434082031,9.761990547180176,187.466552734375,64.27955627441406,91.08940887451172,22.570358276367188,166.97999572753906,16.709999084472656,28.75,136.94970703125,73.9941177368164,9123.41015625,229.39219665527344
2020-07-03,,,,,,,,,,,,,,,,,,,,,,,9087.3037109375,225.38706970214844
2020-07-04,,,,,,,,,,,,,,,,,,,,,,,9132.48828125,229.07411193847656
2020-07-05,,,,,,,,,,,,,,,,,,,,,,,9073.9423828125,227.6645965576172
2020-07-06,90.57638549804688,200.7027587890625,9.805294036865234,152.8520050048828,74.36785125732422,238.4091033935547,91.43866729736328,81.87865447998047,34.510318756103516,121.7302017211914,270.2656555175781,72.07654571533203,9.753602027893066,189.58432006835938,64.84947204589844,91.10546875,23.06521224975586,167.97999572753906,17.049999237060547,28.959999084472656,136.38880920410156,73.9689712524414,9375.474609375,241.51022338867188
2020-07-07,90.29534912109375,198.3690185546875,9.837684631347656,150.00599670410156,73.88533782958984,238.98455810546875,92.65733337402344,79.5688247680664,33.61627197265625,121.61951446533203,267.3465576171875,71.28358459472656,9.787174224853516,187.35655212402344,63.74641418457031,89.25091552734375,22.763259887695312,169.0399932861328,17.010000228881836,28.790000915527344,138.3058319091797,74.08627319335938,9252.27734375,239.07553100585938
2020-07-08,92.39832305908203,202.73165893554688,10.180745124816895,154.0554962158203,74.56372833251953,241.6833953857422,91.05867004394531,80.4134521484375,33.53852081298828,121.97711944580078,269.4368591308594,71.88292694091797,9.778783798217773,188.9334259033203,64.32553100585938,89.1304931640625,23.03165626525879,170.08999633789062,17.489999771118164,29.18000030517578,137.75332641601562,74.0444107055664,9428.3330078125,246.67001342773438
2020-07-09,92.79564666748047,204.15097045898438,10.472735404968262,159.13150024414062,75.31055450439453,242.5962371826172,92.9520034790039,78.67243957519531,32.15468978881836,121.31299591064453,267.9910888671875,71.45878601074219,9.803966522216797,187.35655212402344,63.470672607421875,88.5765380859375,22.88068389892578,169.6300048828125,17.3799991607666,28.40999984741211,139.9467010498047,74.24543762207031,9277.9677734375,243.01596069335938
2020-07-10,92.95800018310547,203.53182983398438,10.443086624145508,160.0,76.31970977783203,243.1617889404297,102.97666931152344,82.9732437133789,33.157588958740234,121.21085357666016,270.7998352050781,72.23330688476562,9.787174224853516,189.08926391601562,64.18765258789062,88.9217758178711,22.98971939086914,169.19000244140625,17.43000030517578,29.030000686645508,139.2434539794922,74.16165924072266,9278.8076171875,240.9849853515625
2020-07-11,,,,,,,,,,,,,,,,,,,,,,,9240.3466796875,239.4581756591797
2020-07-12,,,,,,,,,,,,,,,,,,,,,,,9276.5,242.13169860839844
2020-07-13,92.5291519165039,197.2449951171875,10.017558097839355,155.1999969482422,74.99169158935547,237.13906860351562,99.80400085449219,84.1626205444336,33.16535949707031,123.62877655029297,268.2674865722656,71.41268157958984,9.795567512512207,186.57725524902344,63.176513671875,87.78976440429688,22.88907241821289,169.39999389648438,17.729999542236328,28.5,139.70391845703125,74.1951675415039,9243.6142578125,239.60458374023438
2020-07-14,94.06037139892578,198.46424865722656,10.341190338134766,154.1999969482422,75.41966247558594,237.8633575439453,101.12000274658203,84.64527893066406,34.261539459228516,125.93600463867188,271.8955993652344,72.39006042480469,9.795567512512207,189.76766967773438,64.123291015625,88.52838134765625,23.098756790161133,170.19000244140625,17.969999313354492,28.8799991607666,139.90481567382812,74.28730010986328,9243.2138671875,240.21148681640625
2020-07-15,94.70726013183594,198.1689453125,10.191959381103516,150.44349670410156,75.22228240966797,238.4091033935547,103.06732940673828,85.9553451538086,34.69690704345703,126.2254409790039,274.3727722167969,73.24754333496094,9.795567512512207,193.24237060546875,66.0811767578125,89.443603515625,23.31682586669922,170.33999633789062,18.170000076293945,29.290000915527344,139.2518768310547,74.29566192626953,9192.8369140625,238.42352294921875
2020-07-16,93.5418930053711,194.2444305419922,10.099775314331055,149.9949951171875,75.12509155273438,239.05401611328125,100.04266357421875,86.1966781616211,34.4248046875,127.06830596923828,273.4426574707031,72.9525146484375,9.812356948852539,192.72894287109375,65.71349334716797,88.30359649658203,23.090370178222656,168.72999572753906,17.780000686645508,29.15999984741211,139.91319274902344,74.34595489501953,9132.2275390625,233.64088439941406
2020-07-17,93.35289764404297,193.25381469726562,10.166296005249023,148.09849548339844,75.2208023071289,240.14547729492188,100.05599975585938,84.60218811035156,33.83395767211914,127.1534652709961,274.234619140625,73.21067810058594,9.812356948852539,194.27828979492188,66.02603149414062,89.53994750976562,23.22456169128418,170.1199951171875,18.010000228881836,29.100000381469727,139.6202392578125,74.42134094238281,9151.392578125,232.77308654785156
2020-07-18,,,,,,,,,,,,,,,,,,,,,,,9159.0400390625,235.4838104248047
2020-07-19,,,,,,,,,,,,,,,,,,,,,,,9185.8173828125,238.48751831054688
2020-07-20,95.32020568847656,201.56004333496094,10.47447681427002,159.8419952392578,77.55103302001953,243.5090789794922,109.53333282470703,83.8609619140625,33.04096984863281,127.36632537841797,276.54608154296875,73.8376693725586,9.82075309753418,194.86508178710938,66.016845703125,88.4320297241211,23.41747283935547,170.94000244140625,18.530000686645508,29.1200008392334,139.9634552001953,74.49671173095703,9164.2314453125,236.15316772460938
2020-07-21,94.00464630126953,198.84527587890625,10.292855262756348,156.9145050048828,77.15828704833984,239.8676300048828,104.55733489990234,85.67955780029297,34.712459564208984,127.48548126220703,277.0155944824219,73.98519134521484,9.829141616821289,195.6810302734375,66.63270568847656,88.6407699584961,23.551671981811523,173.0,19.670000076293945,29.719999313354492,140.04721069335938,74.53858947753906,9374.8876953125,245.0167236328125
2020-07-22,94.26870727539062,201.7029266357422,10.402728080749512,154.99549865722656,77.60112762451172,238.00228881835938,106.15533447265625,85.0589828491211,33.90392303466797,127.71534729003906,278.6087951660156,74.4001235961914,9.845931053161621,196.9828643798828,67.0187759399414,90.0778579711914,23.551671981811523,175.6300048828125,21.440000534057617,29.75,140.4656982421875,74.63909149169922,9525.36328125,262.1906433105469
2020-07-23,89.97795104980469,192.92991638183594,10.094794273376465,149.32749938964844,75.2158432006836,230.78887939453125,100.87133026123047,85.30892181396484,33.97389221191406,127.37483215332031,275.2015075683594,73.55181884765625,9.862716674804688,196.0477752685547,66.94523620605469,89.59615325927734,23.39231300354004,177.17999267578125,21.030000686645508,29.40999984741211,142.1065216064453,74.70612335205078,9581.072265625,274.6890563964844
2020-07-24,89.75503540039062,191.74876403808594,10.159319877624512,150.44549560546875,74.7923355102539,228.9136199951172,94.46666717529297,84.70561981201172,33.76397705078125,126.10626220703125,273.4979553222656,72.99860382080078,9.854327201843262,194.5075225830078,66.18231201171875,88.90569305419922,23.258113861083984,178.6999969482422,21.209999084472656,29.440000534057617,142.0981903076172,74.68936157226562,9536.892578125,279.2154235839844
2020-07-25,,,,,,,,,,,,,,,,,,,,,,,9677.11328125,304.0567626953125
2020-07-26,,,,,,,,,,,,,,,,,,,,,,,9905.1669921875,309.64361572265625
2020-07-27,91.88224792480469,194.17774963378906,10.385539054870605,152.760498046875,75.84463500976562,231.681884765625,102.63999938964844,83.51619720458984,34.261539459228516,125.30597686767578,275.5238037109375,73.62561798095703,9.845931053161621,196.24026489257812,66.8717041015625,89.85306549072266,23.56005859375,182.22999572753906,22.829999923706055,29.719999313354492,141.57078552246094,74.63909149169922,10990.873046875,321.51409912109375
2020-07-28,90.37287139892578,192.4346466064453,10.180246353149414,150.01649475097656,74.56622314453125,228.32818603515625,98.43267059326172,83.87821197509766,33.85728073120117,125.00801849365234,273.7464904785156,73.10003662109375,9.862716674804688,194.59925842285156,66.24665069580078,91.58717346191406,23.45940589904785,183.75,22.770000457763672,29.350000381469727,142.55027770996094,74.67259979248047,10912.8232421875,316.6572570800781
2020-07-29,92.10515594482422,194.37777709960938,10.429383277893066,151.67649841308594,75.55107116699219,231.4735107421875,99.94066619873047,85.91224670410156,34.23044204711914,124.7610855102539,277.14459228515625,74.11427307128906,9.862716674804688,198.23886108398438,67.7081527709961,93.36144256591797,23.702646255493164,185.1300048828125,22.56999969482422,29.56999969482422,142.30752563476562,74.78984069824219,11100.4677734375,318.1908874511719
2020-07-30,93.21965026855469,194.2253875732422,10.577371597290039,152.593994140625,76.28797912597656,232.67408752441406,99.16600036621094,83.61963653564453,32.55118942260742,125.01651000976562,276.1593017578125,73.87456512451172,9.871109962463379,197.59713745117188,67.47838592529297,92.78339385986328,23.44264030456543,183.75999450683594,21.760000228881836,28.93000030517578,143.2450408935547,74.83171081542969,11111.2138671875,334.5866394042969
2020-07-31,102.97869110107422,195.28271484375,10.578119277954102,158.23399353027344,73.78764343261719,251.69482421875,95.38400268554688,83.29214477539062,32.71444320678711,124.09703826904297,278.3049011230469,74.28948211669922,9.897178649902344,198.11973571777344,67.14747619628906,92.58267974853516,23.13230323791504,185.42999267578125,22.649999618530273,29.06999969482422,143.1529998779297,74.93225860595703,11323.466796875,345.5546569824219
2020-08-01,,,,,,,,,,,,,,,,,,,,,,,11759.5927734375,385.19970703125
2020-08-02,,,,,,,,,,,,,,,,,,,,,,,11053.6142578125,370.6717224121094
2020-08-03,105.57350158691406,206.26559448242188,10.97225284576416,155.59449768066406,73.53028106689453,249.99815368652344,99.0,82.82670593261719,32.846622467041016,125.45068359375,280.31231689453125,74.9349136352539,9.897178649902344,199.4215545654297,68.04828643798828,91.35435485839844,23.367149353027344,185.63999938964844,22.739999771118164,29.34000015258789,142.4321746826172,74.90621185302734,11246.3486328125,386.295166015625
2020-08-04,106.2785415649414,203.1698455810547,11.189003944396973,156.94149780273438,73.06114196777344,247.88473510742188,99.13333129882812,82.3526840209961,33.795082092285156,125.34004974365234,281.316162109375,75.21153259277344,9.9139986038208,200.1366729736328,68.3699722290039,92.70310974121094,23.576831817626953,189.58999633789062,24.25,29.780000686645508,143.7899627685547,75.06566619873047,11205.892578125,389.87548828125
2020-08-05,106.66377258300781,202.83644104003906,11.247801780700684,160.25149536132812,73.34827423095703,247.1802978515625,99.00133514404297,83.78340148925781,34.09050369262695,126.34461975097656,283.13018798828125,75.77397155761719,9.897178649902344,201.4293212890625,69.2800064086914,92.30169677734375,23.752971649169922,191.35000610351562,25.049999237060547,30.229999542236328,142.5328369140625,74.9649887084961,11747.0224609375,401.590576171875
2020-08-06,110.38517761230469,206.0846710205078,11.296380996704102,161.25,74.63067626953125,263.2143859863281,99.30533599853516,83.80926513671875,33.927242279052734,125.6209945678711,284.9811706542969,76.15201568603516,9.9139986038208,200.92510986328125,69.12373352050781,92.422119140625,23.80329132080078,193.88999938964844,26.8799991607666,30.18000030517578,143.32901000976562,75.08248138427734,11779.7734375,394.9619445800781
2020-08-07,107.87550354003906,202.39825439453125,11.160849571228027,158.3730010986328,74.30436706542969,266.3498229980469,96.84733581542969,85.65367126464844,33.771759033203125,126.51493835449219,285.2206115722656,76.22577667236328,9.905590057373047,201.25514221191406,69.63850402832031,93.76286315917969,23.585222244262695,190.80999755859375,26.190000534057617,29.850000381469727,142.37355041503906,74.99855041503906,11601.47265625,379.5128479003906
2020-08-08,,,,,,,,,,,,,,,,,,,,,,,11754.0458984375,393.98736572265625
2020-08-09,,,,,,,,,,,,,,,,,,,,,,,11675.7392578125,391.1204528808594
2020-08-10,109.44345092773438,198.3690185546875,11.12646770477295,157.4080047607422,74.2275161743164,260.95220947265625,94.57133483886719,86.73963928222656,34.60361099243164,126.02965545654297,286.0033264160156,76.40097045898438,9.888772010803223,201.8969268798828,69.85909271240234,93.85116577148438,23.610383987426758,190.14999389648438,27.0,30.15999984741211,141.73667907714844,74.91463470458984,11878.111328125,395.8875732421875
2020-08-11,106.18862915039062,193.73008728027344,10.8125581741333,154.0334930419922,73.42017364501953,254.13568115234375,91.6259994506836,89.48043823242188,34.961238861083984,125.12714385986328,283.7287902832031,75.79240417480469,9.863547325134277,200.58590698242188,69.592529296875,92.5184555053711,23.71942138671875,179.94000244140625,23.329999923706055,29.81999969482422,140.0520782470703,74.65451049804688,11410.525390625,380.3840637207031
2020-08-12,109.71769714355469,199.26438903808594,11.400769233703613,158.11199951171875,74.7442398071289,257.8663330078125,103.65066528320312,88.72198486328125,34.953304290771484,127.41737365722656,287.7345275878906,76.81588745117188,9.838318824768066,202.1719207763672,69.98779296875,93.51397705078125,24.096851348876953,179.10000610351562,23.420000076293945,30.559999465942383,138.77818298339844,74.46150207519531,11584.9345703125,391.024169921875
2020-08-13,111.65945434570312,198.79763793945312,11.403510093688965,158.05099487304688,75.21087646484375,259.265380859375,108.06666564941406,88.23072052001953,34.09712219238281,126.00409698486328,287.21881103515625,76.75132751464844,9.813090324401855,202.19027709960938,69.93260955810547,92.26154327392578,24.02975082397461,183.3300018310547,25.450000762939453,30.399999618530273,137.29481506347656,74.21820068359375,11784.1376953125,428.7417907714844
2020-08-14,111.5599365234375,198.9881134033203,11.524093627929688,157.4010009765625,74.61479949951172,259.2059020996094,110.04733276367188,88.26518249511719,34.24774169921875,126.20846557617188,287.1911926269531,76.7144546508789,9.804680824279785,202.02523803710938,69.82233428955078,92.30973052978516,23.920719146728516,182.5399932861328,24.579999923706055,30.329999923706055,136.7583770751953,74.13429260253906,11768.87109375,437.3978271484375
2020-08-15,,,,,,,,,,,,,,,,,,,,,,,11865.6982421875,433.35491943359375
2020-08-16,,,,,,,,,,,,,,,,,,,,,,,11892.8037109375,433.78662109375
2020-08-17,111.26866912841797,200.3026580810547,12.294426918029785,159.12049865722656,75.19054412841797,259.1264953613281,122.3759994506836,85.9381103515625,33.80379104614258,126.84696197509766,287.9739685058594,77.04638671875,9.804680824279785,202.88706970214844,70.14403533935547,93.13664245605469,24.0800724029541,186.5,25.6200008392334,30.770000457763672,137.10202026367188,74.22660064697266,12254.40234375,429.53125
2020-08-18,112.19584655761719,201.4552764892578,12.218439102172852,165.62449645996094,77.1513442993164,260.29730224609375,125.80599975585938,84.7400894165039,33.637298583984375,127.78347778320312,288.68304443359375,77.17549133300781,9.813090324401855,202.483642578125,69.62010192871094,92.6549301147461,24.130401611328125,188.17999267578125,25.8799991607666,30.600000381469727,138.08261108398438,74.3272705078125,11991.2333984375,423.6693115234375
2020-08-19,112.33665466308594,200.23306274414062,12.096612930297852,163.0240020751953,76.59741973876953,260.5453796386719,125.23533630371094,84.93832397460938,33.26470184326172,128.03892517089844,287.45831298828125,76.8527603149414,9.804680824279785,201.19100952148438,69.44544982910156,90.9288330078125,24.004589080810547,182.24000549316406,24.8799991607666,30.65999984741211,137.2193145751953,74.20140075683594,11758.283203125,406.4637756347656
2020-08-20,114.82933044433594,204.89276123046875,12.099103927612305,164.86849975585938,78.16645050048828,266.9154357910156,133.45533752441406,83.92131805419922,32.75732421875,128.91583251953125,288.3791809082031,77.09249114990234,9.821502685546875,200.9342803955078,69.16050720214844,91.90027618408203,23.895551681518555,183.5,25.610000610351562,30.520000457763672,138.45968627929688,74.3272705078125,11878.3720703125,416.4397888183594
2020-08-21,120.74677276611328,203.40316772460938,12.639729499816895,164.23599243164062,78.13273620605469,264.9309387207031,136.6653289794922,83.87821197509766,32.511573791503906,130.05667114257812,289.3921813964844,77.26769256591797,9.829913139343262,200.5583953857422,68.86637115478516,91.98860168457031,23.862001419067383,182.02999877929688,24.899999618530273,30.18000030517578,139.28952026367188,74.4867172241211,11592.4892578125,389.1263427734375
2020-08-22,,,,,,,,,,,,,,,,,,,,,,,11681.8251953125,395.83514404296875
2020-08-23,,,,,,,,,,,,,,,,,,,,,,,11664.84765625,391.3844909667969
2020-08-24,122.19092559814453,204.04293823242188,12.676355361938477,165.3730010986328,78.6078109741211,269.2768859863281,134.27999877929688,86.23976135253906,33.470829010009766,130.39950561523438,292.32977294921875,77.9961166381836,9.821502685546875,202.4286346435547,69.66606903076172,92.63887786865234,24.130401611328125,181.0,24.600000381469727,30.350000381469727,139.0631103515625,74.40277862548828,11774.595703125,408.1441955566406
2020-08-25,121.1884994506836,206.69741821289062,12.705999374389648,167.32449340820312,79.63433837890625,278.6334228515625,134.8893280029297,86.61900329589844,32.40850830078125,130.32235717773438,293.3795471191406,78.2727279663086,9.804680824279785,202.65786743164062,69.76718139648438,92.839599609375,24.214275360107422,181.22000122070312,24.760000228881836,30.920000076293945,137.99874877929688,74.2601318359375,11366.134765625,384.00103759765625
2020-08-26,122.83656311035156,211.16610717773438,12.72891902923584,172.09249877929688,81.53263092041016,301.5436096191406,143.54466247558594,85.40373229980469,31.718793869018555,130.52806091308594,296.3722839355469,79.00115203857422,9.796276092529297,203.01544189453125,69.62931060791016,92.00466918945312,24.365243911743164,183.36000061035156,25.56999969482422,30.93000030517578,137.47079467773438,74.21820068359375,11488.36328125,386.46612548828125
2020-08-27,121.36812591552734,216.35098266601562,12.584672927856445,170.0,80.7585220336914,290.9368591308594,149.25,88.21348571777344,31.504749298095703,131.11085510253906,296.8879699707031,79.18557739257812,9.762639999389648,203.47378540039062,69.93260955810547,93.37750244140625,24.189111709594727,181.24000549316406,25.15999984741211,30.670000076293945,135.13253784179688,73.94966125488281,11323.3974609375,382.63262939453125
2020-08-28,121.17151641845703,218.57582092285156,13.102377891540527,170.08999633789062,81.29955291748047,291.3734436035156,147.55999755859375,88.5754623413086,32.25788497924805,131.67648315429688,298.923095703125,79.72956848144531,9.762639999389648,204.94985961914062,70.41980743408203,93.93946075439453,24.331693649291992,184.38999938964844,25.610000610351562,30.719999313354492,135.03189086914062,74.0083999633789,11542.5,395.8746643066406
2020-08-29,,,,,,,,,,,,,,,,,,,,,,,11506.865234375,399.9214782714844
2020-08-30,,,,,,,,,,,,,,,,,,,,,,,11711.505859375,428.3957214355469
2020-08-31,125.28073120117188,215.3484344482422,13.328348159790039,172.54800415039062,80.80862426757812,290.91705322265625,166.10667419433594,86.35179138183594,31.663291931152344,131.47940063476562,298.923095703125,79.6189193725586,9.796331405639648,204.35389709472656,69.87747955322266,93.03227233886719,24.130401611328125,184.8300018310547,26.229999542236328,30.579999923706055,135.9287567138672,74.22660064697266,11680.8203125,435.0797424316406
2020-09-01,130.27101135253906,217.00985717773438,13.777427673339844,174.95599365234375,82.07563781738281,293.13958740234375,158.35000610351562,86.30870056152344,31.258987426757812,129.85958862304688,300.55303955078125,80.29200744628906,9.830022811889648,206.67343139648438,70.62202453613281,93.0403060913086,24.239431381225586,185.0500030517578,26.139999389648438,30.610000610351562,137.48345947265625,74.43083190917969,11970.478515625,477.0519104003906
2020-09-02,127.57194519042969,221.19210815429688,14.301270484924316,176.57249450683594,85.1656265258789,300.14459228515625,149.1233367919922,87.61014556884766,31.0687313079834,131.83932495117188,305.1942138671875,81.38924407958984,9.846872329711914,210.0380859375,71.38496398925781,94.89485931396484,24.423961639404297,182.6199951171875,25.549999237060547,29.860000610351562,138.79232788085938,74.59052276611328,11414.0341796875,440.0404968261719
2020-09-03,117.35844421386719,207.4899139404297,12.974464416503906,168.39999389648438,80.80762481689453,288.8532409667969,135.6666717529297,87.33434295654297,31.005311965942383,128.17112731933594,294.5305480957031,78.50324249267578,9.855299949645996,203.43714904785156,69.06858825683594,93.62635803222656,23.920719146728516,181.13999938964844,24.739999771118164,29.639999389648438,139.1866912841797,74.59894561767578,10245.296875,385.67193603515625
2020-09-04,117.43611907958984,204.57762145996094,12.58270263671875,164.7310028076172,78.41242218017578,280.528564453125,139.44000244140625,89.22184753417969,30.981521606445312,127.34840393066406,292.1363220214844,77.83937072753906,9.813178062438965,201.20928955078125,68.60897064208984,93.24099731445312,23.90393829345703,181.63999938964844,25.059999465942383,28.510000228881836,136.543701171875,74.16182708740234,10511.8134765625,388.24114990234375
2020-09-05,,,,,,,,,,,,,,,,,,,,,,,10169.5673828125,335.26007080078125
2020-09-06,,,,,,,,,,,,,,,,,,,,,,,10280.3515625,353.3622741699219
2020-09-07,,,,,,,,,,,,,,,,,,,,,,,10369.5634765625,352.6734924316406
2020-09-08,109.5332260131836,193.51089477539062,11.875436782836914,157.49200439453125,75.55553436279297,269.0486755371094,110.06999969482422,86.1191177368164,30.26802635192871,126.20850372314453,284.04193115234375,75.63567352294922,9.821601867675781,196.7628631591797,67.13826751708984,91.9645004272461,23.610383987426758,181.2899932861328,24.75,26.75,137.38275146484375,74.27111053466797,10131.5166015625,337.60211181640625
2020-09-09,113.90213012695312,201.7512664794922,12.67491340637207,163.4304962158203,76.72734832763672,271.5887451171875,122.09333038330078,86.93788146972656,30.085683822631836,128.2997283935547,289.7789306640625,77.16627502441406,9.804756164550781,199.84329223632812,68.10343933105469,93.0162124633789,23.98781394958496,183.0500030517578,25.18000030517578,27.40999984741211,137.01356506347656,74.22071075439453,10242.34765625,351.1100158691406
2020-09-10,110.1837387084961,196.09852600097656,12.27293586730957,158.7554931640625,75.67703247070312,266.0025329589844,123.77999877929688,86.04151916503906,29.332557678222656,125.90856170654297,284.69573974609375,75.9030532836914,9.813178062438965,197.0653839111328,67.21179962158203,91.74774169921875,23.71103286743164,182.4600067138672,24.860000610351562,26.790000915527344,137.70997619628906,74.23750305175781,10363.138671875,368.1018981933594
2020-09-11,108.73714447021484,194.8190460205078,12.126148223876953,155.81100463867188,75.166748046875,264.5340576171875,124.23999786376953,87.11023712158203,29.25327491760254,126.65422058105469,284.8614196777344,75.88461303710938,9.821601867675781,197.0929412841797,66.9728012084961,91.25801086425781,23.920719146728516,182.4499969482422,24.899999618530273,27.040000915527344,138.00367736816406,74.31317901611328,10400.9150390625,374.6955871582031
2020-09-12,,,,,,,,,,,,,,,,,,,,,,,10442.1708984375,387.18310546875
2020-09-13,,,,,,,,,,,,,,,,,,,,,,,10323.755859375,365.57000732421875
2020-09-14,111.9992446899414,196.13674926757812,12.831665992736816,155.14849853515625,74.82308959960938,264.07763671875,139.8733367919922,88.31690216064453,29.06300926208496,127.14274597167969,288.5818176269531,77.08326721191406,9.821601867675781,200.62257385253906,68.61817169189453,93.57819366455078,24.155563354492188,183.88999938964844,25.290000915527344,26.940000534057617,137.9952392578125,74.31317901611328,10680.837890625,377.26885986328125
2020-09-15,112.17398834228516,199.3545684814453,12.950044631958008,157.80650329589844,76.12681579589844,270.29888916015625,149.9199981689453,85.56747436523438,28.753829956054688,127.60549926757812,290.0919494628906,77.52586364746094,9.813178062438965,201.484375,68.82040405273438,94.7021713256836,24.26459312438965,183.4499969482422,25.229999542236328,27.520000457763672,137.65969848632812,74.35517883300781,10796.951171875,364.8392028808594
2020-09-16,108.86334228515625,195.79293823242188,12.475043296813965,153.90499877929688,74.98475646972656,261.4681396484375,147.25332641601562,85.92947387695312,29.974702835083008,127.185546875,288.75677490234375,77.26769256591797,9.813178062438965,202.19944763183594,69.15132141113281,95.12767028808594,24.289758682250977,183.97000122070312,25.229999542236328,28.700000762939453,137.24855041503906,74.33837127685547,10974.9052734375,365.8122863769531
2020-09-17,107.12549591064453,193.74957275390625,12.424205780029297,150.43649291992188,73.74252319335938,252.8358917236328,141.14332580566406,84.94693756103516,29.966768264770508,126.13138580322266,286.33489990234375,76.6130142211914,9.821601867675781,200.82424926757812,68.81122589111328,93.28115844726562,24.26459312438965,182.9600067138672,25.229999542236328,29.229999542236328,137.66802978515625,74.33837127685547,10948.990234375,389.01922607421875
2020-09-18,103.72747039794922,191.34335327148438,12.150818824768066,147.74549865722656,71.9597396850586,250.56369018554688,147.38333129882812,84.76594543457031,29.48318099975586,127.85403442382812,283.1394348144531,75.89382934570312,9.813178062438965,199.04562377929688,68.28726196289062,91.23392486572266,24.129552841186523,183.1999969482422,24.93000030517578,29.059999465942383,137.24020385742188,74.25434875488281,10944.5859375,384.3645324707031
2020-09-19,,,,,,,,,,,,,,,,,,,,,,,11094.3466796875,385.54437255859375
2020-09-20,,,,,,,,,,,,,,,,,,,,,,,10938.271484375,371.0528259277344
2020-09-21,106.8730697631836,193.39625549316406,12.477785110473633,148.02349853515625,70.92084503173828,246.21780395507812,149.79666137695312,82.14581298828125,28.880678176879883,124.35734558105469,279.87030029296875,74.9717788696289,9.813178062438965,195.7268829345703,66.68783569335938,88.48020935058594,23.6231689453125,179.52000427246094,23.030000686645508,28.290000915527344,137.93650817871094,74.29634857177734,10462.259765625,341.78607177734375
2020-09-22,108.55270385742188,198.05596923828125,12.597907066345215,156.44949340820312,72.39266204833984,252.7664031982422,141.41000366210938,81.24947357177734,28.167179107666016,123.59455871582031,282.8171081542969,75.70941162109375,9.813178062438965,197.8446807861328,67.25774383544922,89.50784301757812,23.58941078186035,178.64999389648438,22.790000915527344,28.170000076293945,137.827392578125,74.32154083251953,10538.4599609375,344.503173828125
2020-09-23,103.9992904663086,191.5343017578125,12.085528373718262,149.9929962158203,69.89183807373047,247.0810546875,126.78666687011719,79.93080139160156,27.263418197631836,123.79166412353516,276.131591796875,73.86532592773438,9.813178062438965,193.43490600585938,65.6859359741211,86.85848999023438,23.310894012451172,174.7899932861328,21.170000076293945,28.030000686645508,138.0120849609375,74.15345001220703,10246.1865234375,321.1163024902344
2020-09-24,105.06724548339844,194.01695251464844,12.309072494506836,150.989501953125,70.559814453125,247.58705139160156,129.26333618164062,79.8618392944336,27.207927703857422,123.98876953125,276.9695739746094,74.02828216552734,9.804756164550781,193.5784454345703,65.59459686279297,87.308349609375,23.260251998901367,175.44000244140625,21.559999465942383,28.5,138.54063415527344,74.16182708740234,10760.06640625,349.3555908203125
2020-09-25,109.00897216796875,198.4379119873047,12.833161354064941,154.75650024414062,71.36319732666016,252.8358917236328,135.77999877929688,80.55996704101562,27.46160888671875,124.8372573852539,281.3989562988281,75.26887512207031,9.804756164550781,196.99302673339844,66.64630889892578,89.0721435546875,23.33620834350586,174.94000244140625,21.299999237060547,28.350000381469727,138.54063415527344,74.15345001220703,10692.716796875,352.1832580566406
2020-09-26,,,,,,,,,,,,,,,,,,,,,,,10750.7236328125,355.48809814453125
2020-09-27,,,,,,,,,,,,,,,,,,,,,,,10775.26953125,357.4385070800781
2020-09-28,111.61091613769531,199.9847869873047,12.993905067443848,158.70249938964844,72.33514404296875,254.82028198242188,140.39999389648438,82.8784408569336,27.99277687072754,126.07998657226562,285.9584655761719,76.5464859008789,9.796331405639648,200.63758850097656,68.0763168334961,90.95731353759766,23.665369033813477,176.6999969482422,22.020000457763672,28.690000534057617,138.146240234375,74.22071075439453,10709.65234375,355.159423828125
2020-09-29,110.76624298095703,197.90316772460938,13.184052467346191,157.24400329589844,72.70014190673828,259.7516174316406,139.69000244140625,82.18029022216797,27.176218032836914,126.0370864868164,284.617431640625,76.20393371582031,9.804756164550781,199.69879150390625,67.71649932861328,90.2291488647461,23.6231689453125,178.19000244140625,22.5,27.700000762939453,138.30564880371094,74.27111053466797,10844.640625,359.75738525390625
2020-09-30,112.43614196777344,200.83456420898438,13.487842559814453,157.43649291992188,72.6792984008789,259.8607482910156,143.00332641601562,82.9732437133789,27.21585464477539,127.59696197509766,286.9664611816406,76.7872085571289,9.804756164550781,200.85850524902344,67.9748306274414,90.57704162597656,23.665369033813477,177.1199951171875,21.639999389648438,28.290000915527344,136.98004150390625,74.15345001220703,10784.4912109375,359.9378662109375
2020-10-01,113.38760375976562,202.8684539794922,13.571578979492188,161.06300354003906,73.78516387939453,264.553955078125,149.3866729736328,83.57654571533203,26.264528274536133,126.260009765625,288.5201721191406,77.37046813964844,9.813192367553711,202.58871459960938,68.91584014892578,92.40557861328125,23.791967391967773,178.6999969482422,22.09000015258789,27.510000228881836,137.20596313476562,74.22924041748047,10619.4521484375,353.2059020996094
2020-10-02,109.72740173339844,196.8814697265625,13.021068572998047,156.25,72.18340301513672,257.9159851074219,138.3633270263672,84.36949157714844,26.145612716674805,125.33434295654297,285.7641906738281,76.74091339111328,9.804756164550781,202.96609497070312,69.2848892211914,93.92665100097656,23.665369033813477,178.5399932861328,22.1299991607666,26.350000381469727,136.69361877441406,74.17870330810547,10575.974609375,346.2389221191406
2020-10-03,,,,,,,,,,,,,,,,,,,,,,,10549.3291015625,346.5220947265625
2020-10-04,,,,,,,,,,,,,,,,,,,,,,,10669.5830078125,352.5790100097656
2020-10-05,113.10604858398438,200.88235473632812,13.5994873046875,159.9600067138672,73.53374481201172,262.5893859863281,141.89332580566406,86.15274047851562,26.74812126159668,127.03988647460938,290.9247741699219,78.1851806640625,9.762568473815918,206.5094451904297,70.89013671875,94.44447326660156,24.036720275878906,179.41000366210938,22.6200008392334,27.93000030517578,134.02272033691406,73.90083312988281,10793.33984375,353.956787109375
2020-10-06,109.86335754394531,196.61415100097656,13.693193435668945,154.9980010986328,71.956298828125,256.64599609375,137.9933319091797,85.26544952392578,26.47064781188965,125.35147094726562,286.8647155761719,77.21308135986328,9.77944278717041,204.7607879638672,70.67794799804688,93.86193084716797,23.893238067626953,177.3000030517578,21.729999542236328,28.389999389648438,134.74502563476562,74.00190734863281,10604.40625,340.81585693359375
2020-10-07,111.72738647460938,200.35720825195312,13.919975280761719,159.7845001220703,72.35894775390625,256.1102294921875,141.76666259765625,86.75296783447266,26.55785369873047,126.73989868164062,291.86810302734375,78.58328247070312,9.762568473815918,208.1384735107422,72.04337310791016,93.98328399658203,24.129552841186523,177.22000122070312,22.09000015258789,28.389999389648438,133.76231384277344,73.90083312988281,10668.96875,341.80865478515625
2020-10-08,111.62060546875,201.07330322265625,13.795120239257812,159.52749633789062,73.5634994506836,261.7062683105469,141.97332763671875,88.53619384765625,27.9531307220459,127.60549926757812,294.2912292480469,79.24061584472656,9.771005630493164,210.59585571289062,72.91056060791016,95.57717895507812,24.306793212890625,177.85000610351562,22.18000030517578,29.139999389648438,134.4846649169922,74.02716827392578,10915.685546875,350.7661437988281
2020-10-09,113.56234741210938,206.0671844482422,13.71935749053955,164.33250427246094,74.90342712402344,262.3908996582031,144.6666717529297,88.03167724609375,27.540891647338867,129.38819885253906,296.8898620605469,79.91646575927734,9.771005630493164,211.433349609375,73.30728149414062,95.17264556884766,24.450273513793945,181.0800018310547,23.40999984741211,28.690000534057617,134.45948791503906,74.04399108886719,11064.4580078125,365.5904846191406
2020-10-10,,,,,,,,,,,,,,,,,,,,,,,11296.361328125,370.96759033203125
2020-10-11,,,,,,,,,,,,,,,,,,,,,,,11384.181640625,375.1420593261719
2020-10-12,120.77589416503906,211.4048614501953,14.181151390075684,172.14649963378906,77.5882339477539,273.6029052734375,147.43333435058594,89.11033630371094,27.45368766784668,130.1337890625,301.76385498046875,81.09223937988281,9.77944278717041,213.27407836914062,73.74088287353516,95.66618347167969,24.644390106201172,180.55999755859375,23.329999923706055,28.06999969482422,134.88780212402344,74.15345764160156,11555.36328125,387.73126220703125
2020-10-13,117.57202911376953,212.79893493652344,14.203329086303711,172.18150329589844,77.71122741699219,273.9898376464844,148.88333129882812,87.66632843017578,27.128652572631836,127.15125274658203,299.8586120605469,80.6756362915039,9.796319961547852,212.34451293945312,73.21502685546875,93.99946594238281,24.42494773864746,177.72000122070312,22.489999771118164,28.459999084472656,135.85372924804688,74.21238708496094,11425.8994140625,381.1907653808594
2020-10-14,117.65943145751953,210.88925170898438,14.050809860229492,168.1855010986328,77.53120422363281,269.7035217285156,153.76666259765625,87.17920684814453,27.07316017150879,126.928466796875,297.89801025390625,80.1572036743164,9.804756164550781,211.433349609375,72.88290405273438,92.8505630493164,24.357439041137695,178.27000427246094,22.540000915527344,28.979999542236328,136.1645050048828,74.25450897216797,11429.5068359375,379.4840393066406
2020-10-15,117.19341278076172,209.74339294433594,13.925954818725586,166.9324951171875,77.1359634399414,264.6431884765625,149.6266632080078,88.4840087890625,27.310989379882812,126.14852905273438,297.4540710449219,80.11089324951172,9.796319961547852,212.22488403320312,73.3995132446289,93.33601379394531,24.10423469543457,178.9199981689453,22.59000015258789,28.940000534057617,135.9292755126953,74.21238708496094,11495.349609375,377.44183349609375
2020-10-16,115.55261993408203,209.74339294433594,13.767955780029297,163.635498046875,77.74246215820312,263.85931396484375,146.55667114257812,88.30133819580078,27.033517837524414,126.928466796875,297.4910583496094,80.0738525390625,9.796319961547852,211.76470947265625,73.17807006835938,92.60784149169922,24.154882431030273,178.3000030517578,22.420000076293945,28.719999313354492,135.55133056640625,74.15345764160156,11322.123046875,366.22900390625
2020-10-17,,,,,,,,,,,,,,,,,,,,,,,11358.1015625,368.8559265136719
2020-10-18,,,,,,,,,,,,,,,,,,,,,,,11483.359375,378.21368408203125
2020-10-19,112.60118865966797,204.5489959716797,13.455196380615234,160.36050415039062,75.87042999267578,259.3645935058594,143.61000061035156,86.81383514404297,26.494436264038086,123.68883514404297,292.63568115234375,78.84252166748047,9.77944278717041,209.2797393798828,72.34779357910156,91.16766357421875,24.070476531982422,178.38999938964844,22.579999923706055,28.59000015258789,135.03900146484375,74.08606719970703,11742.037109375,379.93560791015625
2020-10-20,114.08663940429688,204.9595489501953,13.60247802734375,160.85049438476562,76.91827392578125,265.4766540527344,140.64666748046875,87.3096694946289,26.71640968322754,123.88595581054688,294.0230407714844,79.13877868652344,9.762568473815918,210.06204223632812,72.59689331054688,91.87968444824219,24.25615882873535,179.25,23.020000457763672,29.049999237060547,133.7539825439453,73.95980072021484,11916.3349609375,369.13690185546875
2020-10-21,113.46527862548828,205.102783203125,13.482108116149902,159.2469940185547,78.64945983886719,276.5596923828125,140.8800048828125,86.4397964477539,26.288311004638672,123.35459899902344,293.3848571777344,78.8887939453125,9.754133224487305,209.43617248535156,72.02489471435547,91.58840942382812,24.205516815185547,180.60000610351562,23.290000915527344,28.100000381469727,133.2919921875,73.8756332397461,12823.689453125,392.1899719238281
2020-10-22,112.37789154052734,205.18873596191406,13.318875312805176,158.82000732421875,79.67449188232422,275.9544372558594,141.92999267578125,89.49305725097656,27.63602638244629,124.34014892578125,294.94781494140625,79.39803314208984,9.737255096435547,211.24929809570312,73.15965270996094,91.5560302734375,24.205516815185547,178.8300018310547,22.959999084472656,28.510000228881836,131.9062042236328,73.74929809570312,12965.8916015625,413.7729797363281
2020-10-23,111.6885757446289,206.46826171875,13.547403335571289,160.22000122070312,80.97970581054688,282.5725402832031,140.2100067138672,90.30203247070312,27.081083297729492,124.47732543945312,295.965087890625,79.71278381347656,9.745687484741211,213.05320739746094,73.63015747070312,92.1304931640625,24.315235137939453,178.63999938964844,22.940000534057617,27.8799991607666,132.71249389648438,73.84192657470703,12931.5390625,409.7666931152344
2020-10-24,,,,,,,,,,,,,,,,,,,,,,,13108.0625,412.4576110839844
2020-10-25,,,,,,,,,,,,,,,,,,,,,,,13031.173828125,406.2177734375
2020-10-26,111.69828796386719,200.59591674804688,13.099817276000977,160.3520050048828,78.56515502929688,274.95233154296875,140.0933380126953,88.06646728515625,26.43893814086914,123.38884735107422,290.46240234375,78.21295928955078,9.762568473815918,208.58949279785156,72.07103729248047,90.8278579711914,23.927001953125,178.5500030517578,22.610000610351562,27.110000610351562,133.94708251953125,73.95135498046875,13075.248046875,393.8883056640625
2020-10-27,113.20314025878906,203.62278747558594,13.354513168334961,164.31649780273438,79.2886734008789,281.0841979980469,141.55999755859375,86.40499877929688,26.01876449584961,122.68608093261719,289.5930480957031,77.94448852539062,9.77944278717041,207.2549285888672,71.33294677734375,89.35533142089844,23.83416175842285,179.02000427246094,22.729999542236328,27.690000534057617,134.84585571289062,74.12821960449219,13654.21875,403.9970397949219
2020-10-28,107.96044921875,193.5299530029297,12.587189674377441,158.13900756835938,74.92078399658203,265.5858459472656,135.33999633789062,83.97802734375,25.02780532836914,118.5808334350586,279.3736267089844,75.29662322998047,9.77944278717041,201.27259826660156,69.31254577636719,87.16271209716797,23.20961570739746,176.1300048828125,21.780000686645508,26.309999465942383,134.9718475341797,74.02716827392578,13271.28515625,388.6507568359375
2020-10-29,111.96041107177734,195.47789001464844,12.982941627502441,160.55050659179688,77.20590209960938,278.64337158203125,136.94332885742188,84.52607727050781,26.137680053710938,117.57808685302734,282.7308044433594,76.15764617919922,9.754133224487305,203.12255859375,70.06904602050781,88.46533203125,23.35308837890625,175.39999389648438,21.709999084472656,25.600000381469727,133.6615753173828,73.86717224121094,13437.8828125,386.7301025390625
2020-10-30,105.68862915039062,193.3294219970703,12.494484901428223,151.8074951171875,80.14311218261719,261.061279296875,129.34666442871094,85.28284454345703,25.860214233398438,117.50952911376953,279.327392578125,75.1392593383789,9.745675086975098,200.6743927001953,69.34020233154297,87.78569793701172,23.133649826049805,176.1999969482422,21.989999771118164,25.25,132.3429412841797,73.74089813232422,13546.5224609375,382.8199768066406
2020-10-31,,,,,,,,,,,,,,,,,,,,,,,13780.9951171875,386.59033203125
2020-11-01,,,,,,,,,,,,,,,,,,,,,,,13737.109375,396.3581848144531
2020-11-02,105.60123443603516,193.19580078125,12.541088104248047,150.2239990234375,80.5502700805664,259.3249206542969,133.50332641601562,87.20528411865234,26.946311950683594,118.8636703491211,282.7770080566406,76.08358764648438,9.762582778930664,204.28221130371094,70.5211410522461,89.97021484375,23.437490463256836,177.91000366210938,22.40999984741211,26.260000228881836,133.3342742919922,73.84293365478516,13550.4892578125,383.15673828125
2020-11-03,107.22258758544922,197.1106719970703,12.978452682495117,152.42050170898438,81.60851287841797,263.23431396484375,141.3000030517578,89.9541015625,26.486495971679688,118.70081329345703,287.80816650390625,77.54637908935547,9.754131317138672,208.63546752929688,72.2370834350586,91.74212646484375,23.884801864624023,178.9199981689453,22.440000534057617,26.719999313354492,132.5607452392578,73.8260498046875,13950.30078125,387.6021728515625
2020-11-04,111.6011962890625,206.62100219726562,13.750757217407227,162.05799865722656,86.57693481445312,285.142333984375,140.32666015625,87.20528411865234,26.343807220458984,119.47213745117188,294.1524658203125,79.16655731201172,9.813298225402832,210.87191772460938,72.69837951660156,91.85540008544922,24.188631057739258,178.82000732421875,22.239999771118164,27.440000534057617,135.4362030029297,74.33209991455078,14133.70703125,402.1419982910156
2020-11-05,115.56231689453125,213.2095489501953,14.115355491638184,166.10000610351562,87.40261840820312,292.385498046875,146.02999877929688,90.77178955078125,26.296236038208008,119.78067016601562,299.93267822265625,80.81450653076172,9.830204010009766,215.24363708496094,74.5066146850586,92.29230499267578,24.74566650390625,182.92999267578125,23.610000610351562,27.15999984741211,135.671630859375,74.40803527832031,15579.8486328125,414.0673522949219
2020-11-06,115.4310531616211,213.6201171875,14.516091346740723,165.56849670410156,87.26525115966797,291.1253662109375,143.31666564941406,89.56265258789062,25.987060546875,121.91473388671875,299.8216552734375,80.75897216796875,9.804845809936523,215.45529174804688,74.072998046875,91.62076568603516,24.84694480895996,183.19000244140625,23.790000915527344,26.469999313354492,134.03216552734375,74.23934936523438,15565.880859375,454.71929931640625
2020-11-07,,,,,,,,,,,,,,,,,,,,,,,14833.75390625,435.713134765625
2020-11-08,,,,,,,,,,,,,,,,,,,,,,,15479.5673828125,453.5547790527344
2020-11-09,113.12610626220703,208.53074645996094,13.587774276733398,157.18699645996094,87.34905242919922,276.599365234375,140.4199981689453,101.68875122070312,29.277067184448242,125.19721984863281,303.4192199707031,81.6570053100586,9.771034240722656,218.317626953125,76.19490051269531,94.80044555664062,25.27737808227539,175.0800018310547,22.5,28.06999969482422,131.2154083251953,73.89354705810547,15332.3154296875,444.1630554199219
2020-11-10,112.78572845458984,201.48394775390625,12.729742050170898,151.75100708007812,86.17378234863281,270.30877685546875,136.7866668701172,101.35820007324219,29.92658233642578,127.08271026611328,303.0494079589844,81.61996459960938,9.745675086975098,218.3360595703125,76.94218444824219,96.20829010009766,25.412416458129883,175.66000366210938,22.43000030517578,28.90999984741211,130.4586944580078,73.75016021728516,15290.90234375,449.67962646484375
2020-11-11,116.2090835571289,206.77381896972656,13.37569522857666,156.8695068359375,86.64537811279297,274.3272399902344,139.0433349609375,99.8446044921875,29.61804962158203,126.67134857177734,305.3707275390625,82.24951934814453,9.754131317138672,219.77174377441406,77.0528793334961,96.65325164794922,25.623414993286133,174.89999389648438,22.520000457763672,29.040000915527344,130.92958068847656,73.80077362060547,15701.33984375,462.9605407714844
2020-11-12,115.93675994873047,205.71389770507812,13.414322853088379,155.51400756835938,86.42668151855469,272.9381408691406,137.25332641601562,98.61808776855469,28.603179931640625,127.099853515625,302.3834228515625,81.44406127929688,9.787939071655273,217.15794372558594,75.9273681640625,95.40727996826172,25.370216369628906,175.9600067138672,22.549999237060547,28.65999984741211,133.15762329101562,74.04535675048828,16276.34375,461.0052795410156
2020-11-13,115.98539733886719,206.73558044433594,13.255075454711914,156.4405059814453,87.88661193847656,274.7936096191406,136.1666717529297,99.23570251464844,29.293302536010742,128.47113037109375,306.5267333984375,82.56430053710938,9.787939071655273,220.8302001953125,77.49571990966797,97.931640625,25.631855010986328,177.16000366210938,22.899999618530273,28.1299991607666,132.9811553955078,74.07061004638672,16317.80859375,474.6264343261719
2020-11-14,,,,,,,,,,,,,,,,,,,,,,,16068.138671875,460.14984130859375
2020-11-15,,,,,,,,,,,,,,,,,,,,,,,15955.587890625,447.55908203125
2020-11-16,116.99684143066406,207.423095703125,13.472640037536621,156.55299377441406,87.97439575195312,276.7878723144531,136.02999877929688,102.03669738769531,30.9820499420166,129.2853240966797,310.0965881347656,83.58269500732422,9.779485702514648,224.48402404785156,79.02719116210938,98.95108032226562,25.95256996154785,177.14999389648438,23.020000457763672,28.809999465942383,132.66163635253906,74.11282348632812,16716.111328125,459.9403076171875
2020-11-17,116.1118392944336,204.77816772460938,13.379931449890137,156.7830047607422,87.36095428466797,272.8587951660156,147.20333862304688,101.00157165527344,31.396114349365234,127.999755859375,308.6537780761719,83.3882827758789,9.804845809936523,223.99620056152344,79.303955078125,99.0643539428711,25.94412612915039,176.5,22.739999771118164,28.8700008392334,133.52760314941406,74.23934936523438,17645.40625,480.3600769042969
2020-11-18,114.78916931152344,202.07839965820312,13.38641357421875,155.2729949951172,86.31856536865234,269.85235595703125,162.2133331298828,100.25345611572266,30.21074867248535,126.30281829833984,305.1394958496094,82.54579162597656,9.813298225402832,221.52047729492188,78.37216186523438,97.1791763305664,25.876611709594727,175.49000549316406,22.549999237060547,29.0,133.91436767578125,74.32372283935547,17804.005859375,479.48406982421875
2020-11-19,115.38241577148438,203.36126708984375,13.397875785827637,155.8509979248047,87.20773315429688,270.8147888183594,166.42333984375,100.52310943603516,30.365007400512695,126.10567474365234,306.36956787109375,83.00869750976562,9.82175064086914,223.28756713867188,79.1286849975586,97.52708435058594,25.977888107299805,175.16000366210938,22.420000076293945,29.09000015258789,134.6038055419922,74.47551727294922,17817.08984375,471.63043212890625
2020-11-20,114.11811828613281,201.41787719726562,13.046485900878906,154.97000122070312,86.1073226928711,267.60003662109375,163.20333862304688,99.66194152832031,29.991531372070312,125.43717193603516,304.2885437011719,82.56430053710938,9.838648796081543,222.8181915283203,79.1286849975586,97.0497055053711,26.0454044342041,175.69000244140625,22.489999771118164,29.270000457763672,135.79776000976562,74.54298400878906,18621.314453125,509.74456787109375
2020-11-21,,,,,,,,,,,,,,,,,,,,,,,18642.232421875,549.4866333007812
2020-11-22,,,,,,,,,,,,,,,,,,,,,,,18370.001953125,558.068115234375
2020-11-23,110.72395324707031,201.14974975585938,13.098573684692383,154.91949462890625,85.6699447631836,266.3398742675781,173.9499969482422,102.53253936767578,31.95632553100586,124.159912109375,306.03656005859375,83.22162628173828,9.830204010009766,225.1927032470703,80.4387435913086,97.20346069335938,26.112930297851562,172.22999572753906,21.93000030517578,29.520000457763672,135.17559814453125,74.48394012451172,18364.12109375,608.4540405273438
2020-11-24,112.00769805908203,204.7398681640625,12.916897773742676,155.9029998779297,87.4720458984375,274.7638244628906,185.1266632080078,107.27334594726562,34.083499908447266,124.159912109375,310.9936218261719,84.51778411865234,9.82175064086914,227.69606018066406,81.66573333740234,97.7536392211914,26.48427963256836,169.58999633789062,21.6299991607666,30.799999237060547,133.83035278320312,74.40803527832031,19107.46484375,603.8977661132812
2020-11-25,112.84408569335938,204.7494354248047,13.193021774291992,159.2534942626953,87.48344421386719,273.4441223144531,191.3333282470703,106.1512222290039,33.133583068847656,123.99595642089844,310.5035400390625,84.47148895263672,9.813298225402832,227.71446228027344,81.30592346191406,97.76171112060547,26.408323287963867,169.50999450683594,21.719999313354492,31.3700008392334,133.41830444335938,74.3742904663086,18732.12109375,570.6866455078125
2020-11-26,,,,,,,,,,,,,,,,,,,,,,,17150.623046875,518.8011474609375
2020-11-27,113.38868713378906,206.05142211914062,13.219439506530762,159.76699829101562,88.61856842041016,275.6468811035156,195.25332641601562,105.44664001464844,32.63019943237305,124.27217864990234,311.2803039550781,84.78627014160156,9.838648796081543,228.57958984375,81.65650939941406,97.32482147216797,26.627758026123047,167.7899932861328,21.049999237060547,31.219999313354492,134.71310424804688,74.5345687866211,17108.40234375,517.4937133789062
2020-11-28,,,,,,,,,,,,,,,,,,,,,,,17717.4140625,538.2297973632812
2020-11-29,,,,,,,,,,,,,,,,,,,,,,,18177.484375,575.758056640625
2020-11-30,115.78117370605469,204.94094848632812,13.359246253967285,158.40199279785156,87.00093078613281,274.8133850097656,189.1999969482422,102.54122924804688,30.957693099975586,124.85894775390625,309.9023742675781,84.3048324584961,9.854740142822266,227.66844177246094,80.44794464111328,96.28917694091797,26.138242721557617,166.6699981689453,21.049999237060547,30.969999313354492,134.5449981689453,74.63574981689453,19625.8359375,614.842529296875
2020-12-01,119.35039520263672,206.9896697998047,13.347785949707031,161.00399780273438,89.03214263916016,284.3188171386719,194.9199981689453,104.15921020507812,31.258087158203125,127.24946594238281,313.3981018066406,85.16583251953125,9.829340934753418,229.2698516845703,81.20443725585938,97.58370208740234,26.593994140625,170.17999267578125,22.299999237060547,30.6200008392334,132.56121826171875,74.41020202636719,18802.998046875,587.3241577148438
2020-12-02,119.70049285888672,206.1854705810547,13.50179672241211,160.17649841308594,90.50051879882812,285.28125,189.60667419433594,106.15991973876953,32.427215576171875,127.8449478149414,313.99017333984375,85.25839233398438,9.820876121520996,229.00294494628906,81.15830993652344,96.75846099853516,26.66995620727539,171.4600067138672,22.329999923706055,30.969999313354492,131.5091094970703,74.28346252441406,19201.091796875,598.3523559570312
2020-12-03,119.5643539428711,205.1036834716797,13.357709884643555,159.3365020751953,90.34528350830078,279.6553649902344,197.7933349609375,105.46404266357422,32.64644241333008,128.58714294433594,313.8514099121094,85.3880386352539,9.83780574798584,230.39271545410156,81.7672119140625,97.61608123779297,26.762788772583008,172.80999755859375,22.43000030517578,31.25,132.56961059570312,74.42707061767578,19445.3984375,616.708740234375
2020-12-04,118.89330291748047,205.21853637695312,13.51949691772461,158.12899780273438,90.44050598144531,277.5221252441406,199.67999267578125,106.42088317871094,33.83993148803711,129.68316650390625,316.6443786621094,86.27680969238281,9.803943634033203,233.40225219726562,83.34479522705078,99.07242584228516,27.007551193237305,172.32000732421875,22.479999542236328,31.559999465942383,130.62538146972656,74.23277282714844,18699.765625,569.3541870117188
2020-12-05,,,,,,,,,,,,,,,,,,,,,,,19154.23046875,596.595458984375
2020-12-06,,,,,,,,,,,,,,,,,,,,,,,19345.12109375,601.9089965820312
2020-12-07,120.35210418701172,205.1515350341797,13.567859649658203,157.89999389648438,90.10676574707031,283.3562927246094,213.9199981689453,106.02073669433594,33.20665740966797,128.56129455566406,316.0339660644531,86.1934814453125,9.829340934753418,232.95127868652344,83.10494232177734,98.17434692382812,26.889389038085938,174.88999938964844,22.81999969482422,31.399999618530273,131.8037109375,74.33415985107422,19191.630859375,591.8433837890625
2020-12-08,120.96480560302734,206.7981719970703,13.311842918395996,158.864501953125,89.82410430908203,281.1933288574219,216.6266632080078,106.1251449584961,34.29458236694336,130.7877960205078,316.92181396484375,86.54530334472656,9.829340934753418,234.0096893310547,83.83377075195312,97.84262084960938,26.948467254638672,175.5,22.81999969482422,31.40999984741211,132.42649841308594,74.3595199584961,18321.14453125,554.8277587890625
2020-12-09,118.43619537353516,202.76771545410156,12.893789291381836,155.2100067138672,88.16431427001953,275.75604248046875,201.4933319091797,105.29875946044922,34.749263763427734,132.12545776367188,314.41558837890625,85.74910736083984,9.81240463256836,231.65359497070312,83.34479522705078,97.2358169555664,26.91471290588379,172.5,22.229999542236328,31.34000015258789,131.98887634277344,74.23277282714844,18553.916015625,573.4791259765625
2020-12-10,119.85609436035156,201.54229736328125,12.935173034667969,155.07449340820312,87.65801239013672,274.9622497558594,209.02333068847656,104.62023162841797,35.73166275024414,131.39190673828125,314.0364685058594,85.87871551513672,9.829340934753418,232.67515563964844,84.06442260742188,96.82318115234375,27.007551193237305,172.1699981689453,22.31999969482422,32.11000061035156,133.15878295898438,74.38484954833984,18264.9921875,559.6785278320312
2020-12-11,119.04890441894531,204.16539001464844,12.976055145263672,155.8209991455078,88.0125732421875,271.4200134277344,203.3300018310547,104.00262451171875,35.561153411865234,131.9960174560547,313.64794921875,85.72132873535156,9.846273422241211,231.91127014160156,83.78765869140625,96.79891967773438,26.931596755981445,172.49000549316406,22.260000228881836,31.940000534057617,133.63006591796875,74.50315856933594,18058.904296875,545.79736328125
2020-12-12,,,,,,,,,,,,,,,,,,,,,,,18803.65625,568.5673217773438
2020-12-13,,,,,,,,,,,,,,,,,,,,,,,19142.3828125,589.6632080078125
2020-12-14,118.43619537353516,205.06533813476562,13.270708084106445,157.84849548339844,86.89480590820312,272.0550231933594,213.27667236328125,102.90658569335938,34.27836227416992,128.64755249023438,312.33465576171875,85.4806137084961,9.83780574798584,231.07373046875,83.64926147460938,96.32154846191406,26.89783477783203,171.5399932861328,22.15999984741211,32.16999816894531,133.25979614257812,74.47779846191406,19246.64453125,586.0111694335938
2020-12-15,124.36871337890625,204.9983367919922,13.32231330871582,158.25599670410156,87.33219909667969,273.40447998046875,211.0833282470703,104.66374206542969,34.944122314453125,129.94204711914062,316.376220703125,86.62861633300781,9.83780574798584,234.50669860839844,85.32832336425781,98.36853790283203,27.13414764404297,173.94000244140625,22.799999237060547,32.540000915527344,132.81369018554688,74.51155853271484,19417.076171875,589.3555908203125
2020-12-16,124.30065155029297,209.9287109375,13.2046480178833,162.04800415039062,87.1392822265625,273.5235595703125,207.58999633789062,104.96820068359375,35.47996520996094,129.16537475585938,316.93109130859375,86.73973083496094,9.829340934753418,234.6631317138672,85.09768676757812,98.40897369384766,27.277624130249023,174.89999389648438,23.6200008392334,32.7400016784668,132.46018981933594,74.435546875,21310.59765625,636.1818237304688
2020-12-17,125.16617584228516,210.062744140625,13.303119659423828,161.8040008544922,86.31212615966797,272.3428039550781,218.63333129882812,104.09830474853516,35.30134963989258,132.57421875,318.771484375,87.41557312011719,9.829340934753418,237.36898803710938,86.02947235107422,99.4122543334961,27.47174644470215,176.74000549316406,24.149999618530273,33.15999984741211,132.1096954345703,74.45240783691406,22805.162109375,642.8689575195312
2020-12-18,123.18220520019531,209.2681884765625,13.234065055847168,160.08250427246094,85.60348510742188,274.2478332519531,231.6666717529297,103.5850830078125,34.692420959472656,133.34231567382812,317.68023681640625,87.22114562988281,9.829340934753418,236.98240661621094,85.81726837158203,97.413818359375,27.364364624023438,176.44000244140625,23.959999084472656,33.47999954223633,131.71377563476562,74.42707061767578,23137.9609375,654.8119506835938
2020-12-19,,,,,,,,,,,,,,,,,,,,,,,23869.83203125,659.2979125976562
2020-12-20,,,,,,,,,,,,,,,,,,,,,,,23477.294921875,638.2908325195312
2020-12-21,124.70909118652344,213.09754943847656,13.294142723083496,160.3090057373047,86.01705932617188,270.66595458984375,216.6199951171875,107.47345733642578,34.059146881103516,132.05641174316406,316.4599914550781,86.96192932128906,9.829340934753418,235.84117126464844,85.77117156982422,96.79891967773438,27.031999588012695,175.8800048828125,24.3799991607666,32.63999938964844,132.2361297607422,74.435546875,22803.08203125,609.81787109375
2020-12-22,128.25888061523438,214.3900146484375,13.240296363830566,160.3260040283203,85.30594635009766,265.0103454589844,213.44667053222656,105.83807373046875,33.482688903808594,131.7975311279297,315.8286437988281,86.9804458618164,9.845450401306152,236.4762420654297,86.37084197998047,97.57563018798828,26.9041748046875,174.49000549316406,23.43000030517578,32.09000015258789,132.91856384277344,74.55384826660156,23783.029296875,634.8541870117188
2020-12-23,127.36414337158203,211.5945587158203,12.972065925598145,159.2635040283203,85.70317077636719,266.02239990234375,215.32666015625,108.7956314086914,33.913002014160156,131.12435913085938,316.0700378417969,87.062255859375,9.828493118286133,236.6102752685547,87.02702331542969,96.83172607421875,27.176877975463867,175.64999389648438,23.799999237060547,32.75,132.0001220703125,74.46991729736328,23241.345703125,583.714599609375
2020-12-24,128.34640502929688,213.25074768066406,12.956609725952148,158.63450622558594,85.99723052978516,265.31793212890625,220.58999633789062,108.31721496582031,33.77497863769531,131.58172607421875,317.2215270996094,87.29464721679688,9.836976051330566,237.02633666992188,86.99922180175781,97.67838287353516,27.176877975463867,176.35000610351562,23.959999084472656,32.91999816894531,132.5225372314453,74.59703826904297,23735.94921875,611.607177734375
2020-12-25,,,,,,,,,,,,,,,,,,,,,,,24664.791015625,626.4107055664062
2020-12-26,,,,,,,,,,,,,,,,,,,,,,,26437.037109375,635.8358154296875
2020-12-27,,,,,,,,,,,,,,,,,,,,,,,26272.294921875,682.642333984375
2020-12-28,132.9368133544922,215.36648559570312,12.863127708435059,164.197998046875,87.9709243774414,274.8431396484375,221.22999572753906,109.03052520751953,33.88864517211914,132.203125,319.98876953125,87.7501220703125,9.836976051330566,235.89842224121094,86.61923217773438,98.36064147949219,27.330278396606445,175.7100067138672,24.43000030517578,32.59000015258789,132.58148193359375,74.57162475585938,27084.80859375,730.3973388671875
2020-12-29,131.16677856445312,214.59107971191406,12.906253814697266,166.10000610351562,87.16755676269531,274.6248474121094,221.99667358398438,108.74346160888672,33.50705337524414,133.02297973632812,319.2735900878906,87.40618133544922,9.836976051330566,234.49319458007812,85.52558898925781,97.5057601928711,27.551849365234375,176.35000610351562,24.389999389648438,32.779998779296875,132.4129638671875,74.59703826904297,27362.4375,731.5201416015625
2020-12-30,130.04835510253906,212.2263641357422,13.108175277709961,164.29249572753906,86.10088348388672,269.7531433105469,231.5933380126953,109.04792022705078,33.77497863769531,134.6713104248047,319.7378234863281,87.63856506347656,9.845450401306152,236.08331298828125,86.39678955078125,97.9414291381836,27.70524787902832,177.6999969482422,24.760000228881836,32.90999984741211,132.6995391845703,74.64790344238281,28840.953125,751.6189575195312
2020-12-31,129.0466766357422,212.934814453125,13.017685890197754,162.84649658203125,86.91365814208984,271.0330810546875,235.22332763671875,110.5354232788086,33.466461181640625,135.819091796875,321.8179626464844,88.06616973876953,9.870081901550293,237.04483032226562,86.39678955078125,98.95247650146484,27.66263771057129,178.36000061035156,24.56999969482422,33.0099983215332,132.89324951171875,74.74964904785156,29001.720703125,737.8034057617188
2021-01-01,,,,,,,,,,,,,,,,,,,,,,,29374.15234375,730.3675537109375
2021-01-02,,,,,,,,,,,,,,,,,,,,,,,32127.267578125,774.5349731445312
2021-01-03,,,,,,,,,,,,,,,,,,,,,,,32782.0234375,975.5076904296875
2021-01-04,125.85670471191406,208.406494140625,13.076017379760742,159.3314971923828,85.5990219116211,266.845947265625,243.2566680908203,109.49156188964844,33.693790435791016,135.05963134765625,317.082275390625,86.77410125732422,9.870081901550293,233.18959045410156,84.96022033691406,95.62338256835938,27.722293853759766,182.3300018310547,25.350000381469727,32.380001068115234,132.733154296875,74.64790344238281,31971.9140625,1040.2330322265625
2021-01-05,127.4127426147461,208.6075897216797,13.366436004638672,160.92550659179688,86.289306640625,268.860107421875,245.0366668701172,110.08734130859375,35.31758499145508,136.64756774902344,319.37579345703125,87.5084228515625,9.85309886932373,235.4453887939453,86.2206802368164,95.77132415771484,28.105783462524414,182.8699951171875,25.670000076293945,33.939998626708984,131.7473907470703,74.520751953125,33992.4296875,1100.006103515625
2021-01-06,123.12384033203125,203.1985321044922,12.578445434570312,156.91900634765625,85.43785858154297,261.259765625,251.9933319091797,115.25659942626953,36.218788146972656,137.9334716796875,321.2051696777344,88.24278259277344,9.802133560180664,239.189697265625,88.94549560546875,95.97683715820312,28.19952964782715,179.89999389648438,25.34000015258789,34.11000061035156,129.0428924560547,74.19019317626953,36824.36328125,1207.1121826171875
2021-01-07,127.3251953125,208.9809112548828,13.305859565734863,158.10800170898438,87.9897689819336,266.6474609375,272.0133361816406,119.04151153564453,36.50295639038086,138.3994903564453,326.0429992675781,89.69288635253906,9.776649475097656,243.109619140625,90.47472381591797,95.86174774169922,28.36996841430664,179.47999572753906,25.260000228881836,34.529998779296875,127.90547943115234,74.03765869140625,39371.04296875,1225.6781005859375
2021-01-08,128.4241943359375,210.2542266845703,13.238801002502441,159.13499450683594,89.1546401977539,265.48663330078125,293.3399963378906,119.17293548583984,36.908897399902344,138.11468505859375,327.8722229003906,90.1204833984375,9.768155097961426,244.05255126953125,90.42839050292969,96.80706787109375,28.685287475585938,173.33999633789062,23.510000228881836,35.43000030517578,127.49259185791016,73.9698257446289,40797.609375,1224.1971435546875
2021-01-09,,,,,,,,,,,,,,,,,,,,,,,40254.546875,1281.0772705078125
2021-01-10,,,,,,,,,,,,,,,,,,,,,,,38356.44140625,1262.2467041015625
2021-01-11,125.43851470947266,208.21507263183594,13.582566261291504,155.7104949951172,87.09465789794922,254.8401641845703,270.39666748046875,120.95150756835938,38.02933120727539,137.5364990234375,325.7180480957031,89.6371078491211,9.751172065734863,243.47018432617188,90.53960418701172,95.43431091308594,28.37848472595215,173.0,23.209999084472656,35.2599983215332,127.281982421875,73.8935317993164,35566.65625,1090.1453857421875
2021-01-12,125.26344299316406,205.7642364501953,13.446208000183105,156.04150390625,86.15939331054688,249.13490295410156,283.14666748046875,122.85273742675781,38.87370300292969,136.46633911132812,325.8572998046875,89.91600036621094,9.751172065734863,245.43008422851562,91.82786560058594,95.67269897460938,28.54893684387207,174.1199951171875,23.719999313354492,35.900001525878906,127.18087005615234,73.87659454345703,33922.9609375,1043.4345703125
2021-01-13,127.2960433959961,207.11412048339844,13.493071556091309,158.29449462890625,86.64637756347656,249.68063354492188,284.8033447265625,122.9666519165039,39.31212615966797,136.25921630859375,326.6094665527344,89.9996337890625,9.785147666931152,244.60733032226562,91.21617889404297,96.86459350585938,28.557451248168945,173.3699951171875,23.440000534057617,35.79999923706055,128.61322021484375,74.07154846191406,37316.359375,1130.7393798828125
2021-01-14,125.37043762207031,203.9356689453125,13.162519454956055,156.37350463867188,85.83656311035156,243.72732543945312,281.6666564941406,123.68510437011719,40.84661102294922,138.64109802246094,325.4115905761719,89.89739990234375,9.768155097961426,244.81997680664062,92.39323425292969,97.47286224365234,28.744937896728516,173.27999877929688,23.709999084472656,36.2400016784668,127.40837860107422,73.97830200195312,39187.328125,1218.4530029296875
2021-01-15,123.64901733398438,203.58148193359375,12.822742462158203,155.21249389648438,85.67290496826172,249.40283203125,275.38665771484375,121.46842956542969,38.88182067871094,138.33908081054688,323.0809020996094,89.19092559814453,9.785147666931152,243.28526306152344,91.26252746582031,98.62367248535156,28.352924346923828,171.1300048828125,22.950000762939453,35.34000015258789,127.91388702392578,74.03765869140625,36825.3671875,1171.8345947265625
2021-01-16,,,,,,,,,,,,,,,,,,,,,,,36178.140625,1233.53759765625
2021-01-17,,,,,,,,,,,,,,,,,,,,,,,35791.27734375,1230.1722412109375
2021-01-18,,,,,,,,,,,,,,,,,,,,,,,36630.07421875,1257.279541015625
2021-01-19,124.32007598876953,207.2098388671875,12.988019943237305,156.03799438476562,88.49211883544922,259.06695556640625,281.51666259765625,120.9427490234375,39.65312576293945,140.4792938232422,325.7180480957031,89.96244812011719,9.7936429977417,244.662841796875,92.22637939453125,98.23734283447266,28.659719467163086,172.5800018310547,23.3799991607666,35.75,128.32669067382812,74.13932800292969,36069.8046875,1377.2958984375
2021-01-20,128.40475463867188,214.77291870117188,13.327547073364258,163.16900634765625,93.2329330444336,265.3973083496094,283.48333740234375,119.12914276123047,40.21333694458008,140.1341094970703,330.2588195800781,91.11509704589844,9.7936429977417,246.85385131835938,92.81953430175781,100.16080474853516,28.923904418945312,175.38999938964844,24.010000228881836,35.790000915527344,128.4530792236328,74.13086700439453,35547.75,1382.2740478515625
2021-01-21,133.11187744140625,215.3760528564453,13.827864646911621,165.34950256347656,93.43525695800781,270.74530029296875,281.663330078125,118.13032531738281,39.060428619384766,139.57313537597656,330.3887939453125,91.03144836425781,9.776649475097656,245.30995178222656,92.1707763671875,99.6429672241211,28.932430267333984,175.27999877929688,24.149999618530273,35.7599983215332,127.55160522460938,74.02916717529297,30825.69921875,1121.5709228515625
2021-01-22,135.25148010253906,216.3142852783203,13.67330551147461,164.6114959716797,93.85231018066406,272.36260986328125,282.21331787109375,117.21915435791016,38.50834655761719,141.143798828125,329.395263671875,90.90129852294922,9.776649475097656,244.85693359375,92.65272521972656,99.93887329101562,28.753469467163086,173.89999389648438,23.65999984741211,35.22999954223633,127.96446990966797,74.06307220458984,33005.76171875,1236.51220703125
2021-01-23,,,,,,,,,,,,,,,,,,,,,,,32067.642578125,1230.9906005859375
2021-01-24,,,,,,,,,,,,,,,,,,,,,,,32289.37890625,1391.609375
2021-01-25,138.9957733154297,219.74160766601562,13.614226341247559,164.6999969482422,93.93760681152344,275.8453369140625,293.6000061035156,115.75597381591797,38.07803726196289,143.24090576171875,330.59307861328125,91.13369750976562,9.802133560180664,244.662841796875,92.30052947998047,100.59650421142578,28.78754997253418,174.0500030517578,23.549999237060547,35.59000015258789,129.47254943847656,74.2325668334961,32366.392578125,1324.414794921875
2021-01-26,139.22915649414062,222.4221954345703,13.396848678588867,166.30650329589844,94.61550903320312,279.85382080078125,294.36334228515625,115.28287506103516,37.24177932739258,147.12440490722656,330.1008605957031,90.85485076904297,9.802133560180664,242.32376098632812,91.49421691894531,101.40204620361328,28.693805694580078,173.6199951171875,23.649999618530273,35.45000076293945,129.228271484375,74.22409057617188,32569.849609375,1357.05810546875
2021-01-27,138.1593780517578,222.96788024902344,12.880828857421875,161.62899780273438,90.20147705078125,270.02105712890625,288.0533447265625,112.02360534667969,36.81959915161133,144.88059997558594,321.6229553222656,88.50305938720703,9.802133560180664,235.99087524414062,89.28842163085938,99.61007690429688,28.097265243530273,172.52000427246094,23.420000076293945,35.5,129.5568084716797,74.22409057617188,30432.546875,1253.1871337890625
2021-01-28,133.32582092285156,228.74072265625,13.01369571685791,161.88099670410156,91.90044403076172,262.9366149902344,278.4766540527344,113.99496459960938,37.39604568481445,145.98524475097656,324.7987060546875,89.40473175048828,9.7936429977417,239.32838439941406,89.95570373535156,100.17726135253906,28.24213981628418,172.67999267578125,24.719999313354492,35.25,128.84063720703125,74.16477966308594,33466.09765625,1332.4921875
2021-01-29,128.33670043945312,222.06800842285156,12.952621459960938,160.30999755859375,90.61903381347656,256.31854248046875,264.510009765625,112.73328399658203,36.40553283691406,140.7813720703125,318.5586242675781,87.77799224853516,9.792790412902832,235.80596923828125,88.2967300415039,98.96891021728516,27.62854766845703,172.61000061035156,24.989999771118164,35.18000030517578,128.0655059814453,74.10546875,34316.38671875,1382.5228271484375
2021-01-30,,,,,,,,,,,,,,,,,,,,,,,34269.5234375,1376.115478515625
2021-01-31,,,,,,,,,,,,,,,,,,,,,,,33114.359375,1314.9862060546875
2021-02-01,130.4568634033203,229.43002319335938,13.199167251586914,167.1439971923828,93.87760162353516,259.9698791503906,279.9366760253906,113.56562805175781,36.47048568725586,140.41888427734375,323.7586364746094,89.28388977050781,9.801294326782227,239.94778442382812,90.16888427734375,101.27873229980469,28.139873504638672,174.22999572753906,26.760000228881836,36.119998931884766,128.21395874023438,74.13004302978516,33537.17578125,1369.04052734375
2021-02-02,131.28347778320312,229.29600524902344,13.517999649047852,169.0,95.16943359375,265.0003967285156,290.92999267578125,117.06143951416016,37.04692840576172,139.1588897705078,328.2623291015625,90.58525848388672,9.784279823303223,243.6736297607422,91.38299560546875,101.8459243774414,28.412582397460938,172.11000061035156,24.540000915527344,36.81999969482422,127.38739013671875,74.03668975830078,35510.2890625,1515.1937255859375
2021-02-03,130.26234436035156,232.63720703125,13.491827964782715,165.62649536132812,102.10013580322266,264.57373046875,284.89666748046875,118.40191650390625,38.50022888183594,138.51168823242188,328.5408935546875,90.70612335205078,9.767265319824219,243.72903442382812,91.67030334472656,101.60755157470703,28.540414810180664,171.85000610351562,24.93000030517578,37.439998626708984,126.25703430175781,73.9093246459961,37472.08984375,1660.9095458984375
2021-02-04,133.61756896972656,231.6893768310547,13.625197410583496,166.5500030517578,101.83979797363281,264.41497802734375,283.3299865722656,121.12672424316406,39.23906326293945,139.7975311279297,332.1344299316406,91.7936782836914,9.767265319824219,247.1219940185547,93.10684204101562,102.21580505371094,28.557451248168945,168.14999389648438,24.479999542236328,37.810001373291016,125.91960144042969,73.92630767822266,36926.06640625,1594.7626953125
2021-02-05,133.20364379882812,231.8712615966797,13.552153587341309,167.6074981689453,103.58537292480469,266.012451171875,284.07666015625,120.89018249511719,40.5543327331543,141.92054748535156,333.4715881347656,92.32353973388672,9.750245094299316,249.37783813476562,94.0892562866211,102.64326477050781,28.719377517700195,169.80999755859375,24.950000762939453,38.189998626708984,124.8652572631836,73.8244400024414,38144.30859375,1718.65087890625
2021-02-06,,,,,,,,,,,,,,,,,,,,,,,39266.01171875,1677.8468017578125
2021-02-07,,,,,,,,,,,,,,,,,,,,,,,38903.44140625,1614.227783203125
2021-02-08,133.34974670410156,232.12973022460938,14.397480010986328,166.14700317382812,103.37162780761719,264.50433349609375,287.8066711425781,122.78264617919922,42.29990768432617,142.32611083984375,335.941650390625,93.1787338256836,9.750245094299316,251.64285278320312,95.8038558959961,103.17753601074219,28.949472427368164,171.52000427246094,25.389999389648438,38.939998626708984,125.41354370117188,73.9093246459961,46196.46484375,1746.6168212890625
2021-02-09,132.47311401367188,233.3743133544922,14.22248363494873,165.25,102.91887664794922,267.3519287109375,283.1533203125,122.2919921875,41.804500579833984,143.49119567871094,335.6259460449219,93.19731140136719,9.758758544921875,252.14210510253906,96.08189392089844,103.59676361083984,29.102869033813477,172.0800018310547,25.280000686645508,39.16999816894531,125.5063247680664,73.87535095214844,46481.10546875,1768.0350341796875
2021-02-10,131.86923217773438,232.46484375,14.722049713134766,164.32899475097656,103.46882629394531,269.7531433105469,268.2733459472656,122.36209106445312,42.20909118652344,143.9571990966797,335.5145568847656,93.15084838867188,9.775773048400879,253.40855407714844,95.86872863769531,104.12286376953125,29.119909286499023,172.7100067138672,25.06999969482422,39.279998779296875,126.34140014648438,73.99420928955078,44918.18359375,1744.243408203125
2021-02-11,131.6160430908203,234.0636444091797,15.207157135009766,163.10650634765625,103.58140563964844,268.28466796875,270.5533447265625,122.0204086303711,41.15220642089844,143.30996704101562,336.1366271972656,93.37393188476562,9.767265319824219,254.2315216064453,96.3135986328125,104.34481048583984,29.281835556030273,171.2100067138672,25.09000015258789,38.970001220703125,125.64967346191406,73.91781616210938,47909.33203125,1783.7979736328125
2021-02-12,131.8497772216797,234.54232788085938,14.918488502502441,163.885498046875,103.892822265625,268.393798828125,272.0400085449219,123.75515747070312,41.71367645263672,143.75872802734375,337.7337341308594,93.82942199707031,9.733232498168945,256.00653076171875,96.74921417236328,104.38590240478516,29.40966033935547,170.69000244140625,25.309999465942383,39.939998626708984,124.0892105102539,73.7225570678711,47504.8515625,1843.5325927734375
2021-02-13,,,,,,,,,,,,,,,,,,,,,,,47105.515625,1814.10986328125
2021-02-14,,,,,,,,,,,,,,,,,,,,,,,48717.2890625,1805.0841064453125
2021-02-15,,,,,,,,,,,,,,,,,,,,,,,47945.05859375,1779.791015625
2021-02-16,129.7264862060547,233.3073272705078,15.286432266235352,163.44749450683594,104.6698989868164,271.8367614746094,265.40667724609375,126.73407745361328,42.96873092651367,142.45559692382812,337.585205078125,93.69929504394531,9.690691947937012,255.54429626464844,96.25798034667969,103.54745483398438,29.614192962646484,168.24000549316406,25.260000228881836,40.45000076293945,122.1997299194336,73.37446594238281,49199.87109375,1781.0675048828125
2021-02-17,127.43756103515625,234.32444763183594,14.863393783569336,165.4320068359375,105.06266021728516,271.43988037109375,266.04998779296875,127.12830352783203,43.63752365112305,142.96473693847656,337.5295715332031,93.54125213623047,9.707711219787598,254.2777862548828,95.65557098388672,103.35840606689453,29.486356735229492,166.3300018310547,25.399999618530273,40.88999938964844,122.97579956054688,73.52733612060547,52149.0078125,1848.458251953125
2021-02-18,126.33695983886719,233.93106079101562,14.786614418029785,166.4114990234375,104.42741394042969,267.2924499511719,262.4599914550781,127.55762481689453,42.95220184326172,143.03378295898438,336.0530700683594,93.00212860107422,9.707711219787598,253.06658935546875,94.3580551147461,102.94740295410156,29.247737884521484,166.32000732421875,25.059999465942383,40.27000045776367,122.47814178466797,73.48484802246094,51679.796875,1937.44921875
2021-02-19,126.49276733398438,231.22506713867188,14.88383674621582,162.4949951171875,103.5843734741211,259.52337646484375,260.4333190917969,129.6866912841797,43.2411994934082,140.6519317626953,335.4494934082031,93.15084838867188,9.67367935180664,255.85865783691406,96.06336975097656,103.61322784423828,29.367050170898438,167.00999450683594,25.260000228881836,39.68000030517578,120.85006713867188,73.23016357421875,55888.1328125,1960.164794921875
2021-02-20,,,,,,,,,,,,,,,,,,,,,,,56099.51953125,1919.5340576171875
2021-02-21,,,,,,,,,,,,,,,,,,,,,,,57539.9453125,1935.60107421875
2021-02-22,122.72341918945312,225.02630615234375,14.314718246459961,159.03700256347656,101.87104034423828,258.3029479980469,238.1666717529297,130.9044952392578,44.83477020263672,140.56503295898438,332.8865661621094,92.26778411865234,9.648150444030762,252.85400390625,95.34044647216797,104.4681167602539,29.13695526123047,169.50999450683594,26.270000457763672,41.279998779296875,119.9306640625,73.02640533447266,54207.3203125,1781.992919921875
2021-02-23,122.58708190917969,223.83645629882812,14.101579666137695,159.72500610351562,102.16163635253906,263.7898864746094,232.94667053222656,131.95587158203125,45.454036712646484,139.3232879638672,333.3044738769531,92.25846099853516,9.639639854431152,252.97415161132812,95.04388427734375,105.0517349243164,29.16252326965332,169.1199951171875,25.709999084472656,41.619998931884766,119.58489227294922,73.00942993164062,48824.42578125,1570.2039794921875
2021-02-24,122.09033966064453,225.0647430419922,14.457557678222656,157.97650146484375,103.33641815185547,262.2519836425781,247.33999633789062,134.2776336669922,46.8164176940918,141.19032287597656,337.0931091308594,93.3367691040039,9.622629165649414,255.5720977783203,96.89749908447266,105.87374877929688,29.16252326965332,169.0,25.940000534057617,42.5,118.8003921508789,72.96699523925781,49705.33203125,1626.57568359375
2021-02-25,117.84371948242188,219.72952270507812,13.269465446472168,152.85800170898438,99.97123718261719,252.70692443847656,227.4066619873047,132.45526123046875,46.04027557373047,141.33792114257812,328.8937683105469,90.86412048339844,9.554559707641602,248.08346557617188,93.67221069335938,103.85981750488281,28.744937896728516,165.82000732421875,25.399999618530273,42.459999084472656,116.86029815673828,72.33031463623047,47093.8515625,1475.7037353515625
2021-02-26,118.1067123413086,222.9824676513672,13.675301551818848,154.64649963378906,100.26679992675781,255.61410522460938,225.1666717529297,128.94192504882812,44.8925666809082,137.60389709472656,327.3616027832031,90.57597351074219,9.645736694335938,248.18527221679688,93.71855163574219,102.30624389648438,28.2677059173584,161.80999755859375,24.65999984741211,41.310001373291016,120.72357940673828,72.95849609375,46339.76171875,1446.03369140625
2021-02-27,,,,,,,,,,,,,,,,,,,,,,,46188.453125,1459.97314453125
2021-02-28,,,,,,,,,,,,,,,,,,,,,,,45137.76953125,1416.0489501953125
2021-03-01,124.46687316894531,227.35804748535156,13.802186965942383,157.3070068359375,102.63473510742188,262.84735107421875,239.47666931152344,131.85948181152344,46.56871032714844,138.35069274902344,335.1617126464844,92.84410095214844,9.628692626953125,254.12059020996094,96.42481994628906,102.73368835449219,28.82164192199707,161.52999877929688,24.600000381469727,40.599998474121094,119.129150390625,72.8641357421875,49631.2421875,1564.7076416015625
2021-03-02,121.86634063720703,224.41221618652344,13.367931365966797,154.72650146484375,102.37783813476562,256.98333740234375,228.81333923339844,131.43017578125,46.29623794555664,138.0902099609375,332.45025634765625,91.95171356201172,9.637216567993164,251.70761108398438,94.90485382080078,101.80481719970703,28.744937896728516,162.41000366210938,24.799999237060547,40.06999969482422,119.13761138916016,72.85560607910156,48378.98828125,1492.6087646484375
2021-03-03,118.8858871459961,218.35739135742188,12.768149375915527,150.25,99.74609375,253.42129516601562,217.73333740234375,133.9709930419922,46.667789459228516,135.65872192382812,328.1322937011719,90.61315155029297,9.611652374267578,247.37158203125,93.79268646240234,101.19654846191406,28.693805694580078,160.6199951171875,24.280000686645508,41.13999938964844,117.84545135498047,72.62605285644531,50538.2421875,1575.8531494140625
2021-03-04,117.00609588623047,217.56097412109375,12.334892272949219,148.8784942626953,100.86287689208984,255.63394165039062,207.14666748046875,131.91204833984375,48.47603988647461,132.9232940673828,323.7865295410156,89.15373992919922,9.577564239501953,242.12037658691406,91.48494720458984,100.0786361694336,28.2677059173584,159.0399932861328,23.559999465942383,43.06999969482422,117.0853500366211,72.39653015136719,48561.16796875,1541.914306640625
2021-03-05,118.26252746582031,222.2340087890625,12.425882339477539,150.0229949951172,103.99398803710938,262.2221984863281,199.31666564941406,132.21873474121094,50.3090705871582,135.5544891357422,330.1101989746094,90.82695007324219,9.569043159484863,246.56729125976562,93.33856964111328,101.23764038085938,28.48927116394043,159.13999938964844,23.360000610351562,44.439998626708984,117.31340026855469,72.3540267944336,48927.3046875,1533.2750244140625
2021-03-06,,,,,,,,,,,,,,,,,,,,,,,48912.3828125,1654.7415771484375
2021-03-07,,,,,,,,,,,,,,,,,,,,,,,51206.69140625,1723.15380859375
2021-03-08,113.33411407470703,218.1942596435547,11.560111999511719,147.59750366210938,99.55219268798828,253.32208251953125,187.6666717529297,133.9709930419922,50.25954055786133,136.68336486816406,328.3366394042969,90.34358978271484,9.534963607788086,246.1050567626953,93.45903778076172,102.06785583496094,28.139873504638672,157.49000549316406,23.31999969482422,43.5,116.40130615234375,72.0224380493164,52246.5234375,1834.7279052734375
2021-03-09,117.94112396240234,224.32583618164062,12.488773345947266,153.1425018310547,101.1817398071289,263.67083740234375,224.52667236328125,133.02476501464844,49.4833869934082,136.9439239501953,333.01666259765625,91.7936782836914,9.560530662536621,249.11892700195312,94.57119750976562,102.72544860839844,28.57449722290039,160.83999633789062,24.049999237060547,43.11000061035156,118.01436614990234,72.2604751586914,54824.1171875,1868.048828125
2021-03-10,116.85999298095703,223.02081298828125,12.436904907226562,152.8820037841797,100.97494506835938,262.83734130859375,222.68666076660156,135.91603088378906,51.002647399902344,138.20306396484375,335.0409240722656,92.4164810180664,9.569043159484863,250.9956817626953,95.7204360961914,103.78582763671875,28.668241500854492,161.66000366210938,24.31999969482422,43.7400016784668,118.25077819824219,72.39653015136719,56008.55078125,1799.166259765625
2021-03-11,118.78849029541016,227.54037475585938,12.960833549499512,155.67950439453125,104.16606140136719,271.7474365234375,233.1999969482422,135.2063751220703,50.62282943725586,138.19436645507812,338.55096435546875,93.64350128173828,9.569043159484863,254.8971405029297,97.69453430175781,104.95307922363281,29.068777084350586,161.52000427246094,24.25,44.599998474121094,117.3978042602539,72.405029296875,57805.12109375,1826.1949462890625
2021-03-12,117.88268280029297,226.21617126464844,12.823678016662598,154.47450256347656,101.65978240966797,266.3101501464844,231.2433319091797,136.80967712402344,51.167781829833984,138.59385681152344,338.9781188964844,93.81080627441406,9.517924308776855,255.97886657714844,98.32475280761719,106.7779312133789,28.983556747436523,161.49000549316406,24.030000686645508,44.349998474121094,114.9065170288086,71.97139739990234,57332.08984375,1772.1024169921875
2021-03-13,,,,,,,,,,,,,,,,,,,,,,,61243.0859375,1924.6854248046875
2021-03-14,,,,,,,,,,,,,,,,,,,,,,,59302.31640625,1854.5643310546875
2021-03-15,120.76571655273438,225.31417846679688,13.158085823059082,154.08399963378906,101.87996673583984,271.61846923828125,235.97999572753906,136.12628173828125,49.863197326660156,139.30593872070312,341.19744873046875,94.4801025390625,9.526440620422363,258.8909606933594,99.353515625,108.30683898925781,29.01764488220215,162.1999969482422,24.329999923706055,44.2599983215332,115.58214569091797,72.05640411376953,55907.19921875,1791.7022705078125
2021-03-16,122.30462646484375,228.09689331054688,13.257835388183594,154.59300231933594,103.34039306640625,277.10540771484375,225.6266632080078,134.49668884277344,48.80632019042969,140.13087463378906,340.6681213378906,94.11756134033203,9.517924308776855,256.3948059082031,97.8613510131836,107.8301010131836,29.0858211517334,162.35000610351562,24.100000381469727,43.83000183105469,115.11758422851562,72.04790496826172,56804.90234375,1806.9718017578125
2021-03-17,121.51569366455078,227.45396423339844,13.307710647583008,156.7864990234375,103.25758361816406,281.7986145019531,233.93666076660156,135.8809814453125,49.02099609375,139.60986328125,341.6523742675781,94.4336166381836,9.509404182434082,257.6891784667969,98.40819549560547,107.93695068359375,29.18808937072754,163.50999450683594,24.420000076293945,43.81999969482422,114.2562026977539,72.0224380493164,58870.89453125,1823.4493408203125
2021-03-18,117.39567565917969,221.3895721435547,12.69051456451416,151.39950561523438,100.238525390625,276.4505615234375,217.72000122070312,138.1239013671875,46.907249450683594,139.349365234375,336.6288146972656,92.7883071899414,9.475318908691406,253.36244201660156,96.10042572021484,106.90123748779297,28.94094467163086,162.55999755859375,24.100000381469727,40.470001220703125,113.09918212890625,71.72483825683594,57858.921875,1782.8551025390625
2021-03-19,116.86973571777344,221.03456115722656,12.813453674316406,153.7480010986328,100.51721954345703,287.85107421875,218.2899932861328,135.9248046875,46.64302062988281,138.97593688964844,336.4617614746094,92.89056396484375,9.483840942382812,254.1020965576172,96.56385040283203,105.42161560058594,28.967426300048828,163.24000549316406,24.309999465942383,41.77000045776367,113.80014038085938,71.78434753417969,58346.65234375,1817.6241455078125
2021-03-20,,,,,,,,,,,,,,,,,,,,,,,58313.64453125,1812.6346435546875
2021-03-21,,,,,,,,,,,,,,,,,,,,,,,57523.421875,1788.217041015625
2021-03-22,120.18131256103516,226.4464874267578,13.153096199035645,155.5435028076172,100.70219421386719,291.25439453125,223.3333282470703,132.27130126953125,46.16413116455078,139.37535095214844,338.8202819824219,93.40180969238281,9.509404182434082,255.15597534179688,96.12824249267578,106.12854766845703,29.0443115234375,163.0,23.940000534057617,41.709999084472656,115.07536315917969,71.98839569091797,54529.14453125,1691.333984375
2021-03-23,119.35340881347656,227.97218322753906,13.037890434265137,156.875,101.22982025146484,288.3670654296875,220.72000122070312,130.94830322265625,45.59440231323242,139.24513244628906,336.2388000488281,92.37000274658203,9.534963607788086,251.26380920410156,93.36634826660156,105.96414184570312,28.6086483001709,161.80999755859375,23.219999313354492,39.369998931884766,116.11416625976562,72.14994049072266,54738.9453125,1678.650146484375
2021-03-24,116.96711730957031,225.93789672851562,12.611214637756348,154.35350036621094,100.79344177246094,279.9431457519531,210.08999633789062,131.96461486816406,46.5191764831543,140.59979248046875,334.4188232421875,91.57171630859375,9.543484687805176,248.72796630859375,91.92594909667969,105.422607421875,28.318201065063477,162.3699951171875,23.239999771118164,41.45000076293945,116.73908996582031,72.2604751586914,52774.265625,1593.4134521484375
2021-03-25,117.4541244506836,222.944091796875,12.50373363494873,152.31300354003906,100.78997802734375,276.56964111328125,213.4633331298828,133.65554809570312,46.38706588745117,140.65194702148438,336.191162109375,92.19654083251953,9.534963607788086,250.7214813232422,93.6358642578125,106.44783020019531,28.46341896057129,161.77999877929688,23.290000915527344,39.88999938964844,115.8185806274414,72.20948028564453,51704.16015625,1595.3592529296875
2021-03-26,118.05799865722656,226.91664123535156,12.806970596313477,152.60150146484375,100.40664672851562,280.8163146972656,206.23666381835938,135.8809814453125,47.65036392211914,143.2222900390625,341.7822570800781,93.70735931396484,9.517924308776855,254.6339874267578,95.36436462402344,108.74626922607422,28.882003784179688,162.24000549316406,23.229999542236328,41.529998779296875,115.4132308959961,72.0819320678711,55137.3125,1702.842041015625
2021-03-27,,,,,,,,,,,,,,,,,,,,,,,55973.51171875,1716.49462890625
2021-03-28,,,,,,,,,,,,,,,,,,,,,,,55950.74609375,1691.35595703125
2021-03-29,118.23333740234375,225.726806640625,12.915696144104004,153.7864990234375,101.45101165771484,288.5555725097656,203.76333618164062,133.76950073242188,47.3943977355957,144.1862030029297,341.4840087890625,93.27835083007812,9.500884056091309,252.32542419433594,93.422119140625,108.17576599121094,28.78803825378418,160.30999755859375,22.90999984741211,41.91999816894531,114.43356323242188,71.98839569091797,57750.19921875,1819.6849365234375
2021-03-30,116.78206634521484,222.4739227294922,12.839386940002441,152.76449584960938,101.48473358154297,285.757568359375,211.8733367919922,135.34652709960938,46.80815887451172,143.2917938232422,340.44036865234375,93.23173522949219,9.500884056091309,253.0206756591797,94.6580810546875,108.20885467529297,28.78803825378418,157.57000732421875,22.260000228881836,41.16999816894531,115.03315734863281,72.06494140625,58917.69140625,1846.03369140625
2021-03-31,118.97355651855469,226.2353973388672,13.314692497253418,154.70399475097656,102.28064727783203,292.2366943359375,222.64332580566406,133.37521362304688,46.09807205200195,142.71864318847656,341.6983337402344,93.72599792480469,9.513689994812012,254.0684051513672,95.2249526977539,107.55567932128906,28.75387191772461,159.9600067138672,22.700000762939453,40.529998779296875,114.39131164550781,72.03093719482422,58918.83203125,1918.362060546875
2021-04-01,119.80146789550781,232.5492706298828,13.777026176452637,158.0500030517578,105.61608123779297,296.3345031738281,220.5833282470703,134.6719207763672,47.38613510131836,141.39871215820312,345.74261474609375,94.9290542602539,9.556390762329102,257.7863464355469,96.73970794677734,109.60610961914062,29.104106903076172,161.97999572753906,23.149999618530273,41.84000015258789,116.28987121582031,72.2626953125,59095.80859375,1977.27685546875
2021-04-02,,,,,,,,,,,,,,,,,,,,,,,59384.3125,2143.2255859375
2021-04-03,,,,,,,,,,,,,,,,,,,,,,,57603.890625,2028.4224853515625
2021-04-04,,,,,,,,,,,,,,,,,,,,,,,58758.5546875,2093.122802734375
2021-04-05,122.62603759765625,238.99752807617188,13.952335357666016,161.3365020751953,110.03852844238281,306.5047607421875,230.35000610351562,135.3857421875,46.65127944946289,141.9197235107422,350.7745666503906,96.11345672607422,9.53930950164795,259.5480041503906,97.2043685913086,109.98641204833984,29.36037826538086,161.9199981689453,23.09000015258789,40.279998779296875,115.78246307373047,72.15191650390625,59057.87890625,2107.88720703125
2021-04-06,122.92798614501953,237.8364715576172,13.826650619506836,161.1909942626953,109.55751037597656,303.87530517578125,230.5399932861328,134.43397521972656,46.5191764831543,141.88504028320312,350.4483642578125,96.11345672607422,9.56492805480957,260.6419677734375,97.31586456298828,110.30059814453125,29.292043685913086,163.22000122070312,23.34000015258789,40.70000076293945,116.5689697265625,72.40758514404297,58192.359375,2118.37890625
2021-04-07,124.57404327392578,239.79393005371094,14.107941627502441,163.96949768066406,111.0338134765625,310.6522216796875,223.6566619873047,136.540283203125,46.72559356689453,142.07603454589844,350.9703369140625,96.0574722290039,9.556390762329102,259.1678161621094,96.30294799804688,110.31710815429688,29.223697662353516,162.75999450683594,23.329999923706055,40.86000061035156,115.75712585449219,72.32235717773438,56048.9375,1971.0772705078125
2021-04-08,126.97005462646484,243.00845336914062,14.281004905700684,164.96499633789062,111.59912872314453,310.5827331542969,227.93333435058594,136.70770263671875,46.238433837890625,141.52029418945312,352.5357971191406,96.58908081054688,9.573469161987305,260.44732666015625,96.86981964111328,109.94508361816406,29.4372615814209,164.50999450683594,23.6200008392334,40.81999969482422,116.71269989013672,72.4842758178711,58323.953125,2088.57373046875
2021-04-09,129.54139709472656,245.50332641601562,14.363798141479492,168.61000061035156,112.60283660888672,310.0270080566406,225.67333984375,137.73001098632812,46.131103515625,140.0266571044922,355.2660827636719,97.22325134277344,9.56492805480957,261.5320739746094,97.12071990966797,109.87891387939453,29.403095245361328,163.27000427246094,23.40999984741211,40.63999938964844,116.28987121582031,72.39054870605469,58245.00390625,2072.10888671875
2021-04-10,,,,,,,,,,,,,,,,,,,,,,,59793.234375,2135.942138671875
2021-04-11,,,,,,,,,,,,,,,,,,,,,,,60204.96484375,2157.656982421875
2021-04-12,127.82720184326172,245.5608673095703,15.17076301574707,168.96949768066406,111.31102752685547,309.1142578125,233.9933319091797,137.43917846679688,45.825592041015625,140.36534118652344,355.2008056640625,97.20460510253906,9.556390762329102,261.7082214355469,97.17646789550781,110.43289947509766,29.24078369140625,162.27999877929688,23.040000915527344,40.900001525878906,116.2391357421875,72.37350463867188,59893.453125,2139.353271484375
2021-04-13,130.93421936035156,248.03652954101562,15.640081405639648,170.0,111.79749298095703,307.34808349609375,254.10667419433594,135.79994201660156,45.99899673461914,138.48963928222656,356.3655700683594,97.5589828491211,9.582012176513672,262.357177734375,97.12071990966797,111.07776641845703,29.394548416137695,163.42999267578125,23.510000228881836,41.400001525878906,117.11022186279297,72.56096649169922,63503.45703125,2299.187744140625
2021-04-14,128.5966339111328,245.25384521484375,15.238595008850098,166.64999389648438,111.17662048339844,300.46209716796875,244.07666015625,133.26182556152344,47.328346252441406,138.8717041015625,354.94921875,97.25121307373047,9.573469161987305,262.1532897949219,97.60395050048828,110.3750228881836,29.428722381591797,162.72000122070312,23.59000015258789,43.040000915527344,116.73808288574219,72.50981140136719,63109.6953125,2435.10498046875
2021-04-15,131.0023651123047,249.00564575195312,16.096683502197266,168.95449829101562,113.32586669921875,305.4232177734375,246.28334045410156,134.10789489746094,47.047607421875,139.2798614501953,358.9002380371094,98.29573822021484,9.616172790527344,264.832763671875,98.21729278564453,112.35103607177734,29.66790199279785,165.35000610351562,24.030000686645508,43.27000045776367,118.69163513183594,72.81658172607422,63314.01171875,2519.1162109375
2021-04-16,130.6712646484375,250.195556640625,15.872495651245117,169.9720001220703,113.2018814086914,303.79595947265625,246.5933380126953,135.10372924804688,46.783390045166016,140.88633728027344,360.19549560546875,98.57550048828125,9.590548515319824,265.0367126464844,98.60760498046875,112.5742416381836,29.84729766845703,166.35000610351562,24.09000015258789,43.18000030517578,117.76982116699219,72.6206283569336,61572.7890625,2431.946533203125
2021-04-17,,,,,,,,,,,,,,,,,,,,,,,60683.8203125,2344.89501953125
2021-04-18,,,,,,,,,,,,,,,,,,,,,,,56216.18359375,2237.136962890625
2021-04-19,131.3335723876953,248.2764434814453,15.323129653930664,168.60049438476562,113.54951477050781,299.8865966796875,238.2100067138672,134.53089904785156,46.634769439697266,141.27713012695312,358.2851867675781,97.92269134521484,9.590548515319824,263.0340270996094,97.65968322753906,112.84707641601562,29.770423889160156,165.88999938964844,23.979999542236328,43.31999969482422,117.43155670166016,72.57799530029297,55724.265625,2166.188720703125
2021-04-20,129.64852905273438,247.81588745117188,15.133109092712402,166.7344970703125,113.01641845703125,300.2934265136719,239.663330078125,131.55210876464844,45.65220260620117,144.56834411621094,355.85308837890625,97.11133575439453,9.59908676147461,260.9479675292969,96.10778045654297,113.78958129882812,29.403095245361328,166.47999572753906,23.959999084472656,42.7400016784668,117.97282409667969,72.6972885131836,56473.03125,2330.2109375
2021-04-21,130.02842712402344,250.04205322265625,15.321883201599121,168.1009979248047,112.98370361328125,299.1226501464844,248.0399932861328,132.67135620117188,46.238433837890625,144.66383361816406,359.17047119140625,98.16517639160156,9.607630729675293,264.37841796875,97.97566223144531,114.45104217529297,29.62519073486328,168.1300048828125,24.700000762939453,41.77000045776367,118.20955657958984,72.77400207519531,53906.08984375,2364.751708984375
2021-04-22,128.5089874267578,246.7699737548828,14.812912940979004,165.45199584960938,111.70278930664062,294.211181640625,239.89666748046875,129.87759399414062,45.63569259643555,143.43939208984375,355.8904113769531,97.40045928955078,9.616172790527344,263.247314453125,97.67828369140625,113.92189025878906,29.539764404296875,167.0399932861328,24.209999084472656,42.09000015258789,118.72550201416016,72.80804443359375,51762.2734375,2403.53515625
2021-04-23,130.82705688476562,250.58901977539062,15.226871490478516,167.04400634765625,114.05384826660156,298.7853698730469,243.13333129882812,132.36288452148438,45.88338851928711,143.73468017578125,359.7855224609375,98.58483123779297,9.607630729675293,266.9002990722656,99.27668762207031,114.54197692871094,29.872928619384766,166.39999389648438,24.139999389648438,42.459999084472656,118.44637298583984,72.81658172607422,51093.65234375,2363.586181640625
2021-04-24,,,,,,,,,,,,,,,,,,,,,,,50050.8671875,2211.625732421875
2021-04-25,,,,,,,,,,,,,,,,,,,,,,,49004.25390625,2316.0595703125
2021-04-26,131.21669006347656,250.9727783203125,15.439085960388184,170.4499969482422,114.54974365234375,300.6803894042969,246.06666564941406,132.68898010253906,45.97422409057617,142.51893615722656,360.4284973144531,98.93923950195312,9.607630729675293,268.4486083984375,100.26173400878906,114.97190856933594,29.915645599365234,166.83999633789062,24.299999237060547,42.33000183105469,118.27725219726562,72.7654800415039,54021.75390625,2534.481689453125
2021-04-27,130.895263671875,251.3758087158203,15.343079566955566,170.8715057373047,113.61001586914062,301.206298828125,234.913330078125,133.2970733642578,46.57696533203125,141.70266723632812,360.3538513183594,98.92990112304688,9.582012176513672,268.37445068359375,100.41043090820312,114.93054962158203,29.864381790161133,166.4199981689453,24.389999389648438,43.11000061035156,117.24551391601562,72.57799530029297,55033.1171875,2662.865234375
2021-04-28,130.10635375976562,244.26547241210938,15.238344192504883,172.9250030517578,116.9851303100586,304.7087707519531,231.46665954589844,134.16075134277344,47.98063278198242,140.6605987548828,360.0464172363281,98.85529327392578,9.582012176513672,267.9664611816406,100.43830108642578,114.68254089355469,29.96689224243164,166.91000366210938,24.399999618530273,43.529998779296875,117.32164001464844,72.61209106445312,54824.703125,2746.380126953125
2021-04-29,130.00894165039062,242.29840087890625,15.286222457885742,173.5655059814453,118.65730285644531,326.9443359375,225.6666717529297,136.76943969726562,48.66596984863281,142.5884246826172,362.5065002441406,99.312255859375,9.582012176513672,268.7731628417969,100.32678985595703,115.61680603027344,29.958358764648438,166.22000122070312,24.25,44.2599983215332,116.97491455078125,72.55244445800781,53555.109375,2756.876953125
2021-04-30,128.04144287109375,241.9817352294922,14.97176456451416,173.37100219726562,116.71038818359375,322.5487976074219,236.47999572753906,135.55320739746094,47.26228332519531,141.31190490722656,359.9252014160156,98.53822326660156,9.60509967803955,266.3161315917969,99.07223510742188,116.1211166381836,29.556854248046875,165.66000366210938,24.010000228881836,43.27000045776367,117.24551391601562,72.65467834472656,57750.17578125,2773.20703125
2021-05-01,,,,,,,,,,,,,,,,,,,,,,,57828.05078125,2945.892822265625
2021-05-02,,,,,,,,,,,,,,,,,,,,,,,56631.078125,2952.05615234375
2021-05-03,129.0933380126953,241.67465209960938,14.799447059631348,169.32449340820312,116.19366455078125,320.0682373046875,228.3000030517578,135.1566162109375,48.566871643066406,143.4654541015625,360.91302490234375,98.73402404785156,9.60509967803955,266.3161315917969,99.36030578613281,115.77388763427734,29.736248016357422,167.80999755859375,24.959999084472656,43.97999954223633,117.31580352783203,72.67262268066406,57200.29296875,3431.086181640625
2021-05-04,124.52534484863281,237.76925659179688,14.315168380737305,165.593505859375,114.39601135253906,315.8811340332031,224.53334045410156,137.02500915527344,48.87238693237305,145.68853759765625,358.49957275390625,97.94134521484375,9.613652229309082,264.739990234375,98.5611343383789,115.04631042480469,29.394548416137695,166.5800018310547,24.56999969482422,44.869998931884766,118.11187744140625,72.7664794921875,53333.5390625,3253.62939453125
2021-05-05,124.7688217163086,236.50267028808594,14.422148704528809,163.52699279785156,114.78976440429688,312.5671691894531,223.64666748046875,138.8228759765625,50.34209060668945,145.0806884765625,358.76043701171875,97.88539123535156,9.622208595275879,264.21148681640625,98.41242980957031,113.18606567382812,29.67645263671875,167.27000427246094,24.56999969482422,44.65999984741211,118.3066635131836,72.80917358398438,57424.0078125,3522.783203125
2021-05-06,126.36619567871094,239.63084411621094,14.486489295959473,165.31849670410156,115.90950775146484,317.5281982421875,221.17999267578125,141.61656188964844,50.82099151611328,145.66246032714844,361.74237060546875,98.4449462890625,9.63076400756836,263.9241027832031,98.44961547851562,113.82267761230469,29.915645599365234,170.05999755859375,25.3700008392334,44.40999984741211,118.50151824951172,72.84333038330078,56396.515625,3490.88037109375
2021-05-07,127.03938293457031,242.25042724609375,14.775010108947754,164.58050537109375,116.63253021240234,316.5954895019531,224.1233367919922,142.10130310058594,51.547603607177734,146.3224639892578,364.47271728515625,99.28428649902344,9.63076400756836,267.39166259765625,99.62980651855469,115.32743072509766,30.240249633789062,171.58999633789062,25.469999313354492,44.43000030517578,117.91712188720703,72.85184478759766,57356.40234375,3484.72900390625
2021-05-08,,,,,,,,,,,,,,,,,,,,,,,58803.77734375,3902.647705078125
2021-05-09,,,,,,,,,,,,,,,,,,,,,,,58232.31640625,3928.8447265625
2021-05-10,123.76123046875,237.1839141845703,14.22988510131836,159.52450561523438,113.648193359375,303.587646484375,209.67999267578125,142.0836639404297,51.671451568603516,147.8594970703125,360.6707458496094,98.07191467285156,9.60509967803955,265.1015319824219,97.9106216430664,115.29437255859375,30.06940460205078,172.11000061035156,25.350000381469727,44.47999954223633,116.72296142578125,72.68115997314453,55859.796875,3952.2939453125
2021-05-11,122.8440933227539,236.27235412597656,14.270282745361328,161.19549560546875,112.57257843017578,304.1431884765625,205.73333740234375,139.7218017578125,50.02833938598633,146.6524200439453,357.54901123046875,97.36312866210938,9.587995529174805,263.1731262207031,97.28799438476562,113.87226104736328,29.761878967285156,172.13999938964844,25.670000076293945,44.869998931884766,116.06236267089844,72.53607177734375,56704.57421875,4168.701171875
2021-05-12,119.7805404663086,229.3347625732422,13.723907470703125,157.5970001220703,109.11070251464844,300.1942138671875,196.6300048828125,138.76112365722656,50.296409606933594,146.06192016601562,349.9266052246094,95.10625457763672,9.553783416748047,256.293701171875,94.30493927001953,111.06124877929688,29.206615447998047,170.42999267578125,25.09000015258789,45.220001220703125,114.84284973144531,72.28001403808594,49150.53515625,3785.8486328125
2021-05-13,121.92698669433594,233.2017822265625,13.63089370727539,158.07350158691406,110.53841400146484,302.88311767578125,190.56333923339844,142.3304443359375,49.67649841308594,147.5902557373047,354.25030517578125,96.20670318603516,9.562338829040527,258.93597412109375,95.61524963378906,112.50812530517578,29.292043685913086,171.1300048828125,25.15999984741211,43.810001373291016,115.0206298828125,72.42510986328125,49716.19140625,3715.1484375
2021-05-14,124.3465805053711,238.11471557617188,14.207192420959473,161.14500427246094,112.98517608642578,313.4799499511719,196.5800018310547,144.54249572753906,50.90794372558594,147.81607055664062,359.56182861328125,97.8200912475586,9.587995529174805,263.8128356933594,97.74335479736328,113.82267761230469,29.761878967285156,172.69000244140625,25.459999084472656,44.709999084472656,116.09625244140625,72.59583282470703,49880.53515625,4079.057373046875
2021-05-15,,,,,,,,,,,,,,,,,,,,,,,46760.1875,3638.1220703125
2021-05-16,,,,,,,,,,,,,,,,,,,,,,,46456.05859375,3587.506103515625
2021-05-17,123.1953125,235.26483154296875,14.129884719848633,163.51950073242188,113.50786590576172,313.0037536621094,192.27667236328125,145.12416076660156,52.09749984741211,147.9636993408203,358.64862060546875,97.59629821777344,9.579445838928223,263.2658996582031,97.72476196289062,113.84748077392578,29.727699279785156,174.6999969482422,26.190000534057617,45.38999938964844,115.85063171386719,72.52752685546875,43537.51171875,3282.397705078125
2021-05-18,121.80990600585938,233.24977111816406,13.980513572692871,161.61399841308594,112.19619750976562,307.54656982421875,192.6233367919922,143.0795440673828,50.62312316894531,148.01580810546875,355.63873291015625,96.8688735961914,9.579445838928223,261.78240966796875,97.00919342041016,113.96320343017578,29.915645599365234,175.0399932861328,26.149999618530273,44.84000015258789,115.55423736572266,72.4507064819336,42909.40234375,3380.070068359375
2021-05-19,121.65377807617188,233.82681274414062,14.030388832092285,161.58999633789062,112.64399719238281,311.1482238769531,187.82000732421875,141.98670959472656,49.40843200683594,147.69451904296875,354.64166259765625,96.54244995117188,9.562338829040527,260.7717590332031,96.24717712402344,113.51676940917969,29.67645263671875,175.16000366210938,25.729999542236328,43.43000030517578,115.27472686767578,72.37388610839844,37002.44140625,2460.67919921875
2021-05-20,124.20999908447266,237.0583953857422,14.575764656066895,162.38400268554688,114.40196990966797,316.1291809082031,195.5933380126953,141.74000549316406,49.29114532470703,148.55416870117188,358.41571044921875,97.6056137084961,9.587995529174805,263.8869934082031,96.87908935546875,114.87268829345703,30.04377555847168,175.9600067138672,25.790000915527344,42.47999954223633,116.22325134277344,72.61286926269531,40782.73828125,2784.294189453125
2021-05-21,122.37577056884766,235.79843139648438,14.954058647155762,160.1540069580078,113.76622772216797,313.7677001953125,193.6266632080078,143.3527374267578,49.35816192626953,148.4586944580078,358.1454162597656,97.56832122802734,9.587995529174805,264.1187744140625,97.09283447265625,114.7238540649414,29.96689224243164,176.0399932861328,25.530000686645508,43.70000076293945,116.5959243774414,72.62995910644531,37304.69140625,2430.621337890625
2021-05-22,,,,,,,,,,,,,,,,,,,,,,,37536.6328125,2295.70556640625
2021-05-23,,,,,,,,,,,,,,,,,,,,,,,34770.58203125,2109.579833984375
2021-05-24,124.0051040649414,241.19400024414062,15.57275104522705,162.24949645996094,117.08430480957031,322.102294921875,202.14666748046875,144.12826538085938,49.936187744140625,149.02664184570312,361.7330322265625,98.51956176757812,9.60509967803955,266.46453857421875,97.68758392333984,116.04673767089844,30.146284103393555,176.35000610351562,25.75,45.02000045776367,117.02786254882812,72.7153091430664,38705.98046875,2643.591064453125
2021-05-25,123.80998229980469,242.0980987548828,15.608412742614746,162.95249938964844,117.175048828125,325.2377014160156,201.56333923339844,142.6388702392578,48.80527114868164,148.61595153808594,360.968994140625,98.24908447265625,9.63076400756836,265.3797302246094,97.01849365234375,116.11284637451172,30.197538375854492,177.9499969482422,25.989999771118164,44.91999816894531,118.11187744140625,72.90303802490234,38402.22265625,2706.62890625
2021-05-26,123.76123046875,241.8768768310547,15.660528182983398,163.25799560546875,118.03990173339844,325.1087341308594,206.3766632080078,142.62124633789062,49.37493133544922,147.73341369628906,361.6491394042969,98.64079284667969,9.622208595275879,266.86322021484375,98.29164123535156,116.6171875,30.2744140625,177.63999938964844,25.670000076293945,45.20000076293945,117.90865325927734,72.87745666503906,39294.19921875,2888.69873046875
2021-05-27,122.22943878173828,239.7801971435547,15.449060440063477,161.5054931640625,117.1656265258789,330.1590881347656,210.28334045410156,144.8421630859375,49.056583404541016,147.50624084472656,362.1058044433594,98.88328552246094,9.60509967803955,267.9572448730469,99.15589904785156,116.26166534423828,30.38547134399414,177.7100067138672,25.850000381469727,45.54999923706055,117.43440246582031,72.7750244140625,38436.96875,2736.488525390625
2021-05-28,121.57573699951172,240.13601684570312,16.203659057617188,161.15350341796875,116.87651824951172,326.1703796386719,208.4066619873047,144.7452392578125,48.89741897583008,147.8907012939453,362.42254638671875,98.96721649169922,9.629090309143066,268.4856872558594,99.13728332519531,117.03057861328125,30.48798370361328,178.3800048828125,25.899999618530273,45.41999816894531,117.2480239868164,72.7664794921875,35697.60546875,2419.90625
2021-05-29,,,,,,,,,,,,,,,,,,,,,,,34616.06640625,2279.51416015625
2021-05-30,,,,,,,,,,,,,,,,,,,,,,,35678.12890625,2390.305419921875
2021-05-31,,,,,,,,,,,,,,,,,,,,,,,37332.85546875,2714.9453125
2021-06-01,121.2538070678711,237.94322204589844,16.22361183166504,160.9324951171875,118.08303833007812,326.5672302246094,207.96665954589844,146.3403778076172,50.64825439453125,144.64016723632812,362.2548828125,99.0324935913086,9.620522499084473,269.30157470703125,99.97364807128906,119.10579681396484,30.727170944213867,177.89999389648438,25.84000015258789,46.33000183105469,117.22175598144531,72.76139068603516,36684.92578125,2633.518310546875
2021-06-02,122.0147933959961,237.84698486328125,16.736066818237305,161.69949340820312,117.55789184570312,326.587158203125,201.7066650390625,146.3491668701172,51.050350189208984,145.22561645507812,362.82330322265625,99.16304016113281,9.629090309143066,269.4685363769531,100.05728149414062,120.56098937988281,30.812591552734375,178.77000427246094,26.149999618530273,46.900001525878906,117.49315643310547,72.83831024169922,37575.1796875,2706.125
2021-06-03,120.53180694580078,236.3178253173828,16.92708396911621,159.35049438476562,116.41680145263672,323.5013427734375,190.94667053222656,146.4461212158203,51.25140380859375,145.0858154296875,361.5653076171875,98.70606994628906,9.611958503723145,268.08697509765625,99.3138427734375,120.12271881103516,30.641754150390625,175.27000427246094,25.459999084472656,46.970001220703125,117.05213165283203,72.70152282714844,39208.765625,2855.12646484375
2021-06-04,122.82457733154297,241.20362854003906,17.534055709838867,160.31100463867188,118.69746398925781,327.77777099609375,199.68333435058594,146.68408203125,51.47759246826172,145.02464294433594,364.7615051269531,99.54540252685547,9.646225929260254,269.9320983886719,99.72274017333984,120.13927459716797,30.906564712524414,177.16000366210938,25.780000686645508,47.2599983215332,118.65510559082031,72.99217224121094,36894.40625,2688.195068359375
2021-06-05,,,,,,,,,,,,,,,,,,,,,,,35551.95703125,2630.576904296875
2021-06-06,,,,,,,,,,,,,,,,,,,,,,,35862.37890625,2715.0927734375
2021-06-07,122.8343276977539,244.1082000732422,17.57470703125,159.90049743652344,119.13037872314453,333.95928955078125,201.7100067138672,145.9966278076172,51.14250183105469,144.03721618652344,364.47271728515625,99.67596435546875,9.637660026550293,270.0804138183594,100.43830108642578,121.60267639160156,30.91510772705078,177.8699951171875,25.899999618530273,47.27000045776367,118.29037475585938,72.94087219238281,33560.70703125,2590.26318359375
2021-06-08,123.65386962890625,242.9156036376953,17.413114547729492,163.20550537109375,118.93897247314453,331.0818176269531,201.19667053222656,145.41500854492188,52.0472297668457,142.77024841308594,364.5472717285156,99.84382629394531,9.654789924621582,271.0632629394531,101.51629638671875,122.5120849609375,30.87238883972168,177.32000732421875,25.610000610351562,47.880001068115234,119.12158203125,73.07759857177734,33472.6328125,2517.438720703125
2021-06-09,124.03437042236328,243.89663696289062,17.31857681274414,164.0574951171875,119.41007232666016,327.67852783203125,199.5933380126953,143.5995330810547,52.48283767700195,144.69259643554688,363.8949890136719,99.58271789550781,9.68049430847168,269.85784912109375,100.78213500976562,122.76014709472656,30.76988410949707,176.97999572753906,25.780000686645508,47.58000183105469,120.17329406738281,73.22296905517578,37345.12109375,2608.26708984375
2021-06-10,123.03923034667969,247.4070587158203,17.385175704956055,167.4824981689453,120.75843811035156,329.871337890625,203.3733367919922,141.36102294921875,52.566612243652344,145.99452209472656,365.60955810546875,99.99305725097656,9.697626113891602,270.66461181640625,100.5683822631836,123.60346221923828,30.906564712524414,177.74000549316406,25.969999313354492,47.83000183105469,120.89417266845703,73.37682342529297,36702.59765625,2471.5185546875
2021-06-11,124.24903106689453,248.0322723388672,17.784509658813477,167.3415069580078,120.51394653320312,328.6806640625,203.29666137695312,141.26405334472656,52.08073806762695,144.14207458496094,366.32708740234375,100.3194808959961,9.689058303833008,271.96258544921875,101.41407012939453,123.12395477294922,30.923654556274414,175.74000549316406,25.8700008392334,48.06999969482422,120.69915008544922,73.35973358154297,37334.3984375,2353.768798828125
2021-06-12,,,,,,,,,,,,,,,,,,,,,,,35552.515625,2372.484375
2021-06-13,,,,,,,,,,,,,,,,,,,,,,,39097.859375,2508.3916015625
2021-06-14,127.30279541015625,249.95578002929688,17.977563858032227,169.19349670410156,121.44178009033203,334.14776611328125,205.89666748046875,138.8668975830078,51.99696731567383,144.5003204345703,367.0818176269531,100.45936584472656,9.671927452087402,271.6009826660156,100.87508392333984,123.57866668701172,30.991985321044922,174.7100067138672,25.84000015258789,48.31999969482422,119.77469635009766,73.17171478271484,40218.4765625,2537.89111328125
2021-06-15,126.48326110839844,248.4842529296875,17.747840881347656,169.156494140625,120.42420196533203,334.1279296875,199.7866668701172,136.7605743408203,53.89020538330078,143.7313995361328,366.35498046875,100.17958068847656,9.663352012634277,270.8406982421875,100.6055679321289,122.29717254638672,30.949275970458984,174.0500030517578,25.649999618530273,48.97999954223633,119.63048553466797,73.17171478271484,40406.26953125,2610.936767578125
2021-06-16,126.9808120727539,247.54168701171875,17.769548416137695,170.7624969482422,119.78250122070312,328.5021057128906,201.6233367919922,137.72120666503906,53.69753646850586,143.67893981933594,364.3795166015625,99.69461822509766,9.637660026550293,269.5611572265625,100.2431640625,121.30503845214844,30.710086822509766,171.11000061035156,25.260000228881836,48.75,119.52870178222656,72.96652221679688,38347.0625,2367.66357421875
2021-06-17,128.58091735839844,250.9271697998047,18.614608764648438,174.46200561523438,120.74553680419922,333.88983154296875,205.53334045410156,133.74655151367188,51.92995834350586,144.36924743652344,364.23974609375,99.62001037597656,9.671927452087402,268.5135192871094,99.04436492919922,121.3628921508789,30.564868927001953,165.85000610351562,24.049999237060547,48.040000915527344,121.31829833984375,73.21443176269531,38053.50390625,2372.001953125
2021-06-18,127.28331756591797,249.5133819580078,18.596153259277344,174.34500122070312,119.12642669677734,327.0931701660156,207.77000427246094,130.36233520507812,50.597984313964844,141.53814697265625,359.4686279296875,98.33303833007812,9.706189155578613,264.9996032714844,97.3344497680664,119.34554290771484,30.077625274658203,164.92999267578125,23.8799991607666,48.36000061035156,123.59984588623047,73.44522094726562,35787.24609375,2231.733154296875
2021-06-19,,,,,,,,,,,,,,,,,,,,,,,35615.87109375,2178.4990234375
2021-06-20,,,,,,,,,,,,,,,,,,,,,,,35698.296875,2246.364501953125
2021-06-21,129.0784912109375,252.59103393554688,18.385135650634766,172.697998046875,120.81398010253906,329.7026672363281,206.94332885742188,132.57440185546875,52.43257522583008,143.1634063720703,364.5192565917969,99.73193359375,9.671927452087402,269.30157470703125,99.38819885253906,121.78458404541016,30.370323181152344,166.9499969482422,24.079999923706055,49.36000061035156,121.5302963256836,73.18877410888672,31676.693359375,1888.447509765625
2021-06-22,130.7175750732422,255.3610076904297,18.843585968017578,175.27200317382812,121.32772064208984,336.3901672363281,207.90333557128906,132.38052368164062,53.43783950805664,142.97120666503906,366.3923645019531,100.26351928710938,9.68049430847168,270.61822509765625,99.62051391601562,121.13138580322266,30.39614486694336,166.25,23.850000381469727,49.41999816894531,121.82715606689453,73.29132843017578,32505.66015625,1874.9500732421875
2021-06-23,130.4444122314453,255.1302032470703,19.013696670532227,175.1909942626953,121.12589263916016,337.9380187988281,218.85667419433594,133.18247985839844,53.83156967163086,142.10614013671875,365.99163818359375,100.24107360839844,9.671927452087402,270.6544189453125,99.83106994628906,120.859130859375,30.28423500061035,166.13999938964844,23.93000030517578,49.720001220703125,121.51334381103516,73.24006652832031,33723.02734375,1989.736328125
2021-06-24,130.16148376464844,256.495849609375,19.161602020263672,172.45399475097656,121.49584197998047,340.50787353515625,226.60667419433594,134.40750122070312,54.04936218261719,142.7527313232422,368.1533508300781,100.91456604003906,9.671927452087402,272.5141296386719,100.7999496459961,120.58435821533203,30.559701919555664,166.0399932861328,24.040000915527344,49.84000015258789,121.70845031738281,73.27429962158203,34662.4375,1988.456298828125
2021-06-25,129.86875915527344,254.8896942138672,18.987503051757812,170.072998046875,121.5042724609375,338.7119445800781,223.9566650390625,135.76473999023438,54.166648864746094,143.48670959472656,369.38348388671875,101.27003479003906,9.654789924621582,274.12286376953125,101.51728057861328,121.47528839111328,30.680221557617188,166.58999633789062,24.18000030517578,50.25,120.44468688964844,73.13749694824219,31637.779296875,1813.21728515625
2021-06-26,,,,,,,,,,,,,,,,,,,,,,,32186.27734375,1829.2392578125
2021-06-27,,,,,,,,,,,,,,,,,,,,,,,34649.64453125,1978.8946533203125
2021-06-28,131.4980926513672,258.4482727050781,19.939321517944336,172.1945037841797,121.53154754638672,352.870849609375,229.57333374023438,136.01150512695312,52.784420013427734,143.3207244873047,370.23724365234375,101.42906188964844,9.68049430847168,273.9926452636719,100.78130340576172,121.025634765625,30.56830596923828,166.5800018310547,24.209999084472656,49.540000915527344,121.68303680419922,73.33407592773438,34434.3359375,2079.657470703125
2021-06-29,133.0103759765625,261.0257873535156,19.980979919433594,172.40699768066406,121.27019500732422,349.1501159667969,226.9199981689453,135.84405517578125,52.45771408081055,143.32948303222656,370.37750244140625,101.42906188964844,9.689058303833008,273.8438720703125,100.52044677734375,120.78421783447266,30.525266647338867,164.8300018310547,23.889999389648438,49.88999938964844,121.88655090332031,73.3682861328125,35867.77734375,2160.768310546875
2021-06-30,133.625,260.5449523925781,19.956789016723633,172.00799560546875,121.08869934082031,345.0025939941406,226.56666564941406,137.07785034179688,52.84305953979492,143.94984436035156,370.87286376953125,101.48518371582031,9.703643798828125,273.3324279785156,100.55773162841797,120.09310150146484,30.33588218688965,165.6300048828125,24.219999313354492,49.880001068115234,122.42938995361328,73.41959381103516,35040.8359375,2274.547607421875
2021-07-01,133.927490234375,261.2182312011719,20.165807723999023,171.64849853515625,121.4407958984375,351.6305847167969,225.97332763671875,138.43508911132812,52.99385070800781,145.01588439941406,372.8364562988281,101.98096466064453,9.703643798828125,274.61566162109375,101.25642395019531,120.5926513671875,30.327272415161133,166.1999969482422,24.110000610351562,50.619998931884766,122.43609619140625,73.4127197265625,33572.1171875,2113.60546875
2021-07-02,136.55198669433594,267.0369567871094,20.440176010131836,175.5489959716797,124.2307357788086,351.93817138671875,226.3000030517578,138.30210876464844,52.91844940185547,147.65475463867188,375.67877197265625,102.56092834472656,9.72080135345459,275.3316345214844,100.86515808105469,121.07564544677734,30.421974182128906,167.2899932861328,24.549999237060547,50.93000030517578,123.17498779296875,73.54118347167969,33897.046875,2150.040283203125
2021-07-03,,,,,,,,,,,,,,,,,,,,,,,34668.546875,2226.1142578125
2021-07-04,,,,,,,,,,,,,,,,,,,,,,,35287.78125,2321.72412109375
2021-07-05,,,,,,,,,,,,,,,,,,,,,,,33746.00390625,2198.58251953125
2021-07-06,138.56179809570312,267.0465087890625,20.65119171142578,183.78700256347656,125.15559387207031,350.0331115722656,219.86000061035156,135.9798126220703,51.41056823730469,146.7722625732422,374.94012451171875,102.29900360107422,9.75512409210205,274.23443603515625,99.77516174316406,121.94991302490234,30.189544677734375,168.1199951171875,24.229999542236328,49.900001525878906,124.61868286132812,73.8065414428711,34235.1953125,2324.679443359375
2021-07-07,141.0497283935547,269.2297668457031,20.325185775756836,184.82899475097656,125.437255859375,347.76092529296875,214.88333129882812,136.13934326171875,50.60636520385742,148.03048706054688,376.1929931640625,102.45805358886719,9.772281646728516,274.3739318847656,99.32799530029297,122.25798034667969,30.258407592773438,168.75999450683594,24.239999771118164,48.65999984741211,125.72270202636719,73.96064758300781,33855.328125,2315.161865234375
2021-07-08,139.75209045410156,266.81573486328125,19.85725975036621,186.57049560546875,124.01898193359375,342.9586486816406,217.60333251953125,133.79043579101562,50.38017654418945,147.74212646484375,373.0514221191406,101.56937408447266,9.789441108703613,271.4820556640625,98.2193832397461,121.9249038696289,29.81938362121582,168.64999389648438,24.010000228881836,49.52000045776367,126.21530151367188,74.02910614013672,32877.37109375,2120.0263671875
2021-07-09,141.57656860351562,267.3158264160156,20.004423141479492,185.9669952392578,124.4896011352539,347.6914978027344,218.98333740234375,138.0716552734375,51.29329299926758,148.32762145996094,377.2589416503906,102.86028289794922,9.746541976928711,275.62921142578125,100.296875,123.9316177368164,30.28423500061035,169.2100067138672,24.190000534057617,50.40999984741211,124.44041442871094,73.79796600341797,33798.01171875,2146.6923828125
2021-07-10,,,,,,,,,,,,,,,,,,,,,,,33520.51953125,2111.403564453125
2021-07-11,,,,,,,,,,,,,,,,,,,,,,,34240.1875,2139.664794921875
2021-07-12,140.9814453125,266.7195129394531,20.465618133544922,185.92750549316406,125.93465423583984,350.4101867675781,228.56666564941406,140.0482940673828,51.24302673339844,148.09165954589844,378.5584716796875,103.1221923828125,9.746541976928711,275.78729248046875,100.3900375366211,125.0057373046875,30.370323181152344,169.0,24.280000686645508,50.310001373291016,124.27901458740234,73.77228546142578,33155.84765625,2036.7210693359375
2021-07-13,142.0936279296875,270.2396240234375,20.203718185424805,183.8679962158203,126.29765319824219,349.3484802246094,222.84666442871094,137.96527099609375,51.000091552734375,147.90817260742188,377.2308654785156,102.53288269042969,9.72080135345459,272.6814880371094,98.75039672851562,123.14058685302734,30.28423500061035,169.22000122070312,24.079999923706055,51.150001525878906,123.32782745361328,73.54118347167969,32702.025390625,1940.083984375
2021-07-14,145.51820373535156,271.71124267578125,19.796152114868164,184.08399963378906,127.18580627441406,344.9232177734375,217.7933349609375,137.49546813964844,49.869163513183594,148.91302490234375,377.7171325683594,102.38319396972656,9.75512409210205,271.2216491699219,97.63249206542969,124.11476135253906,30.353103637695312,171.0399932861328,24.329999923706055,49.70000076293945,124.72914123535156,73.78942108154297,32822.34765625,1994.331298828125
2021-07-15,144.86453247070312,270.2877502441406,18.92289924621582,181.55999755859375,125.96391296386719,341.7778625488281,216.86666870117188,137.796875,49.38329315185547,147.12176513671875,376.4922180175781,102.03712463378906,9.772281646728516,270.477783203125,97.14804077148438,124.32294464111328,30.163721084594727,171.07000732421875,24.3799991607666,49.040000915527344,126.10484313964844,73.96920776367188,31780.73046875,1911.1756591796875
2021-07-16,142.8253936767578,270.0184631347656,18.119489669799805,178.68150329589844,125.92919158935547,338.50360107421875,214.74000549316406,134.65025329589844,48.017818450927734,146.88583374023438,373.6498107910156,101.27938842773438,9.763701438903809,268.8504943847656,96.06737518310547,124.32294464111328,29.94850730895996,169.41000366210938,23.770000457763672,49.13999938964844,125.8670425415039,73.90072631835938,31421.5390625,1880.3829345703125
2021-07-17,,,,,,,,,,,,,,,,,,,,,,,31533.068359375,1898.8251953125
2021-07-18,,,,,,,,,,,,,,,,,,,,,,,31796.810546875,1895.5521240234375
2021-07-19,138.9813690185547,266.4214172363281,18.736831665039062,177.47950744628906,123.55681610107422,334.326416015625,215.4066619873047,130.27149963378906,46.36752700805664,145.8197784423828,367.7314453125,99.77333068847656,9.815177917480469,264.8149108886719,94.53021240234375,121.9748764038086,29.414785385131836,169.61000061035156,23.290000915527344,45.84000015258789,128.62713623046875,74.3201904296875,30817.83203125,1817.296630859375
2021-07-20,142.5912322998047,268.6430358886719,18.5694637298584,178.6595001220703,125.17493438720703,338.99969482421875,220.1666717529297,132.7001953125,46.8785285949707,147.191650390625,373.3132629394531,101.5038833618164,9.806600570678711,270.7939147949219,97.1573486328125,124.85581970214844,29.621389389038086,169.38999938964844,23.139999389648438,46.5099983215332,127.38731384277344,74.2431640625,29807.34765625,1787.5107421875
2021-07-21,141.85948181152344,270.6435852050781,19.365636825561523,179.25999450683594,126.50345611572266,343.53411865234375,218.42999267578125,135.4922637939453,48.38641357421875,148.1004180908203,376.38934326171875,102.43933868408203,9.772281646728516,273.4068298339844,98.61996459960938,124.88919067382812,29.957107543945312,168.75999450683594,23.420000076293945,48.27000045776367,125.77371215820312,74.00345611572266,32110.693359375,1990.9708251953125
2021-07-22,143.22540283203125,275.202392578125,19.549219131469727,181.90150451660156,127.3687973022461,348.4555358886719,216.4199981689453,133.78155517578125,47.84189987182617,148.52853393554688,377.1747741699219,102.50481414794922,9.798018455505371,273.0162658691406,97.65110778808594,123.83168029785156,30.025972366333008,169.08999633789062,23.559999465942383,49.16999816894531,126.96266174316406,74.16609191894531,32313.10546875,2025.2027587890625
2021-07-23,144.94256591796875,278.59747314453125,19.5133056640625,182.83200073242188,131.9246368408203,366.91070556640625,214.4600067138672,133.5245361328125,47.78326416015625,150.110107421875,381.017578125,103.54314422607422,9.780864715576172,275.619873046875,98.28461456298828,124.9224624633789,30.06041717529297,168.55999755859375,23.350000381469727,49.470001220703125,126.11338806152344,74.08052825927734,33581.55078125,2124.776611328125
2021-07-24,,,,,,,,,,,,,,,,,,,,,,,34292.4453125,2189.21875
2021-07-25,,,,,,,,,,,,,,,,,,,,,,,35350.1875,2191.373779296875
2021-07-26,145.3621063232422,278.0010681152344,19.24990463256836,184.99099731445312,132.93629455566406,369.5598449707031,219.2066650390625,134.4197540283203,48.989566802978516,150.18003845214844,381.92449951171875,103.74895477294922,9.772281646728516,275.619873046875,98.4802474975586,124.9391098022461,29.905466079711914,168.16000366210938,23.360000610351562,49.66999816894531,125.73966979980469,74.03770446777344,37337.53515625,2233.36669921875
2021-07-27,143.1961669921875,275.587158203125,19.16409683227539,181.3195037841797,130.81875610351562,364.9460754394531,214.92666625976562,134.2425079345703,48.445064544677734,150.87033081054688,380.12933349609375,103.16896057128906,9.798018455505371,274.755126953125,97.72563934326172,125.70513916015625,29.673044204711914,168.44000244140625,22.959999084472656,49.470001220703125,127.08155059814453,74.22604370117188,39406.94140625,2298.33349609375
2021-07-28,141.44973754882812,275.279296875,19.45842933654785,181.51600646972656,134.97840881347656,370.3735046386719,215.66000366210938,134.46405029296875,48.771785736083984,150.45091247558594,380.0545349121094,103.37476348876953,9.806600570678711,275.8337707519531,98.65723419189453,125.22221374511719,29.974328994750977,169.2899932861328,23.170000076293945,49.720001220703125,127.0899887084961,74.29450988769531,39995.90625,2296.54541015625
2021-07-29,142.0936279296875,275.5486755371094,19.6170654296875,179.99600219726562,134.6645050048828,355.530029296875,225.78334045410156,135.61636352539062,49.366539001464844,150.45091247558594,381.7001647949219,103.80506896972656,9.789441108703613,277.7864685058594,99.4118423461914,125.23054504394531,30.198144912719727,171.1699981689453,23.719999313354492,50.63999938964844,126.38516998291016,74.16609191894531,40008.421875,2380.956787109375
2021-07-30,142.3083038330078,274.0194396972656,19.454437255859375,166.37950134277344,133.62210083007812,353.52569580078125,229.06666564941406,134.53500366210938,48.22724914550781,150.46841430664062,379.6711730957031,103.22509002685547,9.822096824645996,276.83795166015625,99.11372375488281,125.45533752441406,29.94850730895996,169.82000732421875,23.6299991607666,50.65999984741211,126.97962951660156,74.27741241455078,42235.546875,2466.96142578125
2021-07-31,,,,,,,,,,,,,,,,,,,,,,,41626.1953125,2536.2099609375
2021-08-01,,,,,,,,,,,,,,,,,,,,,,,39974.89453125,2561.85205078125
2021-08-02,141.97659301757812,273.932861328125,19.704858779907227,166.57400512695312,133.7490692138672,349.2095947265625,236.55667114257812,133.9943084716797,48.23563003540039,150.5295867919922,378.969970703125,103.03799438476562,9.847875595092773,276.77294921875,98.70380401611328,125.08067321777344,30.13788414001465,169.61000061035156,23.530000686645508,49.18000030517578,128.11219787597656,74.45403289794922,39201.9453125,2610.1533203125
2021-08-03,143.77174377441406,276.1449279785156,19.76971435546875,168.31199645996094,134.51821899414062,348.5050964355469,236.5800018310547,135.51889038085938,48.7550163269043,152.3820037841797,382.0741271972656,103.7863540649414,9.847875595092773,278.6233215332031,99.19757843017578,125.33878326416016,30.31867027282715,169.49000549316406,23.68000030517578,48.849998474121094,128.1802215576172,74.47119140625,38152.98046875,2502.349609375
2021-08-04,143.37173461914062,275.5582275390625,20.2276611328125,167.73599243164062,134.01785278320312,356.1253662109375,236.97332763671875,134.05633544921875,47.61571502685547,151.4820098876953,380.3070373535156,103.30928802490234,9.847875595092773,277.1262512207031,98.2939224243164,124.8974838256836,30.30145263671875,169.52999877929688,23.540000915527344,47.20000076293945,128.44381713867188,74.47119140625,39747.50390625,2724.619873046875
2021-08-05,143.47909545898438,278.45318603515625,20.589834213256836,168.79949951171875,135.13461303710938,360.143798828125,238.2100067138672,135.74935913085938,47.917301177978516,151.77035522460938,382.6163635253906,104.06697845458984,9.822096824645996,279.3299560546875,99.48635864257812,126.40457916259766,30.39614486694336,168.86000061035156,23.299999237060547,48.099998474121094,127.78909301757812,74.29969787597656,40869.5546875,2827.328857421875
2021-08-06,142.79507446289062,278.3955078125,20.3194522857666,167.2469940185547,134.6257781982422,360.6795959472656,233.03334045410156,139.60507202148438,48.47018814086914,151.26358032226562,383.3082580566406,104.17923736572266,9.779132843017578,279.52532958984375,99.73789978027344,126.20477294921875,30.232587814331055,164.63999938964844,22.520000457763672,47.56999969482422,125.65489959716797,73.9481430053711,42816.5,2890.941650390625
2021-08-07,,,,,,,,,,,,,,,,,,,,,,,44555.80078125,3157.23876953125
2021-08-08,,,,,,,,,,,,,,,,,,,,,,,43798.1171875,3013.732666015625
2021-08-09,142.74624633789062,277.3086853027344,20.248611450195312,167.093505859375,135.79066467285156,358.79437255859375,237.9199981689453,139.45440673828125,47.917301177978516,151.787841796875,382.97174072265625,104.10440063476562,9.761940956115723,279.2278137207031,99.39320373535156,125.51365661621094,30.249801635742188,161.72000122070312,21.75,46.599998474121094,125.20423889160156,73.81096649169922,46365.40234375,3167.856201171875
2021-08-10,142.2675018310547,275.4908752441406,19.890439987182617,166.03399658203125,135.68557739257812,358.318115234375,236.663330078125,141.16513061523438,48.73826217651367,151.84024047851562,383.3550109863281,104.14181518554688,9.744758605957031,279.4787902832031,99.59815979003906,124.21471405029297,30.31005859375,161.77000427246094,21.6200008392334,47.68000030517578,124.62609100341797,73.69947052001953,45585.03125,3141.691162109375
2021-08-11,142.521484375,275.9814453125,19.65397834777832,164.60549926757812,135.16189575195312,357.1572265625,235.94000244140625,142.8492431640625,48.880672454833984,151.86647033691406,384.318115234375,104.3943862915039,9.744758605957031,280.92010498046875,100.19439697265625,125.04737854003906,30.473615646362305,164.0,21.84000015258789,48.29999923706055,124.54952239990234,73.75093841552734,45593.63671875,3164.2451171875
2021-08-12,145.48214721679688,278.7320556640625,19.85951042175293,165.1750030517578,136.0693817138672,359.8262939453125,240.75,143.40765380859375,48.77012252807617,153.0897979736328,385.55224609375,104.6937255859375,9.744758605957031,281.3292541503906,100.08260345458984,125.3304672241211,30.38753318786621,164.0399932861328,21.5,48.099998474121094,124.3454360961914,73.75946807861328,44428.2890625,3043.414306640625
2021-08-13,145.68739318847656,281.6558837890625,20.14185905456543,164.69850158691406,136.59852600097656,360.35211181640625,239.05667114257812,141.80332946777344,48.276893615722656,154.00729370117188,386.1880798339844,104.74984741210938,9.779132843017578,281.1153869628906,99.62610626220703,126.01323699951172,30.456403732299805,166.38999938964844,21.969999313354492,47.43000030517578,126.30960845947266,74.05103302001953,47793.3203125,3322.211669921875
2021-08-14,,,,,,,,,,,,,,,,,,,,,,,47096.9453125,3265.443359375
2021-08-15,,,,,,,,,,,,,,,,,,,,,,,47047.00390625,3310.504150390625
2021-08-16,147.6611328125,283.33905029296875,19.904401779174805,164.94949340820312,137.17575073242188,363.70587158203125,228.72332763671875,140.8726043701172,47.57106018066406,155.39663696289062,387.2071838378906,104.80599212646484,9.787724494934082,280.45513916015625,98.9553451538086,125.81341552734375,30.267013549804688,167.22000122070312,22.100000381469727,47.040000915527344,126.61566162109375,74.11963653564453,46004.484375,3156.509521484375
2021-08-17,146.75242614746094,281.8770446777344,19.413530349731445,162.09800720214844,135.54124450683594,355.65899658203125,221.90333557128906,139.17074584960938,47.2479133605957,156.82093811035156,384.4957275390625,104.02021026611328,9.787724494934082,278.4280700683594,97.76288604736328,125.68849182128906,29.91407012939453,166.97000122070312,21.899999618530273,46.58000183105469,126.56472778320312,74.04243469238281,44695.359375,3014.845947265625
2021-08-18,143.01007080078125,280.15228271484375,18.996488571166992,160.06100463867188,134.33871459960938,352.68231201171875,229.663330078125,137.9032440185547,46.252952575683594,154.82870483398438,380.4378967285156,102.98186492919922,9.787724494934082,275.8709411621094,96.94306182861328,124.51445770263672,29.896848678588867,167.10000610351562,21.760000228881836,45.400001525878906,126.98983001708984,74.02529907226562,44801.1875,3020.08984375
2021-08-19,143.34231567382812,285.97247314453125,19.75275230407715,159.3874969482422,134.5677947998047,352.3548889160156,224.49000549316406,136.75091552734375,44.841285705566406,156.0345458984375,380.94281005859375,102.9164047241211,9.796319007873535,275.3780822753906,96.00215148925781,125.13063049316406,29.50087547302246,166.61000061035156,21.510000228881836,44.77000045776367,127.92506408691406,74.18820190429688,46717.578125,3182.7021484375
2021-08-20,144.79820251464844,293.2863464355469,20.7684268951416,159.99749755859375,136.30294799804688,356.57177734375,226.75332641601562,137.14093017578125,44.849796295166016,156.79469299316406,384.0562744140625,103.85184478759766,9.796319007873535,277.6842041015625,97.25982666015625,125.81341552734375,29.552522659301758,166.6999969482422,21.350000381469727,43.43000030517578,128.0101776123047,74.17108917236328,49339.17578125,3286.935302734375
2021-08-21,,,,,,,,,,,,,,,,,,,,,,,48905.4921875,3226.083984375
2021-08-22,,,,,,,,,,,,,,,,,,,,,,,49321.65234375,3242.115478515625
2021-08-23,146.2834014892578,293.5658264160156,21.907817840576172,163.2935028076172,138.8935546875,360.52081298828125,235.43333435058594,138.89599609375,46.69514846801758,156.11790466308594,387.3661804199219,104.87145233154297,9.796319007873535,279.9809265136719,98.592041015625,125.4886703491211,29.905466079711914,168.72999572753906,21.8799991607666,45.849998474121094,127.92506408691406,74.18820190429688,49546.1484375,3319.25732421875
2021-08-24,146.1954803466797,291.6095886230469,21.743192672729492,165.28900146484375,140.10354614257812,362.6640319824219,236.163330078125,139.7557373046875,47.07783126831055,154.16651916503906,387.9458923339844,105.20821380615234,9.779132843017578,282.2497253417969,99.60748291015625,124.94742584228516,30.172321319580078,168.64999389648438,22.079999923706055,47.369998931884766,126.93029022216797,74.04243469238281,47706.1171875,3172.456298828125
2021-08-25,144.9643096923828,291.0218505859375,22.162235260009766,164.95899963378906,140.91432189941406,365.52154541015625,237.06666564941406,142.63653564453125,47.16286849975586,153.14688110351562,388.8154296875,105.49818420410156,9.761940956115723,284.2025146484375,100.16643524169922,124.93079376220703,30.232587814331055,167.47999572753906,22.09000015258789,47.810001373291016,125.87593078613281,73.92240142822266,48960.7890625,3224.915283203125
2021-08-26,144.16307067871094,288.2080993652344,22.017566680908203,165.8000030517578,140.28109741210938,361.5428161621094,233.72000122070312,143.37220764160156,46.52507400512695,152.3294219970703,386.56201171875,104.83403015136719,9.761940956115723,282.1102600097656,99.23483276367188,124.91413116455078,30.000158309936523,167.6699981689453,21.850000381469727,47.47999954223633,126.2245864868164,73.93097686767578,46942.21875,3100.325439453125
2021-08-27,145.1988067626953,288.81512451171875,22.584266662597656,167.48150634765625,142.82357788085938,369.72857666015625,237.30667114257812,144.52452087402344,47.426490783691406,152.0041961669922,389.9747314453125,105.94720458984375,9.787724494934082,285.3833923339844,101.39614868164062,126.28799438476562,30.30145263671875,170.19000244140625,22.329999923706055,48.150001525878906,127.08338928222656,74.1453628540039,49058.66796875,3270.600830078125
2021-08-28,,,,,,,,,,,,,,,,,,,,,,,48902.40234375,3244.4033203125
2021-08-29,,,,,,,,,,,,,,,,,,,,,,,48829.83203125,3227.002685546875
2021-08-30,149.6153564453125,292.54437255859375,22.636144638061523,171.07850646972656,143.40525817871094,377.696044921875,243.6366729736328,142.2111053466797,46.907752990722656,152.64584350585938,391.6858825683594,106.32138061523438,9.796319007873535,285.2068176269531,101.13533020019531,127.49533081054688,30.370323181152344,169.35000610351562,22.260000228881836,48.400001525878906,127.41502380371094,74.23111724853516,47054.984375,3224.374267578125
2021-08-31,148.3549041748047,290.89654541015625,22.33777618408203,173.5395050048828,143.51138305664062,376.426025390625,245.24000549316406,141.7767333984375,46.363502502441406,152.17999267578125,391.1996154785156,106.18106842041016,9.803201675415039,285.197509765625,101.0700912475586,128.1531524658203,30.46500587463379,169.69000244140625,22.139999389648438,48.040000915527344,126.54769897460938,74.13677978515625,47166.6875,3433.732666015625
2021-09-01,149.01930236816406,290.84832763671875,22.393657684326172,173.9499969482422,144.02513122558594,379.07525634765625,244.69667053222656,141.5728759765625,45.7257080078125,152.71620178222656,391.3491516113281,106.31202697753906,9.803201675415039,285.7646484375,101.57317352294922,130.12649536132812,30.7232608795166,169.6999969482422,22.3700008392334,47.93000030517578,126.75965881347656,74.14962768554688,48847.02734375,3834.828125
2021-09-02,150.13319396972656,290.1930847167969,22.3487548828125,173.156005859375,142.11244201660156,372.35791015625,244.1300048828125,142.22877502441406,46.8397331237793,153.76217651367188,392.5179443359375,106.68620300292969,9.811811447143555,287.69873046875,102.38367462158203,130.84259033203125,30.80073356628418,169.25,22.139999389648438,48.95000076293945,127.31309509277344,74.25271606445312,49327.72265625,3790.989990234375
2021-09-03,150.76834106445312,290.1835021972656,22.79481315612793,173.90249633789062,142.5612335205078,373.330322265625,244.52333068847656,141.3690185546875,46.66114044189453,153.85888671875,392.39630126953125,106.6487808227539,9.794595718383789,287.1036682128906,102.10418701171875,130.8675537109375,30.955678939819336,171.05999755859375,22.8799991607666,48.65999984741211,126.15518951416016,74.09810638427734,50025.375,3940.61474609375
2021-09-04,,,,,,,,,,,,,,,,,,,,,,,49944.625,3887.828369140625
2021-09-05,,,,,,,,,,,,,,,,,,,,,,,51753.41015625,3952.133544921875
2021-09-06,,,,,,,,,,,,,,,,,,,,,,,52633.53515625,3928.37939453125
2021-09-07,153.1036376953125,289.2584533691406,22.61418914794922,175.46449279785156,143.09780883789062,379.2041931152344,250.97332763671875,141.12078857421875,46.389015197753906,151.468017578125,391.07806396484375,106.20914459228516,9.768778800964355,284.5837097167969,101.20054626464844,129.41041564941406,30.972902297973633,167.7100067138672,22.510000228881836,48.040000915527344,125.09099578857422,73.88343048095703,46811.12890625,3426.394287109375
2021-09-08,151.55984497070312,289.28729248046875,22.2918758392334,176.27499389648438,142.5131378173828,374.630126953125,251.2899932861328,140.4915313720703,45.96382522583008,151.09884643554688,390.57318115234375,105.92850494384766,9.785988807678223,283.8026428222656,100.473876953125,130.11817932128906,30.688827514648438,167.2899932861328,22.170000076293945,48.59000015258789,125.94233703613281,74.00364685058594,46091.390625,3497.315185546875
2021-09-09,150.54360961914062,286.4350280761719,22.130210876464844,174.20799255371094,142.36434936523438,375.0567321777344,251.6199951171875,141.1030731201172,45.997825622558594,147.73228454589844,388.8060607910156,105.54498291015625,9.811811447143555,283.5331115722656,100.31550598144531,127.3871078491211,30.663000106811523,168.02999877929688,22.270000457763672,47.75,127.46632385253906,74.26991271972656,46391.421875,3427.340087890625
2021-09-10,145.56031799316406,284.9510803222656,22.430583953857422,173.45750427246094,139.7212371826172,375.7413635253906,245.42333984375,139.48098754882812,45.9042854309082,146.76539611816406,385.8233947753906,104.72179412841797,9.794595718383789,281.812744140625,99.37459564208984,125.58026885986328,30.594141006469727,167.17999267578125,21.989999771118164,48.79999923706055,126.34258270263672,74.08954620361328,44883.91015625,3211.505859375
2021-09-11,,,,,,,,,,,,,,,,,,,,,,,45201.45703125,3270.278076171875
2021-09-12,,,,,,,,,,,,,,,,,,,,,,,46063.26953125,3410.134521484375
2021-09-13,146.12709045410156,286.1844787597656,22.105270385742188,172.85850524902344,141.165771484375,373.5783386230469,247.6666717529297,141.6969757080078,47.08634567260742,145.73699951171875,386.7023010253906,104.93694305419922,9.803201675415039,282.017333984375,99.87763977050781,126.44620513916016,30.757699966430664,167.74000549316406,21.989999771118164,49.47999954223633,127.1086654663086,74.201171875,44963.07421875,3285.51171875
2021-09-14,144.72976684570312,288.8825988769531,22.195079803466797,172.5,141.37600708007812,373.5982360839844,248.163330078125,139.22393798828125,46.41451644897461,144.85801696777344,384.5705261230469,104.28213500976562,9.829020500183105,280.2413330078125,98.85286712646484,126.08820343017578,30.602737426757812,168.82000732421875,22.100000381469727,49.310001373291016,128.6497039794922,74.3815689086914,47092.4921875,3429.169677734375
2021-09-15,145.61895751953125,293.72967529296875,22.293869018554688,173.7895050048828,143.24559020996094,371.008544921875,251.94332885742188,140.1901397705078,47.97925567626953,145.40298461914062,387.8430480957031,105.18949127197266,9.820416450500488,282.40789794921875,99.94287109375,126.52947235107422,30.663000106811523,167.8300018310547,22.06999969482422,50.689998626708984,128.19842529296875,74.31285095214844,48176.34765625,3615.28271484375
2021-09-16,145.38442993164062,294.1150817871094,22.195079803466797,174.41200256347656,142.4327850341797,370.15521240234375,252.3300018310547,140.1280517578125,47.46900939941406,145.22718811035156,387.2539367675781,105.11466979980469,9.803201675415039,282.79840087890625,99.92424011230469,126.70433044433594,30.525266647338867,164.02999877929688,21.25,50.70000076293945,127.61105346679688,74.17544555664062,47783.359375,3571.294921875
2021-09-17,142.71690368652344,288.9596862792969,21.85379981994629,173.12600708007812,139.64584350585938,361.8800964355469,253.163330078125,139.76461791992188,46.907752990722656,144.81405639648438,383.7290344238281,104.31019592285156,9.785988807678223,280.529541015625,99.66337585449219,125.49697875976562,30.228429794311523,163.77000427246094,20.739999771118164,50.31999969482422,126.99806213378906,74.08096313476562,47267.51953125,3398.538818359375
2021-09-18,,,,,,,,,,,,,,,,,,,,,,,48278.36328125,3432.018310546875
2021-09-19,,,,,,,,,,,,,,,,,,,,,,,47260.21875,3329.447998046875
2021-09-20,139.66836547851562,283.59234619140625,21.068462371826172,167.7864990234375,137.58238220214844,352.9303894042969,243.38999938964844,135.58091735839844,45.657676696777344,143.98776245117188,377.212158203125,102.45805358886719,9.811811447143555,275.9639892578125,97.76288604736328,124.84750366210938,29.596691131591797,164.94000244140625,20.59000015258789,49.599998474121094,128.5730743408203,74.28707885742188,42843.80078125,2958.993408203125
2021-09-21,140.14710998535156,284.0741271972656,21.201181411743164,167.18150329589844,137.89328002929688,354.696533203125,246.4600067138672,135.59866333007812,45.615150451660156,144.62066650390625,376.92230224609375,102.45805358886719,9.811811447143555,275.824462890625,97.75358581542969,124.87252044677734,29.88226890563965,166.0399932861328,20.84000015258789,49.58000183105469,128.46238708496094,74.26991271972656,40693.67578125,2764.43115234375
2021-09-22,142.5117645263672,287.7165832519531,21.89470863342285,169.00250244140625,139.13356018066406,340.5376281738281,250.64666748046875,138.19578552246094,46.950279235839844,144.09327697753906,380.5126953125,103.48699951171875,9.820416450500488,279.12548828125,99.07646942138672,126.11314392089844,30.038049697875977,165.4199981689453,20.989999771118164,50.47999954223633,129.22862243652344,74.34720611572266,43574.5078125,3077.867919921875
2021-09-23,143.46932983398438,288.6610412597656,22.4345703125,170.8000030517578,140.0584259033203,343.2662353515625,251.2133331298828,142.8669891357422,48.5405158996582,144.91075134277344,385.1408996582031,104.78202819824219,9.760169982910156,282.7042541503906,100.68400573730469,125.81237030029297,30.384204864501953,163.50999450683594,20.90999984741211,51.380001068115234,126.30844116210938,73.95214080810547,44895.09765625,3155.523681640625
2021-09-24,143.5572509765625,288.4585876464844,22.034420013427734,171.2760009765625,141.0492401123047,350.2117004394531,258.1300048828125,144.515625,48.97421646118164,144.47125244140625,385.711181640625,104.83830261230469,9.742953300476074,282.6110534667969,100.39445495605469,124.43001556396484,30.124589920043945,163.3000030517578,20.709999084472656,51.81999969482422,125.07391357421875,73.79756927490234,42839.75,2931.669189453125
2021-09-25,,,,,,,,,,,,,,,,,,,,,,,42716.59375,2925.565673828125
2021-09-26,,,,,,,,,,,,,,,,,,,,,,,43208.5390625,3062.265380859375
2021-09-27,142.04275512695312,283.4670715332031,21.614303588867188,170.2899932861328,139.91558837890625,350.82684326171875,263.78668212890625,148.0079803466797,50.42838668823242,143.42523193359375,384.6452941894531,104.6600341796875,9.725738525390625,281.9398193359375,101.30049133300781,122.77118682861328,30.124589920043945,163.63999938964844,20.940000534057617,52.90999984741211,124.6142349243164,73.71168518066406,42235.73046875,2934.138916015625
2021-09-28,138.66192626953125,273.2044982910156,20.655336380004883,165.79800415039062,134.71658325195312,337.99755859375,259.1866760253906,147.2102508544922,50.95562744140625,143.10879516601562,376.810546875,102.44538116455078,9.691312789916992,276.2439270019531,99.32959747314453,122.0255126953125,29.53610610961914,162.0500030517578,20.780000686645508,52.400001525878906,122.67308807373047,73.39393615722656,41034.54296875,2807.296630859375
2021-09-29,139.5608367919922,273.66705322265625,20.473716735839844,165.05599975585938,133.2521514892578,336.96563720703125,260.4366760253906,147.09500122070312,50.92161178588867,144.17237854003906,377.4389343261719,102.52984619140625,9.69991683959961,276.27191162109375,99.2361831665039,122.88008117675781,29.46687889099121,161.32000732421875,19.950000762939453,52.31999969482422,122.88594818115234,73.4024658203125,41564.36328125,2853.143310546875
2021-09-30,138.26132202148438,271.662841796875,20.67229652404785,164.2519989013672,132.58023071289062,336.7474365234375,258.49334716796875,145.09181213378906,50.02019500732422,141.95733642578125,372.9648132324219,101.42252349853516,9.714570999145508,273.3540344238281,97.928466796875,120.9028549194336,29.423612594604492,164.22000122070312,20.520000457763672,52.560001373291016,122.86892700195312,73.38533782958984,43790.89453125,3001.678955078125
2021-10-01,139.38499450683594,278.58154296875,20.698240280151367,164.16299438476562,135.42372131347656,340.3392028808594,258.40667724609375,148.1409454345703,51.81452941894531,141.0519561767578,377.2513427734375,102.62368774414062,9.740429878234863,276.62615966796875,99.4510269165039,122.57009887695312,29.50149154663086,164.58999633789062,20.829999923706055,53.2599983215332,123.90299224853516,73.63472747802734,48116.94140625,3307.51611328125
2021-10-02,,,,,,,,,,,,,,,,,,,,,,,47711.48828125,3391.6943359375
2021-10-03,,,,,,,,,,,,,,,,,,,,,,,48199.953125,3418.358642578125
2021-10-04,135.95533752441406,272.8094177246094,19.69037628173828,159.48899841308594,132.56387329101562,323.6898498535156,260.510009765625,147.98138427734375,52.48634338378906,139.95321655273438,372.3738708496094,101.2348403930664,9.731813430786133,273.4007263183594,98.49826049804688,122.62873840332031,29.181293487548828,165.36000061035156,20.979999542236328,54.4900016784668,123.58759307861328,73.58314514160156,49112.90234375,3380.089111328125
2021-10-05,137.88021850585938,278.25390625,20.40785789489746,161.0500030517578,134.90797424316406,330.3674621582031,260.1966552734375,150.39796447753906,52.40129470825195,140.26963806152344,376.3321228027344,102.24832153320312,9.705952644348145,275.9549560546875,98.92793273925781,121.72391510009766,29.397645950317383,164.58999633789062,20.920000076293945,55.630001068115234,122.39411926269531,73.40249633789062,51514.8125,3518.5185546875
2021-10-06,138.74986267089844,282.4456481933594,20.65633773803711,163.10049438476562,136.43734741210938,331.04217529296875,260.9166564941406,150.718994140625,51.44035339355469,140.55972290039062,377.8797302246094,102.62368774414062,9.705952644348145,277.0177307128906,98.6944351196289,122.94709014892578,29.198612213134766,165.02999877929688,20.959999084472656,54.15999984741211,123.0845947265625,73.43692779541016,55361.44921875,3580.56201171875
2021-10-07,140.0103302001953,284.1223449707031,21.030540466308594,165.1215057373047,138.08375549316406,326.6566162109375,264.53668212890625,151.67315673828125,51.58491897583008,141.816650390625,381.1063232421875,103.62777709960938,9.680092811584473,279.8423156738281,100.04883575439453,123.26547241210938,29.518808364868164,164.16000366210938,20.899999618530273,55.36000061035156,121.79739379882812,73.23049926757812,53805.984375,3587.974853515625
2021-10-08,139.62925720214844,284.1223449707031,20.78705406188965,164.43099975585938,138.6396484375,327.4801330566406,261.8299865722656,151.78904724121094,52.87752151489258,141.45626831054688,380.38409423828125,103.33686828613281,9.654233932495117,278.68646240234375,99.46036529541016,122.10931396484375,29.53610610961914,164.22999572753906,20.950000762939453,55.470001220703125,120.94490814208984,73.04988098144531,53967.84765625,3563.75927734375
2021-10-09,,,,,,,,,,,,,,,,,,,,,,,54968.22265625,3575.716796875
2021-10-10,,,,,,,,,,,,,,,,,,,,,,,54771.578125,3425.852783203125
2021-10-11,139.5413360595703,283.52490234375,20.651342391967773,162.31500244140625,137.7752685546875,322.91595458984375,263.9800109863281,148.59671020507812,52.35028076171875,140.8585662841797,377.7672424316406,102.64244842529297,9.645613670349121,277.138916015625,98.94662475585938,122.4193115234375,29.46687889099121,163.9199981689453,20.8799991607666,56.18000030517578,120.63807678222656,72.93804931640625,57484.7890625,3545.35400390625
2021-10-12,138.27108764648438,282.22406005859375,20.62739372253418,162.3665008544922,135.33047485351562,321.24896240234375,268.5733337402344,147.45529174804688,52.078147888183594,138.60838317871094,376.857421875,102.59554290771484,9.680092811584473,278.4906005859375,99.48838806152344,124.01111602783203,29.432266235351562,164.66000366210938,20.93000030517578,56.11000061035156,122.70103454589844,73.2046890258789,56041.05859375,3492.5732421875
2021-10-13,137.68482971191406,285.5292663574219,20.894826889038086,164.21400451660156,136.45420837402344,322.0130615234375,270.3599853515625,143.56736755371094,51.93358612060547,139.93560791015625,378.0016784667969,103.02719116210938,9.697333335876465,280.1872253417969,99.89002990722656,124.85729217529297,29.735153198242188,167.58999633789062,21.329999923706055,56.15999984741211,123.89441680908203,73.40249633789062,57401.09765625,3606.20166015625
2021-10-14,140.4696044921875,291.73492431640625,21.70012855529785,164.9929962158203,139.9939727783203,325.97198486328125,272.7733459472656,145.76992797851562,52.724449157714844,140.73553466796875,384.4924621582031,104.75385284423828,9.714570999145508,285.0255126953125,101.51531982421875,126.37372589111328,30.020742416381836,168.0,21.799999237060547,56.810001373291016,124.35472869873047,73.53153991699219,57321.5234375,3786.01416015625
2021-10-15,141.5248565673828,293.1417541503906,21.815881729125977,170.4510040283203,140.2091827392578,322.23126220703125,281.010009765625,148.56996154785156,53.22618103027344,141.7815399169922,387.3626403808594,105.39198303222656,9.688714981079102,285.5102233886719,101.42192840576172,126.3401870727539,30.271711349487305,165.3300018310547,21.579999923706055,57.150001525878906,123.63019561767578,73.35090637207031,61593.94921875,3862.634765625
2021-10-16,,,,,,,,,,,,,,,,,,,,,,,60892.1796875,3830.382080078125
2021-10-17,,,,,,,,,,,,,,,,,,,,,,,61553.6171875,3847.1044921875
2021-10-18,143.19573974609375,296.1097412109375,22.175119400024414,172.33700561523438,141.60763549804688,332.72894287109375,290.03668212890625,148.5164337158203,53.20067596435547,140.74429321289062,388.66644287109375,105.76734161376953,9.688714981079102,286.81536865234375,101.62743377685547,126.64178466796875,30.202472686767578,164.9199981689453,21.489999771118164,56.959999084472656,124.20980072021484,73.30794525146484,62026.078125,3748.76025390625
2021-10-19,145.35513305664062,297.0155944824219,22.242977142333984,172.20750427246094,142.0628662109375,337.3426818847656,288.0899963378906,150.3177032470703,54.00004577636719,144.04054260253906,391.5459899902344,106.49930572509766,9.662854194641113,288.36279296875,102.01039123535156,126.7088394165039,30.43613052368164,165.4499969482422,21.889999389648438,57.41999816894531,122.49642181396484,73.10147094726562,64261.9921875,3877.65087890625
2021-10-20,145.84368896484375,296.225341796875,22.056373596191406,170.7530059814453,140.6068878173828,338.1265563964844,288.6000061035156,152.34193420410156,54.29767608642578,143.96141052246094,392.9810791015625,106.90280151367188,9.645613670349121,290.0874328613281,102.68293762207031,128.63575744628906,30.50536346435547,166.89999389648438,22.530000686645508,58.119998931884766,121.6695556640625,73.01545715332031,65992.8359375,4155.9921875
2021-10-21,146.05865478515625,299.4534606933594,22.644128799438477,171.75050354003906,140.7229461669922,339.21795654296875,298.0,151.1470184326172,53.31121826171875,143.6273956298828,394.1910095214844,107.28753662109375,9.628374099731445,291.2992858886719,103.02853393554688,128.83680725097656,30.34093475341797,166.75,22.350000381469727,57.40999984741211,121.52462768554688,72.9122543334961,62210.171875,4054.32275390625
2021-10-22,145.28672790527344,297.9117126464844,22.678056716918945,166.77749633789062,136.43882751464844,322.0824279785156,303.2266540527344,153.18016052246094,53.67688751220703,143.90867614746094,393.7689514160156,107.08111572265625,9.645613670349121,291.6628723144531,103.0472183227539,129.44004821777344,30.410167694091797,167.77000427246094,22.540000915527344,58.029998779296875,122.86297607421875,73.06710815429688,60692.265625,3970.181884765625
2021-10-23,,,,,,,,,,,,,,,,,,,,,,,61393.6171875,4171.66357421875
2021-10-24,,,,,,,,,,,,,,,,,,,,,,,60930.8359375,4087.903076171875
2021-10-25,145.2379150390625,296.919189453125,23.11713409423828,166.01849365234375,136.32032775878906,326.13067626953125,341.6199951171875,152.4310760498047,54.722877502441406,144.2251434326172,395.6448974609375,107.6253662109375,9.654233932495117,292.36199951171875,103.71041870117188,129.825439453125,30.444787979125977,168.92999267578125,22.739999771118164,57.83000183105469,122.6754379272461,73.10147094726562,63039.82421875,4217.876953125
2021-10-26,145.90234375,298.8270263671875,24.664859771728516,168.80349731445312,138.16656494140625,313.3509826660156,339.4766540527344,152.84127807617188,55.98996353149414,145.6930389404297,396.35772705078125,107.6816635131836,9.671477317810059,291.4111328125,102.9818344116211,130.1856689453125,30.427478790283203,167.67999267578125,22.3700008392334,58.45000076293945,123.68985748291016,73.24768829345703,60363.79296875,4131.10205078125
2021-10-27,145.44308471679688,311.4119873046875,24.3994140625,169.62449645996094,145.01893615722656,309.7889709472656,345.9533386230469,149.65785217285156,54.53578567504883,143.92623901367188,394.3692932128906,106.87466430664062,9.714570999145508,287.402587890625,101.1230239868164,129.12167358398438,30.25440216064453,168.1199951171875,22.290000915527344,56.900001525878906,125.94032287597656,73.51433563232422,58482.38671875,3930.25732421875
2021-10-28,149.07794189453125,312.5489807128906,24.888385772705078,172.32850646972656,144.6534423828125,314.4523620605469,359.0133361816406,151.91387939453125,54.68886184692383,143.14393615722656,398.2618713378906,108.04766082763672,9.688714981079102,291.2247314453125,102.88842010498047,130.95645141601562,30.4967041015625,168.0800018310547,22.270000457763672,57.400001525878906,125.51407623291016,73.41970825195312,60622.13671875,4287.31884765625
2021-10-29,146.371337890625,319.5545349121094,25.513063430786133,168.6215057373047,146.8324432373047,321.050537109375,371.3333435058594,151.4947967529297,54.824928283691406,143.17034912109375,399.08721923828125,108.2447280883789,9.712886810302734,291.4111328125,102.73898315429688,129.44004821777344,30.202472686767578,166.64999389648438,22.09000015258789,57.150001525878906,125.89768981933594,73.43692779541016,62227.96484375,4414.74658203125
2021-10-30,,,,,,,,,,,,,,,,,,,,,,,61888.83203125,4325.650390625
2021-10-31,,,,,,,,,,,,,,,,,,,,,,,61318.95703125,4288.07421875
2021-11-01,145.55056762695312,317.38641357421875,25.77251434326172,165.90550231933594,142.32073974609375,327.4106750488281,402.86334228515625,151.4145050048828,55.81138229370117,143.2933807373047,399.8001403808594,108.74207305908203,9.704252243041992,293.443359375,104.94338989257812,130.0767822265625,30.4967041015625,167.52000427246094,22.229999542236328,57.529998779296875,124.9911880493164,73.38008117675781,61004.40625,4324.626953125
2021-11-02,146.58633422851562,321.0096435546875,26.34530258178711,165.6374969482422,144.24034118652344,325.5254211425781,390.6666564941406,152.011962890625,55.12256622314453,145.55238342285156,401.27264404296875,109.05172729492188,9.721521377563477,294.0679931640625,104.91535949707031,130.67164611816406,30.366899490356445,167.16000366210938,21.799999237060547,57.529998779296875,125.54598236083984,73.51788330078125,63226.40234375,4584.798828125
2021-11-03,148.02267456054688,321.8479309082031,26.541894912719727,169.1999969482422,145.39630126953125,329.0378723144531,404.6199951171875,152.06546020507812,54.365718841552734,145.0864715576172,403.870849609375,109.85877227783203,9.695613861083984,295.2984924316406,106.2137451171875,131.1994171142578,30.583250045776367,165.77000427246094,21.809999465942383,55.34000015258789,124.2486572265625,73.3886947631836,62970.046875,4607.19384765625
2021-11-04,147.50479125976562,324.1991271972656,29.738130569458008,173.85000610351562,147.05210876464844,333.2349548339844,409.9700012207031,150.0680389404297,54.77391052246094,144.68215942382812,405.60614013671875,110.22473907470703,9.730154037475586,295.7087097167969,105.87744903564453,129.8673095703125,30.548633575439453,167.64999389648438,22.0,54.91999816894531,125.5545425415039,73.72467041015625,61452.23046875,4537.32421875
2021-11-05,148.03318786621094,323.8330078125,29.68923568725586,175.94949340820312,147.63185119628906,338.4738464355469,407.36334228515625,149.8540496826172,55.292640686035156,143.6537322998047,407.1632385253906,110.67517852783203,9.773324012756348,296.91131591796875,106.88626098632812,130.67164611816406,30.565935134887695,169.83999633789062,22.350000381469727,56.54999923706055,127.43234252929688,73.94862365722656,61125.67578125,4486.2431640625
2021-11-06,,,,,,,,,,,,,,,,,,,,,,,61527.48046875,4521.5810546875
2021-11-07,,,,,,,,,,,,,,,,,,,,,,,63326.98828125,4620.5546875
2021-11-08,147.2112274169922,324.7291564941406,30.739015579223633,174.44900512695312,147.80935668945312,335.9833984375,387.64666748046875,150.754638671875,55.88792037963867,143.1614990234375,407.5289611816406,110.86285400390625,9.747421264648438,298.6265563964844,107.11043548583984,130.4705352783203,30.678436279296875,170.4499969482422,22.649999618530273,57.09000015258789,127.19329833984375,73.78497314453125,67566.828125,4812.08740234375
2021-11-09,147.57327270507812,323.7268981933594,30.592323303222656,178.81149291992188,147.6977996826172,332.7586364746094,341.1666564941406,149.61325073242188,56.43218231201172,142.8450927734375,406.13140869140625,110.54380798339844,9.78195571899414,299.12994384765625,106.87692260742188,130.70513916015625,30.617868423461914,171.2899932861328,22.530000686645508,57.970001220703125,128.84921264648438,73.99172973632812,66971.828125,4735.06884765625
2021-11-10,144.74533081054688,318.7643127441406,29.396854400634766,174.1024932861328,144.69757080078125,325.08892822265625,355.98333740234375,149.47056579589844,55.32041931152344,144.39212036132812,402.8765869140625,109.44586944580078,9.712886810302734,295.4756164550781,105.3543930053711,130.08514404296875,30.323625564575195,173.14999389648438,22.8700008392334,56.31999969482422,126.493408203125,73.49205780029297,64995.23046875,4636.17431640625
2021-11-11,144.6963653564453,320.3350524902344,30.325891494750977,173.625,144.57159423828125,325.1881103515625,354.5033264160156,149.46165466308594,55.42383575439453,143.3285369873047,403.1017150878906,109.62417602539062,9.695613861083984,296.6968688964844,106.05493927001953,130.31137084960938,30.4967041015625,174.1199951171875,23.350000381469727,56.220001220703125,126.30569458007812,73.3714828491211,64949.9609375,4730.38427734375
2021-11-12,146.77093505859375,324.46893310546875,30.325891494750977,176.25750732421875,147.45925903320312,338.2357177734375,344.47332763671875,148.7928466796875,55.001548767089844,145.0426025390625,406.0469970703125,110.42179870605469,9.695613861083984,298.88751220703125,106.35384368896484,130.23594665527344,30.678436279296875,174.4499969482422,23.420000076293945,55.97999954223633,125.75088500976562,73.38008117675781,64155.94140625,4667.115234375
2021-11-13,,,,,,,,,,,,,,,,,,,,,,,64469.52734375,4651.46044921875
2021-11-14,,,,,,,,,,,,,,,,,,,,,,,65466.83984375,4626.35888671875
2021-11-15,146.7806854248047,323.8426513671875,29.961660385131836,177.28399658203125,147.235107421875,344.853759765625,337.7966613769531,148.52532958984375,55.47555160522461,143.73287963867188,406.06573486328125,110.3936767578125,9.66108226776123,299.31634521484375,106.22307586669922,131.13238525390625,30.60920524597168,174.17999267578125,23.239999771118164,56.06999969482422,124.17180633544922,73.07855224609375,63557.87109375,4557.50390625
2021-11-16,147.7592315673828,327.1575012207031,30.139286041259766,177.03500366210938,146.66384887695312,340.28955078125,351.57666015625,147.45529174804688,56.035728454589844,142.98574829101562,407.6509094238281,110.85346221923828,9.652448654174805,301.23675537109375,106.39120483398438,130.22760009765625,30.583250045776367,172.9199981689453,22.959999084472656,56.20000076293945,123.85599517822266,73.02687072753906,60161.24609375,4216.365234375
2021-11-17,150.19578552246094,327.3794860839844,29.19927215576172,177.4499969482422,146.83343505859375,338.11663818359375,363.0033264160156,146.6616668701172,55.42383575439453,143.5218963623047,406.6754150390625,110.41241455078125,9.669721603393555,299.2977600097656,105.37306213378906,130.67999267578125,30.470748901367188,174.5,23.170000076293945,55.0,124.83760070800781,73.18195343017578,60368.01171875,4287.59375
2021-11-18,154.48178100585938,329.4550476074219,31.608179092407227,184.80299377441406,148.6102294921875,336.0528259277344,365.4599914550781,145.39541625976562,54.820560455322266,142.74838256835938,408.0823974609375,110.58134460449219,9.678354263305664,297.8527526855469,104.80328369140625,130.66323852539062,30.410167694091797,173.94000244140625,22.959999084472656,55.54999923706055,125.30694580078125,73.26808166503906,56942.13671875,4000.65087890625
2021-11-19,157.10426330566406,331.2313232421875,32.91542053222656,183.82850646972656,147.7056884765625,342.6113586425781,379.0199890136719,143.49603271484375,52.28680419921875,143.1791229248047,407.5196533203125,110.2998275756836,9.704252243041992,296.42645263671875,103.98129272460938,129.85060119628906,30.219783782958984,172.61000061035156,22.75,53.779998779296875,126.6299819946289,73.42317199707031,58119.578125,4298.306640625
2021-11-20,,,,,,,,,,,,,,,,,,,,,,,59697.1953125,4409.93115234375
2021-11-21,,,,,,,,,,,,,,,,,,,,,,,58730.4765625,4269.73291015625
2021-11-22,157.5641632080078,328.0649108886719,31.888587951660156,178.6284942626953,145.1027374267578,338.3547668457031,385.6233215332031,146.5546417236328,53.010738372802734,141.2946014404297,406.25335693359375,109.73678588867188,9.652448654174805,294.2637634277344,103.71041870117188,129.24732971191406,29.994775772094727,168.74000549316406,22.34000015258789,54.45000076293945,125.14482116699219,73.0613021850586,56289.2890625,4088.457763671875
2021-11-23,157.94577026367188,325.9893798828125,31.679031372070312,179.0019989013672,144.5869903564453,334.6240539550781,369.6766662597656,150.05906677246094,54.40688705444336,142.17051696777344,406.93804931640625,109.78369140625,9.609284400939941,294.4035949707031,103.52359008789062,130.29461669921875,29.968814849853516,167.27999877929688,21.920000076293945,56.20000076293945,123.33535766601562,72.76844024658203,57569.07421875,4340.763671875
2021-11-24,158.4644012451172,326.2114562988281,32.60507583618164,179.02049255371094,144.92221069335938,338.4044189453125,372.0,148.88204956054688,54.708526611328125,141.77236938476562,407.8853759765625,110.1027603149414,9.635187149047852,296.0350036621094,103.7010726928711,131.90313720703125,29.864967346191406,167.1199951171875,21.790000915527344,55.880001068115234,125.3155288696289,72.94071960449219,56280.42578125,4239.9814453125
2021-11-25,,,,,,,,,,,,,,,,,,,,,,,57274.6796875,4274.7431640625
2021-11-26,153.44448852539062,318.266357421875,31.436540603637695,175.22799682617188,141.01747131347656,330.52618408203125,360.6400146484375,144.3966827392578,52.78666305541992,140.85220336914062,398.6275939941406,107.58784484863281,9.712886810302734,289.1365661621094,100.54389190673828,128.0911865234375,29.129379272460938,166.85000610351562,21.3700008392334,49.630001068115234,128.48216247558594,73.45760345458984,53569.765625,4030.908935546875
2021-11-27,,,,,,,,,,,,,,,,,,,,,,,54815.078125,4096.912109375
2021-11-28,,,,,,,,,,,,,,,,,,,,,,,57248.45703125,4294.45361328125
2021-11-29,156.80088806152344,324.9757080078125,33.305580139160156,178.07850646972656,144.33755493164062,335.39794921875,378.9966735839844,143.7724609375,53.07968521118164,141.3388214111328,403.9084167480469,108.77960205078125,9.695613861083984,291.81195068359375,100.67466735839844,129.29757690429688,29.181293487548828,166.6199951171875,21.15999984741211,50.16999816894531,127.44941711425781,73.44895935058594,57806.56640625,4445.10498046875
2021-11-30,161.75230407714844,319.1448059082031,32.6070671081543,175.35350036621094,140.73434448242188,321.9336242675781,381.586669921875,141.63232421875,51.57148742675781,137.95909118652344,396.3014831542969,106.64005279541016,9.745776176452637,284.0839538574219,98.29275512695312,126.61668395996094,28.8697566986084,165.5,21.059999465942383,47.90999984741211,129.38693237304688,73.58679962158203,57005.42578125,4631.47900390625
2021-12-01,161.23367309570312,318.6524353027344,31.372526168823242,172.18600463867188,139.89524841308594,308.18157958984375,365.0,140.7941131591797,51.52840042114258,139.8612823486328,391.6492004394531,105.07293701171875,9.754424095153809,278.1549987792969,96.2751693725586,124.68974304199219,28.852449417114258,166.16000366210938,20.56999969482422,47.040000915527344,130.18504333496094,73.6342544555664,57229.828125,4586.990234375
2021-12-02,160.245361328125,318.0828552246094,32.062156677246094,171.8679962158203,141.79408264160156,307.97320556640625,361.5333251953125,143.75466918945312,52.8125114440918,138.98538208007812,397.2769470214844,106.77142333984375,9.737130165100098,284.960205078125,98.77848052978516,128.35092163085938,29.198612213134766,165.24000549316406,20.690000534057617,48.290000915527344,130.347412109375,73.64290618896484,56477.81640625,4511.30224609375
2021-12-03,158.36656188964844,311.82720947265625,30.632003784179688,169.489501953125,140.83749389648438,304.4508361816406,338.3233337402344,141.1508026123047,52.476409912109375,141.01145935058594,393.9378356933594,105.60779571533203,9.780362129211426,281.6601257324219,97.19056701660156,127.91524505615234,28.982257843017578,166.6300048828125,20.850000381469727,48.0,131.9027557373047,73.92762756347656,53598.24609375,4220.7060546875
2021-12-04,,,,,,,,,,,,,,,,,,,,,,,49200.703125,4119.58740234375
2021-12-05,,,,,,,,,,,,,,,,,,,,,,,49368.84765625,4198.32275390625
2021-12-06,161.7718505859375,314.8970642089844,29.977304458618164,171.36849975585938,141.9815216064453,315.3949890136719,336.336669921875,142.81832885742188,53.071067810058594,144.16119384765625,398.5619812011719,106.90280151367188,9.745776176452637,284.42889404296875,99.0213394165039,130.16891479492188,29.23322296142578,166.22000122070312,20.709999084472656,50.5099983215332,130.09109497070312,73.72919464111328,50582.625,4358.7373046875
2021-12-07,167.5060577392578,323.32489013671875,32.362552642822266,176.1645050048828,146.0623016357422,320.29644775390625,350.5833435058594,144.96739196777344,53.66572570800781,144.53277587890625,406.816162109375,109.20188903808594,9.728479385375977,290.85186767578125,101.15106201171875,132.0456085205078,29.795730590820312,166.80999755859375,20.809999465942383,51.59000015258789,129.0399627685547,73.56522369384766,50700.0859375,4315.0615234375
2021-12-08,171.32240295410156,323.3731994628906,31.762746810913086,176.1580047607422,146.9717559814453,327.98614501953125,356.32000732421875,143.30877685546875,53.82084655761719,145.39981079101562,408.09173583984375,109.69922637939453,9.693887710571289,293.18243408203125,101.81424713134766,133.00071716308594,29.873620986938477,166.89999389648438,20.760000228881836,52.41999816894531,126.80949401855469,73.3409194946289,50504.796875,4439.35791015625
2021-12-09,170.8135528564453,321.56793212890625,30.429407119750977,174.17100524902344,146.4282684326172,327.2519226074219,334.6000061035156,143.08584594726562,53.958740234375,146.780029296875,405.2027282714844,108.62947082519531,9.702537536621094,288.8289489746094,99.97410583496094,131.14077758789062,29.683223724365234,165.8800048828125,20.299999237060547,51.02000045776367,127.51880645751953,73.37543487548828,47672.12109375,4119.81591796875
2021-12-10,175.59857177734375,330.6811218261719,30.13798713684082,172.21200561523438,146.78826904296875,327.1824645996094,339.010009765625,142.5151824951172,54.303470611572266,146.4173126220703,409.08599853515625,109.39895629882812,9.702537536621094,289.58404541015625,99.796630859375,131.47592163085938,29.726505279541016,166.5800018310547,20.5,52.029998779296875,127.21116638183594,73.40131378173828,47243.3046875,3908.49609375
2021-12-11,,,,,,,,,,,,,,,,,,,,,,,49362.5078125,4084.452392578125
2021-12-12,,,,,,,,,,,,,,,,,,,,,,,50098.3359375,4134.453125
2021-12-13,171.9682159423828,327.6498107910156,28.10503387451172,169.5675048828125,144.6311492919922,331.8855285644531,322.13665771484375,140.82086181640625,53.11416244506836,149.03616333007812,405.35284423828125,108.34794616699219,9.737130165100098,287.41192626953125,98.68509674072266,132.6739959716797,29.354372024536133,167.0,20.610000610351562,51.439998626708984,129.09121704101562,73.65151977539062,46737.48046875,3784.226806640625
2021-12-14,170.58853149414062,316.97265625,28.28068733215332,169.0915069580078,142.72738647460938,331.141357421875,319.5033264160156,141.8998565673828,53.03659439086914,150.66407775878906,402.3795471191406,107.50337982177734,9.719831466674805,284.45684814453125,97.94718170166016,131.0234832763672,29.215909957885742,165.44000244140625,20.309999465942383,50.91999816894531,128.78359985351562,73.53074645996094,46612.6328125,3745.4404296875
2021-12-15,175.45181274414062,323.0643005371094,30.398466110229492,173.31500244140625,145.2406005859375,338.99969482421875,325.3299865722656,140.83868408203125,52.80390167236328,151.4161376953125,408.97344970703125,109.22065734863281,9.693887710571289,288.6145324707031,99.1521224975586,132.84149169921875,29.475542068481445,166.14999389648438,20.40999984741211,51.619998931884766,127.54450225830078,73.43582916259766,48896.72265625,4018.388671875
2021-12-16,168.56289672851562,313.65179443359375,28.330585479736328,168.87100219726562,143.26097106933594,332.2923583984375,308.97332763671875,143.04122924804688,52.890079498291016,153.0706024169922,405.4091491699219,108.06644439697266,9.711186408996582,285.9576721191406,97.73233795166016,132.88340759277344,29.49284553527832,168.16000366210938,20.790000915527344,51.869998931884766,127.59412384033203,73.53074645996094,47665.42578125,3962.4697265625
2021-12-17,167.4669647216797,312.5898742675781,27.745746612548828,170.0175018310547,140.56324768066406,331.19097900390625,310.8566589355469,139.7864532470703,51.73523712158203,148.84152221679688,401.2632751464844,107.31570434570312,9.728479385375977,285.29583740234375,98.09661865234375,132.76611328125,29.21352767944336,167.8000030517578,20.68000030517578,50.779998779296875,129.03993225097656,73.66014099121094,46202.14453125,3879.486572265625
2021-12-18,,,,,,,,,,,,,,,,,,,,,,,46848.77734375,3960.860107421875
2021-12-19,,,,,,,,,,,,,,,,,,,,,,,46707.015625,3922.592529296875
2021-12-20,166.10679626464844,308.8345031738281,27.66391372680664,167.07899475097656,140.44619750976562,322.91595458984375,299.9800109863281,137.27183532714844,50.985450744628906,148.41683959960938,396.6742248535156,106.00193786621094,9.711186408996582,281.2220764160156,96.38726043701172,131.5680694580078,28.96759605407715,167.08999633789062,20.56999969482422,49.900001525878906,128.07318115234375,73.53939819335938,46880.27734375,3933.844482421875
2021-12-21,169.27725219726562,315.95904541015625,29.01721954345703,170.41700744628906,142.2964324951172,331.5977478027344,312.84332275390625,139.18902587890625,52.14029312133789,147.93907165527344,403.75323486328125,108.13211822509766,9.693887710571289,287.9619140625,99.20818328857422,133.1766357421875,29.397981643676758,167.02000427246094,20.770000457763672,51.56999969482422,127.5855712890625,73.46170043945312,48936.61328125,4020.260009765625
2021-12-22,171.87039184570312,321.66448974609375,29.34157371520996,171.03700256347656,145.21481323242188,327.87701416015625,336.2900085449219,139.7329864501953,52.562583923339844,148.5760498046875,407.9140319824219,109.19249725341797,9.70861530303955,289.9755554199219,100.03014373779297,134.52549743652344,29.62635040283203,168.58999633789062,21.100000381469727,52.47999954223633,128.17584228515625,73.53939819335938,48628.51171875,3982.099609375
2021-12-23,172.49664306640625,323.1029052734375,29.58109474182129,171.06849670410156,145.71217346191406,332.62969970703125,355.6666564941406,140.2322998046875,52.58844757080078,148.85922241210938,410.45556640625,109.91293334960938,9.691291809082031,291.7363586425781,100.81208038330078,134.31576538085938,29.81080436706543,168.97000122070312,21.15999984741211,53.130001068115234,127.06367492675781,73.42768859863281,50784.5390625,4108.015625
2021-12-24,,,,,,,,,,,,,,,,,,,,,,,50822.1953125,4047.98291015625
2021-12-25,,,,,,,,,,,,,,,,,,,,,,,50429.859375,4093.281005859375
2021-12-26,,,,,,,,,,,,,,,,,,,,,,,50809.515625,4067.328125
2021-12-27,176.45974731445312,330.5942077636719,30.88350486755371,169.66949462890625,146.69406127929688,343.4845275878906,364.64666748046875,141.03488159179688,53.33823013305664,150.11553955078125,416.1413879394531,111.33499145507812,9.699951171875,295.3666076660156,101.86334991455078,136.6243896484375,29.968902587890625,169.3699951171875,21.329999923706055,54.52000045776367,127.37165069580078,73.46233367919922,50640.41796875,4037.547607421875
2021-12-28,175.44204711914062,329.4357604980469,30.26173973083496,170.66099548339844,145.4845428466797,343.5242004394531,362.8233337402344,141.462890625,53.165863037109375,150.7171630859375,415.7271728515625,111.09016418457031,9.691291809082031,294.7210388183594,101.54421997070312,137.1318359375,29.98647117614746,168.63999938964844,21.270000457763672,54.66999816894531,126.86690521240234,73.45365142822266,47588.85546875,3800.89306640625
2021-12-29,175.53005981445312,330.11151123046875,29.94137191772461,169.2010040283203,145.45285034179688,340.2697448730469,362.0633239746094,141.3915557861328,52.70047378540039,151.7788543701172,416.310791015625,111.22199249267578,9.665307998657227,295.4227294921875,101.75072479248047,138.0366668701172,29.968902587890625,168.58999633789062,21.110000610351562,55.08000183105469,125.48088836669922,73.2113265991211,46444.7109375,3628.53173828125
2021-12-30,174.3754425048828,327.5725402832031,29.52720069885254,168.64450073242188,145.0020751953125,341.67864990234375,356.7799987792969,141.32022094726562,52.390228271484375,152.45130920410156,415.10589599609375,111.01481628417969,9.682632446289062,295.4882507324219,101.78827667236328,138.6286163330078,30.004032135009766,169.8000030517578,21.34000015258789,55.099998474121094,126.53324127197266,73.37576293945312,47178.125,3713.85205078125
2021-12-31,173.75897216796875,324.6764831542969,29.352548599243164,166.7169952392578,143.66461181640625,333.7310791015625,352.260009765625,141.2042999267578,52.73495101928711,151.35418701171875,414.03271484375,110.71344757080078,9.706921577453613,295.1513366699219,101.72256469726562,138.91615295410156,30.03917121887207,170.9600067138672,21.510000228881836,54.36000061035156,126.7813491821289,73.35845947265625,46306.4453125,3682.6328125
2022-01-01,,,,,,,,,,,,,,,,,,,,,,,47686.8125,3769.697021484375
2022-01-02,,,,,,,,,,,,,,,,,,,,,,,47345.21875,3829.56494140625
2022-01-03,178.1036376953125,323.1607360839844,30.061141967773438,170.4044952392578,143.802978515625,335.90399169921875,399.9266662597656,144.19158935546875,54.7602424621582,151.77003479003906,416.66851806640625,111.36326599121094,9.628852844238281,293.56085205078125,102.33269500732422,137.9098358154297,30.118223190307617,168.3300018310547,21.18000030517578,54.83000183105469,123.4532699584961,72.86508178710938,46458.1171875,3761.38037109375
2022-01-04,175.84323120117188,317.6195068359375,29.231788635253906,167.52200317382812,143.21583557128906,333.9096374511719,383.1966552734375,149.65785217285156,56.81999588012695,151.363037109375,416.4331970214844,111.1749267578125,9.628852844238281,293.4766540527344,102.59552001953125,137.808349609375,30.2148380279541,169.57000732421875,21.31999969482422,55.59000015258789,122.9399642944336,72.8564224243164,45897.57421875,3794.056640625
2022-01-05,171.16583251953125,305.4267272949219,27.549142837524414,164.35699462890625,136.64561462402344,321.6459655761719,362.7066650390625,146.92178344726562,57.52668380737305,152.37164306640625,408.3940124511719,108.73574829101562,9.602824211120605,286.0009765625,99.71383666992188,133.7914581298828,29.907421112060547,169.05999755859375,21.0,55.43000030517578,122.27265930175781,72.60542297363281,43569.00390625,3550.386962890625
2022-01-06,168.30850219726562,303.0133056640625,28.121997833251953,163.25399780273438,136.61834716796875,329.871337890625,354.8999938964844,148.482666015625,58.8797492980957,151.8496551513672,408.0269470214844,108.72632598876953,9.585471153259277,286.9647521972656,100.18316650390625,133.92674255371094,29.845935821533203,166.99000549316406,20.510000228881836,56.88999938964844,122.58917999267578,72.5274887084961,43160.9296875,3418.408203125
2022-01-07,168.474853515625,303.1678771972656,27.19285011291504,162.5540008544922,135.8938446044922,329.2065734863281,342.32000732421875,149.95388793945312,59.36235809326172,153.90225219726562,406.4454345703125,108.1989517211914,9.559453010559082,285.0093078613281,99.36654663085938,133.0980224609375,29.96012306213379,167.75,20.6200008392334,56.66999816894531,121.70801544189453,72.32842254638672,41557.90234375,3193.21044921875
2022-01-08,,,,,,,,,,,,,,,,,,,,,,,41733.94140625,3091.97265625
2022-01-09,,,,,,,,,,,,,,,,,,,,,,,41911.6015625,3157.75146484375
2022-01-10,168.49444580078125,303.38983154296875,27.345544815063477,161.48599243164062,137.53277587890625,325.51556396484375,352.7066650390625,150.09739685058594,59.0090217590332,153.1414031982422,405.86175537109375,108.02942657470703,9.550780296325684,284.02679443359375,98.96290588378906,132.2861328125,29.784456253051758,168.25999450683594,20.760000228881836,56.15999984741211,122.00749206542969,72.26781463623047,41821.26171875,3083.097900390625
2022-01-11,171.32240295410156,304.0751953125,27.76171875,165.36199951171875,138.59054565429688,331.7664794921875,354.79998779296875,150.2498779296875,61.49106979370117,151.51348876953125,409.5802001953125,109.12187194824219,9.568126678466797,287.2640380859375,100.12683868408203,132.38768005371094,30.188486099243164,170.2899932861328,21.049999237060547,58.15999984741211,122.8201904296875,72.41495513916016,42735.85546875,3238.111572265625
2022-01-12,171.7627410888672,307.2513427734375,27.943355560302734,165.20700073242188,140.2711639404297,330.66510009765625,368.739990234375,151.10211181640625,61.310089111328125,150.2217254638672,410.73797607421875,109.28197479248047,9.568126678466797,287.36700439453125,99.77015686035156,132.60752868652344,30.52225685119629,170.74000549316406,21.450000762939453,58.90999984741211,122.34966278076172,72.38899993896484,43949.1015625,3372.25830078125
2022-01-13,168.49444580078125,294.2477111816406,26.522188186645508,161.21400451660156,137.4510040283203,323.9379577636719,343.85333251953125,150.91372680664062,60.87055969238281,149.31044006347656,404.929931640625,107.68097686767578,9.576804161071777,283.6339111328125,99.01922607421875,132.4215087890625,30.285104751586914,170.16000366210938,21.329999923706055,58.27000045776367,123.43619537353516,72.51017761230469,42591.5703125,3248.28857421875
2022-01-14,169.3555450439453,299.4607238769531,26.888452529907227,162.13800048828125,138.33714294433594,329.315673828125,349.8699951171875,141.63804626464844,61.93923568725586,148.49649047851562,405.2688293457031,107.7280502319336,9.533430099487305,282.7169494628906,98.82210540771484,131.12767028808594,30.258752822875977,169.6699981689453,21.200000762939453,59.970001220703125,121.5711441040039,72.11202239990234,43099.69921875,3310.00146484375
2022-01-15,,,,,,,,,,,,,,,,,,,,,,,43177.3984375,3330.53076171875
2022-01-16,,,,,,,,,,,,,,,,,,,,,,,43113.87890625,3350.921875
2022-01-17,,,,,,,,,,,,,,,,,,,,,,,42250.55078125,3212.304931640625
2022-01-18,166.1557159423828,292.1720886230469,25.851520538330078,158.91749572753906,134.88319396972656,315.67279052734375,343.5033264160156,135.69944763183594,62.98203659057617,147.84173583984375,397.8226623535156,105.59027099609375,9.47270679473877,276.84124755859375,96.35343170166016,129.8422393798828,29.8195858001709,169.38999938964844,21.690000534057617,60.970001220703125,119.86005401611328,71.66193389892578,42375.6328125,3164.025146484375
2022-01-19,162.66232299804688,292.8284912109375,25.017181396484375,156.2989959716797,134.00892639160156,317.1015625,331.8833312988281,133.60031127929688,63.00788116455078,147.3816680908203,393.97259521484375,104.52607727050781,9.498730659484863,273.9314880371094,95.05806732177734,128.108642578125,29.793230056762695,172.0800018310547,22.3700008392334,61.04999923706055,120.68991088867188,71.83502197265625,41744.328125,3095.825927734375
2022-01-20,160.97926330566406,291.15850830078125,24.102006912231445,151.66749572753906,132.21473693847656,314.09515380859375,332.0899963378906,132.4610595703125,63.145774841308594,146.2049560546875,389.6517639160156,103.33006286621094,9.507405281066895,270.5257873535156,93.49051666259766,126.48497772216797,29.72296714782715,171.64999389648438,22.6200008392334,60.65999984741211,121.4342269897461,71.91294860839844,40680.41796875,3001.1201171875
2022-01-21,158.92431640625,285.7813720703125,23.327543258666992,142.64300537109375,129.28298950195312,300.8094177246094,314.6333312988281,130.14663696289062,62.19777297973633,145.86875915527344,382.29052734375,101.29582214355469,9.533430099487305,265.8102722167969,91.77275085449219,126.12133026123047,29.345287322998047,171.08999633789062,22.3799991607666,60.779998779296875,122.88011169433594,72.18128204345703,36457.31640625,2557.931640625
2022-01-22,,,,,,,,,,,,,,,,,,,,,,,35030.25,2405.18115234375
2022-01-23,,,,,,,,,,,,,,,,,,,,,,,36276.8046875,2535.0390625
2022-01-24,158.15127563476562,286.10955810546875,23.325551986694336,144.54400634765625,129.7317657470703,306.3062744140625,310.0,130.02999877929688,62.73210144042969,144.187744140625,383.3448181152344,101.81380462646484,9.51607608795166,268.7481994628906,93.38726806640625,126.34119415283203,29.01151466369629,172.02999877929688,22.110000610351562,60.11000061035156,121.87060546875,72.0687484741211,36654.328125,2440.352294921875
2022-01-25,156.35073852539062,278.5023193359375,22.279638290405273,139.98599243164062,125.89447784423828,297.81292724609375,306.1333312988281,131.4473419189453,64.57640075683594,148.3106689453125,378.6851501464844,100.43883514404297,9.507405281066895,263.9202880859375,91.9886474609375,125.80848693847656,28.8885498046875,172.5800018310547,22.020000457763672,60.970001220703125,121.67379760742188,71.9735336303711,36954.00390625,2455.93505859375
2022-01-26,156.26272583007812,286.4377136230469,22.726741790771484,138.87249755859375,128.17361450195312,292.33587646484375,312.4700012207031,132.6942596435547,63.92142105102539,148.9742431640625,378.1203308105469,100.09979248046875,9.455358505249023,261.8431701660156,90.99366760253906,123.9480209350586,28.74801254272461,169.7899932861328,21.719999313354492,61.68000030517578,120.20230102539062,71.57535552978516,36852.12109375,2468.0302734375
2022-01-27,155.8027801513672,289.4593811035156,21.900388717651367,139.6374969482422,127.94754791259766,292.3458251953125,276.3666687011719,130.3529510498047,64.74014282226562,150.92950439453125,376.1058349609375,99.3840560913086,9.4813814163208,259.5603332519531,89.46365356445312,121.8676986694336,28.502079010009766,167.60000610351562,21.020000457763672,61.86000061035156,122.40961456298828,71.80907440185547,37138.234375,2423.001220703125
2022-01-28,166.67433166503906,297.5879211425781,22.79460906982422,143.97799682617188,132.2578887939453,299.3607482910156,282.1166687011719,131.51910400390625,64.87803649902344,151.99119567871094,385.3122253417969,101.82323455810547,9.49005126953125,264.940185546875,91.2189712524414,125.75773620605469,28.642606735229492,167.10000610351562,20.709999084472656,61.970001220703125,122.45232391357422,71.89562225341797,37784.33203125,2547.092041015625
2022-01-29,,,,,,,,,,,,,,,,,,,,,,,38138.1796875,2597.084716796875
2022-01-30,,,,,,,,,,,,,,,,,,,,,,,37917.6015625,2603.466552734375
2022-01-31,171.02883911132812,300.21368408203125,24.437335968017578,149.57350158691406,134.1943817138672,310.82086181640625,312.239990234375,133.30429077148438,65.46408081054688,152.43359375,392.5888366699219,104.03636932373047,9.497007369995117,271.94793701171875,93.67823791503906,127.56744384765625,29.187185287475586,168.08999633789062,20.799999237060547,62.47999954223633,121.81922149658203,71.84366607666016,38483.125,2688.27880859375
2022-02-01,170.86245727539062,298.070556640625,24.589035034179688,151.19349670410156,136.51568603515625,316.5161437988281,310.4166564941406,135.591796875,69.66116333007812,151.1860809326172,395.2904968261719,104.85568237304688,9.497007369995117,274.2964172363281,94.7858657836914,126.9162826538086,29.41554832458496,168.22999572753906,20.940000534057617,62.529998779296875,121.41486358642578,71.81504821777344,38743.2734375,2792.1171875
2022-02-02,172.0660858154297,302.6078796386719,25.191835403442383,150.6125030517578,146.7867889404297,320.4850158691406,301.88665771484375,134.50640869140625,69.48017120361328,152.8582763671875,399.01824951171875,105.50550079345703,9.505691528320312,275.5127258300781,94.37284851074219,128.56529235839844,29.57364273071289,168.83999633789062,20.93000030517578,62.52000045776367,121.82610321044922,71.91912841796875,36952.984375,2682.85400390625
2022-02-03,169.1891632080078,290.8205871582031,23.900409698486328,138.8455047607422,141.9170379638672,235.90872192382812,297.0466613769531,133.3939666748047,68.67005920410156,152.8494415283203,389.30352783203125,102.90623474121094,9.47093677520752,270.1047668457031,92.63633728027344,127.11078643798828,29.160837173461914,168.60000610351562,20.709999084472656,63.5099983215332,120.87519073486328,71.61565399169922,37154.6015625,2679.16259765625
2022-02-04,168.905029296875,295.3482360839844,24.270671844482422,157.63949584960938,142.11839294433594,235.2439422607422,307.7733459472656,136.85667419433594,70.16101837158203,151.8496551513672,391.37451171875,103.6125717163086,9.410120010375977,271.6484680175781,93.05873107910156,125.84227752685547,29.248659133911133,168.86000061035156,20.790000915527344,64.91000366210938,119.0931625366211,71.17346954345703,41500.875,2983.5869140625
2022-02-05,,,,,,,,,,,,,,,,,,,,,,,41441.1640625,3014.648193359375
2022-02-06,,,,,,,,,,,,,,,,,,,,,,,42412.43359375,3057.47607421875
2022-02-07,168.18980407714844,290.531005859375,24.678857803344727,157.9355010986328,138.05996704101562,223.1587677001953,302.4466552734375,137.3141632080078,71.00559997558594,151.34535217285156,389.9248352050781,103.34886932373047,9.410120010375977,272.0976257324219,93.27462768554688,125.66472625732422,29.266231536865234,170.11000061035156,21.270000457763672,64.68000030517578,119.1702651977539,71.23419952392578,43840.28515625,3142.470703125
2022-02-08,171.29574584960938,294.0159606933594,25.0580997467041,161.4134979248047,138.25628662109375,218.46559143066406,307.3333435058594,139.89772033691406,69.16991424560547,151.74349975585938,393.2101135253906,104.30947875976562,9.384053230285645,274.97003173828125,94.72016143798828,125.06426239013672,29.424333572387695,170.6300048828125,21.450000762939453,63.619998931884766,118.37350463867188,71.00008392333984,44118.4453125,3122.608642578125
2022-02-09,172.71641540527344,300.43572998046875,26.65192985534668,161.1894989013672,140.4313201904297,230.1935577392578,310.6666564941406,140.48085021972656,68.83879852294922,151.72581481933594,398.9617919921875,105.9952163696289,9.392740249633789,280.9673767089844,96.57870483398438,127.97335052490234,29.872285842895508,171.2100067138672,21.530000686645508,64.16999816894531,118.5962142944336,71.05207824707031,44338.796875,3239.45703125
2022-02-10,168.6405029296875,291.9114685058594,25.77267837524414,159.0034942626953,137.4836883544922,226.29415893554688,301.51666259765625,139.89772033691406,68.1765365600586,149.89439392089844,391.78875732421875,104.15879821777344,9.305848121643066,276.36407470703125,95.18948364257812,124.87824249267578,29.556081771850586,170.55999755859375,21.420000076293945,63.959999084472656,116.7114486694336,70.40184783935547,43565.11328125,3077.482177734375
2022-02-11,165.23086547851562,284.8255615234375,23.901409149169922,153.2935028076172,133.1817626953125,217.8405303955078,286.6666564941406,138.07669067382812,69.89314270019531,148.38145446777344,384.3709411621094,102.2093276977539,9.366669654846191,271.7983093261719,94.06309509277344,123.89726257324219,29.222318649291992,173.80999755859375,21.829999923706055,65.73999786376953,118.44200897216797,70.86135864257812,42407.9375,2927.383544921875
2022-02-12,,,,,,,,,,,,,,,,,,,,,,,42244.46875,2917.36279296875
2022-02-13,,,,,,,,,,,,,,,,,,,,,,,42197.515625,2883.46337890625
2022-02-14,165.46604919433594,284.7869567871094,24.218769073486328,155.16700744628906,134.4150390625,216.00489807128906,291.9200134277344,136.7938995361328,68.82136535644531,146.51463317871094,382.9306335449219,101.80438232421875,9.314535140991211,269.4125061035156,93.47172546386719,122.64567565917969,29.020299911499023,174.74000549316406,22.049999237060547,66.36000061035156,116.96844482421875,70.4625015258789,42586.91796875,2933.47900390625
2022-02-15,169.29698181152344,290.06756591796875,26.44234275817871,156.510498046875,135.48866271972656,219.27920532226562,307.4766540527344,138.79432678222656,67.95870208740234,148.02752685546875,389.0023193359375,103.6125717163086,9.297159194946289,274.7455139160156,95.75269317626953,123.70275115966797,29.503385543823242,173.0800018310547,21.610000610351562,64.27999877929688,115.64054870605469,70.31513977050781,44575.203125,3179.877197265625
2022-02-16,169.0618133544922,289.72900390625,26.45831298828125,158.10049438476562,136.6089324951172,214.85394287109375,307.7966613769531,139.04550170898438,68.27239990234375,147.93907165527344,389.40704345703125,103.65023803710938,9.305848121643066,274.9325866699219,95.94041442871094,124.26090240478516,29.62635040283203,174.86000061035156,21.8700008392334,63.540000915527344,116.32591247558594,70.41048431396484,43961.859375,3127.830078125
2022-02-17,165.46604919433594,281.24517822265625,24.458297729492188,154.65249633789062,131.45254516601562,206.0926971435547,292.1166687011719,135.84298706054688,68.1678466796875,147.03662109375,381.1985778808594,101.33348846435547,9.323224067687988,268.4674377441406,93.65946960449219,123.06006622314453,29.257448196411133,177.25,22.040000915527344,64.16999816894531,117.19125366210938,70.56654357910156,40538.01171875,2881.48193359375
2022-02-18,163.91795349121094,278.53643798828125,23.595014572143555,152.60150146484375,129.3340606689453,204.5547637939453,285.6600036621094,136.4799346923828,67.40973663330078,145.4605255126953,378.5251159667969,100.53302001953125,9.340605735778809,266.3810119628906,92.983642578125,122.2735824584961,29.055431365966797,177.1199951171875,22.1200008392334,64.73999786376953,118.42489624023438,70.68793487548828,40030.9765625,2785.7275390625
2022-02-19,,,,,,,,,,,,,,,,,,,,,,,40122.15625,2763.701171875
2022-02-20,,,,,,,,,,,,,,,,,,,,,,,38431.37890625,2628.6484375
2022-02-21,,,,,,,,,,,,,,,,,,,,,,,37075.28125,2573.816162109375
2022-02-22,160.99819946289062,278.3333435058594,23.34351921081543,150.19749450683594,128.7493896484375,200.5065155029297,273.84332275390625,136.23770141601562,66.62550354003906,143.4838104248047,374.69384765625,99.43114471435547,9.331914901733398,263.4898986816406,91.66950988769531,121.75774383544922,28.712873458862305,177.49000549316406,22.309999465942383,65.54000091552734,118.73330688476562,70.64458465576172,38286.02734375,2639.29931640625
2022-02-23,156.83412170410156,271.1263732910156,22.34250831604004,144.82699584960938,126.54212951660156,196.90480041503906,254.67999267578125,133.3850555419922,66.89562225341797,143.5550537109375,367.79376220703125,97.54761505126953,9.288472175598145,258.0633544921875,89.99871063232422,119.85504150390625,28.475725173950195,178.2899932861328,22.729999542236328,66.23999786376953,117.09698486328125,70.28911590576172,37296.5703125,2590.359619140625
2022-02-24,159.45010375976562,284.97918701171875,23.700803756713867,151.35800170898438,131.60328674316406,205.98355102539062,266.92333984375,129.67117309570312,66.0503921508789,140.81253051757812,373.328857421875,99.24278259277344,9.297159194946289,263.50872802734375,91.85723876953125,121.85077667236328,28.036561965942383,177.13999938964844,22.309999465942383,66.33999633789062,117.1740951538086,70.4451904296875,38332.609375,2598.067138671875
2022-02-25,161.51747131347656,287.6104736328125,24.10899543762207,153.7884979248047,133.35731506347656,208.84109497070312,269.9566650390625,132.73915100097656,67.8279800415039,147.81130981445312,381.72564697265625,101.49360656738281,9.305848121643066,270.25445556640625,94.22267150878906,124.84439086914062,28.633827209472656,176.5500030517578,22.399999618530273,65.80000305175781,117.25975799560547,70.505859375,39214.21875,2764.53564453125
2022-02-26,,,,,,,,,,,,,,,,,,,,,,,39105.1484375,2781.11181640625
2022-02-27,,,,,,,,,,,,,,,,,,,,,,,37709.78515625,2621.8017578125
2022-02-28,161.7820587158203,289.0421447753906,24.33654022216797,153.56300354003906,133.94992065429688,209.38682556152344,290.1433410644531,127.2042236328125,68.33338928222656,146.53797912597656,380.83135986328125,101.3805923461914,9.390267372131348,269.2533874511719,94.48551177978516,122.85710906982422,28.32640838623047,178.3800048828125,22.6200008392334,67.4800033569336,119.82989501953125,71.0261001586914,43193.234375,2919.201171875
2022-03-01,159.90081787109375,285.32745361328125,23.430341720581055,151.14199829101562,132.9625701904297,201.90557861328125,288.1233215332031,122.40491485595703,68.98692321777344,146.03045654296875,374.947998046875,99.78902435302734,9.442481994628906,264.4723205566406,92.67387390136719,122.30743408203125,27.84332847595215,181.6199951171875,23.540000915527344,71.81999969482422,121.21537780761719,71.39862060546875,44354.63671875,2972.485107421875
2022-03-02,163.19293212890625,290.39642333984375,24.17598533630371,152.05250549316406,133.46839904785156,206.4895782470703,293.2966613769531,124.94358825683594,70.17200469970703,147.84690856933594,381.9516296386719,101.6913833618164,9.329345703125,269.8989562988281,94.9266586303711,124.6414566040039,28.080472946166992,179.72999572753906,23.3700008392334,75.41999816894531,117.0719223022461,70.52154541015625,43924.1171875,2950.118408203125
2022-03-03,162.8695831298828,286.26580810546875,23.670907974243164,147.89849853515625,132.80191040039062,201.3896026611328,279.7633361816406,124.05550384521484,70.61639404296875,150.0195770263672,379.9841613769531,100.92855072021484,9.355456352233887,267.75628662109375,93.94109344482422,125.58856964111328,27.66765594482422,180.8000030517578,23.290000915527344,74.52999877929688,118.26435089111328,70.83419799804688,42451.7890625,2834.468994140625
2022-03-04,159.87142944335938,280.40350341796875,22.894317626953125,145.64100646972656,130.82522583007812,198.5022735595703,279.42999267578125,120.56592559814453,73.27410888671875,150.9099884033203,377.0001220703125,99.92085266113281,9.407669067382812,265.342529296875,92.39227294921875,126.18901062011719,27.000120162963867,183.67999267578125,23.639999389648438,79.45999908447266,120.30607604980469,71.08600616455078,39137.60546875,2617.156005859375
2022-03-05,,,,,,,,,,,,,,,,,,,,,,,39400.5859375,2664.8310546875
2022-03-06,,,,,,,,,,,,,,,,,,,,,,,38419.984375,2555.037353515625
2022-03-07,156.07968139648438,269.8106689453125,21.31319236755371,137.4530029296875,125.3425521850586,186.0102996826172,268.1933288574219,115.91014862060547,75.91436767578125,153.34088134765625,365.8734436035156,96.86013793945312,9.355456352233887,256.4447326660156,89.4073486328125,123.6097640991211,26.218402862548828,186.41000366210938,23.700000762939453,82.37000274658203,119.38812255859375,70.73863983154297,38062.0390625,2497.771240234375
2022-03-08,154.25729370117188,266.85052490234375,21.47490119934082,136.01449584960938,126.06259155273438,188.80833435058594,274.79998779296875,115.09381103515625,76.4894790649414,150.23326110839844,363.2281799316406,96.34217834472656,9.303236961364746,255.39675903320312,89.76402282714844,123.01778411865234,26.218402862548828,191.50999450683594,24.450000762939453,85.43000030517578,118.18714904785156,70.40866088867188,38737.26953125,2576.74755859375
2022-03-09,159.6558837890625,279.0878601074219,22.972177505493164,139.2790069580078,132.32632446289062,196.95440673828125,286.3233337402344,119.7047348022461,72.14132690429688,150.8031463623047,372.62286376953125,98.9414291381836,9.277129173278809,262.0116882324219,92.25148010253906,124.96282196044922,27.13187026977539,185.82000732421875,23.799999237060547,75.47000122070312,117.02900695800781,70.2176284790039,41982.92578125,2729.783447265625
2022-03-10,155.3154296875,276.27276611328125,22.616819381713867,146.8175048828125,131.3439483642578,193.69003295898438,279.4333190917969,118.28738403320312,74.38074493408203,151.07028198242188,371.0602111816406,98.51763916015625,9.233614921569824,261.15087890625,92.14823150634766,125.3264389038086,26.903501510620117,186.39999389648438,24.010000228881836,74.05999755859375,115.34761810302734,69.84423065185547,39437.4609375,2608.048583984375
2022-03-11,151.60208129882812,270.932861328125,22.059839248657227,145.52450561523438,128.80593872070312,186.149169921875,265.1166687011719,115.62306213378906,73.99734497070312,150.79421997070312,366.2687683105469,97.13323974609375,9.233614921569824,257.1557922363281,90.84349822998047,124.21017456054688,26.59608268737793,185.08999633789062,23.8700008392334,76.4000015258789,115.73368835449219,69.7921142578125,38794.97265625,2559.56298828125
2022-03-12,,,,,,,,,,,,,,,,,,,,,,,38904.01171875,2574.754150390625
2022-03-13,,,,,,,,,,,,,,,,,,,,,,,37849.6640625,2518.944580078125
2022-03-14,147.57513427734375,267.4212646484375,21.291236877441406,141.85299682617188,124.91854095458984,185.17684936523438,255.4566650390625,116.77132415771484,71.3483657836914,152.87782287597656,363.6236267089844,96.2103271484375,9.137887001037598,254.73252868652344,89.52938079833984,123.25456237792969,26.525815963745117,182.3000030517578,23.15999984741211,72.83999633789062,113.0313720703125,69.14949035644531,39666.75390625,2590.696044921875
2022-03-15,151.95477294921875,277.7819519042969,22.931251525878906,147.3665008544922,128.13893127441406,190.5347900390625,267.2966613769531,118.84355163574219,67.28773498535156,156.84024047851562,371.4179382324219,98.20686340332031,9.146590232849121,259.1580505371094,90.93736267089844,124.14250946044922,26.6224308013916,178.88999938964844,23.0,68.62999725341797,112.83407592773438,69.26239776611328,39338.78515625,2620.149658203125
2022-03-16,156.36383056640625,284.78570556640625,24.45148468017578,153.10400390625,132.18797302246094,202.04446411132812,280.07666015625,124.15418243408203,67.03504943847656,155.39776611328125,379.73944091796875,100.63661193847656,9.155291557312012,265.866455078125,93.63130950927734,125.59703063964844,27.71157455444336,180.00999450683594,23.110000610351562,68.27999877929688,113.94071960449219,69.36659240722656,41143.9296875,2772.0556640625
2022-03-17,157.3730010986328,285.58868408203125,24.72099494934082,157.23899841308594,132.7418975830078,206.2216796875,290.5333251953125,125.72405242919922,68.82136535644531,157.4279022216797,384.4462585449219,102.00215148925781,9.163993835449219,270.1703186035156,95.0486831665039,127.33061981201172,27.98386001586914,180.88999938964844,23.329999923706055,73.68000030517578,113.0914535522461,69.4273910522461,40951.37890625,2814.8544921875
2022-03-18,160.6650390625,290.6286315917969,26.404926300048828,161.25050354003906,135.0096435546875,214.80433654785156,301.7966613769531,125.67923736572266,68.55123901367188,155.6826934814453,388.9364318847656,103.28295135498047,9.190103530883789,273.66015625,96.04366302490234,127.58434295654297,28.292644500732422,179.3000030517578,23.020000457763672,74.63999938964844,114.47258758544922,69.62711334228516,41801.15625,2945.343017578125
2022-03-19,,,,,,,,,,,,,,,,,,,,,,,42190.65234375,2946.257080078125
2022-03-20,,,,,,,,,,,,,,,,,,,,,,,41247.82421875,2860.459228515625
2022-03-21,162.03677368164062,289.4001159667969,26.685413360595703,161.4915008544922,134.98585510253906,209.84329223632812,307.0533447265625,125.27554321289062,71.62718963623047,156.564208984375,388.7857666015625,103.10401153564453,9.10307502746582,272.5467529296875,95.57434844970703,126.77252197265625,28.06391716003418,180.6699981689453,23.280000686645508,79.54000091552734,111.82183837890625,68.9150619506836,41077.99609375,2897.9765625
2022-03-22,165.40719604492188,294.14019775390625,26.475797653198242,164.88900756835938,138.72146606445312,214.9630889892578,331.32666015625,127.93984985351562,71.31349182128906,155.82516479492188,393.181884765625,104.33403778076172,9.0769681930542,275.26116943359375,96.49382019042969,127.09307098388672,28.371828079223633,179.36000061035156,22.8799991607666,78.55999755859375,110.3891830444336,68.7413558959961,42358.80859375,2973.131103515625
2022-03-23,166.76913452148438,289.7193298339844,25.587413787841797,163.4080047607422,137.1420135498047,211.79791259765625,333.03668212890625,125.39215850830078,72.43759155273438,155.23748779296875,388.357666015625,103.01144409179688,9.120475769042969,271.7320556640625,94.93154907226562,125.65607452392578,28.1254940032959,181.80999755859375,23.239999771118164,81.94999694824219,112.80836486816406,69.05398559570312,42892.95703125,3031.067138671875
2022-03-24,170.5511016845703,294.1789245605469,28.09883689880371,163.64950561523438,140.4114990234375,217.8603515625,337.97332763671875,126.20851135253906,72.65542602539062,156.03887939453125,393.958251953125,104.45684051513672,9.08566951751709,275.3175354003906,95.90090942382812,126.46385955810547,28.275053024291992,183.1300048828125,23.610000610351562,79.75,111.92475891113281,68.9671401977539,43960.93359375,3108.06201171875
2022-03-25,171.1879425048828,293.7726135253906,27.641677856445312,164.77349853515625,140.5116729736328,220.09283447265625,336.8800048828125,127.31189727783203,74.2413330078125,157.5347900390625,395.9604187011719,104.85362243652344,9.024752616882324,276.1903991699219,96.24909973144531,127.9688720703125,28.248661041259766,182.3800048828125,23.479999542236328,80.73999786376953,110.37205505371094,68.35928344726562,44348.73046875,3106.67138671875
2022-03-26,,,,,,,,,,,,,,,,,,,,,,,44500.828125,3143.178955078125
2022-03-27,,,,,,,,,,,,,,,,,,,,,,,46820.4921875,3291.57763671875
2022-03-28,172.05018615722656,300.56365966796875,28.16771697998047,168.99049377441406,140.2959747314453,221.84902954101562,363.9466552734375,126.36996459960938,72.15873718261719,158.34507751464844,398.7843322753906,105.58106231689453,9.042159080505371,277.5794372558594,96.2867660522461,129.32933044433594,28.18707847595215,179.05999755859375,22.93000030517578,74.52999877929688,111.31568145751953,68.5589828491211,47128.00390625,3336.634521484375
2022-03-29,175.34225463867188,305.1199951171875,28.603919982910156,169.31500244140625,141.33731079101562,228.07022094726562,366.5233459472656,126.64803314208984,71.77534484863281,158.26492309570312,403.6766357421875,107.13983917236328,9.0769681930542,282.8919677734375,98.63959503173828,133.12164306640625,28.688533782958984,179.13999938964844,22.90999984741211,76.1500015258789,112.1563720703125,68.8629379272461,47465.73046875,3401.98779296875
2022-03-30,174.17628479003906,303.6204833984375,27.639678955078125,166.30099487304688,140.77500915527344,226.0758819580078,364.663330078125,126.07393646240234,73.00399017333984,159.9122314453125,401.1737976074219,106.28961181640625,9.10307502746582,280.0949401855469,97.16200256347656,132.23733520507812,28.644550323486328,180.5800018310547,22.940000534057617,77.91000366210938,113.0313720703125,69.01924133300781,47062.6640625,3385.157958984375
2022-03-31,171.08013916015625,298.25152587890625,27.236412048339844,162.99749755859375,137.92755126953125,220.6286163330078,359.20001220703125,122.28829193115234,71.967041015625,157.81085205078125,394.9310607910156,104.67413330078125,9.126633644104004,276.5001220703125,95.88208770751953,130.62176513671875,28.213468551635742,180.64999389648438,22.8799991607666,74.12000274658203,113.30589294433594,69.07135009765625,45538.67578125,3281.642822265625
2022-04-01,170.78623962402344,299.32537841796875,26.6634578704834,163.55999755859375,139.00164794921875,223.09927368164062,361.5299987792969,121.38225555419922,72.42887115478516,158.66566467285156,396.2720642089844,105.12760162353516,9.10046100616455,277.9267578125,96.68205261230469,133.11312866210938,28.486194610595703,179.5,22.739999771118164,74.16999816894531,113.73723602294922,68.92160034179688,46281.64453125,3449.55224609375
2022-04-02,,,,,,,,,,,,,,,,,,,,,,,45868.94921875,3445.059326171875
2022-04-03,,,,,,,,,,,,,,,,,,,,,,,46453.56640625,3522.83349609375
2022-04-04,174.83273315429688,304.6942443847656,27.31027603149414,168.34649658203125,141.79953002929688,232.06886291503906,381.8166809082031,121.92049407958984,72.46372985839844,157.13409423828125,399.4832763671875,105.9683837890625,9.10918140411377,279.4003601074219,96.82320404052734,132.44992065429688,28.714927673339844,180.3699951171875,22.6299991607666,76.86000061035156,112.9468002319336,68.97383880615234,46622.67578125,3521.2412109375
2022-04-05,171.52105712890625,300.7376708984375,25.883874893188477,164.05499267578125,139.4385528564453,230.03480529785156,363.7533264160156,120.50167846679688,72.08904266357422,158.149169921875,394.5248718261719,104.45684051513672,9.030655860900879,275.54278564453125,94.8844985961914,131.85472106933594,28.371828079223633,179.24000549316406,22.360000610351562,74.80000305175781,110.39506530761719,68.27743530273438,45555.9921875,3411.79248046875
2022-04-06,168.35638427734375,289.72900390625,24.362648010253906,158.75599670410156,135.42869567871094,221.56130981445312,348.586669921875,118.82978820800781,72.89070892333984,162.26295471191406,390.6998596191406,103.3042984008789,9.004481315612793,273.1024475097656,93.6704330444336,133.37672424316406,28.055116653442383,179.66000366210938,22.56999969482422,73.05000305175781,109.50153350830078,68.06849670410156,43206.73828125,3171.69189453125
2022-04-07,168.66009521484375,291.5379943847656,24.164005279541016,157.7845001220703,134.77456665039062,221.2140350341797,352.4200134277344,118.46829223632812,74.11062622070312,161.8444366455078,392.4093933105469,103.63494873046875,8.987029075622559,273.4591064453125,93.4728012084961,132.0842742919922,27.958345413208008,180.33999633789062,22.700000762939453,73.11000061035156,108.67666625976562,67.92916107177734,43503.84765625,3233.274658203125
2022-04-08,166.6515350341797,287.28155517578125,23.07698631286621,154.4604949951172,132.19491577148438,220.598876953125,341.8299865722656,120.63720703125,75.6703872680664,162.16505432128906,391.37042236328125,103.29485321044922,8.934677124023438,273.46844482421875,93.1622314453125,132.29685974121094,28.00233268737793,181.47000122070312,22.81999969482422,74.11000061035156,107.49962615966797,67.56355285644531,42287.6640625,3192.073974609375
2022-04-09,,,,,,,,,,,,,,,,,,,,,,,42782.13671875,3261.916259765625
2022-04-10,,,,,,,,,,,,,,,,,,,,,,,42207.671875,3211.866943359375
2022-04-11,162.39926147460938,275.95355224609375,21.877166748046875,151.1219940185547,127.76749420166016,214.77456665039062,325.30999755859375,120.19438934326172,73.0649642944336,160.13485717773438,384.76873779296875,101.71717071533203,8.891051292419434,270.6338806152344,92.67284393310547,130.9023895263672,27.694421768188477,182.3699951171875,23.149999618530273,72.30000305175781,105.79850006103516,67.25017547607422,39521.90234375,2981.05224609375
2022-04-12,164.2706756591797,272.85791015625,21.46491813659668,150.78750610351562,126.66758728027344,212.47262573242188,328.98333740234375,118.87496185302734,74.58988952636719,160.18826293945312,383.4654541015625,101.42431640625,8.917230606079102,269.6484069824219,92.74813079833984,130.66432189941406,27.51847267150879,183.77000427246094,23.469999313354492,75.9800033569336,105.65238952636719,67.46778869628906,40127.18359375,3030.37646484375
2022-04-13,166.95526123046875,278.2366027832031,22.16265296936035,155.54100036621094,128.82923889160156,213.31602478027344,340.7900085449219,115.043212890625,75.64424896240234,160.86500549316406,387.8193359375,102.7469253540039,8.925951957702637,273.6374206542969,94.42333221435547,131.650634765625,27.843978881835938,184.64999389648438,23.75,78.41999816894531,105.86719512939453,67.54612731933594,41166.73046875,3118.34423828125
2022-04-14,161.9485626220703,270.70068359375,21.21936798095703,151.7064971923828,125.69115447998047,208.54347229003906,328.3333435058594,113.97682189941406,76.53304290771484,160.18826293945312,383.10650634765625,101.49044799804688,8.856149673461914,270.7746887207031,93.6704330444336,131.0214080810547,27.712017059326172,184.0399932861328,23.639999389648438,79.56999969482422,103.74504852294922,67.08474731445312,39935.515625,3019.909423828125
2022-04-15,,,,,,,,,,,,,,,,,,,,,,,40553.46484375,3040.91650390625
2022-04-16,,,,,,,,,,,,,,,,,,,,,,,40424.484375,3062.310302734375
2022-04-17,,,,,,,,,,,,,,,,,,,,,,,39716.953125,2993.4033203125
2022-04-18,161.73304748535156,271.3681945800781,21.7434139251709,152.78500366210938,126.6299057006836,209.12887573242188,334.7633361816406,116.091552734375,77.16043853759766,158.1937255859375,383.03094482421875,101.31096649169922,8.838700294494629,269.6108703613281,93.1716537475586,130.5027618408203,27.53606414794922,184.61000061035156,23.8700008392334,80.41000366210938,103.22956085205078,66.86708068847656,40826.21484375,3057.606689453125
2022-04-19,164.0159149169922,275.99224853515625,22.15765953063965,158.11549377441406,128.94329833984375,215.61793518066406,342.7166748046875,118.49539947509766,76.47206115722656,163.01988220214844,389.1887512207031,103.07756805419922,8.786349296569824,275.0641174316406,95.21388244628906,133.37672424316406,27.5976505279541,181.82000732421875,23.239999771118164,76.86000061035156,102.45630645751953,66.44925689697266,41502.75,3104.1064453125
2022-04-20,163.84938049316406,277.0177001953125,21.44295883178711,153.9980010986328,126.99041748046875,198.8594512939453,325.73333740234375,118.91111755371094,76.64632415771484,163.7410888671875,388.9526672363281,102.96420288085938,8.838700294494629,276.0402526855469,95.63738250732422,135.5109405517578,27.720813751220703,182.7100067138672,23.280000686645508,77.23999786376953,104.51829528808594,66.86708068847656,41374.37890625,3077.745849609375
2022-04-21,163.05572509765625,271.64874267578125,20.146318435668945,148.29600524902344,123.7913589477539,186.60560607910156,336.260009765625,117.98933410644531,75.8359603881836,163.2692108154297,383.2481994628906,101.26370239257812,8.79507064819336,270.7371520996094,93.58573913574219,134.59262084960938,27.386510848999023,182.05999755859375,22.790000915527344,78.12000274658203,103.74504852294922,66.51020050048828,40527.36328125,2987.480712890625
2022-04-22,158.51934814453125,265.0899658203125,19.479537963867188,144.35000610351562,118.6548080444336,182.6764373779297,335.01666259765625,114.60040283203125,74.18032836914062,161.6485595703125,372.6136779785156,98.49571990966797,8.777624130249023,263.6038818359375,91.17644500732422,132.26283264160156,26.955432891845703,180.2899932861328,22.309999465942383,76.30999755859375,103.09207153320312,66.423095703125,39740.3203125,2964.835693359375
2022-04-23,,,,,,,,,,,,,,,,,,,,,,,39486.73046875,2938.114013671875
2022-04-24,,,,,,,,,,,,,,,,,,,,,,,39469.29296875,2922.732666015625
2022-04-25,159.58731079101562,271.5616149902344,19.865833282470703,146.07400512695312,122.06513214111328,185.53402709960938,332.67333984375,114.56425476074219,71.67950439453125,165.62879943847656,374.74810791015625,99.13812255859375,8.821247100830078,264.7489318847656,91.76934814453125,131.9227294921875,26.726699829101562,177.0500030517578,21.829999923706055,74.6500015258789,104.12307739257812,66.84099578857422,40458.30859375,3009.3935546875
2022-04-26,153.63021850585938,261.404296875,18.75385284423828,139.39100646972656,117.67739868164062,179.54107666015625,292.1400146484375,111.17530059814453,71.70562744140625,164.44448852539062,364.1986083984375,96.26618194580078,8.856149673461914,257.8502197265625,88.95539093017578,129.78001403808594,26.119674682617188,177.32000732421875,21.649999618530273,76.45999908447266,105.17127227783203,67.01507568359375,38117.4609375,2808.29833984375
2022-04-27,153.40489196777344,273.9800720214844,18.38153648376465,138.16700744628906,113.35760498046875,173.58778381347656,293.836669921875,109.7293472290039,73.75335693359375,162.14723205566406,364.96356201171875,96.3984603881836,8.821247100830078,258.0286560058594,88.85186004638672,128.87017822265625,26.25164031982422,175.97999572753906,21.489999771118164,76.37000274658203,103.82234954833984,66.80620574951172,39241.12109375,2888.9296875
2022-04-28,160.33192443847656,280.1810607910156,19.746047973632812,144.59649658203125,117.55094146728516,204.12811279296875,292.5033264160156,111.46449279785156,75.98409271240234,163.3582000732422,374.0209045410156,98.7224349975586,8.812522888183594,262.7403259277344,90.5647201538086,131.302001953125,26.603534698486328,176.92999267578125,21.420000076293945,78.08000183105469,103.97701263427734,66.78004455566406,39773.828125,2936.94091796875
2022-04-29,154.46304321289062,268.4660949707031,18.513294219970703,124.28150177001953,113.17411041259766,198.9090576171875,290.2533264160156,107.86769104003906,74.28490447998047,160.6869354248047,360.47747802734375,95.23645782470703,8.776681900024414,254.24607849121094,87.98603057861328,125.1544189453125,26.436384201049805,176.91000366210938,21.040000915527344,77.16000366210938,102.62812042236328,66.3273696899414,38609.82421875,2815.601806640625
2022-04-30,,,,,,,,,,,,,,,,,,,,,,,37714.875,2730.186767578125
2022-05-01,,,,,,,,,,,,,,,,,,,,,,,38469.09375,2827.756103515625
2022-05-02,154.76678466796875,275.1893310546875,19.49750328063965,124.5,115.62733459472656,209.486083984375,300.9800109863281,108.8527603149414,75.29570770263672,159.0663299560547,362.5174560546875,95.8599624633789,8.72423267364502,255.4475555419922,88.70127868652344,122.20391082763672,26.34840965270996,173.6300048828125,20.8700008392334,78.37999725341797,100.84918975830078,65.98809814453125,38529.328125,2857.410400390625
2022-05-03,156.25601196289062,272.587158203125,19.566375732421875,124.25350189208984,116.37217712402344,210.3790740966797,303.0833435058594,111.1843490600586,76.84675598144531,158.75466918945312,364.274169921875,96.3039779663086,8.741716384887695,257.0899963378906,89.49182891845703,123.78543853759766,26.53315544128418,174.08999633789062,20.829999923706055,76.69000244140625,101.52909088134766,66.14508819580078,37750.453125,2783.476318359375
2022-05-04,162.66383361816406,280.5196228027344,20.29704475402832,125.92849731445312,121.25879669189453,221.67044067382812,317.5400085449219,114.86246490478516,79.9052734375,160.45538330078125,375.1542053222656,99.11920928955078,8.78542709350586,263.98870849609375,91.89169311523438,125.16291809082031,26.876258850097656,175.8000030517578,21.280000686645508,80.22000122070312,102.08851623535156,66.57247924804688,39698.37109375,2940.644775390625
2022-05-05,153.60079956054688,268.3016052246094,18.809751510620117,116.40699768066406,115.55048370361328,206.65823364257812,291.09332275390625,111.9886474609375,78.6940689086914,157.3922882080078,361.81866455078125,95.45374298095703,8.715492248535156,254.81858825683594,88.39070129394531,121.79576110839844,26.119674682617188,175.1300048828125,20.780000686645508,80.4800033569336,99.29145812988281,65.90960693359375,36575.140625,2749.213134765625
2022-05-06,154.3269500732422,265.76715087890625,18.641061782836914,114.77249908447266,114.79769134521484,202.18338012695312,288.54998779296875,111.80790710449219,79.89657592773438,157.04505920410156,359.8258361816406,94.67908477783203,8.680525779724121,251.31771850585938,87.01666259765625,120.42680358886719,25.77657699584961,175.4199981689453,20.65999984741211,82.12999725341797,97.82835388183594,65.63050079345703,36040.921875,2694.979736328125
2022-05-07,,,,,,,,,,,,,,,,,,,,,,,35501.953125,2636.093017578125
2022-05-08,,,,,,,,,,,,,,,,,,,,,,,34059.265625,2517.4599609375
2022-05-09,149.20494079589844,255.94815063476562,16.919200897216797,108.78900146484375,111.5887222290039,194.68223571777344,262.3699951171875,110.12699127197266,73.59652709960938,157.89988708496094,348.3224182128906,91.37257385253906,8.715492248535156,241.25599670410156,83.34625244140625,115.11247253417969,25.037588119506836,172.8800048828125,20.030000686645508,76.56999969482422,98.68899536132812,65.92703247070312,30296.953125,2245.430419921875
2022-05-10,151.6089324951172,260.7077331542969,17.563024520874023,108.85900115966797,113.45726776123047,196.11099243164062,266.67999267578125,107.44294738769531,74.0844955444336,157.6861114501953,349.1819152832031,91.52374267578125,8.73297119140625,241.1151885986328,82.9698257446289,113.04625701904297,25.143157958984375,171.4199981689453,19.549999237060547,74.52999877929688,99.58406066894531,66.11893463134766,31022.90625,2343.510986328125
2022-05-11,143.7493133544922,252.04969787597656,16.599777221679688,105.37200164794922,112.67127227783203,187.27040100097656,244.6666717529297,106.76518249511719,75.62681579589844,156.83132934570312,343.43963623046875,89.87994384765625,8.767940521240234,237.3889617919922,81.22872161865234,112.72312927246094,25.037588119506836,172.82000732421875,19.8700008392334,78.18000030517578,101.50328826904297,66.34567260742188,28936.35546875,2072.108642578125
2022-05-12,139.88331604003906,247.0193634033203,16.14560890197754,106.93049621582031,111.91899108886719,189.7509307861328,242.6666717529297,106.6748046875,75.97014617919922,158.38070678710938,343.11846923828125,90.01219940185547,8.78542709350586,239.05966186523438,82.16045379638672,113.6329574584961,24.888029098510742,170.1699981689453,19.1200008392334,79.2300033569336,101.31393432617188,66.47650146484375,29047.751953125,1961.7015380859375
2022-05-13,144.34786987304688,252.6011505126953,17.67382049560547,113.05500030517578,115.0992202758789,197.07345581054688,256.5299987792969,107.62369537353516,78.22371673583984,157.4724578857422,351.3446960449219,92.4117431640625,8.750458717346191,246.3900604248047,84.833251953125,116.61746978759766,25.530248641967773,168.7899932861328,19.420000076293945,81.27999877929688,99.81643676757812,66.23230743408203,29283.103515625,2014.418212890625
2022-05-14,,,,,,,,,,,,,,,,,,,,,,,30101.265625,2056.27392578125
2022-05-15,,,,,,,,,,,,,,,,,,,,,,,31305.11328125,2145.706787109375
2022-05-16,142.80731201171875,252.96873474121094,17.23262596130371,110.81050109863281,113.50686645507812,198.48239135742188,241.4566650390625,106.87361907958984,80.06355285644531,158.56768798828125,349.9752197265625,91.92996215820312,8.759197235107422,244.306396484375,84.34385681152344,115.8862075805664,25.57423210144043,170.39999389648438,19.93000030517578,83.11000061035156,99.71316528320312,66.33698272705078,29862.91796875,2022.7259521484375
2022-05-17,146.43788146972656,258.1151428222656,18.14396095275879,115.36849975585938,115.51825714111328,201.0423126220703,253.8699951171875,110.41617584228516,81.08470153808594,159.2266082763672,357.05853271484375,93.90441131591797,8.715492248535156,249.40296936035156,86.84725189208984,117.48475646972656,26.05809211730957,169.3300018310547,19.920000076293945,81.11000061035156,98.50823211669922,65.94448852539062,30425.857421875,2090.4091796875
2022-05-18,138.1759796142578,246.36325073242188,16.907215118408203,107.11250305175781,110.98223114013672,190.74313354492188,236.60333251953125,108.52741241455078,79.79946899414062,156.27037048339844,342.71234130859375,90.16336059570312,8.750458717346191,239.70724487304688,83.68505859375,113.99857330322266,25.539039611816406,169.4199981689453,19.729999542236328,79.29000091552734,100.60820770263672,66.22356414794922,28720.271484375,1916.6561279296875
2022-05-19,134.77113342285156,245.4518280029297,17.092880249023438,107.31900024414062,109.47916412353516,189.80055236816406,236.47332763671875,106.91877746582031,80.23082733154297,154.88131713867188,340.74798583984375,89.8232421875,8.767940521240234,240.99314880371094,83.7885971069336,113.53091430664062,25.723791122436523,171.91000366210938,20.270000457763672,80.58000183105469,100.84918975830078,66.3631362915039,30314.333984375,2018.336181640625
2022-05-20,135.00662231445312,244.8894805908203,16.66366195678711,107.59100341796875,108.01525115966797,192.03302001953125,221.3000030517578,106.04218292236328,80.86463165283203,157.58822631835938,340.8046875,89.81379699707031,8.794167518615723,241.38735961914062,83.63803100585938,114.29615020751953,25.89094352722168,172.02999877929688,20.06999969482422,81.6500015258789,101.9937973022461,66.56377410888672,29200.740234375,1961.315673828125
2022-05-21,,,,,,,,,,,,,,,,,,,,,,,29432.2265625,1974.518310546875
2022-05-22,,,,,,,,,,,,,,,,,,,,,,,30323.72265625,2043.170166015625
2022-05-23,140.42298889160156,252.7337646484375,16.867292404174805,107.55699920654297,110.5740966796875,194.7020721435547,224.96665954589844,112.60318756103516,82.65165710449219,160.8053741455078,347.1701965332031,91.37257385253906,8.759197235107422,244.15618896484375,84.560302734375,115.57161712646484,26.26923179626465,172.8300018310547,20.100000381469727,81.97000122070312,100.31560516357422,66.32826232910156,29098.91015625,1972.181884765625
2022-05-24,137.72462463378906,251.73501586914062,16.124643325805664,104.0999984741211,105.1013412475586,179.8684844970703,209.3866729736328,114.1937255859375,83.10060119628906,162.56182861328125,344.3557434082031,90.39952850341797,8.820388793945312,240.93685913085938,83.29920959472656,116.5749740600586,26.049297332763672,174.1300048828125,20.389999389648438,82.0,102.2950439453125,66.86896514892578,29655.5859375,1978.9827880859375
2022-05-25,137.88162231445312,254.546875,16.944150924682617,106.7750015258789,104.93769073486328,182.3986358642578,219.60000610351562,114.98897552490234,84.77315521240234,160.96669006347656,347.6141052246094,91.42927551269531,8.846614837646484,244.306396484375,84.936767578125,117.51878356933594,26.10207748413086,173.0800018310547,20.34000015258789,82.4800033569336,102.6995620727539,67.13935852050781,29562.361328125,1944.827880859375
2022-05-26,141.08041381835938,257.82427978515625,17.81855583190918,111.07749938964844,106.90890502929688,190.1378936767578,235.91000366210938,116.9771728515625,85.0724868774414,160.82333374023438,354.5368957519531,93.31867218017578,8.85536003112793,249.91915893554688,86.85665893554688,117.71434783935547,26.409990310668945,172.75999450683594,20.309999465942383,84.58999633789062,102.23482513427734,67.06958770751953,29267.224609375,1803.913330078125
2022-05-27,146.8303680419922,264.94134521484375,18.77681541442871,115.14649963378906,111.39581298828125,193.61061096191406,253.2100067138672,118.63097381591797,85.90875244140625,162.28407287597656,363.3769226074219,95.69937133789062,8.864099502563477,256.7709655761719,89.05891418457031,120.85192108154297,26.735496520996094,172.85000610351562,20.360000610351562,85.45999908447266,102.4843978881836,67.26148223876953,28627.57421875,1724.9228515625
2022-05-28,,,,,,,,,,,,,,,,,,,,,,,28814.900390625,1757.9417724609375
2022-05-29,,,,,,,,,,,,,,,,,,,,,,,29445.95703125,1812.031005859375
2022-05-30,,,,,,,,,,,,,,,,,,,,,,,31726.390625,1996.4412841796875
2022-05-31,146.04539489746094,263.61297607421875,18.63806915283203,120.20950317382812,112.82946014404297,192.1322479248047,252.75332641601562,119.49853515625,84.50907897949219,160.88607788085938,361.11968994140625,94.98136901855469,8.828189849853516,253.43890380859375,87.95779418945312,119.3724136352539,26.823471069335938,171.13999938964844,19.84000015258789,85.47000122070312,100.31560516357422,66.87770080566406,31792.310546875,1942.3280029296875
2022-06-01,145.9178466796875,264.146240234375,18.286706924438477,121.68399810791016,112.95840454101562,187.1711883544922,246.7899932861328,117.40192413330078,86.12882995605469,159.2550506591797,358.45635986328125,94.27286529541016,8.801918029785156,250.8577423095703,87.33665466308594,118.36909484863281,26.603534698486328,172.22999572753906,20.1299991607666,85.54000091552734,100.2009506225586,66.57886505126953,29799.080078125,1823.5693359375
2022-06-02,148.37086486816406,266.2406005859375,19.556394577026367,125.51100158691406,116.6583251953125,197.31161499023438,258.3333435058594,119.29066467285156,85.97918701171875,158.7532196044922,365.1241455078125,96.19061279296875,8.810677528381348,256.5643615722656,89.39772033691406,120.03567504882812,27.00821876525879,174.35000610351562,20.59000015258789,87.25,100.25263977050781,66.63999938964844,30467.48828125,1834.1505126953125
2022-06-03,142.6503448486328,261.81915283203125,18.685977935791016,122.3499984741211,113.60208129882812,189.29449462890625,234.51666259765625,117.62786865234375,87.22921752929688,158.0989990234375,359.18359375,94.66961669921875,8.793158531188965,253.26995849609375,88.48481750488281,118.42857360839844,26.665119171142578,172.5800018310547,20.229999542236328,89.47000122070312,100.0371322631836,66.54389190673828,29704.390625,1775.07861328125
2022-06-04,,,,,,,,,,,,,,,,,,,,,,,29832.9140625,1801.6094970703125
2022-06-05,,,,,,,,,,,,,,,,,,,,,,,29906.662109375,1805.2049560546875
2022-06-06,143.39610290527344,260.58770751953125,18.751853942871094,124.79000091552734,115.86290740966797,192.73748779296875,238.27999877929688,117.2392349243164,87.00914001464844,158.08108520507812,360.3074951171875,94.98136901855469,8.740610122680664,254.0677032470703,88.92715454101562,118.09698486328125,26.797082901000977,171.82000732421875,20.3700008392334,88.38999938964844,98.19209289550781,66.15066528320312,31370.671875,1859.2896728515625
2022-06-07,145.9178466796875,264.223876953125,18.891605377197266,123.0,116.18920135498047,194.12660217285156,238.8866729736328,117.5465087890625,90.9969253540039,159.81961059570312,363.7546691894531,95.96387481689453,8.766887664794922,257.287109375,90.02827453613281,119.67003631591797,26.858665466308594,172.94000244140625,20.520000457763672,90.04000091552734,99.25253295898438,66.37786865234375,31155.478515625,1814.04833984375
2022-06-08,145.18194580078125,262.19732666015625,18.61804962158203,121.18000030517578,116.23332977294922,195.10888671875,241.86666870117188,115.67581939697266,92.07087707519531,158.8697052001953,359.83526611328125,94.91525268554688,8.740610122680664,253.5515899658203,88.6353988647461,116.95760345458984,26.673913955688477,172.77999877929688,20.350000381469727,91.98999786376953,98.37313079833984,66.10698699951172,30214.35546875,1793.572265625
2022-06-09,139.96182250976562,256.74798583984375,18.019012451171875,116.1500015258789,113.89417266845703,182.5673065185547,239.7066650390625,113.24481201171875,90.08140563964844,155.67044067382812,351.306884765625,92.61962127685547,8.731855392456055,247.42251586914062,86.60257720947266,114.18561553955078,26.110877990722656,172.22999572753906,19.969999313354492,91.08000183105469,98.70075988769531,66.01958465576172,30111.998046875,1789.8260498046875
2022-06-10,134.5552520751953,245.30641174316406,16.946733474731445,109.6500015258789,110.25028228759766,174.20294189453125,232.22999572753906,108.03941345214844,88.43522644042969,154.63095092773438,341.08795166015625,89.8893814086914,8.661788940429688,240.05453491210938,84.11798858642578,111.62625885009766,25.591829299926758,174.5399932861328,20.190000534057617,90.12999725341797,98.08863067626953,65.46031951904297,29083.8046875,1665.042236328125
2022-06-11,,,,,,,,,,,,,,,,,,,,,,,28360.810546875,1529.6634521484375
2022-06-12,,,,,,,,,,,,,,,,,,,,,,,26762.6484375,1445.216552734375
2022-06-13,129.40380859375,234.9022216796875,15.621866226196289,103.66999816894531,105.52037811279297,162.98098754882812,215.73666381835938,104.8221664428711,84.37704467773438,153.0716094970703,327.87506103515625,86.20500183105469,8.521656036376953,228.93223571777344,80.04290771484375,106.03984069824219,24.712081909179688,169.92999267578125,19.5,90.36000061035156,95.01068878173828,64.4029541015625,22487.388671875,1204.582763671875
2022-06-14,130.26730346679688,237.06454467773438,15.81056022644043,102.30999755859375,105.8407211303711,162.45513916015625,220.88999938964844,103.0780029296875,84.59711456298828,150.72369384765625,326.7511901855469,85.91213989257812,8.469108581542969,227.96548461914062,79.73233032226562,105.15553283691406,24.60651397705078,168.57000732421875,19.3700008392334,88.44999694824219,93.81228637695312,64.05341339111328,22206.79296875,1211.662841796875
2022-06-15,132.88717651367188,244.11373901367188,16.500452041625977,107.66999816894531,108.86473083496094,168.03138732910156,233.0,104.29801177978516,83.53194427490234,152.33676147460938,331.53009033203125,87.21582794189453,8.556694030761719,230.6592559814453,80.82402801513672,107.680908203125,24.99359893798828,170.77000427246094,19.959999084472656,86.93000030517578,95.56248474121094,64.78746032714844,22572.83984375,1233.2064208984375
2022-06-16,127.61799621582031,237.5299530029297,15.575939178466797,103.66000366210938,105.16431427001953,159.61741638183594,213.10000610351562,102.50865936279297,80.45088195800781,152.4174346923828,320.78228759765625,84.17386627197266,8.582962989807129,221.2733154296875,76.97483825683594,104.87494659423828,24.439361572265625,172.69000244140625,20.239999771118164,87.66000366210938,96.32118225097656,64.92728424072266,20381.650390625,1067.730712890625
2022-06-17,129.08987426757812,240.12855529785156,15.854491233825684,106.22000122070312,106.26522064208984,162.46507263183594,216.75999450683594,102.14716339111328,75.81169891357422,151.86183166503906,321.4905700683594,84.53285217285156,8.582962989807129,222.5967254638672,77.7842025756836,105.6997299194336,24.345041275024414,171.27000427246094,19.979999542236328,83.33999633789062,96.63156127929688,64.96223449707031,20471.482421875,1086.519287109375
2022-06-18,,,,,,,,,,,,,,,,,,,,,,,19017.642578125,993.6367797851562
2022-06-19,,,,,,,,,,,,,,,,,,,,,,,20553.271484375,1127.656494140625
2022-06-20,,,,,,,,,,,,,,,,,,,,,,,20599.537109375,1127.6424560546875
2022-06-21,133.3189239501953,246.03358459472656,16.539390563964844,108.68000030517578,110.629638671875,155.8271484375,237.0366668701172,104.67756652832031,80.53011322021484,155.04312133789062,329.3768310546875,86.50733184814453,8.547931671142578,226.86734008789062,78.93236541748047,107.18775177001953,24.709856033325195,170.6300048828125,19.979999542236328,84.05000305175781,94.99343872070312,64.66510772705078,20710.59765625,1124.8245849609375
2022-06-22,132.80870056152344,245.44212341308594,16.333723068237305,108.94999694824219,110.5736083984375,154.63648986816406,236.086669921875,104.09017181396484,77.34342193603516,157.48963928222656,328.9517822265625,86.4048843383789,8.618000030517578,226.84286499023438,78.73596954345703,108.495361328125,24.451814651489258,171.30999755859375,19.760000228881836,80.87999725341797,97.60582733154297,65.19816589355469,19987.029296875,1051.421875
2022-06-23,135.67388916015625,250.99803161621094,16.198936462402344,112.44000244140625,111.32192993164062,157.51390075683594,235.07000732421875,102.95147705078125,75.01060485839844,161.00257873535156,332.106201171875,87.35333251953125,8.644275665283203,229.62942504882812,79.7086181640625,110.60057830810547,24.371736526489258,170.25999450683594,19.3700008392334,78.9800033569336,98.40762329101562,65.51275634765625,21085.876953125,1143.38671875
2022-06-24,139.0001983642578,259.569580078125,17.09848976135254,116.45999908447266,117.00792694091797,168.8350830078125,245.7066650390625,106.02410888671875,76.49832153320312,163.3594207763672,342.259033203125,90.07543182373047,8.626754760742188,236.89710998535156,82.47540283203125,112.94540405273438,24.985698699951172,170.08999633789062,19.510000228881836,81.2699966430664,97.04539489746094,65.39039611816406,21231.65625,1226.8447265625
2022-06-25,,,,,,,,,,,,,,,,,,,,,,,21502.337890625,1243.4468994140625
2022-06-26,,,,,,,,,,,,,,,,,,,,,,,21027.294921875,1199.8316650390625
2022-06-27,139.0001983642578,256.8450012207031,16.841899871826172,113.22000122070312,114.88398742675781,168.17030334472656,244.9199981689453,105.17462158203125,78.37337493896484,163.2070770263672,341.2485656738281,89.82881927490234,8.591723442077637,236.90655517578125,82.63593292236328,112.74005126953125,25.021289825439453,169.89999389648438,19.489999771118164,82.93000030517578,96.21771240234375,65.07584381103516,20735.478515625,1193.6806640625
2022-06-28,134.85946655273438,248.6903839111328,15.956329345703125,107.4000015258789,111.08934783935547,159.4288787841797,232.663330078125,104.66852569580078,80.54772186279297,158.5650634765625,334.3484191894531,88.01727294921875,8.591723442077637,232.89608764648438,81.3044662475586,111.43923950195312,24.932308197021484,169.6199951171875,19.190000534057617,84.72000122070312,96.66604614257812,65.11077880859375,20280.634765625,1144.5792236328125
2022-06-29,136.61581420898438,252.35562133789062,15.517035484313965,108.91999816894531,110.78585815429688,162.66351318359375,228.49000549316406,104.19862365722656,77.57230377197266,158.60983276367188,334.1492614746094,87.83705139160156,8.644275665283203,231.48402404785156,80.4829330444336,110.69471740722656,24.78993797302246,169.49000549316406,19.139999389648438,82.94999694824219,98.17485809326172,65.4865493774414,20104.0234375,1098.94384765625
2022-06-30,134.15298461914062,249.0297088623047,15.134652137756348,106.20999908447266,108.0698013305664,159.99444580078125,224.47332763671875,101.76759338378906,75.3891372680664,159.0758056640625,331.2762145996094,87.04033660888672,8.696043968200684,229.61056518554688,79.69917297363281,110.43798065185547,24.585285186767578,168.4600067138672,18.639999389648438,80.3499984741211,99.0369873046875,65.76618194580078,19784.7265625,1067.298828125
2022-07-01,136.3214569091797,251.69618225097656,14.499670028686523,109.55999755859375,107.84616088867188,158.78396606445312,227.26333618164062,103.0689468383789,77.07051849365234,160.87709045410156,334.7750244140625,88.01727294921875,8.74869441986084,232.74551391601562,80.76620483398438,112.52609252929688,24.54969024658203,168.32000732421875,18.309999465942383,81.66999816894531,100.05379486083984,66.29067993164062,19269.3671875,1059.767333984375
2022-07-02,,,,,,,,,,,,,,,,,,,,,,,19242.255859375,1066.5128173828125
2022-07-03,,,,,,,,,,,,,,,,,,,,,,,19297.076171875,1073.7669677734375
2022-07-04,,,,,,,,,,,,,,,,,,,,,,,20231.26171875,1151.05908203125
2022-07-05,138.90208435058594,254.86692810058594,14.939961433410645,113.5,112.33454895019531,166.88040161132812,233.06666564941406,102.67693328857422,74.65849304199219,159.64039611816406,335.36297607421875,88.3113021850586,8.77502155303955,232.93377685546875,81.11561584472656,112.17521667480469,24.17597198486328,164.75,17.729999542236328,74.77999877929688,100.83988952636719,66.40444946289062,20190.115234375,1134.541015625
2022-07-06,140.23655700683594,258.1249084472656,15.105697631835938,114.33000183105469,113.63282012939453,168.44810485839844,231.73333740234375,102.01138305664062,73.31163024902344,159.78378295898438,336.56719970703125,88.47254180908203,8.713594436645508,232.82081604003906,80.53958129882812,111.98694610595703,24.122589111328125,162.13999938964844,17.690000534057617,73.66999816894531,99.14671325683594,66.00167846679688,20548.24609375,1186.9739990234375
2022-07-07,143.60214233398438,260.2483825683594,15.832525253295898,116.33000183105469,117.80931091308594,170.84930419921875,244.5433349609375,104.59151458740234,75.65325164794922,159.96302795410156,341.6495666503906,89.95213317871094,8.696043968200684,236.89710998535156,82.41873931884766,112.2864761352539,24.53190040588379,162.22999572753906,17.75,76.55000305175781,98.27417755126953,65.81786346435547,21637.587890625,1237.5933837890625
2022-07-08,144.2791748046875,259.53082275390625,15.812559127807617,115.54000091552734,118.3751220703125,169.54945373535156,250.76333618164062,104.26329803466797,75.77647399902344,159.76583862304688,341.3935852050781,89.8572769165039,8.660943984985352,236.1345977783203,82.16377258300781,111.6788558959961,24.558597564697266,162.3000030517578,17.790000915527344,78.54000091552734,97.18572235107422,65.59890747070312,21731.1171875,1222.5062255859375
2022-07-09,,,,,,,,,,,,,,,,,,,,,,,21592.20703125,1216.978271484375
2022-07-10,,,,,,,,,,,,,,,,,,,,,,,20860.44921875,1168.401611328125
2022-07-11,142.14993286132812,256.47650146484375,15.127660751342773,111.75,114.72826385498047,161.6117706298828,234.3433380126953,102.89573669433594,75.3891372680664,159.82859802246094,337.45855712890625,88.70963287353516,8.704818725585938,233.45155334472656,80.87007904052734,111.43923950195312,24.140384674072266,161.42999267578125,17.579999923706055,78.2300033569336,98.86163330078125,65.84410095214844,19970.556640625,1097.236572265625
2022-07-12,143.12135314941406,245.96568298339844,15.057770729064941,109.22000122070312,113.0858383178711,161.9987335205078,233.07000732421875,102.99603271484375,74.3855972290039,157.58822631835938,334.3484191894531,87.94137573242188,8.713594436645508,231.7193603515625,80.5867919921875,111.02848052978516,24.05140495300293,160.8300018310547,17.440000534057617,72.80999755859375,99.44906616210938,65.95793914794922,19323.9140625,1038.191650390625
2022-07-13,142.75831604003906,245.04458618164062,15.139641761779785,110.4000015258789,110.44071197509766,162.21701049804688,237.0399932861328,102.02962493896484,74.68489074707031,157.22079467773438,332.8597106933594,87.58097076416016,8.739917755126953,230.47671508789062,80.41680908203125,110.50646209716797,24.03360939025879,161.60000610351562,17.690000534057617,73.19000244140625,100.5893783569336,66.16805267333984,20212.07421875,1113.587158203125
2022-07-14,145.6823272705078,246.36325073242188,15.347308158874512,110.62999725341797,109.46278381347656,156.81935119628906,238.31333923339844,98.46481323242188,73.18839263916016,157.43585205078125,331.9019775390625,87.19210815429688,8.704818725585938,228.34912109375,79.49140930175781,109.47950744628906,23.739974975585938,159.3300018310547,17.0,72.8499984741211,99.7686996459961,65.95793914794922,20569.919921875,1191.5262451171875
2022-07-15,147.35040283203125,248.923095703125,15.73668098449707,113.55000305175781,110.86122131347656,163.41758728027344,240.06666564941406,102.977783203125,74.42080688476562,159.7210235595703,338.2739562988281,88.89933776855469,8.731143951416016,232.98085021972656,81.10617065429688,111.38790130615234,24.015811920166016,159.00999450683594,17.190000534057617,73.73999786376953,100.33023834228516,66.19432067871094,20836.328125,1233.129150390625
2022-07-16,,,,,,,,,,,,,,,,,,,,,,,21190.31640625,1352.62646484375
2022-07-17,,,,,,,,,,,,,,,,,,,,,,,20779.34375,1338.6357421875
2022-07-18,144.30862426757812,246.52810668945312,16.07513427734375,113.76000213623047,108.1362533569336,165.92787170410156,240.54666137695312,101.92020416259766,75.79407501220703,156.1364288330078,335.44830322265625,88.25436401367188,8.713594436645508,232.22772216796875,80.99285125732422,110.50646209716797,24.19377326965332,159.16000366210938,17.219999313354492,76.80999755859375,99.284912109375,65.9929428100586,22485.689453125,1578.7178955078125
2022-07-19,148.16482543945312,251.6477813720703,16.964704513549805,118.20999908447266,112.87706756591797,174.4113311767578,245.52999877929688,104.44564056396484,77.70433044433594,153.8602294921875,344.73126220703125,90.74883270263672,8.696043968200684,239.19419860839844,83.68412780761719,113.44176483154297,24.718753814697266,159.5399932861328,17.290000915527344,78.05000305175781,98.74932861328125,65.94042205810547,23389.43359375,1542.9752197265625
2022-07-20,150.16648864746094,254.30455017089844,17.77839469909668,122.7699966430664,112.9663314819336,181.66441345214844,247.5,104.42742156982422,78.55821990966797,152.9819793701172,346.7699279785156,91.46966552734375,8.696043968200684,241.59478759765625,84.91170501708984,113.1251220703125,24.638675689697266,158.0399932861328,17.190000534057617,77.63999938964844,99.00850677490234,65.87914276123047,23231.732421875,1520.20068359375
2022-07-21,152.4331512451172,256.7965087890625,18.021007537841797,124.62999725341797,113.40271759033203,181.7437744140625,271.7066650390625,105.13856506347656,77.24658203125,153.5196990966797,350.2214660644531,92.35173797607422,8.766246795654297,243.55294799804688,85.44994354248047,114.02369689941406,24.896717071533203,160.27000427246094,17.399999618530273,75.48999786376953,100.7189712524414,66.42196655273438,23164.62890625,1576.74951171875
2022-07-22,151.19683837890625,252.4525604248047,17.291183471679688,122.41999816894531,107.01551818847656,167.95199584960938,272.24334716796875,104.62799835205078,76.65676879882812,154.2455596923828,346.9500732421875,91.3653335571289,8.836442947387695,240.9828643798828,84.4206771850586,114.61418151855469,24.781042098999023,160.6699981689453,17.139999389648438,74.52999877929688,102.41217041015625,66.96485900878906,22714.978515625,1537.4051513671875
2022-07-23,,,,,,,,,,,,,,,,,,,,,,,22465.478515625,1549.2974853515625
2022-07-24,,,,,,,,,,,,,,,,,,,,,,,22609.1640625,1599.4766845703125
2022-07-25,150.07821655273438,250.96900939941406,16.99665641784668,121.13999938964844,106.62871551513672,165.35240173339844,268.4333190917969,105.0473861694336,79.20966339111328,154.55029296875,347.40521240234375,91.48863983154297,8.801344871520996,241.62301635742188,84.82671356201172,114.85380554199219,24.92340850830078,160.22999572753906,16.979999542236328,76.22000122070312,101.41007995605469,66.71968841552734,21361.701171875,1445.3834228515625
2022-07-26,148.7535858154297,244.24949645996094,16.506446838378906,114.80999755859375,104.15912628173828,157.91078186035156,258.8599853515625,103.40628814697266,78.90155029296875,155.6435546875,343.394287109375,90.39789581298828,8.801344871520996,239.18475341796875,84.09015655517578,114.9051284790039,24.665367126464844,160.0399932861328,17.15999984741211,75.16000366210938,101.48778533935547,66.73719024658203,21239.75390625,1441.8067626953125
2022-07-27,153.8461151123047,260.5780334472656,17.76142692565918,120.97000122070312,112.13321685791016,168.25958251953125,274.82000732421875,105.06559753417969,80.60934448242188,155.21340942382812,352.38336181640625,92.75956726074219,8.818896293640137,244.98388671875,85.88432312011719,115.66678619384766,25.14586067199707,161.6699981689453,17.600000381469727,77.87000274658203,100.91766357421875,66.92106628417969,22930.548828125,1636.232666015625
2022-07-28,154.39566040039062,268.01507568359375,17.955110549926758,122.27999877929688,113.2837142944336,159.46859741210938,280.8999938964844,104.6735610961914,81.55126190185547,156.1095733642578,356.7071838378906,93.94515228271484,8.871545791625977,249.135498046875,87.24412536621094,119.39797973632812,25.31492805480957,163.63999938964844,18.43000030517578,77.12999725341797,101.7210464477539,67.38513946533203,23843.88671875,1725.4681396484375
2022-07-29,159.45875549316406,272.213623046875,18.133827209472656,134.9499969482422,115.36649322509766,157.86119079589844,297.1499938964844,105.17500305175781,85.32775115966797,156.39633178710938,361.8085632324219,95.21610260009766,8.897920608520508,251.67730712890625,88.12232971191406,120.00555419921875,25.483985900878906,164.10000610351562,18.700000762939453,78.05000305175781,101.44461059570312,67.33258819580078,23804.6328125,1727.406982421875
2022-07-30,,,,,,,,,,,,,,,,,,,,,,,23656.20703125,1695.969482421875
2022-07-31,,,,,,,,,,,,,,,,,,,,,,,23336.896484375,1681.517333984375
2022-08-01,158.47750854492188,269.56646728515625,18.4113826751709,135.38999938964844,113.91846466064453,158.6847381591797,297.27667236328125,104.12654113769531,83.17102813720703,155.84970092773438,360.7939147949219,94.99793243408203,8.941882133483887,250.92416381835938,88.05624389648438,119.02997589111328,25.483985900878906,165.02999877929688,18.790000915527344,75.12999725341797,103.88777160644531,67.624755859375,23314.19921875,1635.19580078125
2022-08-02,157.00567626953125,266.4734191894531,18.49624252319336,134.16000366210938,114.1862564086914,158.94273376464844,300.586669921875,102.50370788574219,82.81009674072266,154.96249389648438,358.3854675292969,94.47628784179688,8.845170021057129,250.19932556152344,87.61241149902344,117.5323486328125,25.17255210876465,164.0500030517578,18.40999984741211,75.93000030517578,101.68952941894531,66.94042205810547,22978.1171875,1632.9454345703125
2022-08-03,163.0107879638672,273.8910217285156,18.862648010253906,139.52000427246094,117.11207580566406,167.4856719970703,307.39666748046875,103.57951354980469,80.12516784667969,156.45904541015625,363.9989318847656,95.99383544921875,8.880335807800293,252.8070526123047,88.69834899902344,117.83187866210938,25.323820114135742,164.4499969482422,18.489999771118164,73.52999877929688,103.29058074951172,67.27381134033203,22846.5078125,1618.87451171875
2022-08-04,162.69674682617188,275.03515625,19.18413543701172,142.57000732421875,117.2211685180664,169.24188232421875,308.6333312988281,102.43985748291016,76.75360870361328,153.94984436035156,363.74285888671875,95.92744445800781,8.906712532043457,252.2233428955078,88.33953094482422,117.72064971923828,25.457294464111328,167.1699981689453,18.639999389648438,71.52999877929688,103.25596618652344,67.44053649902344,22630.95703125,1608.205810546875
2022-08-05,162.4707794189453,274.317626953125,18.958494186401367,140.8000030517578,116.507080078125,165.80882263183594,288.1700134277344,105.53970336914062,77.86278533935547,153.34043884277344,363.20245361328125,95.9084701538086,8.801204681396484,253.5225067138672,88.97219848632812,118.03726196289062,25.34162139892578,165.2899932861328,18.329999923706055,71.54000091552734,100.7981185913086,66.67723083496094,23289.314453125,1732.254638671875
2022-08-06,,,,,,,,,,,,,,,,,,,,,,,22961.279296875,1691.6580810546875
2022-08-07,,,,,,,,,,,,,,,,,,,,,,,23175.890625,1699.350830078125
2022-08-08,161.9990997314453,271.80633544921875,17.76441764831543,139.41000366210938,116.33847045898438,168.92437744140625,290.42333984375,104.2541732788086,78.30294036865234,152.52496337890625,362.75677490234375,95.9464111328125,8.845170021057129,254.76512145996094,89.74652862548828,119.08988952636719,25.395004272460938,166.69000244140625,19.030000686645508,73.54000091552734,102.4251480102539,66.97550201416016,23809.486328125,1775.51611328125
2022-08-09,162.04830932617188,273.7261657714844,17.05855369567871,137.8300018310547,115.6739501953125,167.21774291992188,283.3333435058594,105.1932373046875,79.74663543701172,152.50704956054688,361.2396240234375,95.35835266113281,8.827582359313965,252.9199981689453,88.59447479248047,119.74028778076172,25.27933692932129,167.1999969482422,18.93000030517578,73.44999694824219,102.02705383300781,66.8263931274414,23164.318359375,1703.0250244140625
2022-08-10,166.2930145263672,280.37786865234375,18.067930221557617,142.69000244140625,118.71878814697266,176.9513702392578,294.3566589355469,107.9374771118164,80.5036849975586,152.94618225097656,368.9390563964844,97.56828308105469,8.836374282836914,259.52874755859375,91.0213394165039,121.60588073730469,25.759828567504883,166.77999877929688,18.950000762939453,74.31999969482422,101.36067962646484,67.01060485839844,23947.642578125,1851.74267578125
2022-08-11,165.5561065673828,278.3028869628906,17.913179397583008,140.63999938964844,117.86583709716797,176.10800170898438,286.6300048828125,109.53298950195312,82.83251190185547,149.78274536132812,368.787353515625,97.53034210205078,8.792412757873535,260.0653076171875,91.38961791992188,121.29781341552734,25.831010818481445,166.33999633789062,18.670000076293945,76.27999877929688,98.99800109863281,66.63336181640625,23957.529296875,1881.22412109375
2022-08-12,169.1032257080078,283.0443420410156,18.678945541381836,143.5500030517578,120.68256378173828,179.0945587158203,300.0299987792969,111.34728240966797,83.55248260498047,148.1338348388672,375.2162780761719,99.2470474243164,8.818791389465332,264.5276184082031,92.97605895996094,123.37733459472656,26.02676773071289,167.8699951171875,19.170000076293945,74.9800033569336,100.00194549560547,66.94042205810547,24402.818359375,1957.2464599609375
2022-08-13,,,,,,,,,,,,,,,,,,,,,,,24424.068359375,1981.3365478515625
2022-08-14,,,,,,,,,,,,,,,,,,,,,,,24319.333984375,1936.802001953125
2022-08-15,170.1742706298828,284.55694580078125,19.00142478942871,143.17999267578125,121.07929229736328,179.48153686523438,309.32000732421875,111.64815521240234,82.05919647216797,148.841796875,376.7143859863281,99.6264419555664,8.836374282836914,264.762939453125,93.12714385986328,123.83946228027344,25.893295288085938,165.7100067138672,18.68000030517578,72.87999725341797,99.91539764404297,67.01060485839844,24136.97265625,1904.2281494140625
2022-08-16,170.01702880859375,283.820068359375,18.848676681518555,144.77999877929688,120.70240783691406,178.0725555419922,306.5633239746094,112.71485900878906,81.29478454589844,150.16810607910156,377.44451904296875,99.79715728759766,8.836374282836914,265.1112365722656,93.44818878173828,123.47144317626953,25.893295288085938,165.4199981689453,18.56999969482422,71.23999786376953,100.3307876586914,66.92288970947266,23883.291015625,1878.139404296875
2022-08-17,171.5105438232422,283.0718078613281,18.3055477142334,142.10000610351562,118.57002258300781,173.48855590820312,303.9966735839844,111.76668548583984,81.9525375366211,150.17703247070312,374.78009033203125,98.9245834350586,8.783621788024902,262.02349853515625,92.02232360839844,122.78683471679688,25.742033004760742,164.35000610351562,18.25,72.05000305175781,99.28359985351562,66.52810668945312,23335.998046875,1832.9996337890625
2022-08-18,171.11753845214844,281.954345703125,18.742847442626953,142.3000030517578,119.1849365234375,173.30001831054688,302.8699951171875,110.90056610107422,83.8902359008789,149.45118713378906,375.6903381347656,99.1901626586914,8.792412757873535,262.69183349609375,92.5888900756836,121.96529388427734,25.64415168762207,163.9199981689453,18.040000915527344,74.20999908447266,99.43073272705078,66.6509017944336,23212.73828125,1847.0078125
2022-08-19,168.53334045410156,278.0482177734375,17.82032585144043,138.22999572753906,116.24920654296875,166.65220642089844,296.6666564941406,108.15631103515625,83.62358093261719,151.72738647460938,370.8544616699219,97.76744842529297,8.739657402038574,258.72845458984375,90.7852554321289,120.64738464355469,25.31492805480957,162.72000122070312,17.549999237060547,74.05999755859375,97.82964324951172,66.22979736328125,20877.552734375,1612.9873046875
2022-08-20,,,,,,,,,,,,,,,,,,,,,,,21166.060546875,1577.0037841796875
2022-08-21,,,,,,,,,,,,,,,,,,,,,,,21534.12109375,1619.3189697265625
2022-08-22,164.65211486816406,269.88604736328125,17.006633758544922,133.22000122070312,113.30354309082031,161.78042602539062,289.913330078125,106.36934661865234,83.56136322021484,151.1951141357422,362.9559020996094,95.68082427978516,8.704487800598145,253.33424377441406,88.85887908935547,118.02873229980469,24.950109481811523,161.63999938964844,17.5,74.68000030517578,97.50077819824219,65.9314956665039,21398.908203125,1622.505859375
2022-08-23,164.3180389404297,268.61309814453125,17.153400421142578,133.6199951171875,112.9266586303711,159.85552978515625,296.4533386230469,105.32088470458984,87.10791778564453,149.87794494628906,362.14044189453125,95.51959991455078,8.695696830749512,253.1741485595703,88.9155502319336,116.50543212890625,25.003496170043945,162.77000427246094,17.6200008392334,76.83000183105469,96.96421813964844,65.90518188476562,21528.087890625,1662.7698974609375
2022-08-24,164.6128387451172,267.9815368652344,17.1943359375,133.8000030517578,112.75807189941406,161.9888153076172,297.0966796875,105.576171875,87.62344360351562,149.38174438476562,363.20245361328125,95.88001251220703,8.669320106506348,254.7368927001953,89.59542846679688,117.20718383789062,25.021289825439453,163.25,17.6299991607666,78.04000091552734,96.25455474853516,65.73848724365234,21395.01953125,1657.0592041015625
2022-08-25,167.0692596435547,270.9548645019531,17.884225845336914,137.27999877929688,115.69379425048828,167.4658203125,296.07000732421875,108.08336639404297,88.07675170898438,150.78009033203125,368.3322448730469,97.2932357788086,8.713279724121094,258.72845458984375,91.0213394165039,118.96150970458984,25.35051918029785,163.75,17.729999542236328,76.5,97.59596252441406,66.0981674194336,21600.904296875,1696.45703125
2022-08-26,160.77088928222656,260.4995422363281,16.2338809967041,130.75,109.43550872802734,160.5203094482422,288.0899963378906,104.54591369628906,86.99235534667969,148.19989013671875,355.9296569824219,94.03050231933594,8.713279724121094,250.20872497558594,88.17897033691406,115.94917297363281,24.825532913208008,161.75999450683594,17.360000610351562,75.8499984741211,98.33161163330078,65.96661376953125,20260.01953125,1507.7828369140625
2022-08-27,,,,,,,,,,,,,,,,,,,,,,,20041.73828125,1491.39501953125
2022-08-28,,,,,,,,,,,,,,,,,,,,,,,19616.814453125,1430.54736328125
2022-08-29,158.5699005126953,257.72052001953125,15.775617599487305,129.7899932861328,108.52306365966797,157.93063354492188,284.82000732421875,104.29065704345703,88.99227905273438,147.0541534423828,353.5780944824219,93.37606048583984,8.669320106506348,248.50473022460938,87.52742767333984,114.9393539428711,24.72765350341797,161.86000061035156,17.290000915527344,78.69000244140625,97.51810455322266,65.66830444335938,20297.994140625,1553.037353515625
2022-08-30,156.14292907714844,255.52450561523438,15.443154335021973,128.72999572753906,108.04698944091797,155.936279296875,277.70001220703125,104.30888366699219,85.6057357788086,146.53988647460938,349.6998291015625,92.332763671875,8.669320106506348,245.7652587890625,86.34703826904297,113.2877197265625,24.54969024658203,160.50999450683594,16.959999084472656,75.47000122070312,97.76041412353516,65.72093200683594,19796.80859375,1523.8388671875
2022-08-31,154.4823455810547,254.06695556640625,15.069753646850586,126.7699966430664,107.33289337158203,161.66134643554688,275.6099853515625,103.68892669677734,84.96574401855469,145.5565185546875,347.044921875,91.65934753417969,8.652573585510254,244.2025146484375,85.82769012451172,112.76570129394531,24.451814651489258,159.27000427246094,16.579999923706055,73.11000061035156,96.82574462890625,65.4489517211914,20049.763671875,1553.6849365234375
2022-09-01,155.20944213867188,253.02725219726562,13.914612770080566,127.81999969482422,108.8404312133789,164.07244873046875,277.1600036621094,104.40006256103516,83.43692779541016,149.16522216796875,348.1448669433594,91.7352294921875,8.599712371826172,243.01634216308594,85.0533447265625,112.99675750732422,24.131486892700195,157.8699951171875,16.3799991607666,70.94999694824219,95.05302429199219,65.09378814697266,20127.140625,1586.1767578125
2022-09-02,153.0968780517578,248.81015014648438,13.625080108642578,127.51000213623047,106.9659194946289,159.07171630859375,270.2099914550781,103.67069244384766,84.96574401855469,146.819580078125,344.4278259277344,90.81522369384766,8.634957313537598,241.4441375732422,84.53398132324219,111.43069458007812,24.03360939025879,159.25999450683594,16.56999969482422,71.43000030517578,95.59077453613281,65.26081848144531,19969.771484375,1577.220458984375
2022-09-03,,,,,,,,,,,,,,,,,,,,,,,19832.087890625,1556.8726806640625
2022-09-04,,,,,,,,,,,,,,,,,,,,,,,19986.712890625,1577.6416015625
2022-09-05,,,,,,,,,,,,,,,,,,,,,,,19812.37109375,1617.1832275390625
2022-09-06,151.83917236328125,246.0797119140625,13.44337272644043,126.11000061035156,105.93445587158203,157.30555725097656,274.4200134277344,103.69804382324219,84.39688873291016,147.2165069580078,343.0340270996094,90.40738677978516,8.55565357208252,240.700439453125,83.95795440673828,112.43196105957031,23.873443603515625,158.3300018310547,16.540000915527344,71.41999816894531,93.22306823730469,64.67178344726562,18837.66796875,1561.74853515625
2022-09-07,153.2443084716797,250.78265380859375,13.696039199829102,129.47999572753906,108.55279541015625,159.14114379882812,283.70001220703125,105.66734313964844,83.67691802978516,148.01947021484375,349.3395690917969,92.13360595703125,8.599712371826172,246.2642364501953,85.91268157958984,114.69120025634766,24.024707794189453,159.94000244140625,17.0,67.62000274658203,94.69746398925781,65.13774871826172,19290.32421875,1629.9063720703125
2022-09-08,151.7703857421875,251.200439453125,13.971677780151367,129.82000732421875,107.49158477783203,160.79812622070312,289.260009765625,108.12895202636719,84.36133575439453,149.2103271484375,351.691162109375,92.83544158935547,8.573273658752441,248.6271209716797,86.7908706665039,114.97360229492188,24.07809829711914,158.97999572753906,17.030000686645508,68.08999633789062,93.72611999511719,64.93553161621094,19329.833984375,1635.34765625
2022-09-09,154.62973022460938,256.9722595214844,14.368159294128418,133.27000427246094,109.74297332763672,167.8329315185547,299.67999267578125,108.64862823486328,85.77462005615234,149.49900817871094,357.0864562988281,94.35298156738281,8.573273658752441,252.797607421875,88.4056396484375,116.16315460205078,24.567487716674805,159.82000732421875,17.31999969482422,71.0999984741211,93.93423461914062,64.90918731689453,21381.15234375,1719.08544921875
2022-09-10,,,,,,,,,,,,,,,,,,,,,,,21680.5390625,1776.2037353515625
2022-09-11,,,,,,,,,,,,,,,,,,,,,,,21769.255859375,1761.800048828125
2022-09-12,160.584228515625,259.1003112792969,14.486003875732422,136.4499969482422,109.95124053955078,167.6444091796875,304.4200134277344,109.93415069580078,86.76126098632812,149.43588256835938,360.86981201171875,95.36784362792969,8.564467430114746,255.00990295410156,89.41602325439453,117.28421020507812,24.896717071533203,160.6300048828125,18.170000076293945,72.37000274658203,93.16239166259766,64.83003234863281,22370.44921875,1713.7652587890625
2022-09-13,151.16119384765625,244.8553924560547,13.113802909851074,126.81999969482422,103.4648666381836,151.93765258789062,292.1300048828125,106.11408233642578,84.7346420288086,145.54750061035156,345.27178955078125,91.30844116210938,8.520408630371094,245.15333557128906,85.92210388183594,112.8598403930664,24.140384674072266,158.5399932861328,17.829999923706055,72.01000213623047,93.37921142578125,64.50471496582031,20296.70703125,1580.7879638671875
2022-09-14,152.60560607910156,245.07887268066406,13.110808372497559,128.5500030517578,104.1392822265625,150.2906036376953,302.6099853515625,105.86792755126953,86.81458282470703,148.5517578125,346.5423278808594,91.640380859375,8.520408630371094,245.15333557128906,86.04486846923828,111.61039733886719,24.184879302978516,157.92999267578125,18.0,72.7300033569336,93.70008087158203,64.58385467529297,20241.08984375,1634.7550048828125
2022-09-15,149.716796875,238.43252563476562,12.912067413330078,126.27999877929688,102.06642150878906,148.3855743408203,303.75,107.4634017944336,84.29022979736328,148.93063354492188,342.6546936035156,90.67295837402344,8.502785682678223,242.5550079345703,85.49716186523438,109.49661254882812,23.971324920654297,154.97999572753906,17.6299991607666,69.76000213623047,93.6393814086914,64.39044189453125,19701.2109375,1471.6934814453125
2022-09-16,148.07589721679688,237.8106689453125,13.18071460723877,123.52999877929688,101.95733642578125,145.15090942382812,303.3500061035156,106.74314880371094,82.85027313232422,151.20411682128906,340.1893615722656,89.86677551269531,8.493977546691895,239.36363220214844,84.14681243896484,109.5223159790039,23.799535751342773,155.83999633789062,17.989999771118164,69.9000015258789,92.85883331298828,64.3200912475586,19772.583984375,1432.44775390625
2022-09-17,,,,,,,,,,,,,,,,,,,,,,,20127.576171875,1469.74169921875
2022-09-18,,,,,,,,,,,,,,,,,,,,,,,19419.505859375,1335.3291015625
2022-09-19,151.79005432128906,237.59686279296875,13.364474296569824,124.66000366210938,102.22511291503906,146.8674774169922,309.07000732421875,107.72782135009766,82.84139251708984,150.01324462890625,342.5314636230469,90.49275970458984,8.47635555267334,241.20880126953125,84.98725128173828,109.36827087402344,23.871109008789062,155.9600067138672,17.989999771118164,70.05000305175781,93.07564544677734,64.27615356445312,19544.12890625,1377.5413818359375
2022-09-20,154.1678924560547,235.58544921875,13.158743858337402,122.19000244140625,100.3109359741211,144.95248413085938,308.7300109863281,105.603515625,82.1658706665039,148.8314208984375,338.672119140625,89.40201568603516,8.441107749938965,237.08541870117188,83.58969116210938,106.65544891357422,23.575857162475586,155.07000732421875,17.729999542236328,69.22000122070312,92.1476821899414,63.959651947021484,18890.7890625,1324.38818359375
2022-09-21,151.04327392578125,232.18455505371094,13.243632316589355,118.54000091552734,98.46617889404297,141.013427734375,300.79998779296875,102.55841827392578,80.84146118164062,147.30674743652344,332.8976135253906,87.90345001220703,8.47635555267334,233.42332458496094,82.3809585571289,104.94389343261719,23.244810104370117,155.7899932861328,18.059999465942383,68.68000030517578,93.69142150878906,64.13548278808594,18547.400390625,1252.6077880859375
2022-09-22,150.08033752441406,234.15708923339844,12.544548034667969,117.30999755859375,99.31912994384766,141.7079620361328,288.5899963378906,101.39139556884766,80.5036849975586,149.92300415039062,330.1004333496094,86.9462661743164,8.379429817199707,228.99038696289062,80.4844741821289,103.69751739501953,23.137441635131836,155.6999969482422,18.09000015258789,68.97000122070312,91.2977523803711,63.47610092163086,19413.55078125,1327.68017578125
2022-09-23,147.810546875,231.1837158203125,12.49960994720459,113.77999877929688,97.93058776855469,139.31671142578125,275.3299865722656,99.5041732788086,76.21941375732422,150.4102325439453,324.420654296875,85.38430786132812,8.36180591583252,225.03005981445312,78.66476440429688,102.29632568359375,22.448509216308594,153.00999450683594,17.360000610351562,65.31999969482422,91.67066192626953,63.300270080566406,19297.638671875,1328.259521484375
2022-09-24,,,,,,,,,,,,,,,,,,,,,,,18937.01171875,1317.9932861328125
2022-09-25,,,,,,,,,,,,,,,,,,,,,,,18802.09765625,1294.216796875
2022-09-26,148.1446533203125,230.72708129882812,12.211986541748047,115.1500015258789,97.36528015136719,135.3081817626953,276.010009765625,97.36163330078125,74.6461410522461,149.49002075195312,321.06402587890625,84.431884765625,8.256075859069824,221.43836975097656,77.37580871582031,99.37281799316406,22.07272720336914,151.22999572753906,16.920000076293945,63.20000076293945,89.91878509521484,62.4914436340332,19222.671875,1335.3201904296875
2022-09-27,149.11740112304688,229.71653747558594,12.396743774414062,114.41000366210938,96.70076751708984,133.35350036621094,282.94000244140625,96.504638671875,76.21051788330078,148.80435180664062,320.39825439453125,84.3366470336914,8.220830917358398,221.0413818359375,77.59381103515625,98.09272766113281,22.010099411010742,151.5399932861328,16.899999618530273,64.41999816894531,87.5511245727539,62.21888732910156,19110.546875,1330.127685546875
2022-09-28,147.23081970214844,234.2445526123047,12.719321250915527,118.01000213623047,99.2298812866211,140.5074005126953,287.80999755859375,98.45569610595703,78.98374938964844,150.08543395996094,326.7218017578125,86.13671875,8.335371971130371,226.52346801757812,79.86843872070312,100.13397216796875,22.367982864379883,154.69000244140625,17.450000762939453,67.12999725341797,90.48252868652344,63.18599319458008,19426.720703125,1337.410888671875
2022-09-29,139.9989776611328,230.77565002441406,12.203995704650879,114.80000305175781,96.62142181396484,135.34788513183594,268.2099914550781,96.78728485107422,78.82377624511719,148.43446350097656,319.8649597167969,84.30807495117188,8.291316986083984,221.81642150878906,78.11505126953125,97.17587280273438,22.05483055114746,154.66000366210938,17.3700008392334,66.7699966430664,90.01421356201172,62.860694885253906,19573.05078125,1335.65234375
2022-09-30,135.79351806640625,226.3058624267578,12.123101234436035,113.0,94.86593627929688,134.62355041503906,265.25,95.27383422851562,77.60602569580078,147.37890625,315.06512451171875,83.1556396484375,8.2913179397583,220.08673095703125,77.61274719238281,98.27436065673828,22.001150131225586,154.6699981689453,17.5,65.27999877929688,88.85204315185547,62.711219787597656,19431.7890625,1327.9786376953125
2022-10-01,,,,,,,,,,,,,,,,,,,,,,,19312.095703125,1311.6444091796875
2022-10-02,,,,,,,,,,,,,,,,,,,,,,,19044.107421875,1276.093505859375
2022-10-03,139.96949768066406,233.92393493652344,12.495615005493164,115.87999725341797,97.8314208984375,137.53073120117188,242.39999389648438,98.21865844726562,81.70366668701172,147.23452758789062,323.2267150878906,85.30810546875,8.353127479553223,226.58018493652344,79.81158447265625,100.0474624633789,22.439563751220703,158.42999267578125,19.100000381469727,67.88999938964844,90.26384735107422,63.23637771606445,19623.580078125,1323.439208984375
2022-10-04,143.5559539794922,241.83346557617188,13.149755477905273,121.08999633789062,100.80682373046875,139.187744140625,249.44000244140625,102.81367492675781,84.68133544921875,149.41786193847656,333.13116455078125,88.07966613769531,8.37078857421875,234.83163452148438,83.07188415527344,102.06278991699219,23.244810104370117,160.6999969482422,19.360000610351562,70.27999877929688,90.01172637939453,63.394981384277344,20336.84375,1362.1265869140625
2022-10-05,143.8507080078125,242.1443634033203,13.19170093536377,120.94999694824219,100.59855651855469,137.89784240722656,240.80999755859375,101.54426574707031,88.10342407226562,148.95770263671875,332.49310302734375,87.860595703125,8.326642036437988,233.5367431640625,82.61695861816406,100.0474624633789,23.056921005249023,159.80999755859375,18.989999771118164,71.94000244140625,89.15109252929688,63.060123443603516,20160.716796875,1352.837158203125
2022-10-06,142.89764404296875,239.80258178710938,13.112805366516113,120.30000305175781,100.58863067626953,137.9871368408203,238.1300048828125,99.47456359863281,90.71664428710938,146.07077026367188,329.1694030761719,87.05103302001953,8.30014705657959,231.20213317871094,82.02935791015625,97.26236724853516,22.74376678466797,159.6300048828125,19.040000915527344,72.98999786376953,88.65557098388672,62.8222541809082,19955.443359375,1351.70947265625
2022-10-07,137.65061950683594,227.6079559326172,12.06018352508545,114.55999755859375,97.87108612060547,132.41091918945312,223.07000732421875,97.48764038085938,89.80113220214844,144.52806091308594,319.960205078125,84.5652084350586,8.26483154296875,224.9449920654297,79.80208587646484,94.90973663330078,22.350088119506836,157.8800048828125,18.5,75.0999984741211,87.79490661621094,62.496253967285156,19546.849609375,1332.5169677734375
2022-10-08,,,,,,,,,,,,,,,,,,,,,,,19416.568359375,1315.50048828125
2022-10-09,,,,,,,,,,,,,,,,,,,,,,,19446.42578125,1322.604248046875
2022-10-10,137.97488403320312,222.7592315673828,11.654717445373535,113.66999816894531,97.05782318115234,132.74826049804688,222.9600067138672,96.57697296142578,87.85453033447266,144.71749877929688,317.56024169921875,83.88900756835938,8.229510307312012,222.93174743652344,79.2618637084961,94.02749633789062,22.162200927734375,155.47999572753906,18.09000015258789,73.77999877929688,86.43006134033203,62.21430969238281,19141.484375,1291.337646484375
2022-10-11,136.55992126464844,219.02793884277344,11.570826530456543,112.20999908447266,96.3833999633789,127.53910064697266,216.5,93.7897720336914,87.10791778564453,146.810546875,315.4936828613281,83.37471008300781,8.229510307312012,221.4950408935547,79.2428970336914,95.03947448730469,21.893781661987305,155.16000366210938,17.68000030517578,71.75,86.81256103515625,62.231895446777344,19051.41796875,1279.57568359375
2022-10-12,135.9310760498047,219.35830688476562,11.484940528869629,112.9000015258789,96.7602767944336,126.50723266601562,217.24000549316406,95.30756378173828,87.49011993408203,146.77444458007812,314.4651184082031,83.1175308227539,8.238338470458984,220.17181396484375,78.86377716064453,93.9756088256836,21.840099334716797,155.99000549316406,17.59000015258789,70.93000030517578,87.238525390625,62.30238723754883,19157.4453125,1294.9063720703125
2022-10-13,140.5001678466797,227.6079559326172,11.944336891174316,112.52999877929688,98.24798583984375,129.27548217773438,221.72000122070312,100.60600280761719,90.54776763916016,148.99380493164062,322.67437744140625,85.17477416992188,8.194189071655273,224.7086944580078,80.50344848632812,95.69682312011719,22.1711483001709,154.91000366210938,17.389999389648438,72.5199966430664,86.40399169921875,62.082130432128906,19382.904296875,1288.1239013671875
2022-10-14,135.97039794921875,222.08872985839844,11.212297439575195,106.9000015258789,95.76847839355469,125.77300262451172,204.99000549316406,102.2801742553711,88.1656494140625,148.3712921142578,315.0555725097656,83.1175308227539,8.16769790649414,218.24362182617188,78.43729400634766,93.326904296875,21.831153869628906,152.97999572753906,16.809999465942383,70.16999816894531,85.69111633300781,61.782562255859375,19185.65625,1297.422119140625
2022-10-15,,,,,,,,,,,,,,,,,,,,,,,19067.634765625,1274.8717041015625
2022-10-16,,,,,,,,,,,,,,,,,,,,,,,19268.09375,1306.296630859375
2022-10-17,139.93020629882812,230.80477905273438,11.872429847717285,113.79000091552734,99.15052032470703,132.99632263183594,219.35000610351562,106.57594299316406,89.43670654296875,150.29293823242188,323.39813232421875,85.39384460449219,8.176528930664062,224.3117218017578,80.73091125488281,96.82125091552734,22.376928329467773,153.4199981689453,17.1200008392334,70.12999725341797,85.2738037109375,61.91472625732422,19550.7578125,1331.713623046875
2022-10-18,141.2469024658203,231.74729919433594,11.951329231262207,116.36000061035156,99.94396209716797,131.7659912109375,220.19000244140625,109.31714630126953,89.5967025756836,149.76966857910156,327.09326171875,86.41292572021484,8.185361862182617,227.67657470703125,81.90614318847656,97.91107177734375,22.511137008666992,153.75,17.229999542236328,68.69999694824219,85.47373962402344,62.05570602416992,19334.416015625,1310.447021484375
2022-10-19,141.35498046875,229.78451538085938,12.035218238830566,115.06999969482422,98.81329345703125,132.19261169433594,222.0399932861328,107.17385864257812,92.25438690185547,148.57879638671875,324.9123229980469,85.67000579833984,8.123551368713379,224.34951782226562,80.31388092041016,95.4113998413086,22.19798469543457,151.69000244140625,17.010000228881836,70.04000091552734,83.91763305664062,61.544647216796875,19139.53515625,1285.7442626953125
2022-10-20,140.89312744140625,229.46385192871094,12.178031921386719,115.25,99.15052032470703,130.505859375,207.27999877929688,106.82430267333984,92.37882232666016,148.95770263671875,322.360107421875,84.97474670410156,8.070571899414062,222.13778686523438,79.29029083251953,95.0654296875,22.20693588256836,151.4499969482422,17.170000076293945,70.18000030517578,82.48319244384766,61.13053894042969,19053.740234375,1283.200927734375
2022-10-21,144.70559692382812,235.26480102539062,12.449674606323242,119.31999969482422,100.30101013183594,128.99769592285156,214.44000244140625,112.43551635742188,94.09430694580078,152.20553588867188,330.0169372558594,86.92721557617188,8.070571899414062,226.66522216796875,80.88253021240234,95.81793212890625,22.555877685546875,154.14999389648438,17.760000228881836,70.56999969482422,80.99666595458984,61.23625946044922,19172.46875,1299.9464111328125
2022-10-22,,,,,,,,,,,,,,,,,,,,,,,19208.189453125,1314.2991943359375
2022-10-23,,,,,,,,,,,,,,,,,,,,,,,19567.0078125,1363.447021484375
2022-10-24,146.84765625,240.2495574951172,12.582501411437988,119.81999969482422,101.67961120605469,128.70994567871094,211.25,112.57347106933594,94.75205993652344,154.25347900390625,333.94061279296875,87.84154510498047,8.061739921569824,228.6879425048828,81.31852722167969,95.80927276611328,22.350088119506836,153.64999389648438,17.68000030517578,70.37999725341797,80.3272705078125,61.14815902709961,19345.572265625,1344.99853515625
2022-10-25,149.6873321533203,243.56304931640625,13.243632316589355,120.5999984741211,103.6235580444336,136.4392852783203,222.4199981689453,112.86784362792969,94.11209869384766,154.0098876953125,339.3690490722656,89.45113372802734,8.141207695007324,234.24563598632812,83.48890686035156,99.58041381835938,22.725872039794922,154.0,17.860000610351562,70.61000061035156,82.66580963134766,61.72967529296875,20095.857421875,1461.6654052734375
2022-10-26,146.74937438964844,224.77066040039062,12.879110336303711,115.66000366210938,94.15184783935547,128.80917358398438,224.63999938964844,114.16486358642578,95.23204803466797,155.3631591796875,336.8739013671875,88.88920593261719,8.176528930664062,234.39686584472656,83.67847442626953,99.49391174316406,22.967443466186523,154.97999572753906,17.979999542236328,72.97000122070312,83.85680389404297,61.97639465332031,20770.44140625,1566.566650390625
2022-10-27,142.2786102294922,220.32997131347656,13.158743858337402,110.95999908447266,91.46405029296875,97.17742156982422,225.08999633789062,114.61558532714844,95.59649658203125,155.45333862304688,334.8262939453125,88.45109558105469,8.22067928314209,234.88836669921875,83.76376342773438,99.6150131225586,22.833240509033203,154.74000549316406,17.979999542236328,73.62000274658203,84.73485565185547,62.30238723754883,20285.8359375,1514.3748779296875
2022-10-28,153.028076171875,229.19178771972656,13.81588363647461,103.41000366210938,95.50070190429688,98.42758178710938,228.52000427246094,115.97699737548828,98.39637756347656,157.76292419433594,343.1022644042969,90.55592346191406,8.194189071655273,239.7938690185547,85.37496948242188,101.85520935058594,22.91376304626465,153.16000366210938,17.739999771118164,72.81999969482422,84.15238189697266,62.17905044555664,20595.3515625,1555.4779052734375
2022-10-29,,,,,,,,,,,,,,,,,,,,,,,20818.4765625,1619.698486328125
2022-10-30,,,,,,,,,,,,,,,,,,,,,,,20635.603515625,1590.7833251953125
2022-10-31,150.66986083984375,225.55767822265625,13.479324340820312,102.44000244140625,93.73528289794922,92.43462371826172,227.5399932861328,115.79301452636719,98.49413299560547,156.95095825195312,340.55950927734375,89.94639587402344,8.177372932434082,238.83924865722656,85.30862426757812,101.70816802978516,22.752710342407227,151.91000366210938,17.6200008392334,71.52999877929688,83.55252838134766,61.985198974609375,20495.7734375,1572.7144775390625
2022-11-01,148.02671813964844,221.70980834960938,13.525264739990234,96.79000091552734,89.7283935546875,94.45872497558594,227.82000732421875,117.88111114501953,99.4719009399414,156.1570587158203,339.1594543457031,89.6797103881836,8.195074081420898,239.61428833007812,85.58348846435547,101.68219757080078,23.012178421020508,153.4600067138672,18.049999237060547,73.12000274658203,84.3333740234375,62.0496826171875,20485.2734375,1579.70458984375
2022-11-02,142.50460815429688,213.86827087402344,13.201688766479492,92.12000274658203,86.257080078125,89.83503723144531,214.97999572753906,116.79568481445312,97.42752075195312,153.75726318359375,330.6835632324219,87.31770324707031,8.186222076416016,232.94125366210938,82.87285614013672,98.86251068115234,22.74376678466797,152.38999938964844,17.729999542236328,74.08000183105469,83.96736907958984,61.95253372192383,20159.50390625,1519.7117919921875
2022-11-03,136.46168518066406,208.1839141845703,13.403423309326172,89.30000305175781,82.74610137939453,88.21771240234375,215.30999755859375,117.00724792480469,98.75191497802734,154.01890563964844,327.2265319824219,86.47006225585938,8.150823593139648,232.55372619628906,82.50321960449219,98.75005340576172,22.61850929260254,151.80999755859375,17.940000534057617,73.29000091552734,83.5141830444336,61.71407699584961,20209.98828125,1531.541748046875
2022-11-04,136.19595336914062,215.1217498779297,14.13746166229248,90.9800033569336,85.87029266357422,90.08308410644531,207.47000122070312,120.20838165283203,99.82743835449219,154.70455932617188,331.75030517578125,87.55582427978516,8.141976356506348,235.11521911621094,83.43203735351562,100.08207702636719,23.432703018188477,156.47000122070312,19.260000228881836,76.81999969482422,82.11109924316406,61.73175048828125,21147.23046875,1645.0933837890625
2022-11-05,,,,,,,,,,,,,,,,,,,,,,,21282.69140625,1627.968017578125
2022-11-06,,,,,,,,,,,,,,,,,,,,,,,20926.486328125,1572.2347412109375
2022-11-07,136.72740173339844,221.41830444335938,14.282271385192871,90.52999877929688,87.76463317871094,95.96688842773438,197.0800018310547,120.84309387207031,101.0096206665039,156.05780029296875,334.9500732421875,88.35582733154297,8.124275207519531,236.5330047607422,84.05757141113281,100.0907211303711,23.566904067993164,155.85000610351562,19.149999618530273,76.55999755859375,81.29190063476562,61.49329376220703,20602.81640625,1568.59130859375
2022-11-08,137.2982940673828,222.38998413085938,14.582876205444336,89.9800033569336,88.1712646484375,95.71885681152344,191.3000030517578,120.91669464111328,101.32960510253906,156.8336944580078,336.82623291015625,88.81299591064453,8.159672737121582,238.0169219970703,84.23763275146484,100.4540023803711,23.772695541381836,159.4499969482422,19.700000762939453,74.47000122070312,82.18080139160156,61.7670783996582,18541.271484375,1332.8355712890625
2022-11-09,132.74136352539062,218.15341186523438,13.757957458496094,86.13999938964844,86.60420989990234,100.679931640625,177.58999633789062,119.34371185302734,96.79644775390625,155.57968139648438,329.8931884765625,86.90817260742188,8.168522834777832,233.29100036621094,82.21890258789062,99.3122787475586,23.450597763061523,158.64999389648438,19.360000610351562,71.66999816894531,82.45096588134766,61.85540008544922,15880.7802734375,1100.1697998046875
2022-11-10,144.5519561767578,236.1004638671875,15.72937297821045,96.62999725341797,93.1699447631836,110.99895477294922,190.72000122070312,124.25582122802734,98.2186050415039,157.4020538330078,348.2068176269531,91.88932037353516,8.3278226852417,247.33645629882812,87.35578155517578,106.6902084350586,24.488468170166016,163.47999572753906,19.969999313354492,72.23999786376953,85.62318420410156,63.13595962524414,17586.771484375,1299.464599609375
2022-11-11,147.33729553222656,240.11355590820312,16.305618286132812,100.79000091552734,95.61972045898438,112.13998413085938,195.97000122070312,124.45819091796875,101.28515625,152.6927032470703,351.42578125,92.80363464355469,8.310123443603516,249.61434936523438,88.24671173095703,106.62965393066406,25.03424835205078,164.55999755859375,19.950000762939453,74.37999725341797,85.30946350097656,63.13595962524414,17034.29296875,1287.2210693359375
2022-11-12,,,,,,,,,,,,,,,,,,,,,,,16799.185546875,1255.268310546875
2022-11-13,,,,,,,,,,,,,,,,,,,,,,,16353.365234375,1221.8192138671875
2022-11-14,145.939697265625,234.71095275878906,16.27366065979004,98.48999786376953,94.91552734375,113.33065032958984,190.9499969482422,123.1795654296875,101.58084106445312,155.09249877929688,348.3687438964844,91.91789245605469,8.310123443603516,246.47633361816406,87.12833404541016,103.96562194824219,24.83740997314453,164.9199981689453,20.239999771118164,71.91000366210938,85.10030364990234,62.93282699584961,16618.19921875,1241.604248046875
2022-11-15,147.6719207763672,235.11911010742188,16.644176483154297,98.94000244140625,97.63306427001953,116.1683578491211,194.4199981689453,122.28730010986328,102.26181030273438,155.52552795410156,351.42578125,92.84174346923828,8.3632230758667,249.43472290039062,88.52156066894531,105.16791534423828,25.11477279663086,165.5,19.8799991607666,73.25,86.47724151611328,63.37438201904297,16884.61328125,1251.7362060546875
2022-11-16,146.44163513183594,235.5478057861328,15.889163970947266,97.12000274658203,98.03970336914062,112.34834289550781,186.9199981689453,122.4528579711914,101.1686782836914,156.49085998535156,348.6067810058594,91.91789245605469,8.416324615478516,246.2211456298828,86.9198226928711,104.1645736694336,24.9268856048584,165.1199951171875,19.739999771118164,72.04000091552734,88.36834716796875,63.736473083496094,16669.439453125,1215.6025390625
2022-11-17,148.3411865234375,235.49913024902344,15.656469345092773,94.8499984741211,97.55371856689453,110.58220672607422,183.1699981689453,121.91934204101562,101.30307006835938,157.75390625,347.59735107421875,91.54645538330078,8.37207317352295,243.9716033935547,86.23744201660156,103.49858856201172,24.917930603027344,163.9199981689453,19.290000915527344,70.13999938964844,87.43585205078125,63.471534729003906,16687.517578125,1200.80859375
2022-11-18,148.9022216796875,235.05087280273438,15.388821601867676,94.13999938964844,96.63134765625,111.17754364013672,180.19000244140625,123.11518096923828,100.42498779296875,158.96282958984375,349.2638854980469,91.97505187988281,8.3632230758667,245.7579803466797,86.73973846435547,104.81328582763672,24.908987045288086,162.7899932861328,19.25,69.02999877929688,86.83453369140625,63.36554718017578,16697.77734375,1212.30029296875
2022-11-19,,,,,,,,,,,,,,,,,,,,,,,16711.546875,1218.4267578125
2022-11-20,,,,,,,,,,,,,,,,,,,,,,,16291.83203125,1142.4666748046875
2022-11-21,145.67398071289062,235.85963439941406,15.296940803527832,92.45999908447266,94.81634521484375,109.00458526611328,167.8699951171875,122.38847351074219,99.430419921875,159.780029296875,347.94964599609375,91.57501983642578,8.3632230758667,245.0963592529297,86.38908386230469,105.34090423583984,24.6853084564209,161.8800048828125,19.200000762939453,69.02999877929688,87.20056915283203,63.36554718017578,15787.2841796875,1108.35302734375
2022-11-22,147.80967712402344,238.763427734375,16.01699447631836,93.19999694824219,96.25446319580078,110.57228088378906,169.91000366210938,124.218994140625,102.3066177368164,160.5518341064453,352.6828308105469,92.81316375732422,8.398624420166016,248.2060546875,87.63065338134766,105.99826049804688,24.971620559692383,162.07000732421875,19.43000030517578,69.9800033569336,88.43807220458984,63.69232177734375,16189.76953125,1135.1734619140625
2022-11-23,148.68568420410156,241.24819946289062,16.49736213684082,94.12999725341797,97.65290069580078,111.36605834960938,183.1999969482422,125.54365539550781,101.79589080810547,160.72430419921875,354.78753662109375,93.36556243896484,8.442875862121582,249.61434936523438,87.88655853271484,106.00691223144531,25.204246520996094,163.0800018310547,19.809999465942383,67.41000366210938,89.98058319091797,64.08091735839844,16610.70703125,1183.1995849609375
2022-11-24,,,,,,,,,,,,,,,,,,,,,,,16604.46484375,1203.983154296875
2022-11-25,145.7723846435547,241.16050720214844,16.248693466186523,93.41000366210938,96.66109466552734,110.54252624511719,182.86000061035156,125.78280639648438,101.4374771118164,160.9331817626953,354.6922912597656,93.3846206665039,8.442875862121582,250.20982360839844,88.22772979736328,106.74211120605469,25.320556640625,163.22000122070312,19.719999313354492,66.95999908447266,89.6755599975586,64.08091735839844,16521.841796875,1198.9259033203125
2022-11-26,,,,,,,,,,,,,,,,,,,,,,,16464.28125,1205.89794921875
2022-11-27,,,,,,,,,,,,,,,,,,,,,,,16444.626953125,1195.126953125
2022-11-28,141.94378662109375,235.57701110839844,15.806273460388184,93.94999694824219,95.26265716552734,107.9330062866211,182.9199981689453,123.58432006835938,98.39104461669922,161.01490783691406,349.21630859375,91.89884185791016,8.442875862121582,245.84307861328125,86.49332427978516,103.8272705078125,25.016353607177734,161.92999267578125,19.260000228881836,66.87999725341797,89.92829132080078,64.00141906738281,16217.322265625,1170.086181640625
2022-11-29,138.94190979003906,234.1836395263672,15.618518829345703,92.41999816894531,94.40969848632812,108.60769653320312,180.8300018310547,125.6172103881836,99.04513549804688,159.8889617919922,348.6925354003906,91.80360412597656,8.40747356414795,246.3629150390625,86.85347747802734,105.61767578125,25.195295333862305,162.72999572753906,19.559999465942383,68.33999633789062,88.87381744384766,63.762977600097656,16444.982421875,1216.9012451171875
2022-11-30,145.69363403320312,248.6148681640625,16.905160903930664,96.54000091552734,100.16216278076172,117.18042755126953,194.6999969482422,127.10740661621094,99.76193237304688,161.6232147216797,359.5778503417969,94.6513442993164,8.48021125793457,253.5179901123047,89.0902328491211,108.01355743408203,25.794757843017578,164.80999755859375,20.43000030517578,70.2300033569336,89.52742767333984,64.25752258300781,17168.56640625,1295.6885986328125
2022-12-01,145.96923828125,248.17636108398438,17.1169376373291,95.5,100.16216278076172,119.50221252441406,194.6999969482422,125.32286071777344,99.27810668945312,162.29518127441406,359.3207092285156,94.62275695800781,8.560047149658203,254.26470947265625,89.06177520751953,107.7021713256836,25.902128219604492,167.83999633789062,20.979999542236328,70.44999694824219,92.38742065429688,64.79306030273438,16967.1328125,1276.27392578125
2022-12-02,145.4771270751953,248.49794006347656,16.858213424682617,94.12999725341797,99.61666107177734,122.5284652709961,194.86000061035156,124.32941436767578,98.43585205078125,162.42227172851562,358.92071533203125,94.55608367919922,8.58665657043457,253.86770629882812,89.27976989746094,107.42540740966797,25.902128219604492,167.25999450683594,21.290000915527344,69.83999633789062,93.54928588867188,65.05857849121094,17088.66015625,1294.3033447265625
2022-12-03,,,,,,,,,,,,,,,,,,,,,,,16908.236328125,1243.3348388671875
2022-12-04,,,,,,,,,,,,,,,,,,,,,,,17130.486328125,1280.256591796875
2022-12-05,144.3157501220703,243.8012237548828,16.592487335205078,91.01000213623047,98.66454315185547,121.47672271728516,182.4499969482422,120.84309387207031,95.73884582519531,162.3314666748047,352.5018615722656,92.70838928222656,8.52456283569336,248.0831756591797,86.90087890625,105.41009521484375,25.553184509277344,164.38999938964844,20.440000534057617,67.72000122070312,92.23892974853516,64.54521179199219,16974.826171875,1259.6767578125
2022-12-06,140.6544647216797,238.85110473632812,15.970148086547852,88.25,96.18502807617188,113.2314224243164,179.82000732421875,121.04545593261719,93.07769012451172,159.89805603027344,347.43548583984375,91.35596466064453,8.560047149658203,245.0301971435547,85.69720458984375,104.50190734863281,25.418975830078125,164.83999633789062,20.440000534057617,65.2300033569336,93.42697143554688,64.75763702392578,17089.50390625,1271.65380859375
2022-12-07,138.71556091308594,238.12030029296875,16.103010177612305,88.45999908447266,94.16175079345703,113.04289245605469,174.0399932861328,120.96268463134766,92.87161254882812,160.86959838867188,346.79730224609375,91.17501068115234,8.622138023376465,244.86009216308594,85.42235565185547,104.67489624023438,25.356348037719727,166.3300018310547,20.920000076293945,63.650001525878906,95.62832641601562,65.32416534423828,16848.126953125,1232.4375
2022-12-08,140.3985595703125,241.0727996826172,17.15089988708496,90.3499984741211,92.94184112548828,114.4320068359375,173.44000244140625,122.23211669921875,93.56153869628906,160.8968505859375,349.4543762207031,91.88932037353516,8.60439682006836,246.68429565429688,86.03840637207031,105.41873168945312,25.517398834228516,166.47000122070312,21.209999084472656,62.709999084472656,95.36625671386719,65.13825225830078,17233.474609375,1281.1163330078125
2022-12-09,139.91629028320312,239.14341735839844,16.983078002929688,89.08999633789062,92.06905364990234,114.99756622314453,179.0500030517578,121.5698013305664,92.77303314208984,159.5711669921875,346.902099609375,91.18455505371094,8.551175117492676,244.8033905029297,85.21385192871094,105.22846221923828,25.52634620666504,167.05999755859375,21.559999465942383,62.849998474121094,92.8853759765625,64.75763702392578,17133.15234375,1264.2847900390625
2022-12-10,,,,,,,,,,,,,,,,,,,,,,,17128.724609375,1266.3841552734375
2022-12-11,,,,,,,,,,,,,,,,,,,,,,,17104.193359375,1263.8685302734375
2022-12-12,142.2095184326172,246.05209350585938,17.516515731811523,90.55000305175781,92.54511260986328,113.81682586669922,167.82000732421875,123.45551300048828,95.05786895751953,161.4779815673828,351.85430908203125,92.48934173583984,8.551175117492676,248.6881103515625,86.35118103027344,106.0241928100586,25.52634620666504,165.67999267578125,21.459999084472656,64.41000366210938,93.18238067626953,64.75763702392578,17206.4375,1274.6190185546875
2022-12-13,143.17404174804688,250.349365234375,18.052953720092773,92.48999786376953,94.84609985351562,119.2144775390625,160.9499969482422,123.33594512939453,96.09725189208984,162.72189331054688,354.4351806640625,93.18460845947266,8.60439682006836,250.75804138183594,86.99565124511719,108.0049057006836,25.803709030151367,168.50999450683594,21.829999923706055,65.86000061035156,94.08214569091797,65.2002182006836,17781.318359375,1320.5491943359375
2022-12-14,140.94972229003906,250.64169311523438,17.655366897583008,91.58000183105469,94.29068756103516,120.64324188232422,156.8000030517578,122.71961212158203,95.389404296875,163.22129821777344,352.3590393066406,92.66077423095703,8.622138023376465,248.97164916992188,86.58811950683594,107.22647094726562,25.830547332763672,168.10000610351562,21.989999771118164,67.36000061035156,94.48395538330078,65.35954284667969,17815.650390625,1309.3287353515625
2022-12-15,134.34561157226562,242.6416473388672,16.934127807617188,88.44999694824219,90.11518859863281,115.24560546875,157.6699981689453,119.67485809326172,94.4754638671875,161.16017150878906,343.5975341796875,90.32736206054688,8.631009101867676,243.07363891601562,84.53145599365234,105.7906723022461,25.213191986083984,165.35000610351562,21.239999771118164,66.1500015258789,94.85265350341797,65.39493560791016,17364.865234375,1266.3538818359375
2022-12-16,132.38702392578125,238.43211364746094,16.553529739379883,87.86000061035156,89.5201187133789,118.50008392333984,150.22999572753906,118.92976379394531,93.81241607666016,159.5076141357422,339.797607421875,89.35588073730469,8.613268852233887,240.2097625732422,83.73532104492188,103.04882049560547,25.06468963623047,166.7899932861328,21.3700008392334,64.9000015258789,93.79309844970703,65.2267837524414,16647.484375,1168.2593994140625
2022-12-17,,,,,,,,,,,,,,,,,,,,,,,16795.091796875,1188.1495361328125
2022-12-18,,,,,,,,,,,,,,,,,,,,,,,16757.9765625,1184.7152099609375
2022-12-19,130.28077697753906,234.300537109375,16.23686408996582,84.91999816894531,87.71504211425781,113.58860778808594,149.8699951171875,119.63806915283203,94.2335433959961,159.33509826660156,336.7424011230469,88.46061706542969,8.560047149658203,237.58213806152344,82.63592529296875,101.76870727539062,25.010358810424805,166.32000732421875,21.1200008392334,66.06999969482422,92.21684265136719,64.83728790283203,16439.6796875,1167.60986328125
2022-12-20,130.2118682861328,235.6160430908203,16.068044662475586,85.19000244140625,88.29027557373047,116.17827606201172,137.8000030517578,120.21761322021484,95.59550476074219,159.5076141357422,337.10595703125,88.60347747802734,8.497953414916992,238.08309936523438,83.00555419921875,101.4919204711914,25.100910186767578,169.0800018310547,22.229999542236328,66.22000122070312,90.5793685913086,64.41242980957031,16906.3046875,1217.70361328125
2022-12-21,133.3121795654297,238.1787872314453,16.483606338500977,86.7699966430664,88.84568786621094,118.82749938964844,137.57000732421875,121.5698013305664,96.82301330566406,161.33267211914062,342.167724609375,89.96346282958984,8.515692710876465,241.7440643310547,84.44844818115234,102.3770751953125,25.327285766601562,168.8000030517578,22.06999969482422,68.05999755859375,90.80704498291016,64.56289672851562,16817.53515625,1213.5999755859375
2022-12-22,130.14300537109375,232.09837341308594,15.322830200195312,83.79000091552734,87.04060363769531,116.20805358886719,125.3499984741211,120.19000244140625,94.86970520019531,160.7424774169922,337.2207946777344,88.67143249511719,8.506823539733887,238.62672424316406,83.40963745117188,101.98230743408203,25.137128829956055,166.75999450683594,21.690000534057617,67.69999694824219,90.78952026367188,64.55406951904297,16830.341796875,1218.18212890625
2022-12-23,129.77886962890625,232.62451171875,15.189970970153809,85.25,88.49857330322266,117.12089538574219,123.1500015258789,120.76029968261719,97.37854766845703,161.15109252929688,339.2110900878906,89.1595230102539,8.48021125793457,240.09982299804688,83.8480224609375,102.86835479736328,25.19146156311035,167.25999450683594,21.850000381469727,69.31999969482422,89.45848846435547,64.35177612304688,16796.953125,1220.159423828125
2022-12-24,,,,,,,,,,,,,,,,,,,,,,,16847.755859375,1221.1485595703125
2022-12-25,,,,,,,,,,,,,,,,,,,,,,,16841.986328125,1218.9620361328125
2022-12-26,,,,,,,,,,,,,,,,,,,,,,,16919.8046875,1226.974365234375
2022-12-27,127.97772216796875,230.89981079101562,14.106115341186523,83.04000091552734,86.67363739013672,115.96992492675781,109.0999984741211,121.18345642089844,98.73153686523438,161.10565185546875,337.8618469238281,88.77670288085938,8.426989555358887,239.78622436523438,83.57164001464844,102.8244857788086,25.28200912475586,168.6699981689453,22.110000610351562,69.52999877929688,87.68965911865234,63.854923248291016,16717.173828125,1212.7916259765625
2022-12-28,124.05071258544922,228.53196716308594,14.021204948425293,81.81999969482422,85.31487274169922,114.71974182128906,112.70999908447266,121.84575653076172,97.10973358154297,160.4065399169922,333.8048095703125,87.67607116699219,8.409247398376465,236.497802734375,82.18022155761719,101.0699462890625,25.06468963623047,167.91000366210938,21.600000381469727,68.58000183105469,87.17301940917969,63.76618957519531,16552.572265625,1189.986083984375
2022-12-29,127.56438446044922,234.84620666503906,14.587607383728027,84.18000030517578,87.72496032714844,119.32360076904297,121.81999969482422,122.54486083984375,97.8444595336914,161.22372436523438,339.6895446777344,89.32223510742188,8.435861587524414,241.08827209472656,84.06723022460938,103.32454681396484,25.41783905029297,168.85000610351562,21.969999313354492,68.52999877929688,88.16251373291016,64.0057373046875,16642.341796875,1201.5953369140625
2022-12-30,127.87930297851562,233.68667602539062,14.598594665527344,84.0,87.50676727294922,119.40298461914062,123.18000030517578,123.35433959960938,98.83009338378906,160.3974151611328,338.8282470703125,89.10209655761719,8.429633140563965,239.94776916503906,83.80990600585938,102.52622985839844,25.227684020996094,169.63999938964844,22.020000457763672,70.11000061035156,87.18174743652344,63.739566802978516,16602.5859375,1199.2327880859375
2022-12-31,,,,,,,,,,,,,,,,,,,,,,,16547.49609375,1196.771240234375
2023-01-01,,,,,,,,,,,,,,,,,,,,,,,16625.080078125,1200.96484375
2023-01-02,,,,,,,,,,,,,,,,,,,,,,,16688.470703125,1214.6566162109375
2023-01-03,123.09602355957031,233.45281982421875,14.299909591674805,85.81999969482422,88.38947296142578,123.76873779296875,108.0999984741211,124.29261016845703,95.4342041015625,161.7957763671875,337.48876953125,88.71927642822266,8.465203285217285,238.78829956054688,83.33338928222656,102.6490478515625,25.354455947875977,171.05999755859375,22.049999237060547,67.63999938964844,88.84552764892578,64.07671356201172,16679.857421875,1214.77880859375
2023-01-04,124.36566162109375,223.24081420898438,14.733450889587402,85.13999938964844,87.35799407958984,126.37825012207031,113.63999938964844,125.45162200927734,95.71195983886719,163.5572509765625,340.0435485839844,89.48491668701172,8.509661674499512,242.34278869628906,84.6390609741211,104.97380065917969,25.74382781982422,172.6699981689453,21.889999389648438,64.30000305175781,90.06269836425781,64.44048309326172,16863.23828125,1256.526611328125
2023-01-05,123.04681396484375,216.6244659423828,14.249961853027344,83.12000274658203,85.4933853149414,125.95160675048828,110.33999633789062,125.42383575439453,97.85343170166016,162.34962463378906,336.1395263671875,88.4225845336914,8.500770568847656,239.14944458007812,83.72412872314453,102.11390686035156,25.58083152770996,170.52000427246094,21.389999389648438,64.77999877929688,90.43926239013672,64.36951446533203,16836.736328125,1250.4385986328125
2023-01-06,127.57421112060547,219.17742919921875,14.843338012695312,86.08000183105469,86.62405395507812,129.00759887695312,113.05999755859375,127.82391357421875,99.03617095947266,163.66619873046875,343.8230285644531,90.42284393310547,8.589692115783691,244.6332550048828,85.62067413330078,104.91238403320312,26.13319969177246,173.7100067138672,21.920000076293945,64.83000183105469,92.10302734375,65.07928466796875,16951.96875,1269.3790283203125
2023-01-07,,,,,,,,,,,,,,,,,,,,,,,16955.078125,1264.2703857421875
2023-01-08,,,,,,,,,,,,,,,,,,,,,,,17091.14453125,1287.3594970703125
2023-01-09,128.0958709716797,221.3114776611328,15.611527442932129,87.36000061035156,87.29846954345703,128.46189880371094,119.7699966430664,127.29569244384766,97.19036865234375,159.42591857910156,343.6220703125,90.43240356445312,8.616363525390625,245.40306091308594,85.83033752441406,104.8772964477539,26.33241081237793,174.10000610351562,21.739999771118164,65.87999725341797,92.59339904785156,65.25676727294922,17196.5546875,1321.5389404296875
2023-01-10,128.6666717529297,222.9971923828125,15.892230987548828,89.87000274658203,87.69520568847656,131.9545135498047,118.8499984741211,128.43551635742188,98.64191436767578,159.04454040527344,346.0237731933594,91.13106536865234,8.58080005645752,247.38938903808594,86.85960388183594,105.16680908203125,26.395797729492188,174.74000549316406,21.729999542236328,65.9000015258789,91.06095886230469,64.99945831298828,17446.29296875,1336.5860595703125
2023-01-11,131.38314819335938,229.74021911621094,15.984131813049316,95.08999633789062,90.76978302001953,131.85528564453125,123.22000122070312,129.38995361328125,99.78883361816406,158.790283203125,350.47314453125,92.33695983886719,8.625258445739746,251.12454223632812,88.09857177734375,108.93905639648438,26.540678024291992,174.6199951171875,21.549999237060547,68.05000305175781,92.54088592529297,65.34547424316406,17934.896484375,1387.9327392578125
2023-01-12,131.30438232421875,232.41018676757812,16.493595123291016,95.2699966430664,90.38299560546875,135.6455535888672,123.55999755859375,129.26022338867188,101.4464340209961,157.9912567138672,351.7169494628906,92.78678131103516,8.687501907348633,251.96083068847656,89.15644836425781,110.2900390625,26.839496612548828,176.63999938964844,21.8799991607666,68.61000061035156,94.36228942871094,65.85122680664062,18869.587890625,1417.9384765625
2023-01-13,132.63307189941406,233.11172485351562,16.881189346313477,98.12000274658203,91.36487579345703,135.91343688964844,122.4000015258789,132.52207946777344,101.38372039794922,157.47366333007812,353.1331481933594,93.18873596191406,8.660828590393066,252.6831512451172,89.57575988769531,109.640869140625,27.01154899597168,178.75999450683594,22.329999923706055,70.05000305175781,93.47783660888672,65.62940979003906,19909.57421875,1451.6148681640625
2023-01-14,,,,,,,,,,,,,,,,,,,,,,,20976.298828125,1550.7069091796875
2023-01-15,,,,,,,,,,,,,,,,,,,,,,,20880.798828125,1552.4794921875
2023-01-16,,,,,,,,,,,,,,,,,,,,,,,21169.6328125,1576.83349609375
2023-01-17,133.79444885253906,234.20310974121094,17.683340072631836,96.05000305175781,90.54167938232422,134.3060302734375,131.49000549316406,130.47415161132812,101.18659210205078,156.5021514892578,352.4154968261719,93.0451889038086,8.651936531066895,252.79718017578125,89.4995346069336,109.91281127929688,27.047767639160156,177.58999633789062,22.010000228881836,70.86000061035156,92.87364196777344,65.5406723022461,21161.51953125,1567.8460693359375
2023-01-18,133.07598876953125,229.77920532226562,17.35868263244629,95.45999908447266,90.37306213378906,131.98426818847656,128.77999877929688,126.55438232421875,99.10784912109375,154.141357421875,346.9231872558594,91.60960388183594,8.731962203979492,249.00515747070312,88.29871368408203,108.32495880126953,26.930051803588867,177.0800018310547,21.56999969482422,69.51000213623047,95.12409210205078,66.14397430419922,20688.78125,1515.5069580078125
2023-01-19,133.13507080078125,225.99844360351562,16.747329711914062,93.68000030517578,92.28724670410156,135.08985900878906,127.16999816894531,124.8678207397461,99.74402618408203,153.93251037597656,344.3205871582031,90.86309051513672,8.705291748046875,246.17291259765625,87.29801940917969,107.7547378540039,26.948162078857422,179.88999938964844,21.959999084472656,70.58999633789062,94.52865600585938,66.01090240478516,21086.79296875,1552.5565185546875
2023-01-20,135.69400024414062,234.07643127441406,17.820192337036133,97.25,97.21649932861328,138.28482055664062,133.4199981689453,125.17364501953125,101.56291961669922,153.2152099609375,350.8462829589844,92.61450958251953,8.669720649719238,250.96290588378906,88.90864562988281,109.05309295654297,27.22886848449707,179.2899932861328,22.020000457763672,71.55000305175781,92.99620056152344,65.71810150146484,22676.552734375,1659.754150390625
2023-01-21,,,,,,,,,,,,,,,,,,,,,,,22777.625,1627.1181640625
2023-01-22,,,,,,,,,,,,,,,,,,,,,,,22720.416015625,1628.382080078125
2023-01-23,138.88284301757812,236.37603759765625,19.172767639160156,97.5199966430664,98.97200775146484,142.15444946289062,143.75,127.20301818847656,101.03427124023438,152.8247528076172,355.0085754394531,93.77253723144531,8.651936531066895,254.32740783691406,90.15711975097656,109.52680969238281,27.346588134765625,179.6300048828125,21.579999923706055,71.5,92.55840301513672,65.55841827392578,22934.431640625,1628.2510986328125
2023-01-24,140.2804412841797,235.84988403320312,19.244693756103516,96.31999969482422,96.89913177490234,142.02548217773438,143.88999938964844,128.2965087890625,101.97509002685547,152.8247528076172,354.76934814453125,93.64813995361328,8.687501907348633,253.6811065673828,89.77590942382812,109.8250732421875,27.364700317382812,180.27999877929688,21.760000228881836,70.22000122070312,93.88941192626953,65.85122680664062,22636.46875,1556.604248046875
2023-01-25,139.62103271484375,234.45645141601562,19.30263328552246,97.18000030517578,94.439453125,140.39820861816406,144.42999267578125,128.9173583984375,101.4374771118164,153.91433715820312,354.7023620605469,93.6576919555664,8.696395874023438,254.1372528076172,89.93791961669922,109.85140991210938,27.482418060302734,181.11000061035156,21.969999313354492,70.51000213623047,94.1170883178711,65.93106079101562,23117.859375,1611.7110595703125
2023-01-26,141.6878662109375,241.65744018554688,19.7811279296875,99.22000122070312,96.72059631347656,146.15306091308594,160.27000427246094,129.7142791748047,105.51434326171875,153.35140991210938,358.63494873046875,94.68175506591797,8.67861270904541,256.8554992675781,90.73848724365234,111.0708236694336,27.5820255279541,179.47000122070312,21.989999771118164,70.93000030517578,93.67924499511719,65.80686950683594,23032.77734375,1603.10595703125
2023-01-27,143.62680053710938,241.8134002685547,20.343530654907227,102.23999786376953,98.5554428100586,150.55850219726562,177.89999389648438,130.02935791015625,103.5879135131836,152.75210571289062,359.534423828125,95.00714111328125,8.669720649719238,257.8248291015625,91.27217864990234,112.29022216796875,27.527692794799805,179.22000122070312,21.68000030517578,69.5,93.44281768798828,65.73587036132812,23078.728515625,1598.156494140625
2023-01-28,,,,,,,,,,,,,,,,,,,,,,,23031.08984375,1572.43505859375
2023-01-29,,,,,,,,,,,,,,,,,,,,,,,23774.56640625,1646.1556396484375
2023-01-30,140.74302673339844,236.5027618408203,19.141799926757812,100.55000305175781,96.14535522460938,145.9149169921875,166.66000366210938,128.92665100097656,101.75109100341797,147.09530639648438,354.9032897949219,93.74384307861328,8.643044471740723,254.61245727539062,90.09993743896484,110.87781524658203,27.24698257446289,178.75999450683594,21.65999984741211,68.0999984741211,93.10130310058594,65.54955291748047,22840.138671875,1567.3265380859375
2023-01-31,142.01268005371094,241.4723358154297,19.516407012939453,103.12999725341797,98.02977752685547,147.81005859375,173.22000122070312,129.69573974609375,103.94631958007812,148.38465881347656,360.1085205078125,95.24640655517578,8.699197769165039,259.0317687988281,92.30145263671875,113.21133422851562,27.355640411376953,179.41000366210938,21.829999923706055,69.31999969482422,93.84563446044922,65.85122680664062,23139.283203125,1586.535400390625
2023-02-01,143.13465881347656,246.28594970703125,20.920921325683594,105.1500015258789,99.60675811767578,151.92774963378906,181.41000366210938,129.3529052734375,102.80838012695312,149.74664306640625,363.868896484375,96.3470230102539,8.75267505645752,262.1396789550781,93.81678009033203,113.92191314697266,27.618242263793945,181.6699981689453,22.079999923706055,67.36000061035156,94.97374725341797,66.27454376220703,23723.76953125,1641.792724609375
2023-02-02,148.43960571289062,257.8328857421875,21.686115264892578,112.91000366210938,106.85682678222656,187.30014038085938,188.27000427246094,128.7505340576172,99.59169006347656,150.30960083007812,369.23681640625,97.85919189453125,8.761587142944336,266.0457458496094,95.36071014404297,116.47478485107422,27.59107780456543,177.89999389648438,21.56999969482422,66.56999969482422,95.09667205810547,66.31903839111328,23471.87109375,1643.2415771484375
2023-02-03,152.0615234375,251.7427520751953,21.077756881713867,103.38999938964844,103.92108917236328,185.07760620117188,189.97999572753906,130.7428741455078,100.28162384033203,149.46517944335938,365.4286193847656,96.81598663330078,8.690281867980957,262.3201904296875,94.43624877929688,114.29036712646484,27.283201217651367,173.4600067138672,20.56999969482422,64.4000015258789,93.6744155883789,65.73204040527344,23449.322265625,1664.74560546875
2023-02-04,,,,,,,,,,,,,,,,,,,,,,,23331.84765625,1667.0592041015625
2023-02-05,,,,,,,,,,,,,,,,,,,,,,,22955.666015625,1631.6458740234375
2023-02-06,149.3352508544922,250.20315551757812,21.066770553588867,102.18000030517578,102.05650329589844,184.6112518310547,194.75999450683594,131.51199340820312,100.11138916015625,148.3301544189453,363.20867919921875,96.13648223876953,8.627891540527344,260.35284423828125,93.21636199951172,113.49205780029297,26.948162078857422,173.82000732421875,20.479999542236328,65.5,92.98087310791016,65.32292938232422,22760.109375,1616.2470703125
2023-02-07,152.20916748046875,260.71722412109375,22.149627685546875,102.11000061035156,106.75765228271484,190.12796020507812,196.80999755859375,133.11514282226562,102.96965026855469,148.36651611328125,367.89727783203125,97.33280181884766,8.61898136138916,263.0615539550781,93.99785614013672,113.20255279541016,27.138320922851562,173.97999572753906,20.3799991607666,67.76000213623047,92.23462677001953,65.23399353027344,23264.291015625,1672.0035400390625
2023-02-08,149.52224731445312,259.9084777832031,22.18159294128418,100.05000305175781,98.5554428100586,182.0017547607422,201.2899932861328,132.17919921875,102.07364654541016,148.5571746826172,363.83062744140625,96.24175262451172,8.636802673339844,260.7995910644531,92.7874984741211,112.68496704101562,27.020605087280273,174.41000366210938,20.479999542236328,68.68000030517578,92.67359161376953,65.34962463378906,22939.3984375,1650.716796875
2023-02-09,148.48880004882812,256.8780212402344,22.31344985961914,98.23999786376953,94.23118591308594,176.53463745117188,207.32000732421875,130.12205505371094,102.45893096923828,146.5504913330078,360.673095703125,95.3325424194336,8.601152420043945,257.9483642578125,91.55809020996094,111.43924713134766,27.065876007080078,173.02999877929688,20.18000030517578,67.91999816894531,91.7956771850586,65.08280944824219,21819.0390625,1546.438232421875
2023-02-10,148.85354614257812,256.37127685546875,21.242584228515625,97.61000061035156,93.79479217529297,172.79400634765625,196.88999938964844,130.69654846191406,106.77770233154297,147.2314910888672,361.53424072265625,95.49526977539062,8.56550121307373,258.54718017578125,91.58667755126953,111.84280395507812,26.948162078857422,173.36000061035156,20.239999771118164,69.87000274658203,90.76852416992188,64.80711364746094,21651.18359375,1514.869140625
2023-02-11,,,,,,,,,,,,,,,,,,,,,,,21870.875,1539.9267578125
2023-02-12,,,,,,,,,,,,,,,,,,,,,,,21788.203125,1515.03369140625
2023-02-13,151.6529998779297,264.381103515625,21.765029907226562,99.54000091552734,93.83446502685547,178.03289794921875,194.63999938964844,132.11434936523438,106.36237335205078,147.7763214111328,365.7252197265625,96.59586334228516,8.583325386047363,261.3792724609375,92.67313385009766,112.85165405273438,27.14737319946289,172.47999572753906,20.200000762939453,69.5,91.53231811523438,64.98497009277344,21808.1015625,1507.1658935546875
2023-02-14,151.01226806640625,265.20941162109375,22.946786880493164,99.69999694824219,93.90388488769531,178.08253479003906,209.25,132.69813537597656,105.11636352539062,147.13160705566406,365.66778564453125,96.65328216552734,8.547673225402832,261.597900390625,92.7779769897461,111.93930053710938,27.15642738342285,172.61000061035156,20.1200008392334,69.4000015258789,91.32158660888672,64.76264953613281,22220.8046875,1556.8751220703125
2023-02-15,153.11184692382812,263.08953857421875,22.74000358581543,101.16000366210938,96.14535522460938,175.7805633544922,214.24000549316406,133.25413513183594,104.80034637451172,144.707275390625,366.7777404785156,97.12225341796875,8.529850006103516,264.1164855957031,93.7024154663086,112.38671112060547,27.01154899597168,170.88999938964844,19.889999389648438,69.0199966430664,90.47000122070312,64.6203384399414,24307.841796875,1673.7459716796875
2023-02-16,151.5150146484375,256.0854187011719,21.978809356689453,98.1500015258789,94.72708892822266,171.09730529785156,202.0399932861328,131.4193572998047,104.49336242675781,143.68121337890625,361.7543029785156,95.82066345214844,8.503106117248535,261.1512145996094,92.71124267578125,111.33399200439453,26.939105987548828,170.75,19.84000015258789,68.44999694824219,89.18826293945312,64.37133026123047,23623.474609375,1640.067626953125
2023-02-17,150.37156677246094,252.08998107910156,21.365453720092773,97.19999694824219,93.57659149169922,171.53390502929688,208.30999755859375,131.8085479736328,100.47541809082031,146.680908203125,360.8166198730469,95.55267333984375,8.520936965942383,259.6686096191406,92.59689331054688,110.86902618408203,26.89383316040039,171.25999450683594,20.010000228881836,67.0199966430664,89.8818130493164,64.51361083984375,24565.6015625,1694.7833251953125
2023-02-18,,,,,,,,,,,,,,,,,,,,,,,24641.27734375,1691.8194580078125
2023-02-19,,,,,,,,,,,,,,,,,,,,,,,24327.642578125,1681.4361572265625
2023-02-20,,,,,,,,,,,,,,,,,,,,,,,24829.1484375,1702.6751708984375
2023-02-21,146.35968017578125,246.82467651367188,20.63322639465332,94.58000183105469,91.03758239746094,170.7401123046875,197.3699951171875,129.38995361328125,100.3760986328125,144.49517822265625,353.5827941894531,93.53327178955078,8.440714836120605,253.65261840820312,90.1189956665039,108.64077758789062,26.622175216674805,170.6199951171875,20.06999969482422,66.69000244140625,88.13473510742188,63.953338623046875,24436.353515625,1658.036376953125
2023-02-22,146.78353881835938,245.6915283203125,20.73212242126465,95.79000091552734,90.89872741699219,169.78758239746094,200.86000061035156,128.3984375,99.0759048461914,144.29397583007812,353.0373840332031,93.47586059570312,8.458539962768555,253.4150390625,90.37631225585938,107.63191986083984,26.441072463989258,169.66000366210938,19.75,64.91999816894531,88.94242095947266,64.09562683105469,24188.84375,1643.231689453125
2023-02-23,147.26654052734375,248.8761444091797,23.639049530029297,95.81999969482422,90.14494323730469,170.70040893554688,202.07000732421875,129.42701721191406,99.98784637451172,144.24826049804688,354.951171875,93.95438385009766,8.485283851623535,254.5364227294922,90.80518341064453,108.4126968383789,26.55879020690918,169.57000732421875,19.6299991607666,66.37999725341797,89.81155395507812,64.32686614990234,23947.4921875,1651.0738525390625
2023-02-24,144.61495971679688,243.4545135498047,23.26145362854004,93.5,88.39937591552734,169.0632781982422,196.8800048828125,130.59458923339844,99.99687957763672,142.6387176513672,351.219482421875,92.9686279296875,8.440714836120605,252.15090942382812,90.04276275634766,106.58796691894531,26.13319969177246,168.35000610351562,19.09000015258789,67.0999984741211,88.6439437866211,63.97111892700195,23198.126953125,1608.3731689453125
2023-02-25,,,,,,,,,,,,,,,,,,,,,,,23175.375,1594.9149169921875
2023-02-26,,,,,,,,,,,,,,,,,,,,,,,23561.212890625,1640.817138671875
2023-02-27,145.80764770507812,244.37278747558594,23.476224899291992,93.76000213623047,89.1333236694336,168.2198944091797,207.6300048828125,131.73440551757812,99.81631469726562,142.32772827148438,352.3389587402344,93.25572204589844,8.449627876281738,252.6736602783203,90.24288940429688,106.7458724975586,26.35957908630371,169.00999450683594,18.93000030517578,66.25,88.88975524902344,64.07783508300781,23522.87109375,1634.326416015625
2023-02-28,145.30494689941406,243.64988708496094,23.1915283203125,94.2300033569336,89.3217544555664,173.5778350830078,205.7100067138672,132.837158203125,99.23844146728516,140.1603240966797,351.3055114746094,93.02603912353516,8.478215217590332,252.03689575195312,90.19524383544922,106.57044219970703,26.22374725341797,169.77999877929688,19.219999313354492,67.20999908447266,89.29359436035156,64.09562683105469,23147.353515625,1605.8951416015625
2023-03-01,143.2349395751953,240.57276916503906,22.674076080322266,92.16999816894531,89.61930847167969,172.06967163085938,202.77000427246094,132.09580993652344,100.12328338623047,139.52931213378906,349.66937255859375,92.65277862548828,8.424612998962402,251.3051300048828,90.35726165771484,105.21066284179688,26.441072463989258,170.75999450683594,19.290000915527344,68.06999969482422,88.33430480957031,63.71589279174805,23646.55078125,1663.4337158203125
2023-03-02,143.8263702392578,245.30078125,23.289419174194336,92.12999725341797,91.24585723876953,173.17103576660156,190.89999389648438,130.72434997558594,100.58378601074219,139.41952514648438,352.3772277832031,93.32273864746094,8.397809028625488,253.64309692382812,90.80518341064453,106.44760131835938,26.513513565063477,170.66000366210938,19.239999771118164,68.30000305175781,87.551025390625,63.58218765258789,23475.466796875,1647.3193359375
2023-03-03,148.8732452392578,249.38409423828125,23.864818572998047,94.9000015258789,92.88233184814453,183.8075714111328,197.7899932861328,133.1244354248047,101.85685729980469,140.85536193847656,358.0895690917969,94.8252944946289,8.460349082946777,257.3970947265625,92.07272338867188,108.10563659667969,26.8304443359375,172.49000549316406,19.549999237060547,69.86000061035156,89.67202758789062,64.07243347167969,22362.6796875,1569.1676025390625
2023-03-04,,,,,,,,,,,,,,,,,,,,,,,22353.349609375,1566.9239501953125
2023-03-05,,,,,,,,,,,,,,,,,,,,,,,22435.513671875,1564.46875
2023-03-06,151.63328552246094,250.92755126953125,23.529170989990234,93.75,94.35020446777344,183.4602813720703,193.80999755859375,132.3460235595703,102.75978088378906,142.26370239257812,358.347900390625,94.70089721679688,8.451416969299316,255.9430694580078,90.9195556640625,107.63191986083984,26.794225692749023,171.6199951171875,19.31999969482422,70.48999786376953,88.97676849365234,63.920902252197266,22429.7578125,1567.398681640625
2023-03-07,149.43515014648438,248.27044677734375,23.26740264892578,93.55000305175781,93.09061431884766,183.07333374023438,187.7100067138672,128.4540252685547,100.77337646484375,140.9193572998047,352.8652038574219,93.30359649658203,8.433544158935547,252.06539916992188,89.78543853759766,105.13170623779297,26.368633270263672,168.6199951171875,18.450000762939453,67.8499984741211,89.52239990234375,63.849632263183594,22219.76953125,1561.93310546875
2023-03-08,150.68698120117188,247.83084106445312,24.15961265563965,93.91999816894531,93.47740173339844,183.52976989746094,182.0,127.69415283203125,99.30165100097656,139.8859405517578,353.4010009765625,93.41844177246094,8.433544158935547,252.64511108398438,89.82355499267578,106.36864471435547,26.441072463989258,168.5399932861328,18.399999618530273,67.0999984741211,89.61041259765625,63.79611587524414,21718.080078125,1534.0882568359375
2023-03-09,148.4395294189453,246.48280334472656,23.415273666381836,92.25,91.563232421875,180.27528381347656,172.9199981689453,120.78124237060547,98.5341567993164,138.31298828125,346.93280029296875,91.5713119506836,8.460349082946777,246.66714477539062,87.43145751953125,103.90352630615234,26.1784725189209,170.1999969482422,18.440000534057617,66.23999786376953,89.83045196533203,64.01005554199219,20363.021484375,1438.6607666015625
2023-03-10,146.37939453125,242.83908081054688,22.944684982299805,90.7300033569336,89.8870849609375,178.1122589111328,173.44000244140625,123.8485107421875,97.31523132324219,138.65135192871094,341.8710021972656,90.00175476074219,8.558622360229492,240.01431274414062,84.84872436523438,100.44709777832031,25.952091217041016,173.8699951171875,18.860000610351562,67.13999938964844,92.92833709716797,64.7766342163086,20187.244140625,1429.1580810546875
2023-03-11,,,,,,,,,,,,,,,,,,,,,,,20632.41015625,1482.61669921875
2023-03-12,,,,,,,,,,,,,,,,,,,,,,,22163.94921875,1590.29296875
2023-03-13,148.32125854492188,248.0457763671875,22.9456844329834,92.43000030517578,90.3631591796875,179.49143981933594,174.47999572753906,121.62451934814453,96.19564819335938,139.97743225097656,341.3160705566406,89.7146224975586,8.621158599853516,238.113525390625,83.2952651977539,101.78931427001953,25.834379196166992,177.86000061035156,20.0,65.25,93.13956451416016,65.29362487792969,24197.533203125,1680.3089599609375
2023-03-14,150.4109649658203,254.75685119628906,24.041717529296875,94.87999725341797,93.19971466064453,192.50927734375,183.25999450683594,124.74736022949219,96.55680847167969,140.76390075683594,347.13372802734375,91.24592590332031,8.567554473876953,241.4969482421875,84.71529388427734,102.7894058227539,25.988313674926758,176.8300018310547,19.889999389648438,62.93000030517578,91.60823059082031,64.88362884521484,24746.07421875,1703.507080078125
2023-03-15,150.80528259277344,259.2992858886719,24.20656967163086,96.19999694824219,95.3221664428711,196.2102508544922,180.4499969482422,118.85379028320312,91.75334930419922,141.1571502685547,344.722412109375,90.49942016601562,8.647961616516113,237.3626708984375,83.07606506347656,102.62271881103516,25.372560501098633,178.2100067138672,20.0,60.02000045776367,93.37720489501953,65.55216979980469,24375.9609375,1656.1805419921875
2023-03-16,153.6244354248047,269.8103332519531,25.518409729003906,100.04000091552734,99.49765014648438,203.33432006835938,184.1300048828125,121.16118621826172,91.22064208984375,140.86451721191406,350.8271179199219,92.088134765625,8.603290557861328,240.84117126464844,84.26737213134766,102.4560317993164,25.65327262878418,178.57000732421875,19.920000076293945,60.04999923706055,92.64672088623047,65.24015045166016,25052.7890625,1677.2154541015625
2023-03-17,152.7865447998047,272.9656066894531,25.70224952697754,98.94999694824219,100.78700256347656,194.08689880371094,180.1300048828125,116.58348083496094,90.14616394042969,139.3555450439453,346.96142578125,90.92050170898438,8.674763679504395,236.6213836669922,82.2755126953125,100.13127136230469,25.500812530517578,183.77000427246094,20.6299991607666,58.65999984741211,94.03722381591797,65.71261596679688,27423.9296875,1792.485107421875
2023-03-18,,,,,,,,,,,,,,,,,,,,,,,26965.87890625,1761.65966796875
2023-03-19,,,,,,,,,,,,,,,,,,,,,,,28038.67578125,1785.5765380859375
2023-03-20,155.15231323242188,265.93218994140625,25.877092361450195,97.70999908447266,100.39026641845703,196.26976013183594,183.25,117.8159408569336,92.50276184082031,140.73646545410156,350.06158447265625,91.7340087890625,8.639028549194336,239.42506408691406,83.38105773925781,101.28926086425781,25.736766815185547,183.83999633789062,20.690000534057617,59.790000915527344,93.20999145507812,65.4273681640625,27767.236328125,1735.3212890625
2023-03-21,157.00543212890625,267.4463806152344,26.175825119018555,100.61000061035156,104.05994415283203,200.58590698242188,197.5800018310547,120.97586059570312,96.64710235595703,140.73646545410156,354.6353759765625,93.03561401367188,8.603290557861328,243.1221160888672,84.95354461669922,100.83309936523438,26.01808738708496,180.3699951171875,20.540000915527344,61.22999954223633,92.40909576416016,65.24906158447266,28175.81640625,1806.7607421875
2023-03-22,155.57615661621094,265.9908447265625,26.444589614868164,98.69999694824219,102.52265167236328,198.25421142578125,191.14999389648438,117.8530044555664,94.43497467041016,138.1392364501953,348.8177795410156,91.37339782714844,8.683695793151855,237.27001953125,82.74031829833984,97.10470581054688,26.01808738708496,183.44000244140625,21.100000381469727,61.61000061035156,93.6412124633789,65.82847595214844,27307.4375,1737.717041015625
2023-03-23,156.66043090820312,271.2366027832031,27.166950225830078,98.70999908447266,104.73435974121094,202.68939208984375,192.22000122070312,117.53792572021484,93.36956024169922,138.21238708496094,349.8928527832031,91.56556701660156,8.710495948791504,236.60231018066406,82.37670135498047,96.45083618164062,26.145137786865234,185.74000549316406,21.280000686645508,60.9900016784668,93.6412124633789,65.98001098632812,28333.97265625,1816.4051513671875
2023-03-24,157.96160888671875,274.07928466796875,26.755311965942383,98.12999725341797,104.57568359375,204.4059295654297,190.41000366210938,115.74948120117188,93.47791290283203,139.6024627685547,351.8719787597656,92.07479095458984,8.719430923461914,238.0426788330078,82.97953796386719,98.94938659667969,26.027164459228516,183.64999389648438,21.219999313354492,60.959999084472656,94.03722381591797,66.11373138427734,27493.28515625,1752.0447998046875
2023-03-25,,,,,,,,,,,,,,,,,,,,,,,27494.70703125,1743.7647705078125
2023-03-26,,,,,,,,,,,,,,,,,,,,,,,27994.330078125,1775.6767578125
2023-03-27,156.01971435546875,269.9862060546875,26.50753402709961,98.04000091552734,101.62010955810547,201.2606201171875,191.80999755859375,119.06694030761719,95.52750396728516,140.19686889648438,352.4484558105469,92.3246078491211,8.630093574523926,239.6452178955078,83.8407211303711,98.7899169921875,26.099763870239258,181.9499969482422,21.219999313354492,64.1500015258789,91.82823944091797,65.4273681640625,27139.888671875,1715.4608154296875
2023-03-28,155.39871215820312,268.8628234863281,26.386640548706055,97.23999786376953,100.20183563232422,199.11741638183594,189.19000244140625,119.4283218383789,96.7193374633789,138.8433837890625,351.90081787109375,92.19970703125,8.621158599853516,240.03631591796875,83.97467803955078,98.594970703125,26.27219009399414,183.44000244140625,21.43000030517578,64.55000305175781,91.99547576904297,65.31147003173828,27268.130859375,1772.78564453125
2023-03-29,158.47418212890625,274.02069091796875,26.960134506225586,100.25,100.55889129638672,203.75108337402344,193.8800048828125,119.66927337646484,98.38066864013672,140.2060546875,356.9160461425781,93.5160140991211,8.621158599853516,243.75648498535156,85.07508850097656,100.81885528564453,26.53536605834961,182.52999877929688,21.440000534057617,64.1500015258789,91.81063079833984,65.38277435302734,28348.44140625,1793.0018310546875
2023-03-30,160.0414581298828,277.4787292480469,27.358779907226562,102.0,100.06298065185547,206.2216796875,195.27999877929688,119.30786895751953,98.85920715332031,140.31578063964844,359.0009765625,94.0252456665039,8.630093574523926,245.0919189453125,85.25687408447266,102.05928802490234,26.816692352294922,184.17999267578125,21.940000534057617,65.31999969482422,92.23310089111328,65.47193908691406,28033.5625,1792.7371826171875
2023-03-31,162.54519653320312,281.63043212890625,27.75242805480957,103.29000091552734,102.87970733642578,210.28976440429688,207.4600067138672,120.7534408569336,99.01272583007812,141.7515869140625,364.1986999511719,95.47608947753906,8.696367263793945,249.20314025878906,86.93138885498047,104.36287689208984,26.90744400024414,183.22000122070312,22.1200008392334,66.44000244140625,93.61482238769531,65.81063079833984,28478.484375,1822.0220947265625
2023-04-01,,,,,,,,,,,,,,,,,,,,,,,28411.03515625,1813.860595703125
2023-04-02,,,,,,,,,,,,,,,,,,,,,,,28199.30859375,1795.7081298828125
2023-04-03,163.7970428466797,280.585205078125,27.940263748168945,102.41000366210938,103.5045394897461,211.4109649658203,194.77000427246094,120.61446380615234,104.85450744628906,143.44346618652344,365.5437927246094,95.74510955810547,8.732190132141113,248.7452850341797,86.87398529052734,103.52117919921875,27.061716079711914,184.5399932861328,22.059999465942383,70.2699966430664,94.05509185791016,66.09037017822266,27790.220703125,1810.297119140625
2023-04-04,163.2647705078125,280.5363464355469,27.42871856689453,103.94999694824219,103.86157989501953,213.048095703125,192.5800018310547,119.00205993652344,103.85228729248047,144.9432830810547,363.4588623046875,95.07252502441406,8.768016815185547,246.10302734375,85.4482650756836,103.35283660888672,27.061716079711914,187.97999572753906,22.969999313354492,70.2699966430664,94.52268981933594,66.35840606689453,28168.08984375,1871.005126953125
2023-04-05,161.42147827148438,277.76202392578125,26.857227325439453,101.0999984741211,103.61363220214844,209.8333282470703,185.52000427246094,119.17952728271484,105.63101196289062,151.45474243164062,362.59417724609375,94.717041015625,8.785931587219238,244.4432830810547,84.69233703613281,102.8123550415039,26.898366928100586,187.8300018310547,22.940000534057617,70.23999786376953,95.51091003417969,66.5371322631836,28177.984375,1909.114013671875
2023-04-06,162.3086395263672,284.8541259765625,27.013086318969727,102.05999755859375,107.53125,214.4173583984375,185.05999755859375,119.04877471923828,103.87937927246094,151.03404235839844,363.9681396484375,95.05332946777344,8.785931587219238,244.63401794433594,84.74974060058594,103.52117919921875,26.96189308166504,186.49000549316406,22.889999389648438,70.26000213623047,95.75798034667969,66.51924133300781,28044.140625,1872.922607421875
2023-04-07,,,,,,,,,,,,,,,,,,,,,,,27925.859375,1865.6361083984375
2023-04-08,,,,,,,,,,,,,,,,,,,,,,,27947.794921875,1849.4981689453125
2023-04-09,,,,,,,,,,,,,,,,,,,,,,,28333.05078125,1859.3878173828125
2023-04-10,159.71617126464844,282.6952819824219,27.554607391357422,102.16999816894531,105.56748962402344,213.07786560058594,184.50999450683594,119.44098663330078,103.41890716552734,150.27499389648438,364.3332214355469,95.25508880615234,8.723235130310059,246.42733764648438,85.68746948242188,103.93759155273438,26.90744400024414,185.11000061035156,22.8799991607666,69.76000213623047,94.21392059326172,66.0724868774414,29652.98046875,1911.20751953125
2023-04-11,158.50375366210938,276.2869873046875,27.144969940185547,99.91999816894531,104.48641204833984,212.18490600585938,186.7899932861328,120.02940368652344,104.15026092529297,150.229248046875,364.3235778808594,95.3511734008789,8.732190132141113,248.24925231933594,86.42425537109375,104.38948059082031,27.098018646240234,186.27999877929688,23.040000915527344,71.06999969482422,94.40802764892578,66.09930419921875,30235.05859375,1892.189697265625
2023-04-12,157.81375122070312,276.9317321777344,26.471567153930664,97.83000183105469,103.78223419189453,212.33372497558594,180.5399932861328,120.01070404052734,104.0418930053711,149.90916442871094,362.82476806640625,94.91880798339844,8.74114990234375,247.15232849121094,85.83100891113281,103.80471801757812,27.170616149902344,187.19000244140625,23.43000030517578,72.43000030517578,94.31095123291016,66.1707763671875,30139.052734375,1920.68212890625
2023-04-13,163.19577026367188,283.134765625,26.43959617614746,102.4000015258789,106.54936981201172,218.63426208496094,185.89999389648438,120.46833038330078,104.52947235107422,151.91195678710938,367.69586181640625,96.1678695678711,8.723235130310059,249.1268310546875,86.67304229736328,103.5566177368164,27.533620834350586,189.72000122070312,23.739999771118164,71.80000305175781,93.56980895996094,66.13505554199219,30399.06640625,2012.6346435546875
2023-04-14,162.85076904296875,279.5204162597656,26.73432731628418,102.51000213623047,107.97757720947266,219.76539611816406,185.0,129.56488037109375,104.78228759765625,151.66502380371094,366.92730712890625,95.90843963623047,8.687409400939941,247.91539001464844,86.11805725097656,101.93522644042969,27.442867279052734,186.36000061035156,23.309999465942383,72.08999633789062,92.7139663696289,65.84014129638672,30485.69921875,2101.635498046875
2023-04-15,,,,,,,,,,,,,,,,,,,,,,,30318.49609375,2092.466796875
2023-04-16,,,,,,,,,,,,,,,,,,,,,,,30315.35546875,2120.005859375
2023-04-17,162.87046813964844,282.11883544921875,26.978116989135742,102.73999786376953,105.1013412475586,217.15586853027344,187.0399932861328,130.59222412109375,103.56336212158203,151.5095672607422,368.1474304199219,96.30239868164062,8.642630577087402,249.66104125976562,86.88356018066406,104.11480712890625,27.442867279052734,185.52999877929688,23.020000457763672,70.83999633789062,91.61109161376953,65.48271179199219,29445.044921875,2076.242919921875
2023-04-18,164.0927734375,281.6988220214844,27.642532348632812,102.30000305175781,103.64339447021484,216.19342041015625,184.30999755859375,132.05848693847656,105.58589172363281,147.24790954589844,368.46453857421875,96.36003112792969,8.651588439941406,249.8995361328125,86.79744720458984,103.83129119873047,27.533620834350586,186.25,23.149999618530273,70.7300033569336,91.93753051757812,65.58098602294922,30397.552734375,2104.537353515625
2023-04-19,165.23619079589844,281.7769775390625,27.90629768371582,104.30000305175781,103.32601165771484,214.02047729492188,180.58999633789062,131.890380859375,105.25180053710938,148.63796997070312,368.43572998046875,96.37924194335938,8.642630577087402,249.69915771484375,86.9505386352539,104.45148468017578,27.388418197631836,185.36000061035156,23.229999542236328,69.30000305175781,91.84929656982422,65.49165344238281,28822.6796875,1936.4034423828125
2023-04-20,164.2701873779297,279.4910888671875,27.080026626586914,103.80999755859375,104.42691802978516,211.4109649658203,162.99000549316406,131.5074462890625,104.41209411621094,149.5982208251953,366.2740173339844,95.80274200439453,8.67845630645752,248.4114532470703,86.4816665649414,103.30854034423828,27.35211944580078,186.08999633789062,23.170000076293945,67.5999984741211,92.63455963134766,65.777587890625,28245.98828125,1943.09765625
2023-04-21,162.66348266601562,279.149169921875,27.095016479492188,106.95999908447266,104.54592895507812,211.23236083984375,165.0800018310547,131.2552490234375,104.74617767333984,148.78428649902344,366.61981201171875,95.87962341308594,8.660542488098145,248.4209747314453,86.53909301757812,103.46802520751953,27.361190795898438,184.25,22.979999542236328,68.20999908447266,92.11397552490234,65.66142272949219,27276.91015625,1849.9998779296875
2023-04-22,,,,,,,,,,,,,,,,,,,,,,,27817.5,1874.2286376953125
2023-04-23,,,,,,,,,,,,,,,,,,,,,,,27591.384765625,1862.06201171875
2023-04-24,162.96905517578125,275.25152587890625,27.018083572387695,106.20999908447266,105.1013412475586,211.1331329345703,162.5500030517578,131.4327392578125,106.7235336303711,149.68968200683594,366.92730712890625,95.91805267333984,8.696367263793945,248.78343200683594,86.433837890625,103.03385925292969,27.397491455078125,184.80999755859375,23.079999923706055,69.25,93.00514221191406,65.92054748535156,27525.33984375,1842.7574462890625
2023-04-25,161.4313201904297,269.04840087890625,26.217790603637695,102.56999969482422,102.99871826171875,205.9339599609375,160.6699981689453,128.57492065429688,105.2066421508789,151.0614776611328,361.1434326171875,94.29426574707031,8.75905990600586,243.87091064453125,84.5105209350586,102.01497650146484,27.007266998291016,185.75,22.989999771118164,67.62000274658203,94.37273406982422,66.34945678710938,28307.59765625,1866.753662109375
2023-04-26,161.42147827148438,288.5368347167969,26.932159423828125,104.9800033569336,102.85987091064453,207.76951599121094,153.75,126.29608917236328,104.24053955078125,148.7202911376953,359.7503662109375,93.90994262695312,8.723235130310059,241.63885498046875,83.81200408935547,101.0492172241211,27.01634407043457,184.74000549316406,22.829999923706055,65.36000061035156,93.36688995361328,66.11717224121094,28422.701171875,1866.564208984375
2023-04-27,166.0050811767578,297.77801513671875,27.201921463012695,109.81999969482422,106.70806884765625,236.70249938964844,160.19000244140625,127.995849609375,105.48655700683594,149.0678253173828,366.8023376464844,95.6682357788086,8.67845630645752,245.13006591796875,85.06550598144531,103.35283660888672,27.324893951416016,184.75,22.889999389648438,65.80999755859375,92.44044494628906,65.8311996459961,29473.787109375,1908.786376953125
2023-04-28,167.25692749023438,300.1518249511719,27.724458694458008,105.44999694824219,106.46009826660156,238.44879150390625,164.30999755859375,129.1072540283203,106.84993743896484,149.7079620361328,369.8672180175781,96.47532653808594,8.744894027709961,247.32400512695312,85.9171142578125,104.65526580810547,27.379343032836914,184.8000030517578,23.0,67.5,93.93157196044922,66.19757843017578,29340.26171875,1892.5128173828125
2023-04-29,,,,,,,,,,,,,,,,,,,,,,,29248.48828125,1908.9169921875
2023-04-30,,,,,,,,,,,,,,,,,,,,,,,29268.806640625,1876.92431640625
2023-05-01,167.16822814941406,298.4911804199219,28.884428024291992,102.05000305175781,106.32124328613281,241.28648376464844,161.8300018310547,131.87167358398438,103.5362548828125,149.6165008544922,369.7135009765625,96.44650268554688,8.664090156555176,247.07595825195312,85.94581604003906,103.82242584228516,27.31581687927246,183.97000122070312,22.889999389648438,66.55000305175781,91.22309875488281,65.51676940917969,28091.568359375,1831.954833984375
2023-05-02,166.13320922851562,298.34466552734375,28.185047149658203,103.62999725341797,104.4566650390625,237.377197265625,160.30999755859375,129.74234008789062,99.40998840332031,150.92428588867188,365.4380798339844,95.2454833984375,8.744894027709961,243.27951049804688,84.37654876708984,102.05928802490234,27.079866409301758,187.52000427246094,23.350000381469727,63.04999923706055,93.4963607788086,66.1617202758789,28680.537109375,1870.789306640625
2023-05-03,165.05877685546875,297.35797119140625,27.777408599853516,103.6500015258789,104.54592895507812,235.1844024658203,160.61000061035156,126.99654388427734,97.45068359375,148.9488983154297,362.89208984375,94.6882095336914,8.78080940246582,242.12530517578125,84.34784698486328,101.67829895019531,27.116165161132812,189.11000061035156,23.43000030517578,60.310001373291016,94.01825714111328,66.43944549560547,29006.30859375,1904.65185546875
2023-05-04,163.42247009277344,298.34466552734375,27.537626266479492,104.0,103.83184051513672,231.70175170898438,161.1999969482422,125.25944519042969,95.74419403076172,148.2721710205078,360.3075866699219,93.97721099853516,8.762852668762207,240.4464569091797,83.13262176513672,102.5199966430664,27.143388748168945,190.44000244140625,23.940000534057617,60.70000076293945,93.0894775390625,66.34986114501953,28847.7109375,1877.7041015625
2023-05-05,171.0913848876953,303.4633483886719,28.654634475708008,105.66000366210938,104.70462036132812,230.96746826171875,170.05999755859375,127.70634460449219,98.12786865234375,148.775146484375,366.9848937988281,95.75471496582031,8.73591423034668,244.4813995361328,84.99853515625,104.22998809814453,27.497316360473633,187.4600067138672,23.56999969482422,63.029998779296875,92.7798843383789,66.10800170898438,29534.384765625,1995.0609130859375
2023-05-06,,,,,,,,,,,,,,,,,,,,,,,28904.623046875,1900.2218017578125
2023-05-07,,,,,,,,,,,,,,,,,,,,,,,28454.978515625,1873.076416015625
2023-05-08,171.0223846435547,301.5096740722656,29.125215530395508,105.83000183105469,106.8865737915039,231.45367431640625,171.7899932861328,128.01454162597656,98.51612091064453,148.43678283691406,367.15789794921875,95.82195281982422,8.691025733947754,244.2715606689453,84.89327239990234,103.60979461669922,27.542694091796875,187.69000244140625,23.489999771118164,64.26000213623047,91.4796142578125,65.79448699951172,27694.2734375,1849.042724609375
2023-05-09,169.31707763671875,299.8978271484375,28.545730590820312,106.62000274658203,106.47003173828125,231.5528564453125,169.14999389648438,127.39813995361328,98.54319763183594,147.28448486328125,365.50531005859375,95.42803192138672,8.682046890258789,243.4893798828125,84.62535095214844,103.14020538330078,27.424713134765625,189.02000427246094,23.479999542236328,64.87000274658203,91.15233612060547,65.7228012084961,27658.775390625,1848.6031494140625
2023-05-10,171.08154296875,305.0849914550781,28.859453201293945,110.19000244140625,110.83395385742188,231.26515197753906,168.5399932861328,127.4635238647461,97.27912902832031,147.8332061767578,367.14825439453125,95.86039733886719,8.73591423034668,244.14755249023438,84.84542083740234,104.12367248535156,27.41564178466797,188.75,23.309999465942383,64.38999938964844,92.03687286376953,66.12589263916016,27621.755859375,1842.4014892578125
2023-05-11,171.26881408691406,302.9359130859375,28.55272674560547,112.18000030517578,115.61444091796875,233.9540557861328,172.0800018310547,127.06195831298828,95.51848602294922,147.22962951660156,366.6005859375,95.64901733398438,8.753870964050293,242.91705322265625,84.31916046142578,103.01615142822266,27.288589477539062,187.1300048828125,22.200000762939453,63.25,93.00987243652344,66.34088134765625,27000.7890625,1796.4906005859375
2023-05-12,170.34092712402344,301.822265625,28.314931869506836,110.26000213623047,116.54674530029297,231.98947143554688,167.97999572753906,125.24076080322266,95.50942993164062,147.03756713867188,366.1106262207031,95.49530792236328,8.717960357666016,242.8216552734375,84.23302459716797,102.98957061767578,27.179691314697266,186.80999755859375,22.020000457763672,62.06999969482422,92.2314682006836,65.99156188964844,26804.990234375,1808.019775390625
2023-05-13,,,,,,,,,,,,,,,,,,,,,,,26784.078125,1796.1148681640625
2023-05-14,,,,,,,,,,,,,,,,,,,,,,,26930.638671875,1800.5009765625
2023-05-15,169.847412109375,302.3009338378906,28.927392959594727,111.19999694824219,115.554931640625,237.0001678466797,166.35000610351562,126.29608917236328,95.69158935546875,145.91270446777344,367.2347412109375,95.91805267333984,8.691025733947754,244.37649536132812,85.22816467285156,102.85667419433594,27.424713134765625,187.2100067138672,22.100000381469727,62.9900016784668,91.27616119384766,65.82135009765625,27192.693359375,1817.5499267578125
2023-05-16,169.847412109375,304.5281677246094,29.187158584594727,113.4000015258789,118.53034973144531,236.9604949951172,166.52000427246094,125.44624328613281,93.36917877197266,145.72064208984375,364.90966796875,95.17822265625,8.67306900024414,240.42738342285156,83.89812469482422,100.27838897705078,27.21599006652832,184.8699951171875,21.809999465942383,62.540000915527344,91.00194549560547,65.66010284423828,27036.650390625,1824.1214599609375
2023-05-17,170.4594268798828,307.40643310546875,30.15130615234375,115.5,119.84944915771484,240.60186767578125,173.86000061035156,129.30335998535156,95.46390533447266,145.4005584716797,369.3292541503906,96.41767883300781,8.655111312866211,243.36538696289062,85.46739959716797,101.65169525146484,27.30674171447754,184.22999572753906,21.81999969482422,64.5999984741211,90.73657989501953,65.54364013671875,27398.802734375,1821.859619140625
2023-05-18,172.7889404296875,311.83148193359375,31.649982452392578,118.1500015258789,121.82313537597656,244.92796325683594,176.88999938964844,130.28399658203125,96.32909393310547,144.93414306640625,372.8840637207031,97.34966278076172,8.61021900177002,245.59747314453125,86.22332000732422,101.12010955810547,27.24321746826172,181.83999633789062,21.559999465942383,64.04000091552734,90.06432342529297,65.27494049072266,26832.208984375,1801.728515625
2023-05-19,172.8975067138672,311.6553039550781,31.236347198486328,116.25,121.75370788574219,243.72732543945312,180.13999938964844,129.98513793945312,96.7753677368164,145.32737731933594,372.34600830078125,97.13827514648438,8.592263221740723,244.7962188720703,85.56307220458984,100.94290924072266,27.333967208862305,183.63999938964844,21.860000610351562,63.900001525878906,89.42747497558594,65.09574890136719,26890.12890625,1812.5894775390625
2023-05-20,,,,,,,,,,,,,,,,,,,,,,,27129.5859375,1820.47802734375
2023-05-21,,,,,,,,,,,,,,,,,,,,,,,26753.826171875,1804.5313720703125
2023-05-22,171.94989013671875,314.4356384277344,31.148427963256836,115.01000213623047,124.02493286132812,246.386474609375,188.8699951171875,128.91111755371094,95.60050201416016,144.54415893554688,372.4516906738281,97.31122589111328,8.58328628540039,245.90274047851562,86.3094253540039,101.58081817626953,27.40656852722168,183.2100067138672,21.670000076293945,63.90999984741211,89.10904693603516,65.07785034179688,26851.27734375,1817.5347900390625
2023-05-23,169.34400939941406,308.63995361328125,30.660858154296875,114.98999786376953,121.55535125732422,244.81878662109375,185.77000427246094,127.56622314453125,96.90286254882812,144.48887634277344,368.2723388671875,96.25433349609375,8.592263221740723,242.91705322265625,85.58220672607422,100.58850860595703,27.070789337158203,183.42999267578125,21.510000228881836,64.87000274658203,89.36555480957031,65.12261962890625,27225.7265625,1854.380615234375
2023-05-24,169.62037658691406,307.25958251953125,30.510988235473633,116.75,119.90896606445312,247.26956176757812,182.89999389648438,126.39883422851562,97.98664855957031,144.35067749023438,365.5822448730469,95.5337142944336,8.57430362701416,240.3701629638672,84.62535095214844,98.47093200683594,26.735015869140625,181.9499969482422,21.15999984741211,65.66000366210938,88.92328643798828,64.94349670410156,26334.818359375,1800.0999755859375
2023-05-25,170.75550842285156,319.076171875,37.946414947509766,115.0,122.46781158447266,250.72247314453125,184.47000122070312,126.70701599121094,96.22893524169922,142.2774658203125,368.8007507324219,96.1678695678711,8.529413223266602,240.28433227539062,84.3095703125,98.44435119628906,26.653343200683594,180.1999969482422,20.860000610351562,64.08999633789062,88.7021484375,64.70164489746094,26476.20703125,1805.9537353515625
2023-05-26,173.1640167236328,325.8997497558594,38.911556243896484,120.11000061035156,123.58855438232422,259.99969482421875,193.1699981689453,127.89313507080078,95.60050201416016,142.22218322753906,373.6334533691406,97.4361343383789,8.5383939743042,242.7835235595703,85.18033599853516,99.569580078125,26.934667587280273,180.9199981689453,21.3799991607666,64.80000305175781,89.41861724853516,64.7822494506836,26719.291015625,1828.689697265625
2023-05-27,,,,,,,,,,,,,,,,,,,,,,,26868.353515625,1831.1182861328125
2023-05-28,,,,,,,,,,,,,,,,,,,,,,,28085.646484375,1910.9141845703125
2023-05-29,,,,,,,,,,,,,,,,,,,,,,,27745.884765625,1893.078125
2023-05-30,175.00982666015625,324.2550048828125,40.075523376464844,121.66000366210938,122.65624237060547,260.47589111328125,201.16000366210938,128.3787841796875,94.7535171508789,142.24061584472656,373.671875,97.45533752441406,8.60124397277832,242.621337890625,85.11334991455078,99.90626525878906,26.69871711730957,182.0399932861328,21.299999237060547,62.29999923706055,90.31201934814453,65.21222686767578,27702.349609375,1901.026611328125
2023-05-31,174.96051025390625,321.4942626953125,37.800540924072266,120.58000183105469,121.86280822753906,262.6588134765625,203.92999267578125,126.74440002441406,93.05953979492188,142.8763885498047,371.4621276855469,96.87885284423828,8.650751113891602,240.78985595703125,84.21389770507812,100.48218536376953,26.44461441040039,182.32000732421875,21.610000610351562,60.630001068115234,91.09925842285156,65.42720794677734,27219.658203125,1874.1304931640625
2023-06-01,177.76382446289062,325.5962829589844,39.73482131958008,122.7699966430664,122.70584869384766,270.4873046875,207.52000427246094,128.4908447265625,94.13423156738281,142.39724731445312,375.18994140625,97.84929656982422,8.668754577636719,242.9456787109375,84.99853515625,100.51762390136719,26.825767517089844,183.75999450683594,21.950000762939453,62.54999923706055,91.45667266845703,65.60413360595703,26819.97265625,1862.201416015625
2023-06-02,178.61270141601562,328.3570556640625,39.29220962524414,124.25,123.64805603027344,270.4873046875,213.97000122070312,131.18992614746094,96.31999969482422,144.63632202148438,380.6662902832031,99.49227905273438,8.623747825622559,248.2206573486328,87.66818237304688,102.9009780883789,27.18876838684082,181.0500030517578,21.690000534057617,64.1500015258789,90.4544906616211,65.23590087890625,27249.58984375,1907.256591796875
2023-06-03,,,,,,,,,,,,,,,,,,,,,,,27075.12890625,1892.4124755859375
2023-06-04,,,,,,,,,,,,,,,,,,,,,,,27119.06640625,1890.5135498046875
2023-06-05,177.26039123535156,328.8857421875,39.136356353759766,125.30000305175781,124.97706604003906,269.2768859863281,217.61000061035156,129.90109252929688,95.89195251464844,145.88023376464844,379.90728759765625,99.21366119384766,8.623747825622559,247.60061645507812,86.8261489868164,102.17445373535156,27.143388748168945,182.13999938964844,21.639999389648438,64.02999877929688,90.28598022460938,65.24488067626953,25760.09765625,1811.828369140625
2023-06-06,176.89520263671875,326.6731872558594,38.619808197021484,126.61000061035156,126.26641082763672,269.0089416503906,221.30999755859375,130.13458251953125,96.67517852783203,145.751220703125,380.8104248046875,99.67483520507812,8.632747650146484,249.56564331054688,88.56764221191406,103.1756362915039,27.31581687927246,182.33999633789062,21.649999618530273,63.790000915527344,90.81809997558594,65.33470916748047,27238.783203125,1884.494873046875
2023-06-07,175.5231475830078,316.5894775390625,37.44572448730469,121.2300033569336,121.49584197998047,261.5475158691406,224.57000732421875,131.39540100097656,98.84275817871094,146.06455993652344,379.36920166015625,99.44425201416016,8.587738990783691,250.75799560546875,89.82112884521484,105.0539779663086,27.161540985107422,180.14999389648438,21.510000228881836,64.70999908447266,89.47003173828125,64.96649932861328,26345.998046875,1832.39599609375
2023-06-08,178.23760986328125,318.4300231933594,38.479923248291016,124.25,121.13878631591797,262.5198974609375,234.86000061035156,131.4327392578125,98.5331039428711,147.66778564453125,381.7615661621094,99.97270202636719,8.623747825622559,251.0059814453125,89.52450561523438,104.43376922607422,27.370269775390625,182.52999877929688,22.299999237060547,63.459999084472656,90.51654815673828,65.289794921875,26508.216796875,1846.3018798828125
2023-06-09,178.6226043701172,319.9278869628906,38.73971176147461,123.43000030517578,121.2280502319336,262.88702392578125,244.39999389648438,131.6942596435547,97.80449676513672,147.4374542236328,382.2419128417969,100.0111312866211,8.605743408203125,250.64356994628906,88.96952819824219,103.81356811523438,27.388418197631836,182.0399932861328,22.270000457763672,62.93000030517578,90.39239501953125,65.15509033203125,26480.375,1840.2252197265625
2023-06-10,,,,,,,,,,,,,,,,,,,,,,,25851.240234375,1752.384765625
2023-06-11,,,,,,,,,,,,,,,,,,,,,,,25940.16796875,1753.415283203125
2023-06-12,181.41603088378906,324.881591796875,39.4511604309082,126.56999969482422,122.62649536132812,268.93951416015625,249.8300018310547,131.68492126464844,96.92108917236328,147.3361053466797,385.7679443359375,100.91429138183594,8.623747825622559,252.4750213623047,89.53407287597656,103.81356811523438,27.506397247314453,181.8800048828125,22.079999923706055,60.2400016784668,90.65850067138672,65.289794921875,25902.5,1742.5286865234375
2023-06-13,180.94223022460938,327.2703857421875,40.989952087402344,126.66000366210938,122.81493377685547,269.2074279785156,258.7099914550781,132.63755798339844,96.9393081665039,148.11012268066406,388.4581298828125,101.69253540039062,8.5787353515625,255.26039123535156,90.67276000976562,104.50464630126953,27.72419548034668,180.5399932861328,21.739999771118164,62.13999938964844,89.7626953125,65.0024185180664,25918.728515625,1739.03759765625
2023-06-14,181.573974609375,330.2563171386719,42.963417053222656,126.41999816894531,122.65624237060547,271.22161865234375,256.7900085449219,132.14251708984375,95.7735595703125,148.8656768798828,388.8712158203125,101.69253540039062,8.587738990783691,254.7070770263672,89.95509338378906,104.89448547363281,27.842166900634766,180.63999938964844,21.969999313354492,61.83000183105469,90.48106384277344,65.05628967285156,25124.67578125,1650.519287109375
2023-06-15,183.6073455810547,340.7904052734375,42.61968994140625,127.11000061035156,124.0645980834961,279.63555908203125,255.89999389648438,133.63682556152344,96.43838500976562,150.8651580810547,393.67510986328125,102.94160461425781,8.64175033569336,257.6927795410156,90.82585144042969,105.47039794921875,28.114418029785156,181.91000366210938,21.940000534057617,63.40999984741211,91.3502426147461,65.4604263305664,25576.39453125,1665.519775390625
2023-06-16,182.5314178466797,335.14154052734375,42.65865707397461,125.48999786376953,122.51739501953125,278.8120422363281,260.5400085449219,133.79559326171875,95.74622344970703,151.3258819580078,392.2339172363281,102.5284423828125,8.61474323272705,257.18719482421875,90.37610626220703,105.40838623046875,28.06764030456543,181.6300048828125,22.18000030517578,64.3499984741211,90.99546813964844,65.31674194335938,26327.462890625,1716.6688232421875
2023-06-17,,,,,,,,,,,,,,,,,,,,,,,26510.67578125,1727.2041015625
2023-06-18,,,,,,,,,,,,,,,,,,,,,,,26336.212890625,1720.5775146484375
2023-06-19,,,,,,,,,,,,,,,,,,,,,,,26851.029296875,1737.659423828125
2023-06-20,182.62025451660156,330.9514465332031,43.77378463745117,125.77999877929688,122.09091186523438,282.1160888671875,274.45001220703125,133.1138153076172,93.55133056640625,151.2337188720703,390.3797302246094,102.01921844482422,8.632747650146484,254.9551239013672,89.78286743164062,104.09708404541016,27.700742721557617,179.75,21.260000228881836,63.91999816894531,91.62516784667969,65.40654754638672,28327.48828125,1792.1199951171875
2023-06-21,181.5838165283203,326.5556945800781,43.011375427246094,124.83000183105469,119.56182861328125,279.44708251953125,259.4599914550781,132.917724609375,94.59869384765625,151.0033721923828,388.3524475097656,101.49077606201172,8.64175033569336,254.69752502441406,89.52450561523438,103.53003692626953,27.6732234954834,179.49000549316406,20.84000015258789,65.04000091552734,91.84690856933594,65.51433563232422,30027.296875,1891.0072021484375
2023-06-22,184.5845489501953,332.5765380859375,42.99139404296875,130.14999389648438,122.1405029296875,282.6618347167969,264.6099853515625,130.3587188720703,94.07957458496094,152.6066436767578,389.83197021484375,101.75119018554688,8.596736907958984,253.73143005371094,88.92317962646484,102.05040740966797,27.535640716552734,177.7100067138672,20.530000686645508,62.52000045776367,90.73828887939453,65.19996643066406,29912.28125,1872.9429931640625
2023-06-23,184.26866149902344,327.9850158691406,42.17603302001953,129.3300018310547,121.33715057373047,286.4818420410156,256.6000061035156,129.67697143554688,93.25989532470703,152.4776611328125,386.84405517578125,100.90245056152344,8.623747825622559,251.538818359375,87.7608413696289,100.62393188476562,27.122879028320312,178.1999969482422,20.579999923706055,62.41999816894531,91.6429214477539,65.3885726928711,30695.46875,1892.862060546875
2023-06-24,,,,,,,,,,,,,,,,,,,,,,,30548.6953125,1876.0596923828125
2023-06-25,,,,,,,,,,,,,,,,,,,,,,,30480.26171875,1900.506103515625
2023-06-26,182.8769073486328,321.6998596191406,40.60026168823242,127.33000183105469,117.36994171142578,276.3017272949219,241.0500030517578,129.9945068359375,94.981201171875,150.7730255126953,385.1242370605469,100.55523681640625,8.64175033569336,253.0612030029297,88.2315444946289,102.94528198242188,27.168743133544922,178.50999450683594,20.899999618530273,62.72999954223633,91.74047088623047,65.46942138671875,30271.130859375,1859.432861328125
2023-06-27,185.63082885742188,327.54443359375,41.84328842163086,129.17999267578125,117.36003112792969,284.81488037109375,250.2100067138672,130.00379943847656,95.2179946899414,150.45974731445312,389.5342102050781,101.78010559082031,8.61474323272705,256.7762145996094,89.72046661376953,104.22998809814453,27.37053680419922,177.69000244140625,20.979999542236328,61.29999923706055,91.50102233886719,65.34367370605469,30688.1640625,1889.703369140625
2023-06-28,186.80548095703125,328.7976379394531,41.08488845825195,129.0399932861328,119.19486236572266,283.068603515625,256.239990234375,129.43411254882812,95.99212646484375,150.15565490722656,389.3972473144531,101.81868743896484,8.64175033569336,256.84326171875,89.95101165771484,104.36888122558594,27.37053680419922,177.27999877929688,20.84000015258789,62.52000045776367,91.89125061035156,65.55025482177734,30086.24609375,1827.97119140625
2023-06-29,187.14108276367188,328.0143737792969,40.79011154174805,127.9000015258789,118.12371826171875,279.337890625,257.5,133.95436096191406,97.17609405517578,151.20606994628906,391.1816101074219,102.32984924316406,8.5787353515625,258.5379943847656,90.99807739257812,105.53370666503906,27.315500259399414,177.08999633789062,20.719999313354492,62.959999084472656,90.23278045654297,65.05628967285156,30445.3515625,1852.227294921875
2023-06-30,191.4645233154297,333.3891296386719,42.26895523071289,130.36000061035156,118.71878814697266,284.7454528808594,261.7699890136719,135.83157348632812,97.67699432373047,152.5145263671875,395.9945373535156,103.50650787353516,8.619351387023926,261.06573486328125,91.55523681640625,106.08026885986328,27.609018325805664,178.27000427246094,20.889999389648438,63.54999923706055,91.2970199584961,65.28083801269531,30477.251953125,1933.18896484375
2023-07-01,,,,,,,,,,,,,,,,,,,,,,,30590.078125,1924.56591796875
2023-07-02,,,,,,,,,,,,,,,,,,,,,,,30620.76953125,1937.4383544921875
2023-07-03,189.9740447998047,330.8926696777344,42.3798713684082,130.22000122070312,118.91716003417969,283.79290771484375,279.82000732421875,136.92428588867188,97.86825561523438,150.51502990722656,396.47674560546875,103.68011474609375,8.601298332214355,261.86041259765625,91.87222290039062,107.12861633300781,27.691570281982422,178.47000122070312,21.010000228881836,63.38999938964844,90.77945709228516,65.09535217285156,31156.439453125,1955.38916015625
2023-07-04,,,,,,,,,,,,,,,,,,,,,,,30777.58203125,1936.633544921875
2023-07-05,188.85862731933594,331.04931640625,42.28395080566406,130.3800048828125,120.7519760131836,292.07794189453125,282.4800109863281,136.01217651367188,97.36734008789062,150.01744079589844,395.7437744140625,103.39077758789062,8.565196990966797,260.6731262207031,91.01728820800781,107.32575988769531,27.480606079101562,177.83999633789062,21.209999084472656,64.62999725341797,89.9168472290039,64.82522583007812,30514.166015625,1910.5880126953125
2023-07-06,189.33241271972656,334.10382080078125,42.07011413574219,128.36000061035156,119.12542724609375,289.7164611816406,276.5400085449219,134.66741943359375,93.73348999023438,148.9025115966797,392.6380310058594,102.48416900634766,8.5110445022583,258.470947265625,89.8165283203125,106.55516815185547,27.021982192993164,177.30999755859375,20.829999923706055,64.44000244140625,88.64515686035156,64.41108703613281,29909.337890625,1848.636474609375
2023-07-07,188.21701049804688,330.1388244628906,42.46979904174805,129.77999877929688,118.5006103515625,288.2678527832031,274.42999267578125,135.7300567626953,93.95206451416016,146.73719787597656,391.5770263671875,102.37808227539062,8.502021789550781,259.5050048828125,90.69068908691406,106.286376953125,27.19626235961914,178.63999938964844,21.18000030517578,65.8499984741211,88.11157989501953,64.37508392333984,30342.265625,1870.6025390625
2023-07-08,,,,,,,,,,,,,,,,,,,,,,,30292.541015625,1865.53955078125
2023-07-09,,,,,,,,,,,,,,,,,,,,,,,30171.234375,1863.009765625
2023-07-10,186.1737518310547,324.8620300292969,42.14705276489258,127.12999725341797,115.49542999267578,291.81005859375,269.6099853515625,136.49172973632812,95.34549713134766,146.97671508789062,392.522216796875,102.80244445800781,8.502021789550781,262.243408203125,92.04513549804688,106.7702407836914,27.260465621948242,178.77999877929688,21.239999771118164,65.54000091552734,88.22716522216797,64.60013580322266,30414.470703125,1880.556396484375
2023-07-11,185.650634765625,325.4886169433594,42.37187576293945,128.77999877929688,116.17976379394531,295.9673767089844,269.7900085449219,138.62631225585938,96.51126098632812,146.16592407226562,395.1746826171875,103.60295104980469,8.547147750854492,265.5563049316406,93.1402359008789,108.29344177246094,27.526466369628906,179.4499969482422,21.200000762939453,67.02999877929688,88.68074035644531,64.73519897460938,30620.951171875,1878.3360595703125
2023-07-12,187.3187713623047,330.1192321777344,43.86771011352539,130.8000030517578,117.9551010131836,306.93133544921875,271.989990234375,139.31275939941406,96.98483276367188,145.6591033935547,398.10687255859375,104.36488342285156,8.610328674316406,266.7243957519531,93.88948822021484,108.82211303710938,27.985090255737305,181.8800048828125,22.149999618530273,67.87000274658203,89.66785430908203,65.2483901977539,30391.646484375,1872.11376953125
2023-07-13,188.0788116455078,335.46466064453125,45.94108963012695,134.3000030517578,123.51911926269531,310.9696350097656,277.8999938964844,139.98980712890625,95.20889282226562,146.33175659179688,401.521240234375,105.30042266845703,8.66447925567627,268.5915222167969,94.55229949951172,109.59268951416016,28.425369262695312,182.00999450683594,22.780000686645508,69.08999633789062,90.61046600341797,65.64457702636719,31476.048828125,2006.511474609375
2023-07-14,188.2269287109375,337.990478515625,45.43348693847656,134.67999267578125,124.39190673828125,306.4650573730469,281.3800048828125,140.83615112304688,91.93022155761719,147.30844116210938,401.1258239746094,105.06893920898438,8.628378868103027,266.7627258300781,93.5628890991211,109.38660430908203,28.306123733520508,181.42999267578125,22.860000610351562,67.47000122070312,90.07691955566406,65.33843231201172,30334.068359375,1939.3470458984375
2023-07-15,,,,,,,,,,,,,,,,,,,,,,,30295.806640625,1931.466552734375
2023-07-16,,,,,,,,,,,,,,,,,,,,,,,30249.1328125,1923.681884765625
2023-07-17,191.48428344726562,338.4701232910156,46.424705505371094,133.55999755859375,123.62821960449219,308.2013854980469,290.3800048828125,144.23080444335938,92.33094787597656,146.57130432128906,402.6690673828125,105.56082153320312,8.637401580810547,268.1414794921875,94.24492645263672,108.70562744140625,28.278606414794922,181.55999755859375,22.790000915527344,66.58000183105469,90.12138366699219,65.41047668457031,30145.888671875,1911.6461181640625
2023-07-18,191.2276153564453,351.941162109375,47.45690155029297,132.8300018310547,122.74551391601562,309.6202392578125,293.3399963378906,144.49411010742188,91.91200256347656,146.5620880126953,405.5337219238281,106.36133575439453,8.646430015563965,269.81707763671875,95.1094741821289,108.05152893066406,28.37950325012207,183.63999938964844,22.989999771118164,67.95999908447266,90.53046417236328,65.49152374267578,29856.5625,1897.5992431640625
2023-07-19,192.57994079589844,347.62384033203125,47.04022979736328,135.36000061035156,121.0296859741211,313.5494689941406,291.260009765625,145.04893493652344,92.5495376586914,146.2672576904297,406.4982604980469,106.64102935791016,8.673504829406738,270.6021728515625,95.58976745605469,109.27909088134766,28.37950325012207,183.6699981689453,23.100000381469727,67.69000244140625,91.55316162109375,65.64457702636719,29913.923828125,1889.0079345703125
2023-07-20,190.6353759765625,339.586181640625,45.484439849853516,129.9600067138672,118.22288513183594,300.16448974609375,262.8999938964844,146.83555603027344,94.17975616455078,155.14981079101562,403.7879333496094,105.86944580078125,8.619351387023926,269.1276550292969,94.85971069335938,108.9565200805664,28.22357177734375,182.74000549316406,22.68000030517578,68.05000305175781,90.44151306152344,65.33843231201172,29792.015625,1890.9691162109375
2023-07-21,189.46075439453125,336.55126953125,44.274383544921875,130.0,119.03617858886719,291.9687805175781,260.0199890136719,145.70713806152344,94.6169204711914,156.81761169433594,403.9229736328125,105.86944580078125,8.628378868103027,269.5011291503906,94.61956024169922,109.38660430908203,28.232746124267578,182.17999267578125,22.56999969482422,68.98999786376953,90.46821594238281,65.38346099853516,29908.744140625,1892.080078125
2023-07-22,,,,,,,,,,,,,,,,,,,,,,,29771.802734375,1864.912353515625
2023-07-23,,,,,,,,,,,,,,,,,,,,,,,30084.5390625,1889.191650390625
2023-07-24,190.26028442382812,337.8631591796875,44.57715606689453,128.8000030517578,120.5337905883789,289.33941650390625,269.05999755859375,148.5751953125,96.1014175415039,157.6376495361328,405.552978515625,106.2359390258789,8.610328674316406,269.5393981933594,94.73482513427734,110.32743072509766,28.287778854370117,181.39999389648438,22.329999923706055,70.69000244140625,90.13917541503906,65.2754135131836,29176.916015625,1850.0020751953125
2023-07-25,191.11903381347656,343.60986328125,45.643314361572266,129.1300048828125,121.20821380615234,292.1771240234375,265.2799987792969,147.46560668945312,96.24713134765625,158.84474182128906,406.7007751464844,106.50601196289062,8.601298332214355,270.3340148925781,94.84050750732422,109.50308990478516,28.43453598022461,182.41000366210938,22.6200008392334,71.16000366210938,89.97019958496094,65.2033920288086,29227.390625,1857.741943359375
2023-07-26,191.98765563964844,330.6772766113281,45.416500091552734,128.14999389648438,128.2103729248047,296.2452392578125,264.3500061035156,148.3495330810547,95.70980834960938,159.1488037109375,406.6429138183594,106.57351684570312,8.628378868103027,270.4394226074219,95.34961700439453,110.04069519042969,28.48040199279785,183.3000030517578,22.90999984741211,70.66000366210938,90.05913543701172,65.41946411132812,29354.97265625,1872.159912109375
2023-07-27,190.72422790527344,323.7752990722656,45.86415100097656,128.25,128.33926391601562,309.28289794921875,255.7100067138672,146.71331787109375,96.01033020019531,160.04258728027344,404.05804443359375,105.79229736328125,8.556170463562012,267.3946838378906,94.15845489501953,107.6214370727539,28.361160278320312,180.4199981689453,22.110000610351562,71.43000030517578,88.30721282958984,64.86124420166016,29210.689453125,1860.357177734375
2023-07-28,193.30052185058594,331.2647399902344,46.71348190307617,132.2100067138672,131.4932098388672,322.9456787109375,266.44000244140625,147.55023193359375,94.86280059814453,160.77049255371094,408.0896301269531,106.91107177734375,8.583250999450684,269.0127868652344,95.30159759521484,107.54975891113281,28.627159118652344,181.86000061035156,22.31999969482422,72.08999633789062,88.76075744628906,65.08635711669922,29319.24609375,1874.744873046875
2023-07-29,,,,,,,,,,,,,,,,,,,,,,,29356.91796875,1881.06884765625
2023-07-30,,,,,,,,,,,,,,,,,,,,,,,29275.30859375,1861.643798828125
2023-07-31,193.91249084472656,328.8661193847656,46.692501068115234,133.67999267578125,131.63204956054688,316.1192626953125,267.42999267578125,148.53759765625,97.66790008544922,154.36659240722656,408.6973571777344,107.2004165649414,8.614921569824219,270.2957763671875,96.08927917480469,108.27552795410156,28.67302131652832,182.35000610351562,22.690000534057617,73.16999816894531,88.97418212890625,65.2033920288086,29230.111328125,1856.162353515625
2023-08-01,193.0833282470703,329.27728271484375,46.47066879272461,131.69000244140625,130.47166442871094,320.197265625,261.07000732421875,147.8041229248047,97.10323333740234,155.61973571777344,407.6169738769531,106.90142059326172,8.569674491882324,269.3765869140625,95.7338638305664,108.06946563720703,28.3886775970459,180.4600067138672,22.290000915527344,72.95999908447266,87.51618194580078,64.79986572265625,29675.732421875,1871.7921142578125
2023-08-02,190.09249877929688,320.6229553222656,44.23442077636719,128.2100067138672,127.32763671875,311.8626403808594,254.11000061035156,146.1302947998047,95.89195251464844,156.5595703125,401.98419189453125,105.37757110595703,8.542529106140137,266.2744140625,94.37940216064453,107.48703002929688,27.819984436035156,179.60000610351562,21.75,71.4800033569336,86.57981872558594,64.59220886230469,29151.958984375,1839.0897216796875
2023-08-03,188.70068359375,319.80059814453125,44.480228424072266,128.91000366210938,127.39706420898438,310.75140380859375,259.32000732421875,147.02362060546875,97.55860900878906,157.23223876953125,400.97149658203125,105.1075210571289,8.488232612609863,265.3074035644531,94.09122467041016,106.30429077148438,27.764949798583984,179.5399932861328,21.6299991607666,73.13999938964844,84.58233642578125,64.19501495361328,29178.6796875,1835.136474609375
2023-08-04,179.6392822265625,320.8970947265625,44.645103454589844,139.57000732421875,127.05985260009766,308.310546875,253.86000061035156,146.71331787109375,97.83181762695312,155.75790405273438,398.8784484863281,104.59634399414062,8.551573753356934,263.5647277832031,93.94713592529297,105.40826416015625,27.829160690307617,180.19000244140625,21.65999984741211,73.79000091552734,86.08047485351562,64.72764587402344,29074.091796875,1827.712890625
2023-08-05,,,,,,,,,,,,,,,,,,,,,,,29042.126953125,1834.9879150390625
2023-08-06,,,,,,,,,,,,,,,,,,,,,,,29041.85546875,1827.4620361328125
2023-08-07,176.53982543945312,323.1781005859375,45.38152313232422,142.22000122070312,130.45181274414062,314.09515380859375,251.4499969482422,147.40919494628906,97.63145446777344,159.49893188476562,402.48577880859375,105.4547348022461,8.542529106140137,265.5563049316406,94.41783142089844,106.74335479736328,27.975915908813477,179.77999877929688,21.209999084472656,73.81999969482422,85.23330688476562,64.62830352783203,29180.578125,1826.9388427734375
2023-08-08,177.4775390625,319.2033996582031,44.629119873046875,139.94000244140625,130.32289123535156,310.2056884765625,249.6999969482422,146.58169555664062,98.11415100097656,159.57266235351562,400.7882080078125,104.95320129394531,8.569674491882324,263.5552062988281,93.68778228759766,106.06236267089844,27.746604919433594,178.63999938964844,20.899999618530273,74.05999755859375,86.22315216064453,64.86304473876953,29765.4921875,1855.807373046875
2023-08-09,175.88836669921875,315.4635925292969,42.5207633972168,137.85000610351562,128.59715270996094,302.8335266113281,242.19000244140625,144.61630249023438,99.78082275390625,159.4713134765625,398.0007629394531,104.200927734375,8.569674491882324,262.4923400878906,93.09219360351562,106.09819793701172,27.77412223815918,177.7899932861328,20.799999237060547,75.0999984741211,86.66902923583984,64.88111877441406,29561.494140625,1854.297607421875
2023-08-10,175.67117309570312,316.1489562988281,42.35489273071289,138.55999755859375,128.62689208984375,303.359375,245.33999633789062,144.4000701904297,100.29084014892578,158.64199829101562,398.1550598144531,104.21057891845703,8.524431228637695,262.013671875,92.86164855957031,105.65914916992188,27.8658447265625,177.60000610351562,20.829999923706055,74.19999694824219,85.24221801757812,64.52001190185547,29429.591796875,1850.75341796875
2023-08-11,175.73049926757812,314.26922607421875,40.82308578491211,138.41000366210938,128.4979705810547,299.2912902832031,242.64999389648438,145.23696899414062,101.84820556640625,160.1900177001953,397.7885437011719,104.11412811279297,8.488232612609863,261.73590087890625,92.9480972290039,105.8473129272461,27.645706176757812,177.60000610351562,20.799999237060547,74.25,85.04603576660156,64.31236267089844,29397.71484375,1847.1243896484375
2023-08-12,,,,,,,,,,,,,,,,,,,,,,,29415.96484375,1848.889892578125
2023-08-13,,,,,,,,,,,,,,,,,,,,,,,29282.9140625,1839.2801513671875
2023-08-14,177.38116455078125,317.2355651855469,43.71883010864258,140.57000732421875,130.25344848632812,303.8058776855469,239.75999450683594,145.5378875732422,101.9301528930664,159.81219482421875,400.0937805175781,104.64456939697266,8.479182243347168,261.9944152832031,92.9769287109375,105.14840698242188,27.508119583129883,177.05999755859375,20.719999313354492,73.80999755859375,84.85880279541016,64.23113250732422,29408.443359375,1844.185791015625
2023-08-15,175.3944549560547,315.1013488769531,43.90568161010742,137.6699981689453,128.71617126464844,299.59893798828125,232.9600067138672,141.8328857421875,99.31327056884766,159.3515167236328,395.53155517578125,103.42935180664062,8.46108627319336,258.4901428222656,91.75695037841797,103.87606048583984,27.19626235961914,176.58999633789062,20.670000076293945,72.62000274658203,84.34156036376953,64.08666229248047,29170.34765625,1826.9327392578125
2023-08-16,174.52462768554688,314.33612060546875,43.452030181884766,135.07000732421875,127.64501190185547,291.99859619140625,225.60000610351562,141.23106384277344,97.64212799072266,158.84474182128906,392.60906982421875,102.63848876953125,8.433934211730957,256.59423828125,90.77713012695312,102.63954162597656,26.994464874267578,175.57000732421875,20.559999465942383,71.37000274658203,83.681640625,63.9061279296875,28701.779296875,1805.6590576171875
2023-08-17,171.98440551757812,310.8828125,43.310150146484375,133.97999572753906,128.85499572753906,282.8701477050781,219.22000122070312,139.76417541503906,99.53363800048828,160.33743286132812,389.6576232910156,101.78010559082031,8.424885749816895,254.00914001464844,89.63402557373047,101.79728698730469,26.875225067138672,175.3000030517578,20.799999237060547,71.9800033569336,83.32496643066406,63.842952728271484,26664.55078125,1684.9334716796875
2023-08-18,172.46875,310.4904479980469,43.26517868041992,133.22000122070312,126.4151840209961,281.0445556640625,215.49000549316406,140.0838623046875,101.03949737548828,158.9368438720703,389.61907958984375,101.8476333618164,8.442984580993652,254.56446838378906,89.9798355102539,102.08401489257812,26.80184555053711,175.3300018310547,20.8700008392334,72.79000091552734,83.61922454833984,63.97834777832031,26049.556640625,1660.945068359375
2023-08-19,,,,,,,,,,,,,,,,,,,,,,,26096.205078125,1669.471923828125
2023-08-20,,,,,,,,,,,,,,,,,,,,,,,26189.583984375,1684.85205078125
2023-08-21,173.8031005859375,315.78814697265625,46.93031692504883,134.67999267578125,127.3177261352539,287.6427307128906,231.27999877929688,140.56344604492188,99.81827545166016,154.20074462890625,392.3100280761719,102.46487426757812,8.406786918640137,254.56446838378906,89.96062469482422,101.17902374267578,26.85688018798828,175.80999755859375,21.360000610351562,72.58000183105469,82.50454711914062,63.671409606933594,26124.140625,1667.26904296875
2023-08-22,175.177001953125,316.35711669921875,45.6323356628418,134.25,128.02191162109375,285.360595703125,233.19000244140625,137.64837646484375,99.25818634033203,152.97523498535156,391.22979736328125,102.17555236816406,8.406786918640137,254.02822875976562,89.6052017211914,101.51951599121094,26.847707748413086,176.10000610351562,21.459999084472656,72.27999877929688,83.13771057128906,63.75267791748047,26031.65625,1633.892578125
2023-08-23,179.02194213867188,320.8112487792969,47.079200744628906,135.52000427246094,131.28492736816406,291.9489440917969,236.86000061035156,138.5792999267578,98.38587951660156,151.60231018066406,395.55084228515625,103.31361389160156,8.488232612609863,256.4411315917969,90.61383056640625,103.15028381347656,27.122879028320312,177.88999938964844,22.290000915527344,71.36000061035156,85.19762420654297,64.33042907714844,26431.640625,1679.2744140625
2023-08-24,174.33685302734375,313.914306640625,47.12615966796875,131.83999633789062,128.71617126464844,284.5173034667969,230.0399932861328,138.44766235351562,97.65130615234375,152.1182861328125,390.25567626953125,101.92476654052734,8.46108627319336,253.6453094482422,89.56676483154297,102.6843490600586,26.85688018798828,177.85000610351562,22.110000610351562,71.41000366210938,84.6358413696289,64.17694854736328,26162.373046875,1659.944580078125
2023-08-25,176.541015625,316.86737060546875,45.9820556640625,133.25999450683594,128.81533813476562,283.2769775390625,238.58999633789062,138.2783966064453,99.39590454101562,154.29937744140625,392.9273986816406,102.59989929199219,8.46108627319336,254.92828369140625,89.9798355102539,102.83666229248047,26.9486026763916,177.6199951171875,22.219999313354492,72.44999694824219,84.91229248046875,64.17694854736328,26047.66796875,1652.93505859375
2023-08-26,,,,,,,,,,,,,,,,,,,,,,,26008.462890625,1646.3067626953125
2023-08-27,,,,,,,,,,,,,,,,,,,,,,,26089.693359375,1657.5130615234375
2023-08-28,178.1027069091797,317.5736999511719,46.79841613769531,133.13999938964844,129.9360809326172,287.9999084472656,238.82000732421875,138.75796508789062,100.23147583007812,152.48025512695312,395.38690185546875,103.26538848876953,8.479182243347168,256.85284423828125,90.7195053100586,103.75957489013672,27.205434799194336,178.1300048828125,22.219999313354492,72.41000366210938,85.00145721435547,64.29431915283203,26106.150390625,1652.4573974609375
2023-08-29,181.98715209960938,322.1945495605469,48.745887756347656,134.91000366210938,133.46690368652344,295.6697082519531,257.17999267578125,139.88636779785156,100.82831573486328,152.4988250732422,401.1354675292969,104.78925323486328,8.533475875854492,260.1561279296875,92.0931625366211,104.98713684082031,27.581501007080078,179.8699951171875,22.709999084472656,73.31999969482422,85.88429260253906,64.6915512084961,27727.392578125,1729.7257080078125
2023-08-30,185.47628784179688,322.5673522949219,49.225521087646484,135.07000732421875,134.76617431640625,292.80224609375,256.8999938964844,139.32215881347656,101.810791015625,151.9605255126953,402.7365417480469,105.22325134277344,8.524431228637695,261.238037109375,92.51583862304688,105.41722869873047,27.56315803527832,180.32000732421875,22.56999969482422,73.66000366210938,85.79512786865234,64.66443634033203,27297.265625,1705.1121826171875
2023-08-31,185.69375610351562,321.556884765625,49.31644821166992,138.00999450683594,135.05377197265625,293.5860900878906,258.0799865722656,137.60134887695312,102.09542846679688,150.05787658691406,402.1867980957031,105.1268081665039,8.56617259979248,260.5870056152344,92.53504943847656,104.71831512451172,27.407222747802734,180.02000427246094,22.389999389648438,75.05999755859375,86.17853546142578,64.77279663085938,25931.47265625,1645.63916015625
2023-09-01,187.26531982421875,322.4397888183594,48.471107482910156,138.1199951171875,134.5479736328125,294.0722961425781,245.00999450683594,138.06211853027344,104.2348403930664,148.944091796875,402.9294738769531,105.44508361816406,8.520798683166504,261.802978515625,93.45722961425781,104.74520874023438,27.489776611328125,180.11000061035156,22.170000076293945,76.91999816894531,84.83602905273438,64.46136474609375,25800.724609375,1628.4912109375
2023-09-02,,,,,,,,,,,,,,,,,,,,,,,25868.798828125,1637.025390625
2023-09-03,,,,,,,,,,,,,,,,,,,,,,,25969.56640625,1636.11767578125
2023-09-04,,,,,,,,,,,,,,,,,,,,,,,25812.416015625,1629.6552734375
2023-09-05,187.50253295898438,327.23724365234375,48.51008605957031,137.27000427246094,134.65707397460938,297.81292724609375,256.489990234375,136.5386962890625,104.24403381347656,149.12977600097656,401.26080322265625,104.84711456298828,8.475430488586426,258.8731384277344,91.56482696533203,103.5714111328125,27.315500259399414,178.63999938964844,21.59000015258789,77.76000213623047,83.6464614868164,64.10832977294922,25779.982421875,1633.62939453125
2023-09-06,180.7911834716797,326.5799560546875,47.028114318847656,135.36000061035156,133.35780334472656,296.840576171875,251.9199981689453,136.31309509277344,105.14388275146484,146.6516876220703,398.473388671875,104.17198944091797,8.466352462768555,258.49969482421875,91.28624725341797,103.43700408935547,27.223777770996094,177.8300018310547,21.239999771118164,78.5199966430664,83.8521728515625,64.03592681884766,25753.236328125,1632.2523193359375
2023-09-07,175.50315856933594,323.66619873046875,46.20868682861328,137.85000610351562,134.15122985839844,296.34442138671875,251.49000549316406,135.1470184326172,104.62968444824219,148.52647399902344,397.24847412109375,103.80548858642578,8.484503746032715,257.5901184082031,90.51778411865234,104.03733825683594,27.058673858642578,178.02000427246094,21.049999237060547,77.94999694824219,84.084716796875,64.253173828125,26240.1953125,1647.5982666015625
2023-09-08,176.11599731445312,327.9436340332031,45.54015350341797,138.22999572753906,135.2620849609375,295.570556640625,248.5,135.25047302246094,106.15391540527344,149.0183868408203,397.8464660644531,103.93087768554688,8.493576049804688,257.17840576171875,90.35446166992188,103.53557586669922,27.040328979492188,178.0800018310547,21.010000228881836,78.30000305175781,84.40672302246094,64.2712631225586,25905.654296875,1636.1378173828125
2023-09-09,,,,,,,,,,,,,,,,,,,,,,,25895.677734375,1635.162353515625
2023-09-10,,,,,,,,,,,,,,,,,,,,,,,25832.2265625,1616.828857421875
2023-09-11,177.28231811523438,331.5442199707031,45.14643478393555,143.10000610351562,135.79763793945312,305.165283203125,273.5799865722656,135.84291076660156,104.82251739501953,150.96742248535156,400.5181884765625,104.59634399414062,8.475430488586426,257.7528381347656,90.48896789550781,103.55348205566406,27.297155380249023,178.41000366210938,21.15999984741211,78.37000274658203,83.79853057861328,64.17169189453125,25162.654296875,1551.6376953125
2023-09-12,174.2577667236328,325.4909362792969,44.83864212036133,141.22999572753906,134.23057556152344,299.31121826171875,267.4800109863281,137.61073303222656,107.880126953125,151.82130432128906,398.25152587890625,104.06590270996094,8.484503746032715,257.22625732421875,90.4697494506836,103.58934020996094,27.223777770996094,177.49000549316406,21.1299991607666,79.69999694824219,84.281494140625,64.21695709228516,25833.34375,1592.429443359375
2023-09-13,172.19200134277344,329.6997985839844,45.453216552734375,144.85000610351562,135.58935546875,302.6846923828125,271.29998779296875,137.67657470703125,106.91600799560547,152.20181274414062,398.7434387207031,104.06590270996094,8.493576049804688,255.87619018554688,89.79733276367188,102.42449951171875,27.177913665771484,177.0800018310547,20.93000030517578,79.68000030517578,84.26360321044922,64.3165512084961,26228.32421875,1607.988525390625
2023-09-14,173.70423889160156,332.289794921875,45.54915237426758,144.72000122070312,136.96795654296875,309.2928771972656,276.0400085449219,140.34715270996094,108.82589721679688,151.9698028564453,402.2156982421875,104.99178314208984,8.475430488586426,258.4326477050781,90.90201568603516,104.31511688232422,27.480606079101562,177.1699981689453,20.729999542236328,81.12000274658203,83.65538024902344,64.20789337158203,26539.673828125,1626.974365234375
2023-09-15,172.9827117919922,323.9703063964844,43.869327545166016,140.38999938964844,136.27371215820312,297.9716796875,274.3900146484375,139.93341064453125,107.15474700927734,149.84439086914062,397.3448791503906,103.75726318359375,8.457277297973633,256.096435546875,90.06627655029297,103.87606048583984,27.421594619750977,178.33999633789062,21.110000610351562,81.29000091552734,83.14559173583984,64.0811767578125,26608.693359375,1641.640380859375
2023-09-16,,,,,,,,,,,,,,,,,,,,,,,26568.28125,1635.2216796875
2023-09-17,,,,,,,,,,,,,,,,,,,,,,,26534.1875,1622.896728515625
2023-09-18,175.90843200683594,322.8322448730469,43.935272216796875,139.97999572753906,137.0770721435547,300.1942138671875,265.2799987792969,140.2249298095703,108.01786804199219,150.79107666015625,397.63427734375,103.74761962890625,8.466352462768555,255.55064392089844,89.73967742919922,102.9262924194336,27.310951232910156,179.38999938964844,21.299999237060547,81.44999694824219,83.61961364746094,64.14453887939453,26754.28125,1637.3470458984375
2023-09-19,176.99569702148438,322.4300231933594,43.489585876464844,137.6300048828125,136.90841674804688,302.69464111328125,266.5,140.0462646484375,107.73321533203125,150.54049682617188,396.7758483886719,103.50650787353516,8.43913459777832,255.052734375,89.44187927246094,102.46930694580078,27.301729202270508,179.22000122070312,21.270000457763672,81.5,83.00245666503906,64.00875854492188,27211.1171875,1643.544677734375
2023-09-20,173.45712280273438,314.69915771484375,42.2094841003418,135.2899932861328,132.64370727539062,297.336669921875,262.5899963378906,139.45382690429688,106.8792953491211,151.199462890625,393.0816955566406,102.57341766357422,8.43913459777832,254.0024871826172,88.84599304199219,102.62162780761719,27.209524154663086,179.35000610351562,21.34000015258789,80.13999938964844,83.2618637084961,63.92730712890625,27132.0078125,1622.890625
2023-09-21,171.91522216796875,313.48260498046875,40.98833465576172,129.3300018310547,129.37075805664062,293.4273376464844,255.6999969482422,138.36302185058594,105.3734359741211,150.03932189941406,386.638671875,100.84078979492188,8.384683609008789,249.20741271972656,87.17784881591797,99.06441497802734,26.803821563720703,178.0500030517578,21.440000534057617,80.41000366210938,81.12421417236328,63.52900695800781,26567.6328125,1584.3070068359375
2023-09-22,172.76524353027344,311.01031494140625,41.5809211730957,129.1199951171875,129.1823272705078,296.7512512207031,244.8800048828125,137.037109375,105.5387191772461,148.96270751953125,385.7609558105469,100.62782287597656,8.411909103393555,248.70777893066406,86.9271240234375,98.33863830566406,26.859146118164062,178.6199951171875,21.579999923706055,80.62999725341797,81.777099609375,63.7915153503418,26579.568359375,1593.268310546875
2023-09-23,,,,,,,,,,,,,,,,,,,,,,,26579.390625,1593.8577880859375
2023-09-24,,,,,,,,,,,,,,,,,,,,,,,26256.826171875,1580.8533935546875
2023-09-25,174.0403289794922,311.5303039550781,42.19248962402344,131.27000427246094,130.03526306152344,298.48760986328125,246.99000549316406,137.71417236328125,106.72320556640625,148.7399444580078,387.3138427734375,101.02468872070312,8.357460021972656,249.37081909179688,87.26461791992188,98.24008178710938,26.766944885253906,177.6999969482422,21.200000762939453,80.38999938964844,79.76465606689453,63.320770263671875,26298.48046875,1588.3228759765625
2023-09-26,169.96803283691406,306.2325134277344,41.8817138671875,125.9800033569336,127.5160903930664,296.6322021484375,244.1199951171875,136.28485107421875,106.88848876953125,147.58908081054688,381.6328430175781,99.56307983398438,8.348387718200684,245.8057403564453,86.02073669433594,96.43011474609375,26.41656494140625,176.27999877929688,20.959999084472656,80.87999725341797,79.48738098144531,63.25740432739258,26217.25,1593.417236328125
2023-09-27,168.45574951171875,306.87017822265625,42.438323974609375,125.9800033569336,129.46994018554688,295.42169189453125,240.5,137.08412170410156,110.36847686767578,145.81637573242188,381.7335205078125,99.69859313964844,8.312091827392578,246.62252807617188,86.70536041259766,95.76062774658203,26.388904571533203,174.10000610351562,20.700000762939453,82.9000015258789,79.07592010498047,63.031105041503906,26352.716796875,1597.4912109375
2023-09-28,168.71278381347656,307.7041320800781,43.05888748168945,125.9800033569336,131.2254180908203,301.59320068359375,246.3800048828125,138.78619384765625,109.69818878173828,145.60293579101562,384.0281066894531,100.34712219238281,8.330239295959473,248.52517700195312,87.61175537109375,96.78292846679688,26.52720832824707,173.22999572753906,20.739999771118164,81.56999969482422,79.31742858886719,63.194061279296875,27021.546875,1652.8826904296875
2023-09-29,169.2267303466797,309.7742004394531,43.468605041503906,127.12000274658203,129.7873077392578,297.8724670410156,250.22000122070312,136.3694610595703,107.96278381347656,144.5541534423828,383.0018005371094,100.09545135498047,8.353899955749512,247.83331298828125,87.33212280273438,97.0271987915039,26.499549865722656,171.4499969482422,20.34000015258789,80.86000061035156,79.32637023925781,63.16688537597656,26911.720703125,1667.94384765625
2023-09-30,,,,,,,,,,,,,,,,,,,,,,,26967.916015625,1671.161865234375
2023-10-01,,,,,,,,,,,,,,,,,,,,,,,27983.75,1733.8104248046875
2023-10-02,171.73728942871094,315.7096252441406,44.750709533691406,129.4600067138672,133.0701904296875,304.43096923828125,251.60000610351562,135.1940460205078,106.17227935791016,143.9972686767578,383.0309143066406,99.92123413085938,8.290196418762207,244.87362670898438,86.17503356933594,95.29020690917969,26.195274353027344,169.64999389648438,19.420000076293945,79.38999938964844,77.99842071533203,62.73298645019531,27530.78515625,1663.6275634765625
2023-10-03,170.40293884277344,307.4588317871094,43.48658752441406,124.72000122070312,131.3444366455078,298.5967712402344,246.52999877929688,134.197265625,106.35591888427734,144.17359924316406,377.79302978515625,98.47898864746094,8.226496696472168,241.5008087158203,84.62258911132812,93.35418701171875,25.8541202545166,169.16000366210938,19.440000534057617,79.93000030517578,76.32057189941406,62.22467803955078,27429.978515625,1656.6856689453125
2023-10-04,171.64834594726562,312.92340087890625,44.01022720336914,127.0,134.13140869140625,303.2005920410156,261.1600036621094,134.799072265625,102.38008117675781,144.34068298339844,380.8621520996094,99.24365997314453,8.281100273132324,243.4899139404297,85.03721618652344,94.47598266601562,25.83568000793457,169.13999938964844,19.309999465942383,75.58999633789062,77.39729309082031,62.63314437866211,27799.39453125,1647.838134765625
2023-10-05,172.88388061523438,313.3158264160156,44.656776428222656,125.95999908447266,133.96279907226562,302.4167785644531,260.04998779296875,135.36744689941406,100.07538604736328,145.84422302246094,380.4361877441406,99.13719940185547,8.281100273132324,242.8364715576172,84.9600601196289,95.02784729003906,26.00164794921875,168.8300018310547,19.25,73.98999786376953,77.01148986816406,62.67854690551758,27415.912109375,1611.4764404296875
2023-10-06,175.4340057373047,321.06634521484375,45.73002243041992,127.95999908447266,136.4522247314453,312.97393798828125,260.5299987792969,137.45150756835938,98.40423583984375,146.30828857421875,384.986572265625,100.3277587890625,8.244699478149414,245.6327667236328,85.68326568603516,95.22688293457031,26.27825927734375,169.6999969482422,19.729999542236328,74.16000366210938,76.07832336425781,62.433475494384766,27946.59765625,1645.83154296875
2023-10-07,,,,,,,,,,,,,,,,,,,,,,,27968.83984375,1634.51123046875
2023-10-08,,,,,,,,,,,,,,,,,,,,,,,27935.08984375,1633.548583984375
2023-10-09,176.9166259765625,323.5778503417969,45.24135971069336,128.25999450683594,137.2853240966797,315.8811340332031,259.6700134277344,137.13888549804688,101.84751892089844,147.14356994628906,387.4167175292969,100.97630310058594,8.317500114440918,247.6027069091797,86.32929992675781,96.39392852783203,26.23215675354004,172.82000732421875,20.059999465942383,77.12999725341797,77.86384582519531,63.068885803222656,27583.677734375,1579.806640625
2023-10-10,176.32357788085938,322.1749267578125,45.765995025634766,129.47999572753906,136.9282684326172,319.3340148925781,263.6199951171875,137.97251892089844,101.41594696044922,146.97653198242188,389.440185546875,101.576416015625,8.317500114440918,249.5341796875,87.28389739990234,96.81006622314453,26.591754913330078,172.52999877929688,19.979999542236328,76.70999908447266,77.75619506835938,63.00532150268555,27391.01953125,1567.7130126953125
2023-10-11,177.7172088623047,326.12872314453125,46.773292541503906,131.8300018310547,139.3978729248047,325.2674560546875,262.989990234375,138.44613647460938,97.77986145019531,144.95321655273438,391.1249084472656,101.98296356201172,8.353899955749512,250.33172607421875,87.48640441894531,98.48373413085938,26.711618423461914,173.7899932861328,20.18000030517578,75.66999816894531,79.38023376464844,63.29578399658203,26873.3203125,1566.2547607421875
2023-10-12,178.61668395996094,324.8925476074219,46.912193298339844,132.3300018310547,137.83082580566406,321.6359558105469,258.8699951171875,138.12408447265625,97.7614974975586,145.0924530029297,388.7237854003906,101.16988372802734,8.290196418762207,246.997314453125,85.70252990722656,97.01815032958984,26.52720832824707,173.25999450683594,19.959999084472656,75.41999816894531,77.22679901123047,62.75116729736328,26756.798828125,1539.6124267578125
2023-10-13,176.77822875976562,321.52740478515625,45.42922592163086,129.7899932861328,136.2340087890625,312.23968505859375,251.1199951171875,140.1986083984375,100.8833999633789,145.57508850097656,386.7777099609375,100.61815643310547,8.326597213745117,245.94985961914062,85.0950698852539,96.81910705566406,26.296701431274414,178.8300018310547,20.780000686645508,78.98999786376953,78.60857391357422,63.041622161865234,26862.375,1552.0894775390625
2023-10-14,,,,,,,,,,,,,,,,,,,,,,,26861.70703125,1555.2568359375
2023-10-15,,,,,,,,,,,,,,,,,,,,,,,27159.65234375,1558.06982421875
2023-10-16,176.6497344970703,326.34454345703125,46.06278991699219,132.5500030517578,137.95974731445312,318.6493835449219,253.9199981689453,140.05653381347656,100.95687103271484,146.20620727539062,390.8924560546875,101.77001190185547,8.281100273132324,249.03448486328125,86.52215576171875,97.94091796875,26.435009002685547,177.9600067138672,20.68000030517578,78.38999938964844,77.34343719482422,62.71485137939453,28519.466796875,1600.5343017578125
2023-10-17,175.09793090820312,325.7754821777344,43.90729904174805,131.47000122070312,138.57469177246094,321.4772033691406,254.85000610351562,139.75341796875,102.2790756225586,144.86972045898438,390.8537292480469,101.88616943359375,8.226496696472168,250.25485229492188,87.51532745361328,97.78712463378906,26.444229125976562,178.2899932861328,20.920000076293945,78.80000305175781,76.49105834960938,62.30636978149414,28415.748046875,1565.4395751953125
2023-10-18,173.8031005859375,323.86236572265625,42.1665153503418,128.1300048828125,136.8291015625,314.5019226074219,242.67999267578125,138.21881103515625,103.71146392822266,141.751220703125,385.61590576171875,100.40519714355469,8.19009780883789,245.6039581298828,85.57719421386719,95.65206909179688,26.04775047302246,180.8699951171875,20.950000762939453,79.83999633789062,75.81812286376953,62.03404998779297,28328.341796875,1563.7498779296875
2023-10-19,173.427490234375,325.04949951171875,42.07158279418945,128.39999389648438,136.62083435058594,310.37432861328125,220.11000061035156,137.63150024414062,103.7757568359375,141.3707275390625,382.3725280761719,99.47595977783203,8.15369701385498,242.3367919921875,84.32365417480469,93.39942169189453,25.8541202545166,183.08999633789062,21.110000610351562,81.68000030517578,74.26586151123047,61.76173782348633,28719.806640625,1567.45703125
2023-10-20,170.8773956298828,320.4875183105469,41.35808563232422,125.16999816894531,134.4884490966797,306.24676513671875,211.99000549316406,135.41481018066406,101.99443817138672,142.00184631347656,377.5704040527344,98.22732543945312,8.18099594116211,239.05039978027344,83.26298522949219,92.8113784790039,25.586727142333984,183.58999633789062,21.399999618530273,80.69999694824219,74.68756866455078,61.988677978515625,29682.94921875,1604.6668701171875
2023-10-21,,,,,,,,,,,,,,,,,,,,,,,29918.412109375,1629.304443359375
2023-10-22,,,,,,,,,,,,,,,,,,,,,,,29993.896484375,1663.429931640625
2023-10-23,170.99598693847656,323.0873718261719,42.944969177246094,126.55999755859375,135.38108825683594,311.56500244140625,212.0800018310547,133.56764221191406,100.49775695800781,140.50758361816406,376.9313659667969,97.97564697265625,8.208298683166504,237.57058715820312,82.539794921875,91.92477416992188,25.568286895751953,182.97000122070312,21.049999237060547,78.88999938964844,75.58484649658203,62.22467803955078,33086.234375,1765.3826904296875
2023-10-24,171.43092346191406,324.27447509765625,43.63248825073242,128.55999755859375,137.67213439941406,310.11639404296875,216.52000427246094,133.72866821289062,99.52445220947266,140.35903930664062,379.6809387207031,98.7112808227539,8.235596656799316,239.20416259765625,83.16656494140625,93.06468963623047,25.697372436523438,182.9499969482422,21.020000457763672,76.93000030517578,76.5807876586914,62.433475494384766,33901.52734375,1784.4375
2023-10-25,169.11802673339844,334.2225646972656,41.74980545043945,121.38999938964844,124.58033752441406,297.19775390625,212.4199981689453,132.99923706054688,99.70809936523438,140.6746368408203,374.23980712890625,97.21099090576172,8.171895980834961,235.6775360107422,81.66232299804688,91.11962890625,25.494522094726562,183.72000122070312,20.940000534057617,78.45999908447266,74.87601470947266,61.9614372253418,34502.8203125,1787.3975830078125
2023-10-26,164.95675659179688,321.6844177246094,40.297821044921875,119.56999969482422,121.27763366699219,286.10479736328125,205.75999450683594,133.34027099609375,98.799072265625,138.2893524169922,369.8152160644531,96.21398162841797,8.226496696472168,235.13941955566406,81.96125793457031,92.86566162109375,25.3377742767334,184.00999450683594,20.850000381469727,76.88999938964844,76.02448272705078,62.37898254394531,34156.6484375,1804.039306640625
2023-10-27,166.2713623046875,323.5680847167969,40.471702575683594,127.73999786376953,121.16854858398438,294.4195861816406,207.3000030517578,128.53753662109375,96.91675567626953,135.1337432861328,368.04345703125,95.6816177368164,8.226496696472168,232.81398010253906,80.96807098388672,91.35482788085938,25.30089569091797,186.14999389648438,21.18000030517578,78.36000061035156,75.70149230957031,62.37898254394531,33909.80078125,1780.0452880859375
2023-10-28,,,,,,,,,,,,,,,,,,,,,,,34089.57421875,1776.6181640625
2023-10-29,,,,,,,,,,,,,,,,,,,,,,,34538.48046875,1795.5460205078125
2023-10-30,168.31735229492188,330.9261169433594,41.13223648071289,132.7100067138672,123.43976593017578,300.3033447265625,197.36000061035156,130.1763153076172,97.2197494506836,136.46096801757812,372.4970703125,96.79476928710938,8.208298683166504,233.82293701171875,81.5562744140625,91.90668487548828,25.55906105041504,185.10000610351562,21.34000015258789,76.05000305175781,75.3604965209961,62.22467803955078,34502.36328125,1810.088623046875
2023-10-31,168.79183959960938,331.7110290527344,40.75150680541992,133.08999633789062,123.0628890991211,298.9242248535156,200.83999633789062,131.72987365722656,97.19220733642578,137.6768035888672,374.9368896484375,97.46263885498047,8.2238130569458,236.10037231445312,82.25051879882812,93.55322265625,25.55906105041504,184.08999633789062,20.979999542236328,75.0199966430664,74.99263763427734,62.206520080566406,34667.78125,1816.458984375
2023-11-01,171.95474243164062,339.52032470703125,42.29542922973633,137.0,125.41345977783203,309.42181396484375,205.66000366210938,131.61619567871094,96.99938201904297,138.00164794921875,378.8773498535156,98.42091369628906,8.296833992004395,237.1477813720703,82.67479705810547,94.10506439208984,25.808019638061523,183.50999450683594,20.969999313354492,74.75,76.6186294555664,62.810142517089844,35437.25390625,1847.0897216796875
2023-11-02,175.51307678222656,341.7277526855469,43.47560119628906,138.07000732421875,126.44493103027344,308.4494323730469,218.50999450683594,133.96546936035156,100.18555450439453,139.4402313232422,386.04193115234375,100.35680389404297,8.342470169067383,242.68272399902344,84.57437133789062,97.18098449707031,26.315141677856445,184.1199951171875,20.8700008392334,76.18000030517578,78.36531066894531,63.17431640625,34938.2421875,1800.6209716796875
2023-11-03,174.6036834716797,346.1229553222656,44.97355270385742,138.60000610351562,128.04171752929688,312.15045166015625,219.9600067138672,135.4622344970703,98.96434020996094,140.461181640625,389.6919250488281,101.49897766113281,8.397234916687012,247.27593994140625,86.54143524169922,99.47887420654297,26.65629768371582,184.7899932861328,21.219999313354492,74.8499984741211,78.89649200439453,63.54756546020508,34732.32421875,1832.795166015625
2023-11-04,,,,,,,,,,,,,,,,,,,,,,,35082.1953125,1857.6986083984375
2023-11-05,,,,,,,,,,,,,,,,,,,,,,,35049.35546875,1894.15771484375
2023-11-06,177.15382385253906,349.7823791503906,45.719024658203125,139.74000549316406,129.1823272705078,313.341064453125,219.27000427246094,136.4852752685547,97.21057891845703,140.79527282714844,390.3890075683594,101.49897766113281,8.360723495483398,245.44056701660156,85.57719421386719,98.08566284179688,26.69318199157715,183.35000610351562,21.079999923706055,74.91000366210938,78.13119506835938,63.27445602416992,35037.37109375,1899.83740234375
2023-11-07,179.71383666992188,353.7066650390625,45.922882080078125,142.7100067138672,129.8964080810547,316.3375244140625,222.17999267578125,136.4189453125,95.68634796142578,140.05279541015625,391.50244140625,101.8087158203125,8.397234916687012,245.76730346679688,85.44218444824219,97.19908142089844,26.545652389526367,182.58999633789062,20.729999542236328,71.80000305175781,79.28363800048828,63.593101501464844,35443.5625,1888.124267578125
2023-11-08,180.77142333984375,356.3260803222656,46.54145431518555,142.0800018310547,130.75927734375,317.2900390625,222.11000061035156,137.091552734375,94.51105499267578,139.54229736328125,391.9090270996094,101.81840515136719,8.433746337890625,245.29644775390625,84.90221405029297,97.56999206542969,26.471885681152344,180.77000427246094,20.649999618530273,70.19000244140625,80.63412475585938,63.79338455200195,35655.27734375,1889.3223876953125
2023-11-09,180.2969512939453,353.8636474609375,46.91718292236328,140.60000610351562,129.17239379882812,318.0540466308594,209.97999572753906,136.68418884277344,94.53857421875,136.8229522705078,388.82061767578125,100.93756866455078,8.360723495483398,243.2400665283203,83.79331970214844,95.97775268554688,26.41656494140625,181.49000549316406,20.690000534057617,70.25,78.77944946289062,63.320003509521484,36693.125,2120.56103515625
2023-11-10,184.48348999023438,362.6737060546875,48.30122756958008,143.55999755859375,131.5031280517578,326.2100830078125,214.64999389648438,138.71139526367188,95.26396942138672,136.66519165039062,394.9490966796875,102.46693420410156,8.37898063659668,246.16131591796875,84.72864532470703,96.97290802001953,26.53643035888672,179.50999450683594,20.34000015258789,71.79000091552734,79.22061920166016,63.43831253051758,37313.96875,2078.289794921875
2023-11-11,,,,,,,,,,,,,,,,,,,,,,,37138.05078125,2052.7138671875
2023-11-12,,,,,,,,,,,,,,,,,,,,,,,37054.51953125,2045.18701171875
2023-11-13,182.89996337890625,359.7402648925781,48.58602523803711,142.58999633789062,131.0072021484375,326.6268005371094,223.7100067138672,138.09564208984375,96.26481628417969,137.01785278320312,394.63934326171875,102.39918518066406,8.37898063659668,245.85379028320312,84.62258911132812,96.10441589355469,26.5640926361084,180.50999450683594,20.43000030517578,72.91999816894531,79.04056549072266,63.42010498046875,36502.35546875,2055.265380859375
2023-11-14,185.51280212402344,363.2623596191406,49.621299743652344,145.8000030517578,132.52467346191406,333.69134521484375,237.41000366210938,140.61544799804688,96.63546752929688,137.0457000732422,402.2491760253906,104.69322204589844,8.470255851745605,253.47393798828125,88.43135833740234,101.46918487548828,27.20030403137207,182.1199951171875,21.170000076293945,72.69000244140625,80.83221435546875,64.19396209716797,35537.640625,1979.0526123046875
2023-11-15,186.07693481445312,363.40985107421875,48.853843688964844,143.1999969482422,133.5164794921875,330.119384765625,242.83999633789062,141.846923828125,96.05170440673828,138.10374450683594,402.9656066894531,104.896484375,8.424617767333984,254.27151489257812,88.81707000732422,101.72249603271484,27.292510986328125,181.63999938964844,21.450000762939453,71.33999633789062,79.69779968261719,63.83893585205078,37880.58203125,2060.408447265625
2023-11-16,187.7594757080078,369.7997131347656,49.4454231262207,142.8300018310547,135.80752563476562,331.5879211425781,233.58999633789062,143.46678161621094,94.93976593017578,139.31031799316406,403.54656982421875,104.867431640625,8.470255851745605,253.39707946777344,87.71781158447266,101.5144271850586,27.18186378479004,183.69000244140625,21.760000228881836,68.05000305175781,80.68817138671875,64.22129821777344,36154.76953125,1960.881591796875
2023-11-17,187.7396697998047,363.58673095703125,49.26355743408203,145.17999267578125,134.20082092285156,332.4312438964844,234.3000030517578,144.76455688476562,97.25628662109375,139.0225830078125,404.0693359375,105.13845825195312,8.488510131835938,254.74237060546875,88.60493469238281,101.42396545410156,27.45847511291504,183.6699981689453,21.75,70.75,81.06632995605469,64.31232452392578,36596.68359375,1961.28076171875
2023-11-18,,,,,,,,,,,,,,,,,,,,,,,36585.703125,1963.2850341796875
2023-11-19,,,,,,,,,,,,,,,,,,,,,,,37386.546875,2013.2044677734375
2023-11-20,189.4815673828125,371.0482177734375,50.37377166748047,146.1300048828125,135.13311767578125,337.3228454589844,235.60000610351562,145.20980834960938,96.8300552368164,140.24815368652344,407.0998229980469,105.90314483642578,8.497636795043945,255.9723358154297,89.03883361816406,102.12960815429688,27.633663177490234,183.3699951171875,21.479999542236328,72.30000305175781,81.56147766113281,64.40338897705078,37476.95703125,2022.2391357421875
2023-11-21,188.67990112304688,366.7522277832031,49.90909957885742,143.89999389648438,135.8472137451172,334.3561706542969,241.1999969482422,144.90664672851562,96.79298400878906,141.38014221191406,406.28656005859375,105.59339141845703,8.50676441192627,255.38621520996094,88.27708435058594,101.47822570800781,27.51380157470703,185.35000610351562,21.770000457763672,72.52999877929688,81.52548217773438,64.4944076538086,35813.8125,1937.0667724609375
2023-11-22,189.34300231933594,371.45123291015625,48.68195724487305,146.7100067138672,137.35475158691406,338.8310241699219,234.2100067138672,145.24766540527344,96.37602233886719,141.09950256347656,407.9517822265625,106.06769561767578,8.50676441192627,256.6065979003906,88.83634185791016,101.94866943359375,27.523019790649414,184.55999755859375,21.670000076293945,71.61000061035156,81.81359100341797,64.54904174804688,37432.33984375,2064.42529296875
2023-11-23,,,,,,,,,,,,,,,,,,,,,,,37289.62109375,2062.210693359375
2023-11-24,188.01678466796875,371.0383605957031,47.74262237548828,146.74000549316406,135.5695037841797,335.596435546875,235.4499969482422,145.4465789794922,96.89491271972656,142.67120361328125,408.2035217285156,106.2419204711914,8.470255851745605,257.6540222167969,89.270263671875,102.33768463134766,27.670543670654297,185.52000427246094,22.270000457763672,70.81999969482422,80.85020446777344,64.23948669433594,37720.28125,2081.152099609375
2023-11-25,,,,,,,,,,,,,,,,,,,,,,,37796.79296875,2084.4130859375
2023-11-26,,,,,,,,,,,,,,,,,,,,,,,37479.12109375,2063.2861328125
2023-11-27,187.83863830566406,372.1983947753906,48.208290100097656,147.72999572753906,135.29180908203125,332.0939025878906,236.0800018310547,145.1150665283203,96.32968139648438,141.52984619140625,407.40960693359375,106.03865051269531,8.525020599365234,257.0294189453125,89.14490509033203,102.67241668701172,27.59678077697754,186.77000427246094,22.559999465942383,69.95999908447266,82.20074462890625,64.6309585571289,37254.16796875,2027.4173583984375
2023-11-28,188.44235229492188,376.2191467285156,47.78758239746094,147.02999877929688,136.07534790039062,336.3504943847656,246.72000122070312,145.4465789794922,96.27409362792969,141.85728454589844,407.8162536621094,106.09674835205078,8.552400588989258,256.7123107910156,88.80743408203125,103.27855682373047,27.679767608642578,189.25999450683594,22.920000076293945,71.26000213623047,82.36279296875,64.90409851074219,37831.0859375,2049.338134765625
2023-11-29,187.42295837402344,372.4343566894531,48.10636520385742,146.32000732421875,133.8834686279297,329.6134033203125,244.13999938964844,146.18551635742188,94.8285903930664,142.3063201904297,407.4967956542969,106.1451416015625,8.598038673400879,257.8173828125,89.30883026123047,103.98419952392578,27.698209762573242,189.5399932861328,22.8799991607666,72.5199966430664,83.39817810058594,65.2409896850586,37858.4921875,2029.92919921875
2023-11-30,187.99697875976562,372.4933166503906,46.73732376098633,146.08999633789062,131.443603515625,324.6026916503906,240.0800018310547,147.8527069091797,95.1992416381836,144.69200134277344,409.1619567871094,106.60005950927734,8.595291137695312,259.7296142578125,89.81022644042969,104.78031921386719,27.725868225097656,188.75,23.1299991607666,70.13999938964844,82.43482208251953,65.03156280517578,37712.74609375,2052.55615234375
2023-12-01,189.2737274169922,368.1678161621094,46.73232650756836,147.02999877929688,130.77908325195312,322.2908630371094,238.8300018310547,148.5726776123047,95.43087768554688,148.17227172851562,411.601806640625,107.50993347167969,8.659372329711914,264.015380859375,92.30765533447266,107.33152770996094,27.92871856689453,192.00999450683594,23.329999923706055,69.23999786376953,83.9874038696289,65.56202697753906,38688.75,2087.139892578125
2023-12-02,,,,,,,,,,,,,,,,,,,,,,,39476.33203125,2165.7041015625
2023-12-03,,,,,,,,,,,,,,,,,,,,,,,39978.390625,2193.691650390625
2023-12-04,187.48233032226562,362.8887634277344,45.47819900512695,144.83999633789062,128.2103729248047,317.5281982421875,235.5800018310547,149.6620330810547,94.91199493408203,148.64002990722656,409.375,107.09371948242188,8.631906509399414,263.7366943359375,93.00191497802734,108.09146118164062,27.725868225097656,187.86000061035156,22.459999084472656,68.47000122070312,83.65324401855469,65.29723358154297,41980.09765625,2243.2158203125
2023-12-05,191.43133544921875,366.2115173339844,46.537559509277344,146.8800048828125,129.91624450683594,315.8117370605469,238.72000122070312,149.6431121826172,93.06805419921875,148.33128356933594,409.1619567871094,106.88077545166016,8.686829566955566,261.3536071777344,91.74838256835938,107.38581085205078,27.62444496154785,187.14999389648438,22.1200008392334,67.58000183105469,85.45056915283203,65.71722412109375,44080.6484375,2293.841796875
2023-12-06,190.34262084960938,362.55450439453125,45.4752082824707,144.52000427246094,128.95420837402344,314.9782409667969,239.3699951171875,148.0706024169922,91.83566284179688,146.5256805419922,407.57421875,106.48390197753906,8.714289665222168,261.161376953125,91.57482147216797,107.07821655273438,27.661327362060547,187.83999633789062,21.93000030517578,64.76000213623047,86.5886001586914,65.90896606445312,43746.4453125,2231.661376953125
2023-12-07,192.2725830078125,364.6680603027344,46.567535400390625,146.8800048828125,135.80752563476562,324.0470275878906,242.63999938964844,148.5253143310547,91.19630432128906,145.38429260253906,410.8853759765625,107.33570861816406,8.705137252807617,262.2568664550781,92.16301727294922,107.39484405517578,27.781190872192383,188.14999389648438,21.790000915527344,65.11000061035156,86.09181213378906,65.89067840576172,43292.6640625,2357.57958984375
2023-12-08,193.69778442382812,367.892578125,47.47697448730469,147.4199981689453,133.8834686279297,330.1590881347656,243.83999633789062,150.1641082763672,92.24336242675781,144.4674530029297,412.5797119140625,107.81968688964844,8.6685209274292,263.3907775878906,92.69335174560547,107.22296905517578,27.818069458007812,185.63999938964844,21.100000381469727,66.52999877929688,85.38734436035156,65.57115936279297,44166.6015625,2358.73193359375
2023-12-09,,,,,,,,,,,,,,,,,,,,,,,43725.984375,2341.17529296875
2023-12-10,,,,,,,,,,,,,,,,,,,,,,,43779.69921875,2352.462646484375
2023-12-11,191.19378662109375,365.0121765136719,46.598514556884766,145.88999938964844,132.19737243652344,322.7471923828125,239.74000549316406,150.71356201171875,92.30821228027344,145.0662078857422,414.1965026855469,108.24557495117188,8.6685209274292,265.8507385253906,93.12725830078125,107.53960418701172,27.88261604309082,183.58999633789062,20.90999984741211,66.80000305175781,85.20671081542969,65.58029174804688,41243.83203125,2224.578857421875
2023-12-12,192.70803833007812,368.0400085449219,47.62788772583008,147.47999572753906,131.43370056152344,331.6176452636719,237.00999450683594,152.05868530273438,90.85344696044922,145.07559204101562,416.1135559082031,108.69083404541016,8.686829566955566,266.6482849121094,93.06940460205078,107.49437713623047,27.88261604309082,183.49000549316406,20.84000015258789,64.25,85.45957946777344,65.77200317382812,41450.22265625,2202.0380859375
2023-12-13,195.92462158203125,368.0301818847656,48.05862808227539,148.83999633789062,131.4832763671875,332.1335754394531,239.2899932861328,152.5702362060547,91.65959930419922,145.74916076660156,421.80645751953125,110.3847427368164,8.787520408630371,272.2889404296875,95.73072814941406,111.556396484375,28.20532989501953,187.6300048828125,21.770000457763672,65.33000183105469,87.46466827392578,66.61194610595703,42890.7421875,2260.648681640625
2023-12-14,196.0731201171875,359.733154296875,48.320465087890625,147.4199981689453,130.85842895507812,330.57586669921875,251.0500030517578,155.3457794189453,94.12437438964844,146.75953674316406,423.0166320800781,111.013916015625,8.860749244689941,276.1903381347656,98.17993927001953,114.80419921875,28.555706024169922,188.72999572753906,22.149999618530273,67.16000366210938,89.73987579345703,67.1141128540039,43023.97265625,2316.5791015625
2023-12-15,195.5386505126953,364.4518127441406,48.860137939453125,149.97000122070312,131.51304626464844,332.3121643066406,253.5,156.52044677734375,93.4942855834961,145.15977478027344,423.0069885253906,110.90744018554688,8.85159683227539,274.33575439453125,97.38925170898438,113.33861541748047,28.371370315551758,187.0,21.829999923706055,67.1500015258789,89.83955383300781,67.01367950439453,41929.7578125,2219.33740234375
2023-12-16,,,,,,,,,,,,,,,,,,,,,,,42240.1171875,2226.926513671875
2023-12-17,,,,,,,,,,,,,,,,,,,,,,,41364.6640625,2196.481201171875
2023-12-18,193.87591552734375,366.3393249511719,50.04640197753906,154.07000732421875,134.6868133544922,341.9366760253906,252.0800018310547,157.46771240234375,94.1892318725586,145.42169189453125,424.9239501953125,111.36235809326172,8.833284378051758,274.68170166015625,97.41816711425781,112.89532470703125,28.399442672729492,187.85000610351562,21.799999237060547,68.08999633789062,89.12374877929688,66.87674713134766,42623.5390625,2217.2734375
2023-12-19,194.91514587402344,366.93902587890625,49.573692321777344,153.7899932861328,135.5298309326172,347.6319274902344,257.2200012207031,159.5706787109375,95.43087768554688,146.37599182128906,427.4574279785156,112.165771484375,8.84244155883789,276.9302673339844,98.90312194824219,113.74571990966797,28.6240177154541,189.1300048828125,22.030000686645508,69.36000061035156,89.60396575927734,67.00454711914062,42270.52734375,2177.87255859375
2023-12-20,192.82684326171875,364.34368896484375,48.08160400390625,152.1199951171875,137.2059783935547,346.5603332519531,247.13999938964844,157.77081298828125,93.83712005615234,143.39161682128906,421.2355041503906,110.45987701416016,8.869901657104492,272.1871337890625,97.06759643554688,112.32088470458984,28.305866241455078,188.10000610351562,22.040000915527344,68.79000091552734,90.21105194091797,67.2236557006836,43652.25,2201.911376953125
2023-12-21,192.6783447265625,367.2142639160156,48.9600715637207,153.83999633789062,139.26893615722656,351.3328857421875,254.5,158.67076110839844,94.26336669921875,144.8603973388672,425.5714111328125,111.68463134765625,8.860749244689941,275.78961181640625,98.60850524902344,113.37394714355469,28.71759033203125,189.42999267578125,22.309999465942383,69.02999877929688,89.64021301269531,67.21452331542969,43869.15234375,2239.54248046875
2023-12-22,191.6094970703125,368.2366027832031,48.8001708984375,153.4199981689453,140.33016967773438,350.638427734375,252.5399932861328,158.57603454589844,94.43016052246094,145.44046020507812,426.2810974121094,111.9373550415039,8.860749244689941,276.91961669921875,99.17060089111328,113.74938201904297,28.71759033203125,190.27000427246094,22.1200008392334,68.69000244140625,89.23246002197266,67.16966247558594,43997.90234375,2326.52490234375
2023-12-23,,,,,,,,,,,,,,,,,,,,,,,43739.54296875,2309.04638671875
2023-12-24,,,,,,,,,,,,,,,,,,,,,,,43016.1171875,2265.692138671875
2023-12-25,,,,,,,,,,,,,,,,,,,,,,,43613.140625,2272.561767578125
2023-12-26,191.0651092529297,368.3152770996094,49.2488899230957,153.41000366210938,140.3599395751953,352.06719970703125,256.6099853515625,159.51385498046875,94.64326477050781,146.0766143798828,428.0893859863281,112.49140167236328,8.860749244689941,278.76434326171875,100.02342224121094,114.69256591796875,28.820518493652344,191.72000122070312,22.200000762939453,70.20999908447266,89.48619079589844,67.2337646484375,42520.40234375,2231.46533203125
2023-12-27,191.16409301757812,367.7352600097656,49.38680648803711,153.33999633789062,139.21934509277344,355.0437927246094,261.44000244140625,160.47059631347656,94.19849395751953,146.2730712890625,428.7309875488281,112.685791015625,8.915669441223145,279.2859191894531,100.20755004882812,115.26030731201172,29.063810348510742,192.58999633789062,22.229999542236328,68.91999816894531,91.07185363769531,67.66410827636719,43442.85546875,2378.739990234375
2023-12-28,191.58966064453125,368.9247741699219,49.49174499511719,153.3800048828125,139.0804901123047,355.530029296875,253.17999267578125,161.32318115234375,92.83639526367188,146.48826599121094,428.9351806640625,112.72467803955078,8.888212203979492,279.6142272949219,100.1494140625,115.99288177490234,29.0825252532959,191.47000122070312,21.989999771118164,67.18000030517578,90.41039276123047,67.49928283691406,42627.85546875,2347.566162109375
2023-12-29,190.5504608154297,369.67193603515625,49.49174499511719,151.94000244140625,138.54490661621094,351.2039489746094,248.47999572753906,161.1337127685547,92.64180755615234,146.63796997070312,427.7491149902344,112.25811004638672,8.91391658782959,278.2234802246094,99.034912109375,114.60099029541016,29.129310607910156,191.1699981689453,21.780000686645508,66.6500015258789,89.59488677978516,67.3436279296875,42099.40234375,2300.690673828125
2023-12-30,,,,,,,,,,,,,,,,,,,,,,,42156.90234375,2292.0654296875
2023-12-31,,,,,,,,,,,,,,,,,,,,,,,42265.1875,2281.47119140625
2024-01-01,,,,,,,,,,,,,,,,,,,,,,,44167.33203125,2352.327880859375
2024-01-02,183.73129272460938,364.5894470214844,48.13856887817383,149.92999267578125,137.0373992919922,343.5936584472656,248.4199981689453,163.00933837890625,94.84711456298828,149.65977478027344,425.3381042480469,111.54853820800781,8.868012428283691,276.7361145019531,98.3952865600586,115.60828399658203,28.8111629486084,190.72000122070312,21.649999618530273,65.7699966430664,89.07843780517578,67.05980682373047,44957.96875,2355.83642578125
2024-01-03,182.3555908203125,364.32403564453125,47.53993606567383,148.47000122070312,137.78125,341.7878723144531,238.4499969482422,162.2988739013672,95.64400482177734,150.59530639648438,421.9451904296875,110.41127014160156,8.868012428283691,272.4575500488281,95.93372344970703,112.84283447265625,28.58658790588379,189.1300048828125,21.059999465942383,68.19000244140625,89.44993591308594,67.1147232055664,42848.17578125,2210.761962890625
2024-01-04,180.0396728515625,361.7090759277344,47.96867752075195,144.57000732421875,135.27198791503906,344.41717529296875,237.92999267578125,163.37591552734375,94.81005859375,150.27723693847656,420.5549621582031,110.10023498535156,8.822112083435059,272.264404296875,95.81742858886719,112.6230697631836,28.642728805541992,189.32000732421875,21.079999923706055,67.56999969482422,88.0907974243164,66.81259155273438,44179.921875,2269.0380859375
2024-01-05,179.31716918945312,361.5223083496094,49.06700897216797,145.24000549316406,134.61740112304688,349.2095947265625,237.49000549316406,164.1956024169922,95.09730529785156,150.7449951171875,421.322998046875,110.284912109375,8.803753852844238,272.8341979980469,95.99185943603516,112.34835052490234,28.66144561767578,189.35000610351562,21.209999084472656,69.02999877929688,87.24811553955078,66.61115264892578,44162.69140625,2268.647216796875
2024-01-06,,,,,,,,,,,,,,,,,,,,,,,43989.1953125,2241.624755859375
2024-01-07,,,,,,,,,,,,,,,,,,,,,,,43943.09765625,2222.865966796875
2024-01-08,183.65213012695312,368.3447265625,52.2210807800293,149.10000610351562,137.701904296875,355.8673400878906,240.4499969482422,163.95736694335938,93.51280212402344,151.1192169189453,427.2727355957031,111.90819549560547,8.840473175048828,276.4656982421875,97.56185913085938,114.04241180419922,28.867307662963867,187.8699951171875,21.1299991607666,66.4000015258789,88.10889434814453,66.90414428710938,46970.50390625,2333.03271484375
2024-01-09,183.2364501953125,369.4261474609375,53.107540130615234,151.3699951171875,139.79458618164062,354.6468505859375,234.9600067138672,162.66107177734375,92.35455322265625,151.2127685546875,426.69915771484375,111.68463134765625,8.831293106079102,275.0555419921875,96.88346099853516,113.20912170410156,28.6240177154541,187.92999267578125,21.0,67.38999938964844,87.547119140625,66.89498138427734,46139.73046875,2344.8271484375
2024-01-10,184.275634765625,376.28790283203125,54.316795349121094,153.72999572753906,141.11370849609375,367.58538818359375,233.94000244140625,163.00421142578125,91.44647979736328,151.43728637695312,429.1199035644531,112.27754974365234,8.822112083435059,275.8765563964844,97.07728576660156,113.37394714355469,28.698875427246094,187.5,20.940000534057617,66.55999755859375,87.1393814086914,66.77594757080078,46627.77734375,2582.103515625
2024-01-11,183.6818389892578,378.1164245605469,54.788509368896484,155.17999267578125,140.9153289794922,366.7916564941406,227.22000122070312,162.3179473876953,91.4279556274414,150.76370239257812,428.8476867675781,112.15119171142578,8.858829498291016,274.9686584472656,96.6218032836914,112.30257415771484,28.71759033203125,187.8699951171875,20.81999969482422,67.6500015258789,87.62867736816406,67.1239013671875,46368.5859375,2619.619140625
2024-01-12,184.0084228515625,381.89141845703125,54.676570892333984,154.6199951171875,141.4806671142578,371.5740661621094,218.88999938964844,161.1265411376953,92.61399841308594,151.9237823486328,429.2073974609375,112.19977569580078,8.87719440460205,274.4181213378906,96.35043334960938,113.04427337646484,28.820518493652344,189.7100067138672,21.190000534057617,68.0199966430664,87.45653533935547,67.26122283935547,42853.16796875,2524.460205078125
2024-01-13,,,,,,,,,,,,,,,,,,,,,,,42842.3828125,2576.597900390625
2024-01-14,,,,,,,,,,,,,,,,,,,,,,,41796.26953125,2472.2412109375
2024-01-15,,,,,,,,,,,,,,,,,,,,,,,42511.96875,2511.36376953125
2024-01-16,181.74197387695312,383.6609191894531,56.347557067871094,153.16000366210938,141.3219757080078,364.5987854003906,219.91000366210938,160.11622619628906,90.51988983154297,150.17433166503906,427.6130065917969,111.69435119628906,8.822112083435059,272.5348205566406,95.5169906616211,112.21099853515625,28.371370315551758,187.91000366210938,20.959999084472656,67.25,85.9161605834961,66.78511810302734,43154.9453125,2587.691162109375
2024-01-17,180.80174255371094,382.87445068359375,56.01875686645508,151.7100067138672,140.31033325195312,365.5018005371094,215.5500030517578,159.25839233398438,89.86201477050781,150.09010314941406,425.221435546875,111.04308319091797,8.794570922851562,270.32305908203125,94.75138092041016,110.14148712158203,27.99707794189453,185.83999633789062,20.649999618530273,67.94000244140625,85.78025817871094,66.62944030761719,42742.65234375,2528.369384765625
2024-01-18,186.69058227539062,387.199951171875,57.072113037109375,153.5,142.30386352539062,373.2012939453125,211.8800048828125,159.5729217529297,89.6952133178711,150.81985473632812,428.9934997558594,111.99567413330078,8.776214599609375,271.7331848144531,95.45885467529297,109.482177734375,28.21229362487793,187.3699951171875,20.809999465942383,69.05999755859375,84.98287963867188,66.53788757324219,41262.05859375,2467.018798828125
2024-01-19,189.59043884277344,391.9186706542969,59.454654693603516,155.33999633789062,145.18008422851562,380.46435546875,212.19000244140625,162.32748413085938,89.83419799804688,151.25955200195312,434.3016052246094,113.36620330810547,8.776214599609375,273.7904052734375,96.43766021728516,110.80994415283203,28.343297958374023,187.92999267578125,20.670000076293945,68.81999969482422,85.25468444824219,66.53788757324219,41618.40625,2489.49853515625
2024-01-20,,,,,,,,,,,,,,,,,,,,,,,41665.5859375,2469.589111328125
2024-01-21,,,,,,,,,,,,,,,,,,,,,,,41545.78515625,2453.9130859375
2024-01-22,191.89646911621094,389.7952880859375,59.61756134033203,154.77999877929688,144.79331970214844,378.8073425292969,208.8000030517578,162.13681030273438,89.71373748779297,151.99862670898438,435.25433349609375,113.8133316040039,8.794570922851562,275.8958435058594,97.79442596435547,111.42347717285156,28.324583053588867,187.22000122070312,20.219999313354492,69.69000244140625,85.76211547851562,66.64775848388672,39507.3671875,2310.826416015625
2024-01-23,193.17323303222656,392.144775390625,59.836421966552734,156.02000427246094,145.83465576171875,382.2007141113281,209.13999938964844,161.06935119628906,90.72374725341797,149.5100860595703,436.5376281738281,114.05634307861328,8.776214599609375,275.7509460449219,97.45523834228516,110.74586486816406,28.343297958374023,187.9499969482422,20.530000686645508,69.66000366210938,85.0825424194336,66.49212646484375,39845.55078125,2240.68603515625
2024-01-24,192.5001983642578,395.7428283691406,61.32451248168945,156.8699951171875,147.48106384277344,387.6579284667969,207.8300018310547,162.50857543945312,92.28970336914062,148.71487426757812,436.8973083496094,114.02717590332031,8.757848739624023,273.8289794921875,96.7283935546875,109.18000793457031,28.5398006439209,186.39999389648438,20.709999084472656,70.54000091552734,84.58422088623047,66.35476684570312,40077.07421875,2233.561767578125
2024-01-25,192.17361450195312,398.013671875,61.57936096191406,157.75,150.62509155273438,390.1185302734375,182.6300048828125,164.83421325683594,94.63399505615234,149.2761688232422,439.2208557128906,114.62010955810547,8.794570922851562,276.2435302734375,97.41647338867188,110.51693725585938,28.6240177154541,187.13999938964844,20.940000534057617,72.2300033569336,85.13690948486328,66.66606903076172,39933.80859375,2217.710205078125
2024-01-26,190.44158935546875,397.089599609375,60.99371337890625,159.1199951171875,150.94247436523438,391.071044921875,183.25,164.20513916015625,95.44014739990234,149.2200469970703,438.9291687011719,114.59095001220703,8.785392761230469,275.9248352050781,97.63936614990234,110.2330551147461,28.708232879638672,187.00999450683594,20.860000610351562,73.0999984741211,84.97383117675781,66.56536865234375,41816.87109375,2267.19970703125
2024-01-27,,,,,,,,,,,,,,,,,,,,,,,42120.0546875,2267.885986328125
2024-01-28,,,,,,,,,,,,,,,,,,,,,,,42035.59375,2257.208740234375
2024-01-29,189.75869750976562,402.78155517578125,62.426841735839844,161.25999450683594,152.2516326904297,397.89752197265625,190.92999267578125,164.63401794433594,95.56060028076172,149.08909606933594,442.2539978027344,115.59212493896484,8.812933921813965,278.1944885253906,98.908935546875,111.01142120361328,28.857948303222656,188.3300018310547,21.209999084472656,72.05000305175781,85.95238494873047,66.83091735839844,43288.24609375,2317.064208984375
2024-01-30,186.10662841796875,401.6706848144531,62.735652923583984,159.0,150.2184295654297,396.94500732421875,191.58999633789062,168.0081329345703,97.15436553955078,148.53707885742188,442.02069091796875,115.43659973144531,8.822112083435059,278.0496826171875,98.463134765625,109.9583511352539,28.755022048950195,188.58999633789062,21.190000534057617,72.80999755859375,86.73163604736328,66.94991302490234,42952.609375,2344.49365234375
2024-01-31,182.50405883789062,390.84716796875,61.489418029785156,155.1999969482422,138.9515838623047,387.1022644042969,187.2899932861328,166.18765258789062,95.26408386230469,148.65872192382812,434.9140625,113.51200103759766,8.893926620483398,274.0704345703125,96.427978515625,108.93275451660156,28.60529899597168,188.4499969482422,20.90999984741211,70.91999816894531,87.5833740234375,67.2337646484375,42582.60546875,2282.54443359375
2024-02-01,184.93875122070312,396.94207763671875,62.988494873046875,159.27999877929688,140.00286865234375,391.7060546875,188.86000061035156,165.58717346191406,94.87490844726562,148.1535186767578,440.3680114746094,114.94086456298828,8.939963340759277,277.54742431640625,97.68783569335938,110.86491394042969,28.876663208007812,190.41000366210938,21.209999084472656,69.06999969482422,89.3013916015625,67.6396484375,43075.7734375,2303.82470703125
2024-02-02,183.9391326904297,404.25616455078125,66.11958312988281,171.80999755859375,141.21287536621094,471.2915344238281,187.91000366210938,166.54029846191406,94.4857406616211,146.51634216308594,445.1025085449219,116.029541015625,8.857097625732422,277.6826477050781,97.61030578613281,109.4364013671875,28.708232879638672,188.61000061035156,20.75,67.51000213623047,87.32884216308594,67.03358459472656,43185.859375,2308.0380859375
2024-02-03,,,,,,,,,,,,,,,,,,,,,,,42992.25,2296.038330078125
2024-02-04,,,,,,,,,,,,,,,,,,,,,,,42583.58203125,2289.546142578125
2024-02-05,185.75030517578125,398.7804870605469,69.2896499633789,170.30999755859375,142.50221252441406,455.83282470703125,181.05999755859375,166.3210906982422,94.0965805053711,145.758544921875,443.6831359863281,115.50464630126953,8.857097625732422,274.9396667480469,96.43766021728516,109.4364013671875,28.567873001098633,187.57000732421875,20.469999313354492,68.18000030517578,85.56535339355469,66.5009765625,42658.66796875,2298.888916015625
2024-02-06,187.3536834716797,398.6231689453125,68.18132019042969,169.14999389648438,142.91876220703125,451.1794128417969,185.10000610351562,166.89297485351562,94.74518585205078,147.87289428710938,444.7233581542969,115.87401580810547,8.829479217529297,277.1707458496094,97.09666442871094,108.67636108398438,28.829875946044922,188.5500030517578,20.510000228881836,68.80999755859375,86.40166473388672,66.81320190429688,43084.671875,2372.201904296875
2024-02-07,187.46255493164062,407.0382080078125,70.0561752319336,170.52999877929688,144.34695434570312,465.9335632324219,187.5800018310547,167.2074737548828,94.71739196777344,147.79800415039062,448.38848876953125,116.75853729248047,8.811064720153809,278.6194763183594,97.3486328125,108.48406982421875,28.876663208007812,188.5,20.329999923706055,69.41999816894531,85.98351287841797,66.68465423583984,44318.22265625,2423.7451171875
2024-02-08,186.38375854492188,407.0971984863281,69.59844970703125,169.83999633789062,144.71392822265625,466.3404235839844,189.55999755859375,166.6070098876953,96.33895874023438,146.31985473632812,448.6995544433594,117.02098083496094,8.792652130126953,279.6625671386719,98.49219512939453,109.37229919433594,28.848590850830078,188.3300018310547,20.649999618530273,71.5199966430664,85.48355865478516,66.51017761230469,45301.56640625,2419.906494140625
2024-02-09,187.14682006835938,413.4281311035156,72.08894348144531,174.4499969482422,147.77862548828125,464.4651184082031,193.57000732421875,166.8071746826172,94.3004150390625,146.65664672851562,451.32440185546875,117.78887176513672,8.783443450927734,280.3676452636719,99.3838119506836,109.5645980834961,28.886022567749023,187.60000610351562,20.68000030517578,71.66999816894531,85.31082916259766,66.45507049560547,47147.19921875,2487.515625
2024-02-10,,,,,,,,,,,,,,,,,,,,,,,47771.27734375,2501.228271484375
2024-02-11,,,,,,,,,,,,,,,,,,,,,,,48293.91796875,2507.570556640625
2024-02-12,185.46212768554688,408.2277526855469,72.203857421875,172.33999633789062,146.32064819335938,465.2489929199219,188.1300048828125,167.5506134033203,95.59766387939453,147.67640686035156,450.8966979980469,117.83748626708984,8.783443450927734,281.5459289550781,100.498291015625,109.4730224609375,28.970237731933594,187.11000061035156,20.760000228881836,72.11000061035156,85.41082763671875,66.47344207763672,49958.22265625,2658.115966796875
2024-02-13,183.3711700439453,399.4391174316406,72.08394622802734,168.63999938964844,143.9502410888672,456.53729248046875,184.02000427246094,166.09234619140625,94.7746810913086,146.38534545898438,444.78167724609375,116.0003662109375,8.700580596923828,276.4849853515625,97.62000274658203,107.23869323730469,28.54916000366211,184.52999877929688,20.200000762939453,72.6500015258789,83.94731903076172,65.89492797851562,49742.44140625,2642.185302734375
2024-02-14,182.4892120361328,403.29986572265625,73.8548583984375,170.97999572753906,144.7436981201172,469.5948791503906,188.7100067138672,167.77935791015625,94.30706787109375,145.70240783691406,449.1273193359375,117.31259155273438,8.737410545349121,280.1744079589844,99.49040985107422,108.07198333740234,28.820518493652344,184.4199981689453,20.440000534057617,71.55000305175781,84.37456512451172,66.14286804199219,51826.6953125,2777.90234375
2024-02-15,182.20184326171875,400.4141540527344,72.61360168457031,169.8000030517578,141.59970092773438,480.26116943359375,200.4499969482422,171.43939208984375,97.00984191894531,147.74188232421875,451.8396911621094,118.17768859863281,8.755823135375977,283.36163330078125,101.29297637939453,110.6268081665039,29.091882705688477,185.66000366210938,20.940000534057617,72.83999633789062,84.8108901977539,66.32649993896484,51938.5546875,2824.37890625
2024-02-16,180.66580200195312,397.9519348144531,72.56864166259766,169.50999450683594,139.36813354492188,469.63458251953125,199.9499969482422,170.6387481689453,97.00984191894531,147.5722198486328,449.73974609375,117.56531524658203,8.72819995880127,281.8163146972656,100.38200378417969,109.54627990722656,29.17609977722168,186.33999633789062,21.389999389648438,73.41000366210938,84.32003021240234,66.11531066894531,52160.203125,2803.69140625
2024-02-17,,,,,,,,,,,,,,,,,,,,,,,51662.99609375,2786.672607421875
2024-02-18,,,,,,,,,,,,,,,,,,,,,,,52122.546875,2878.998046875
2024-02-19,,,,,,,,,,,,,,,,,,,,,,,51779.14453125,2943.57470703125
2024-02-20,179.92254638671875,396.701171875,69.4095687866211,167.0800018310547,139.9631805419922,468.0767517089844,193.75999450683594,171.3059539794922,96.09333801269531,148.8070831298828,447.05657958984375,116.77798461914062,8.737410545349121,280.5800476074219,99.47102355957031,109.22579193115234,29.25095558166504,187.47000122070312,21.06999969482422,72.41999816894531,84.39273834228516,66.19793701171875,52284.875,3013.503662109375
2024-02-21,180.67572021484375,396.1003723144531,67.43079376220703,168.58999633789062,141.38150024414062,464.87847900390625,194.77000427246094,172.42111206054688,98.05728912353516,149.58006286621094,447.63995361328125,116.81686401367188,8.70979118347168,280.9953918457031,99.21904754638672,109.9217300415039,29.307100296020508,187.47999572753906,20.959999084472656,73.19999694824219,83.79278564453125,66.01429748535156,51839.1796875,2970.35546875
2024-02-22,182.70718383789062,405.42724609375,78.49002838134766,174.5800018310547,142.90884399414062,482.8565979003906,197.41000366210938,174.48939514160156,97.97311401367188,151.24855041503906,457.1186218261719,119.14968872070312,8.70979118347168,284.39508056640625,100.34323120117188,110.15065002441406,29.60653305053711,187.55999755859375,20.81999969482422,73.5999984741211,84.20185852050781,66.0418472290039,51304.97265625,2971.00732421875
2024-02-23,180.8739013671875,404.1370544433594,78.76885986328125,174.99000549316406,142.7799072265625,480.7707214355469,191.97000122070312,175.3662872314453,97.11271667480469,152.558837890625,457.29364013671875,119.22746276855469,8.746614456176758,284.9745178222656,100.58551025390625,110.04076385498047,29.61589241027832,188.6199951171875,20.989999771118164,71.91999816894531,85.32901000976562,66.28059387207031,50731.94921875,2921.658203125
2024-02-24,,,,,,,,,,,,,,,,,,,,,,,51571.1015625,2992.385986328125
2024-02-25,,,,,,,,,,,,,,,,,,,,,,,51733.23828125,3112.697265625
2024-02-26,179.52618408203125,401.3793640136719,79.04368591308594,174.72999572753906,136.4423065185547,478.49615478515625,199.39999389648438,174.76580810546875,97.49615478515625,151.5690460205078,455.5729064941406,118.89698791503906,8.72819995880127,284.375732421875,100.73088836669922,108.8045654296875,29.55974769592285,188.1999969482422,20.6200008392334,72.79000091552734,85.07450103759766,66.1612319946289,54522.40234375,3178.99365234375
2024-02-27,180.98291015625,401.32025146484375,78.6529312133789,173.5399932861328,137.7415771484375,483.7703857421875,199.72999572753906,174.8516082763672,97.2904052734375,151.74815368652344,456.3603515625,119.20801544189453,8.70979118347168,285.7762451171875,101.56434631347656,109.00601196289062,29.61589241027832,188.0,20.56999969482422,73.8499984741211,84.47454833984375,66.06021881103516,57085.37109375,3244.519287109375
2024-02-28,179.7838134765625,401.55657958984375,77.61554718017578,173.16000366210938,135.2620849609375,480.7607727050781,202.0399932861328,175.7379913330078,97.56161499023438,152.2854766845703,455.6409606933594,118.99419403076172,8.737410545349121,286.0755920410156,101.28327941894531,110.09571075439453,29.40067481994629,188.33999633789062,20.549999237060547,73.62000274658203,85.0108413696289,66.20714569091797,62504.7890625,3385.703857421875
2024-02-29,179.119873046875,407.3871765136719,79.06368255615234,176.75999450683594,137.32501220703125,486.8296813964844,201.8800048828125,177.33926391601562,97.74864959716797,152.12522888183594,458.1200256347656,119.64542388916016,8.771570205688477,287.8623352050781,102.0295181274414,111.09383392333984,29.494243621826172,189.30999755859375,20.729999542236328,73.36000061035156,85.61080932617188,66.31732177734375,61198.3828125,3341.919677734375
2024-03-01,178.03968811035156,409.2190246582031,82.22872924804688,178.22000122070312,136.01583862304688,498.9176940917969,202.63999938964844,176.60533142089844,98.983154296875,152.8227996826172,461.8143005371094,120.59801483154297,8.799272537231445,289.687744140625,102.7757339477539,112.23847198486328,29.803037643432617,192.88999938964844,21.170000076293945,74.95999908447266,86.14425659179688,66.59542083740234,62440.6328125,3435.053955078125
2024-03-02,,,,,,,,,,,,,,,,,,,,,,,62029.84765625,3422.0498046875
2024-03-03,,,,,,,,,,,,,,,,,,,,,,,63167.37109375,3490.99365234375
2024-03-04,173.52081298828125,408.6478271484375,85.18492889404297,177.5800018310547,132.25689697265625,494.8353576660156,188.13999938964844,177.93017578125,97.5990219116211,150.6735382080078,461.2795715332031,120.48136138916016,8.790038108825684,290.7791442871094,102.97925567626953,113.31900787353516,29.737539291381836,196.00999450683594,21.860000610351562,74.01000213623047,85.7977523803711,66.43888854980469,68330.4140625,3630.433837890625
2024-03-05,168.58570861816406,396.563232421875,85.91551971435547,174.1199951171875,131.5824737548828,486.9190368652344,180.74000549316406,179.71255493164062,98.79609680175781,150.7960968017578,456.59368896484375,119.21774291992188,8.826971054077148,288.3838806152344,102.20397186279297,111.96375274658203,29.597177505493164,197.19000244140625,21.670000076293945,73.44999694824219,87.01966857910156,66.79798889160156,63801.19921875,3554.964599609375
2024-03-06,167.59474182128906,396.01177978515625,88.64997100830078,173.50999450683594,130.32289123535156,492.74951171875,176.5399932861328,180.6466064453125,99.85289001464844,150.2021942138672,458.97552490234375,119.888427734375,8.845438003540039,290.7018737792969,102.84358215332031,112.531494140625,29.934038162231445,198.80999755859375,22.100000381469727,74.33999633789062,87.53028869628906,66.91771697998047,66106.8046875,3819.226318359375
2024-03-07,167.475830078125,402.95513916015625,92.61672973632812,176.82000732421875,133.2784423828125,508.7411193847656,178.64999389648438,179.06443786621094,100.41402435302734,149.7591552734375,463.7585754394531,121.10345458984375,8.854671478271484,293.3385009765625,103.7739486694336,112.60475158691406,30.24283218383789,199.94000244140625,22.239999771118164,74.2300033569336,87.44822692871094,67.02823638916016,66925.484375,3874.34765625
2024-03-08,169.19020080566406,400.07928466796875,87.47862243652344,175.35000610351562,134.3000030517578,502.5430908203125,175.33999633789062,179.39801025390625,101.35860443115234,150.37188720703125,460.7643127441406,120.36473083496094,8.86390495300293,292.30511474609375,103.53166198730469,113.81349182128906,30.149261474609375,201.6300048828125,22.229999542236328,73.36000061035156,87.29322052001953,67.09268188476562,68300.09375,3892.06103515625
2024-03-09,,,,,,,,,,,,,,,,,,,,,,,68498.8828125,3915.4189453125
2024-03-10,,,,,,,,,,,,,,,,,,,,,,,69019.7890625,3881.193115234375
2024-03-11,171.19200134277344,398.4049987792969,85.72561645507812,171.9600067138672,136.54147338867188,480.33367919921875,177.77000427246094,179.4647216796875,101.9571304321289,151.98382568359375,460.2490539550781,120.15089416503906,8.854671478271484,292.53692626953125,102.97925567626953,113.32816314697266,30.065044403076172,202.0,22.350000381469727,73.62000274658203,87.24763488769531,67.0650863647461,72123.90625,4066.445068359375
2024-03-12,171.6676788330078,409.0023193359375,91.86115264892578,175.38999938964844,137.36468505859375,496.3848876953125,177.5399932861328,180.94207763671875,101.30247497558594,153.40724182128906,465.4210510253906,121.35617065429688,8.826971054077148,293.31927490234375,103.28938293457031,113.0168228149414,30.317691802978516,199.7899932861328,22.09000015258789,73.3499984741211,86.51811981201172,66.86248016357422,71481.2890625,3980.273193359375
2024-03-13,169.5866241455078,408.8251037597656,90.83675384521484,176.55999755859375,138.6441192626953,492.2330322265625,169.47999572753906,182.409912109375,102.43408966064453,151.8612823486328,464.54608154296875,121.2006607055664,8.817739486694336,292.9522399902344,103.5801010131836,112.44908905029297,30.252187728881836,201.19000244140625,22.790000915527344,75.08999633789062,86.09867858886719,66.75196838378906,73083.5,4006.45703125
2024-03-14,171.4397430419922,418.7920837402344,87.8943862915039,178.75,141.92697143554688,488.5181884765625,162.5,179.1597137451172,104.24840545654297,150.0796661376953,463.3211669921875,120.7049331665039,8.762340545654297,290.0160827636719,102.12641906738281,110.74586486816406,30.10247039794922,200.35000610351562,22.729999542236328,76.30000305175781,84.77645111083984,66.35601043701172,71396.59375,3883.140380859375
2024-03-15,171.0631866455078,410.1251220703125,87.7874526977539,174.4199981689453,140.02268981933594,480.8403015136719,163.57000732421875,181.38050842285156,104.06136322021484,149.10873413085938,460.3365173339844,120.01480102539062,8.753103256225586,289.822998046875,102.14582061767578,110.61766815185547,30.024520874023438,199.7100067138672,23.030000686645508,76.33000183105469,84.74911499023438,66.31918334960938,69403.7734375,3735.22021484375
2024-03-16,,,,,,,,,,,,,,,,,,,,,,,65315.1171875,3522.860107421875
2024-03-17,,,,,,,,,,,,,,,,,,,,,,,68390.625,3642.4130859375
2024-03-18,172.1532745361328,411.0115051269531,88.40511322021484,174.47999572753906,146.46942138671875,493.63348388671875,173.8000030517578,183.6299285888672,105.02464294433594,147.77017211914062,463.2433776855469,120.64661407470703,8.74387264251709,290.518310546875,102.01982879638672,110.5627212524414,30.062088012695312,200.02999877929688,22.90999984741211,77.9800033569336,84.4937744140625,66.23628997802734,67548.59375,3517.985107421875
2024-03-19,174.49195861816406,415.0396728515625,89.34758758544922,175.89999389648438,145.8247833251953,492.8985290527344,171.32000732421875,184.7069549560547,105.76344299316406,147.25172424316406,465.8585205078125,121.33673095703125,8.762340545654297,292.13128662109375,102.63038635253906,110.6268081665039,30.062088012695312,199.8000030517578,22.790000915527344,78.43000030517578,84.73087310791016,66.41122436523438,61912.7734375,3157.6181640625
2024-03-20,177.05862426757812,418.80194091796875,90.3210220336914,178.14999389648438,147.52073669433594,502.1159973144531,175.66000366210938,187.1278839111328,105.66992950439453,146.82749938964844,470.0680236816406,122.56147003173828,8.780805587768555,294.8066101074219,104.21003723144531,111.33191680908203,30.343833923339844,202.17999267578125,23.290000915527344,77.25,84.7035140991211,66.53097534179688,67913.671875,3513.39306640625
2024-03-21,169.824462890625,422.8793640136719,91.38343048095703,178.14999389648438,146.39007568359375,504.3409729003906,172.82000732421875,189.7299346923828,106.13753509521484,146.81809997558594,471.6041564941406,123.06693267822266,8.780805587768555,297.0066833496094,105.3633041381836,112.14691162109375,30.409574508666992,201.97000122070312,22.649999618530273,76.81999969482422,84.88587951660156,66.58622741699219,65491.390625,3492.9912109375
2024-03-22,170.72625732421875,422.25885009765625,94.2358169555664,178.8699951171875,149.53408813476562,506.1486511230469,170.8300018310547,187.40431213378906,106.13753509521484,146.32791137695312,470.9633483886719,122.75479888916016,8.808505058288574,295.2807312011719,104.35629272460938,110.64801025390625,30.287487030029297,200.35000610351562,22.559999465942383,76.68000030517578,85.69743347167969,66.80723571777344,63778.76171875,3333.68798828125
2024-03-23,,,,,,,,,,,,,,,,,,,,,,,64062.203125,3336.593994140625
2024-03-24,,,,,,,,,,,,,,,,,,,,,,,67234.171875,3454.636474609375
2024-03-25,169.30914306640625,416.4677429199219,94.94840240478516,179.7100067138672,148.83984375,499.63287353515625,172.6300048828125,185.6886749267578,107.22239685058594,146.3184814453125,469.5296630859375,122.44267272949219,8.799272537231445,295.1546936035156,104.33684539794922,110.13082885742188,30.24052619934082,200.99000549316406,22.579999923706055,77.76000213623047,85.26887512207031,66.67831420898438,69958.8125,3590.8837890625
2024-03-26,168.179443359375,415.2760314941406,92.50879669189453,178.3000030517578,149.43492126464844,492.5508728027344,177.6699981689453,186.5560302734375,106.41809844970703,146.83694458007812,468.21307373046875,122.1500473022461,8.808505058288574,294.94134521484375,104.22019958496094,109.60442352294922,30.25931167602539,201.63999938964844,22.34000015258789,77.29000091552734,85.50595092773438,66.73355865478516,69987.8359375,3587.5048828125
2024-03-27,171.74696350097656,415.0594177246094,90.1990966796875,179.8300018310547,149.63328552246094,490.53448486328125,179.8300018310547,190.1683807373047,107.52164459228516,148.90133666992188,472.3092346191406,123.32052612304688,8.826971054077148,299.1689453125,106.05733489990234,112.38424682617188,30.418962478637695,203.10000610351562,22.510000228881836,77.51000213623047,86.35399627685547,66.96377563476562,69455.34375,3500.115234375
2024-03-28,169.9334716796875,414.360107421875,90.3050308227539,180.3800048828125,149.69277954101562,482.310302734375,175.7899932861328,190.91183471679688,108.70938110351562,149.1181640625,472.84564208984375,123.48635864257812,8.844569206237793,300.1094970703125,106.47530364990234,113.23389434814453,30.390790939331055,205.72000122070312,22.75,78.7300033569336,86.28104400634766,66.8808822631836,70744.953125,3561.2939453125
2024-03-29,,,,,,,,,,,,,,,,,,,,,,,69892.828125,3511.80615234375
2024-03-30,,,,,,,,,,,,,,,,,,,,,,,69645.3046875,3507.9443359375
2024-03-31,,,,,,,,,,,,,,,,,,,,,,,71333.6484375,3647.8564453125
2024-04-01,168.4965057373047,418.15191650390625,90.31202697753906,180.97000122070312,154.21543884277344,488.04144287109375,175.22000122070312,189.61557006835938,109.4107894897461,148.73167419433594,471.899658203125,123.13520812988281,8.779738426208496,298.1120910644531,105.54216003417969,111.25753784179688,30.296871185302734,207.82000732421875,22.860000610351562,79.66999816894531,84.67266845703125,66.42464447021484,69702.1484375,3505.030029296875
2024-04-02,167.3172607421875,415.0692138671875,89.40154266357422,180.69000244140625,153.29302978515625,494.02093505859375,166.6300048828125,189.53932189941406,111.55242919921875,148.68455505371094,468.4958801269531,122.12078094482422,8.770476341247559,295.29046630859375,103.98693084716797,109.85377502441406,30.212350845336914,210.88999938964844,23.84000015258789,80.79000091552734,84.2060775756836,66.35074615478516,65446.97265625,3277.234619140625
2024-04-03,168.11997985839844,414.09417724609375,88.913818359375,182.41000366210938,153.6500701904297,503.3278503417969,168.3800048828125,189.0055694580078,111.5711441040039,145.41354370117188,469.0225830078125,122.31585693359375,8.779738426208496,295.93048095703125,104.41461181640625,109.9368896484375,30.36261558532715,212.74000549316406,24.729999542236328,81.25,84.18777465820312,66.39691925048828,65980.8125,3311.44189453125
2024-04-04,167.29745483398438,411.56304931640625,85.8565444946289,180.0,149.29605102539062,507.4797058105469,171.11000061035156,187.56752014160156,111.96392822265625,143.75445556640625,463.29766845703125,120.85275268554688,8.798261642456055,292.8082275390625,103.3259506225586,109.24424743652344,30.184181213378906,211.52000427246094,24.489999771118164,82.2699966430664,84.7916030883789,66.53544616699219,68508.84375,3330.04052734375
2024-04-05,168.0506134033203,419.0875244140625,87.95836639404297,185.07000732421875,151.2499237060547,523.7890625,164.89999389648438,189.29315185546875,113.50703430175781,143.65077209472656,468.4373779296875,122.1597900390625,8.751953125,295.5133972167969,104.0355224609375,109.87224578857422,30.287487030029297,215.13999938964844,25.030000686645508,82.4000015258789,83.61141204833984,66.2029800415039,67837.640625,3318.88525390625
2024-04-06,,,,,,,,,,,,,,,,,,,,,,,68896.109375,3354.183837890625
2024-04-07,,,,,,,,,,,,,,,,,,,,,,,69362.5546875,3453.49462890625
2024-04-08,166.93081665039062,418.1716003417969,87.08384704589844,185.19000244140625,153.58065795898438,515.7535400390625,172.97999572753906,190.28060913085938,112.74015808105469,142.8966522216797,468.2715759277344,122.19880676269531,8.742692947387695,296.4249267578125,104.5604248046875,111.035888671875,30.418962478637695,216.47999572753906,25.399999618530273,82.19999694824219,83.60224151611328,66.1475830078125,71631.359375,3695.292724609375
2024-04-09,168.13975524902344,419.8360595703125,85.30583953857422,185.6699981689453,155.31631469726562,513.41943359375,176.8800048828125,189.00555419921875,113.329345703125,143.5565185546875,469.0127868652344,122.3938980102539,8.770476341247559,297.09393310546875,104.91034698486328,112.48583221435547,30.475309371948242,217.6699981689453,25.719999313354492,81.1500015258789,84.3799057006836,66.38770294189453,69139.015625,3505.163330078125
2024-04-10,166.26683044433594,416.86175537109375,86.98990631103516,185.9499969482422,154.86009216308594,516.3297119140625,171.75999450683594,187.39495849609375,114.28325653076172,141.5863494873047,464.5849914550781,121.07709503173828,8.677863121032715,292.6336364746094,102.65524291992188,107.88666534423828,30.137222290039062,215.61000061035156,25.450000762939453,82.08999633789062,82.5409927368164,65.61188507080078,70587.8828125,3543.737060546875
2024-04-11,173.4613494873047,421.4610900878906,90.56489562988281,189.0500030517578,158.103271484375,519.6372680664062,174.60000610351562,187.35659790039062,113.89982604980469,140.25723266601562,468.0570068359375,121.93546295166016,8.66860294342041,292.9051513671875,102.83020782470703,108.11753845214844,30.202960968017578,219.8000030517578,26.010000228881836,81.55000305175781,82.16586303710938,65.61188507080078,70060.609375,3505.247802734375
2024-04-12,174.95774841308594,415.52227783203125,88.13626098632812,186.1300048828125,156.43704223632812,508.45306396484375,171.0500030517578,175.23878479003906,112.57182312011719,139.06005859375,461.2983093261719,120.11144256591797,8.687126159667969,288.2024841308594,100.9833755493164,106.963134765625,29.695819854736328,216.88999938964844,25.6299991607666,81.52999877929688,82.60502624511719,65.75963592529297,67195.8671875,3243.034912109375
2024-04-13,,,,,,,,,,,,,,,,,,,,,,,63821.47265625,3004.900390625
2024-04-14,,,,,,,,,,,,,,,,,,,,,,,65738.7265625,3156.94189453125
2024-04-15,171.13255310058594,407.3871765136719,85.95249938964844,183.6199951171875,153.59056091308594,496.8616943359375,161.47999572753906,175.33465576171875,111.92652893066406,139.12603759765625,455.7586975097656,118.59955596923828,8.63155746459961,284.837890625,99.6128158569336,105.19918823242188,29.545557022094727,220.9499969482422,26.40999984741211,81.6500015258789,81.32417297363281,65.3255615234375,63426.2109375,3101.600341796875
2024-04-16,167.8524169921875,408.3128967285156,87.36569213867188,183.32000732421875,153.13433837890625,496.3948059082031,157.11000061035156,173.3310089111328,111.00064849853516,136.16610717773438,454.82244873046875,118.32646942138672,8.603774070739746,283.3833923339844,99.10737609863281,103.67536163330078,29.216856002807617,221.22000122070312,25.799999237060547,81.33000183105469,80.7844009399414,65.15933227539062,63811.86328125,3084.920166015625
2024-04-17,166.48484802246094,405.6143798828125,83.98760223388672,181.27999877929688,154.19558715820312,490.8424072265625,155.4499969482422,172.64073181152344,110.94454193115234,136.4677734375,452.189208984375,117.59490203857422,8.650080680847168,282.56890869140625,98.34918975830078,102.87190246582031,29.198076248168945,219.58999633789062,25.850000381469727,78.91000366210938,81.68098449707031,65.47333526611328,61276.69140625,2984.7275390625
2024-04-18,165.53350830078125,398.1587829589844,84.62324523925781,179.22000122070312,154.73114013671875,498.4210510253906,149.92999267578125,173.7624053955078,110.84166717529297,137.3821258544922,451.22369384765625,117.34130096435547,8.622297286987305,282.3846740722656,98.18394470214844,102.94578552246094,29.226245880126953,220.33999633789062,25.860000610351562,78.77999877929688,81.26930236816406,65.29784393310547,63512.75390625,3066.027587890625
2024-04-19,163.5118865966797,393.08660888671875,76.15702056884766,174.6300048828125,152.8268585205078,477.83062744140625,147.0500030517578,178.12445068359375,112.11355590820312,139.4276885986328,447.2932434082031,116.45367431640625,8.63155746459961,282.1714172363281,98.4366683959961,103.4444808959961,29.132333755493164,221.02999877929688,26.200000762939453,78.8499984741211,81.56204986572266,65.3809814453125,63843.5703125,3059.278564453125
2024-04-20,,,,,,,,,,,,,,,,,,,,,,,64994.44140625,3157.627197265625
2024-04-21,,,,,,,,,,,,,,,,,,,,,,,64926.64453125,3147.28857421875
2024-04-22,164.3443145751953,394.8988037109375,79.47315216064453,177.22999572753906,154.9989471435547,478.4862365722656,142.0500030517578,181.58531188964844,112.74950408935547,140.56829833984375,451.1944274902344,117.48760986328125,8.63155746459961,284.36273193359375,99.39897918701172,104.30335998535156,29.479816436767578,215.57000732421875,24.93000030517578,78.77999877929688,81.4248275756836,65.40868377685547,66837.6796875,3201.652099609375
2024-04-23,165.394775390625,401.4089050292969,82.37651824951172,179.5399932861328,156.96270751953125,492.7594909667969,144.67999267578125,184.2025146484375,113.18904876708984,140.9830780029297,456.59747314453125,118.97997283935547,8.640819549560547,287.2813415527344,100.90560150146484,105.29154968261719,29.77095603942871,215.0399932861328,24.989999771118164,79.9800033569336,81.45227813720703,65.52873992919922,66407.2734375,3219.91162109375
2024-04-24,167.4956817626953,402.8763732910156,79.63206481933594,176.58999633789062,157.82559204101562,490.1769714355469,162.1300048828125,185.10369873046875,113.20777130126953,140.0121307373047,456.7047119140625,118.97023010253906,8.622297286987305,287.7467346191406,100.83757781982422,105.47624969482422,29.77095603942871,214.63999938964844,24.899999618530273,79.63999938964844,80.87592315673828,65.36251068115234,64276.8984375,3139.80517578125
2024-04-25,168.3577880859375,393.0078125,82.58540344238281,173.6699981689453,154.72125244140625,438.40789794921875,170.17999267578125,185.38172912597656,113.4696273803711,138.40020751953125,454.61767578125,118.41424560546875,8.594511985778809,288.02789306640625,100.25435638427734,104.82978057861328,29.686429977416992,215.9199981689453,25.059999465942383,80.44000244140625,80.30866241455078,65.17777252197266,64481.70703125,3156.509521484375
2024-04-26,167.7731475830078,400.17779541015625,87.68551635742188,179.6199951171875,170.5404815673828,440.3050537109375,168.2899932861328,185.49676513671875,110.31793975830078,137.75921630859375,459.26971435546875,119.5749740600586,8.613037109375,288.7648620605469,100.8181381225586,104.9221420288086,29.893043518066406,216.6199951171875,24.889999389648438,80.38999938964844,80.72949981689453,65.3255615234375,63755.3203125,3130.164794921875
2024-04-27,,,,,,,,,,,,,,,,,,,,,,,63419.140625,3252.168212890625
2024-04-28,,,,,,,,,,,,,,,,,,,,,,,63113.23046875,3262.774658203125
2024-04-29,171.9352264404297,396.16925048828125,87.70750427246094,180.9600067138672,164.7880096435547,429.7068786621094,194.0500030517578,185.29541015625,111.88911437988281,138.40020751953125,460.7522277832031,119.98464965820312,8.640819549560547,290.8010559082031,101.45964813232422,106.03035736083984,30.09026336669922,216.17999267578125,24.829999923706055,79.5,81.40652465820312,65.51950073242188,63841.12109375,3215.428955078125
2024-04-30,168.79385375976562,383.444580078125,86.353271484375,175.0,161.44566345214844,427.2734680175781,183.27999877929688,183.81907653808594,110.60786437988281,136.29808044433594,453.51556396484375,118.0338363647461,8.629672050476074,285.8365783691406,99.515625,104.17406463623047,29.705215454101562,211.8699951171875,24.049999237060547,78.37999725341797,80.71121978759766,65.2701416015625,60636.85546875,3012.286865234375
2024-05-01,167.7731475830078,388.9698486328125,82.99415588378906,179.0,162.5167999267578,436.2326354980469,179.99000549316406,183.93408203125,108.51298522949219,142.5101776123047,451.9648742675781,117.74121856689453,8.657536506652832,285.3614501953125,99.63226318359375,104.32182312011719,29.677038192749023,213.7899932861328,24.270000457763672,75.93000030517578,81.30615234375,65.5054702758789,58254.01171875,2969.78466796875
2024-05-02,171.46946716308594,391.82598876953125,85.76860046386719,184.72000122070312,165.25418090820312,438.7059020996094,180.00999450683594,183.74237060546875,108.70938110351562,141.32244873046875,456.09027099609375,118.91169738769531,8.694695472717285,287.7467346191406,100.93476104736328,105.7533187866211,30.165395736694336,213.1300048828125,24.360000610351562,75.93000030517578,81.655029296875,65.76483917236328,59123.43359375,2988.16845703125
2024-05-03,181.72613525390625,400.5126647949219,88.7389144897461,186.2100067138672,165.8690948486328,448.91668701171875,181.19000244140625,182.6398468017578,108.48492431640625,140.70970153808594,461.8444519042969,120.33580017089844,8.731850624084473,289.61810302734375,101.88735961914062,106.48289489746094,30.418962478637695,212.9600067138672,24.219999313354492,75.12999725341797,82.48129272460938,66.09834289550781,62889.8359375,3103.5419921875
2024-05-04,,,,,,,,,,,,,,,,,,,,,,,63891.47265625,3117.576416015625
2024-05-05,,,,,,,,,,,,,,,,,,,,,,,64031.1328125,3137.2490234375
2024-05-06,180.07119750976562,407.2886657714844,92.08802795410156,188.6999969482422,166.72206115722656,462.5443115234375,184.75999450683594,184.0683135986328,109.18633270263672,140.05929565429688,466.62335205078125,121.652587890625,8.741140365600586,292.4591064453125,103.24818420410156,106.57524108886719,30.606792449951172,215.1999969482422,25.06999969482422,75.66000366210938,82.80262756347656,66.16319274902344,63161.94921875,3062.728759765625
2024-05-07,180.75497436523438,403.1521301269531,90.5029296875,188.75999450683594,169.84620666503906,465.0870361328125,177.80999755859375,183.8286590576172,108.64391326904297,140.1912384033203,467.2767639160156,121.7696304321289,8.759718894958496,292.924560546875,103.20932006835938,107.51724243164062,30.588008880615234,214.2100067138672,24.920000076293945,75.5,83.30760192871094,66.29287719726562,62334.81640625,3006.5771484375
2024-05-08,181.09193420410156,404.333984375,90.36100006103516,188.0,167.99154663085938,469.417724609375,174.72000122070312,187.56752014160156,108.62520599365234,140.40806579589844,467.2670593261719,121.69160461425781,8.741140365600586,292.50762939453125,102.859375,106.59371948242188,30.550445556640625,213.5800018310547,24.950000762939453,76.11000061035156,82.80262756347656,66.1353988647461,61187.94140625,2973.6572265625
2024-05-09,182.9054412841797,406.0871276855469,88.69694519042969,189.5,168.5668182373047,472.21875,171.97000122070312,189.34109497070312,110.76686096191406,141.25643920898438,469.7442321777344,122.3938980102539,8.759718894958496,294.6601867675781,103.98693084716797,108.77325439453125,30.710102081298828,216.9499969482422,25.860000610351562,76.5199966430664,83.20659637451172,66.3114242553711,63049.9609375,3036.0205078125
2024-05-10,181.64515686035156,408.4704895019531,89.82730865478516,187.47999572753906,167.2675018310547,472.99346923828125,168.47000122070312,190.55862426757812,110.31793975830078,141.31300354003906,470.5830383300781,122.53045654296875,8.741140365600586,295.18377685546875,103.69532012939453,108.47772216796875,30.794626235961914,218.7100067138672,25.770000457763672,75.30000305175781,82.73834228515625,66.12613677978516,60792.77734375,2909.791259765625
2024-05-11,,,,,,,,,,,,,,,,,,,,,,,60793.7109375,2911.60205078125
2024-05-12,,,,,,,,,,,,,,,,,,,,,,,61448.39453125,2928.701904296875
2024-05-13,184.850341796875,407.4659118652344,90.34801483154297,186.57000732421875,167.75352478027344,464.8586120605469,171.88999938964844,190.52029418945312,110.27119445800781,142.54788208007812,470.4757080078125,122.51094818115234,8.741140365600586,294.50506591796875,103.80223846435547,108.81018829345703,30.84157943725586,216.25999450683594,25.799999237060547,76.12999725341797,82.94951629638672,66.18172454833984,62901.44921875,2949.359619140625
2024-05-14,185.9915313720703,410.26300048828125,91.30447387695312,187.07000732421875,168.9436798095703,468.6727294921875,177.5500030517578,193.18544006347656,110.94058227539062,142.69869995117188,472.8261413574219,123.2034683227539,8.76900863647461,295.8528137207031,104.88117980957031,109.66908264160156,31.020017623901367,218.08999633789062,26.1299991607666,75.20999908447266,83.41775512695312,66.37627410888672,61552.7890625,2881.157958984375
2024-05-15,188.26397705078125,417.4360656738281,94.57662963867188,185.99000549316406,171.0959014892578,478.2974548339844,173.99000549316406,193.76065063476562,111.79853820800781,143.9147186279297,478.4534912109375,124.65685272216797,8.824746131896973,299.04290771484375,105.70740509033203,111.2298355102539,31.282981872558594,220.88999938964844,27.1200008392334,75.87999725341797,84.55616760253906,66.80239868164062,66267.4921875,3037.056640625
2024-05-16,188.38302612304688,415.3738708496094,94.30577850341797,183.6300048828125,172.75218200683594,470.04345703125,174.83999633789062,194.10577392578125,111.12914276123047,145.43238830566406,477.5562438964844,124.3447036743164,8.806166648864746,298.0829772949219,104.89090728759766,111.08206176757812,31.23602294921875,220.02999877929688,27.059999465942383,76.25,84.47354888916016,66.69122314453125,65231.58203125,2945.131103515625
2024-05-17,188.41281127929688,414.60430908203125,92.42683410644531,184.6999969482422,174.6167755126953,468.73236083984375,177.4600067138672,196.32994079589844,112.79792785644531,145.771728515625,478.1317138671875,124.50077056884766,8.778299331665039,298.4902038574219,104.96865844726562,111.10054016113281,31.367504119873047,223.66000366210938,28.790000915527344,76.97000122070312,83.9043197631836,66.52449035644531,67051.875,3094.11865234375
2024-05-18,,,,,,,,,,,,,,,,,,,,,,,66940.8046875,3122.948974609375
2024-05-19,,,,,,,,,,,,,,,,,,,,,,,66278.3671875,3071.843017578125
2024-05-20,189.57383728027344,419.6658935546875,94.72654724121094,183.5399932861328,175.46974182128906,465.6830139160156,174.9499969482422,187.50042724609375,111.88338470458984,143.74766540527344,478.6095275878906,124.65685272216797,8.76900863647461,298.88775634765625,105.17279052734375,110.38941192626953,31.395679473876953,224.55999755859375,28.979999542236328,76.7300033569336,83.65644073486328,66.45963287353516,71448.1953125,3663.85546875
2024-05-21,190.87379455566406,423.3165283203125,95.33219909667969,183.14999389648438,176.3921356201172,461.5013732910156,186.60000610351562,191.27764892578125,111.11029052734375,143.7191619873047,479.81890869140625,124.87142944335938,8.787591934204102,298.6453552246094,104.88117980957031,110.35247802734375,31.273588180541992,224.22999572753906,29.270000457763672,76.16000366210938,84.08794403076172,66.59857940673828,70136.53125,3789.312744140625
2024-05-22,189.43490600585938,424.7767639160156,94.89645385742188,183.1300048828125,174.93417358398438,464.63018798828125,180.11000061035156,190.1176300048828,108.8758316040039,145.86676025390625,478.5218200683594,124.48127746582031,8.778299331665039,297.8405456542969,104.15217590332031,109.40125274658203,31.05758285522461,220.11000061035156,28.219999313354492,74.87000274658203,84.18894958496094,66.5152359008789,69122.3359375,3737.2177734375
2024-05-23,185.44578552246094,421.3037414550781,103.7404556274414,181.0500030517578,172.1273651123047,462.6435546875,173.74000549316406,188.78504943847656,107.01849365234375,142.2557373046875,475.01080322265625,123.4278335571289,8.750432014465332,293.61297607421875,102.64552307128906,107.0647201538086,30.888540267944336,215.72000122070312,27.549999237060547,74.44999694824219,83.64727783203125,66.3206787109375,67929.5625,3776.92724609375
2024-05-24,188.52197265625,424.42156982421875,106.40894317626953,180.75,173.5555877685547,474.9998779296875,179.24000549316406,192.4185028076172,106.93363189697266,139.66148376464844,478.34625244140625,124.31543731689453,8.750432014465332,296.0564270019531,103.65644073486328,107.11089324951172,31.066978454589844,215.9199981689453,27.739999771118164,75.3499984741211,83.8951644897461,66.39479064941406,68526.1015625,3726.9345703125
2024-05-25,,,,,,,,,,,,,,,,,,,,,,,69265.9453125,3749.236572265625
2024-05-26,,,,,,,,,,,,,,,,,,,,,,,68518.09375,3825.8974609375
2024-05-27,,,,,,,,,,,,,,,,,,,,,,,69394.5546875,3892.0068359375
2024-05-28,188.5319061279297,424.5794982910156,113.83675384521484,182.14999389648438,174.95399475097656,476.68841552734375,176.75,191.2584686279297,108.29129028320312,137.20030212402344,478.4632263183594,124.2471694946289,8.722565650939941,293.4675598144531,103.08293151855469,106.39054107666016,31.066978454589844,218.19000244140625,29.239999771118164,77.66000366210938,82.69245147705078,66.079833984375,68296.21875,3840.25634765625
2024-05-29,188.82958984375,423.44476318359375,114.7602310180664,182.02000427246094,174.45811462402344,471.1658020019531,176.19000244140625,189.9259033203125,107.13162994384766,137.25730895996094,474.94256591796875,123.26201629638672,8.685406684875488,289.8411865234375,101.7901611328125,105.3746566772461,30.578624725341797,216.16000366210938,29.170000076293945,76.56999969482422,81.69173431396484,65.83895111083984,67578.09375,3763.196533203125
2024-05-30,189.8218994140625,409.1382141113281,110.43767547607422,179.32000732421875,170.6991729736328,463.905029296875,178.7899932861328,191.0955047607422,107.4710464477539,138.0555419921875,472.1531982421875,122.70602416992188,8.722565650939941,291.1792297363281,102.53860473632812,107.00006866455078,30.71949005126953,216.57000732421875,28.420000076293945,75.52999877929688,82.48129272460938,66.12613677978516,68364.9921875,3746.849609375
2024-05-31,190.77456665039062,409.5920715332031,109.5711669921875,176.44000244140625,171.08596801757812,463.6864929199219,178.0800018310547,194.25917053222656,110.55403137207031,139.3764190673828,475.9860534667969,123.61316680908203,8.77754020690918,293.68084716796875,103.45230865478516,108.9394760131836,30.897930145263672,215.3000030517578,27.760000228881836,74.81999969482422,83.04131317138672,66.36699676513672,67491.4140625,3760.026611328125
2024-06-01,,,,,,,,,,,,,,,,,,,,,,,67706.9375,3813.198974609375
2024-06-02,,,,,,,,,,,,,,,,,,,,,,,67751.6015625,3780.89599609375
2024-06-03,192.5408935546875,408.0035400390625,114.93513488769531,178.33999633789062,171.75048828125,474.2747802734375,176.2899932861328,193.48265075683594,107.90472412109375,140.39320373535156,476.5711975097656,123.66193389892578,8.824130058288574,291.73193359375,102.82048797607422,108.68087768554688,31.048194885253906,217.22000122070312,27.889999389648438,71.83000183105469,84.38449096679688,66.7377700805664,68804.78125,3766.38916015625
2024-06-04,192.85841369628906,410.5195617675781,116.37133026123047,179.33999633789062,172.3654022216797,473.77813720703125,174.77000427246094,190.93252563476562,106.22652435302734,140.45021057128906,477.3125,123.66193389892578,8.852084159851074,290.94647216796875,101.52770233154297,109.52130126953125,30.84157943725586,215.27000427246094,27.020000457763672,71.08999633789062,85.37018585205078,66.9886474609375,70567.765625,3812.515869140625
2024-06-05,194.3667755126953,418.3536376953125,122.37094116210938,181.27999877929688,173.9721221923828,491.7264404296875,175.0,189.11102294921875,106.65080261230469,138.7112274169922,482.9788513183594,125.1640625,8.880037307739258,293.2542419433594,102.78162384033203,109.37354278564453,31.113933563232422,217.82000732421875,27.399999618530273,71.88999938964844,85.99662780761719,67.17451477050781,71082.8203125,3864.260986328125
2024-06-06,192.9874267578125,418.8568115234375,120.92976379394531,185.0,175.28126525878906,490.43524169921875,177.94000244140625,188.77545166015625,107.45218658447266,139.13882446289062,482.8813171386719,125.08602142333984,8.880037307739258,292.0712890625,102.37336730957031,109.59518432617188,31.189062118530273,219.42999267578125,28.530000686645508,73.26000213623047,85.86767578125,67.1838150024414,70757.1640625,3811.60595703125
2024-06-07,195.37892150878906,418.19573974609375,120.81982421875,184.3000030517578,173.02992248535156,489.64056396484375,177.47999572753906,191.6898956298828,106.30195617675781,139.7660369873047,482.43267822265625,124.8421630859375,8.80549430847168,290.7137756347656,101.45964813232422,108.60701751708984,30.888540267944336,211.60000610351562,26.670000076293945,73.0199966430664,84.2923583984375,66.64485168457031,69342.5859375,3678.629150390625
2024-06-08,,,,,,,,,,,,,,,,,,,,,,,69305.7734375,3680.949951171875
2024-06-09,,,,,,,,,,,,,,,,,,,,,,,69647.9921875,3705.90380859375
2024-06-10,191.63784790039062,422.1620788574219,121.72130584716797,187.05999755859375,173.7746124267578,499.2156677246094,173.7899932861328,191.3639373779297,106.61308288574219,139.8135528564453,483.7200012207031,125.22258758544922,8.796175003051758,291.93548583984375,101.78042602539062,108.86560821533203,30.973060607910156,213.5399932861328,27.1200008392334,75.45999908447266,83.73040771484375,66.5426254272461,69512.28125,3666.717529296875
2024-06-11,205.56019592285156,426.9079284667969,120.85174560546875,187.22999572753906,175.3732452392578,504.0528869628906,170.66000366210938,186.33082580566406,105.755126953125,139.46194458007812,485.03662109375,125.49568176269531,8.824130058288574,291.0919494628906,101.40133666992188,108.50541687011719,30.681926727294922,214.14999389648438,26.709999084472656,75.51000213623047,84.59637451171875,66.81209564208984,67332.03125,3498.33056640625
2024-06-12,211.4347686767578,435.1761169433594,125.13965606689453,186.88999938964844,176.5349884033203,505.4136657714844,177.2899932861328,183.61773681640625,104.58602905273438,138.17906188964844,489.1718444824219,126.65643310546875,8.86140251159668,293.3511962890625,102.82048797607422,109.5305404663086,30.973060607910156,214.72000122070312,27.030000686645508,75.9800033569336,85.23201751708984,67.11876678466797,68241.1875,3559.61767578125
2024-06-13,212.59576416015625,435.68927001953125,129.5475311279297,183.8300018310547,173.92355346679688,500.7055969238281,182.47000122070312,185.6597442626953,103.74693298339844,138.21707153320312,490.3227233886719,126.77347564697266,8.907995223999023,292.4688415527344,101.98455047607422,109.97383117675781,30.67253303527832,212.97000122070312,26.43000030517578,75.73999786376953,86.48486328125,67.4161148071289,66756.3984375,3469.28125
2024-06-14,210.8592071533203,436.666015625,131.8164520263672,183.66000366210938,175.54205322265625,501.26239013671875,178.00999450683594,185.77476501464844,102.8701171875,138.3026123046875,490.24468994140625,126.57839965820312,8.917309761047363,290.1320495605469,100.65290069580078,109.95536041259766,30.475309371948242,215.72999572753906,27.010000228881836,76.08000183105469,87.212646484375,67.51832580566406,66011.09375,3480.27197265625
2024-06-15,,,,,,,,,,,,,,,,,,,,,,,66191.0,3565.549560546875
2024-06-16,,,,,,,,,,,,,,,,,,,,,,,66639.046875,3620.5634765625
2024-06-17,215.0071563720703,442.3886413574219,130.91688537597656,184.05999755859375,175.98887634277344,503.7181701660156,187.44000244140625,186.9252166748047,102.16301727294922,138.69219970703125,494.0677490234375,127.56356048583984,8.880037307739258,292.0615539550781,101.3916244506836,109.49359130859375,30.569229125976562,214.61000061035156,26.920000076293945,77.79000091552734,86.34669494628906,67.2674331665039,66490.296875,3511.37890625
2024-06-18,212.6453857421875,440.3857116699219,135.5146484375,182.80999755859375,173.85401916503906,496.61920166015625,184.86000061035156,188.8617401123047,103.12467956542969,138.40711975097656,495.3258972167969,127.86589813232422,8.917309761047363,293.1572265625,101.61518859863281,109.9368896484375,30.710102081298828,215.47000122070312,26.959999084472656,78.66999816894531,87.13896179199219,67.49974060058594,65140.74609375,3483.681396484375
2024-06-19,,,,,,,,,,,,,,,,,,,,,,,64960.296875,3559.347412109375
2024-06-20,208.07077026367188,439.7542419433594,130.71697998046875,186.10000610351562,175.05551147460938,498.8165283203125,181.57000732421875,190.46278381347656,105.34972381591797,140.4312286376953,494.0775146484375,127.5342788696289,8.889352798461914,292.86639404296875,101.2944107055664,109.66908264160156,30.728885650634766,218.16000366210938,28.0,79.41000366210938,86.5585708618164,67.36967468261719,64828.65625,3511.0869140625
2024-06-21,205.8975830078125,443.7798156738281,126.5090103149414,189.0800018310547,178.3620147705078,491.936279296875,183.00999450683594,188.19068908691406,104.4257583618164,141.35299682617188,493.3265686035156,127.4074935913086,8.889352798461914,293.0215148925781,101.61518859863281,109.9923095703125,30.54619789123535,214.77999877929688,26.979999542236328,78.6500015258789,86.5585708618164,67.38823699951172,64096.19921875,3516.07568359375
2024-06-22,,,,,,,,,,,,,,,,,,,,,,,64252.578125,3494.8134765625
2024-06-23,,,,,,,,,,,,,,,,,,,,,,,63180.796875,3418.61181640625
2024-06-24,206.54258728027344,441.69805908203125,118.05308532714844,185.57000732421875,177.95489501953125,496.04254150390625,182.5800018310547,190.66409301757812,107.5276107788086,141.70457458496094,491.8441467285156,127.15386962890625,8.898673057556152,294.3498840332031,102.14008331298828,110.75884246826172,30.707109451293945,215.6300048828125,27.0,79.69999694824219,86.90863800048828,67.4253921508789,60277.4140625,3350.25634765625
2024-06-25,207.46546936035156,444.9342346191406,126.02922821044922,186.33999633789062,182.73092651367188,507.66534423828125,187.35000610351562,189.88755798339844,107.82931518554688,139.8705596923828,493.77520751953125,127.49530029296875,8.898673057556152,292.9342346191406,101.33330535888672,109.28119659423828,30.782840728759766,214.55999755859375,26.399999618530273,78.9000015258789,87.05604553222656,67.46256256103516,61804.640625,3395.029052734375
2024-06-26,211.61337280273438,446.1280822753906,126.33909606933594,193.61000061035156,182.58200073242188,510.17083740234375,196.3699951171875,189.27398681640625,107.86701965332031,139.5189666748047,494.555419921875,127.6513442993164,8.86140251159668,291.0531921386719,101.17777252197266,109.09647369384766,30.60298728942871,212.5800018310547,26.309999465942383,78.75,85.81238555908203,67.1466293334961,60811.27734375,3369.477294921875
2024-06-27,212.4568634033203,446.8089294433594,123.93024444580078,197.85000610351562,184.1011962890625,516.5737915039062,197.4199981689453,190.94212341308594,108.32899475097656,138.54969787597656,495.0137634277344,127.87567138671875,8.870718955993652,291.86395263671875,101.68323516845703,110.1492919921875,30.640850067138672,214.99000549316406,26.450000762939453,79.91999816894531,86.15323638916016,67.2674331665039,61604.80078125,3444.800537109375
2024-06-28,209.00357055664062,440.9875793457031,123.48046875,193.25,180.8642120361328,501.3220520019531,197.8800048828125,193.9044647216797,108.53641510009766,138.89178466796875,493.0406799316406,127.49391174316406,8.86043930053711,291.86395263671875,102.06964874267578,111.09740447998047,30.63138771057129,215.00999450683594,26.56999969482422,79.58999633789062,84.55030059814453,66.95149230957031,60320.13671875,3373.635986328125
2024-06-29,,,,,,,,,,,,,,,,,,,,,,,60887.37890625,3372.9677734375
2024-06-30,,,,,,,,,,,,,,,,,,,,,,,62678.29296875,3432.88916015625
2024-07-01,215.08653259277344,450.6370849609375,124.2401123046875,197.1999969482422,181.6982879638672,501.7793273925781,209.86000061035156,196.96267700195312,108.38557434082031,139.15785217285156,494.3717346191406,127.69950103759766,8.804359436035156,289.644775390625,101.12311553955078,109.94734191894531,30.697647094726562,215.57000732421875,26.850000381469727,81.54000091552734,83.091064453125,66.59822082519531,62851.98046875,3440.341552734375
2024-07-02,218.57952880859375,453.15313720703125,122.61089324951172,200.0,183.93240356445312,506.5716552734375,231.25999450683594,200.2030487060547,107.6501693725586,138.7682342529297,497.43511962890625,128.4434051513672,8.832399368286133,290.9295654296875,101.46465301513672,110.40550231933594,30.80177116394043,215.55999755859375,26.969999313354492,81.11000061035156,83.73797607421875,66.79397583007812,62029.015625,3416.354736328125
2024-07-03,219.84970092773438,454.62322998046875,128.21817016601562,197.58999633789062,184.50833129882812,507.0290222167969,246.38999938964844,200.06883239746094,108.19700622558594,138.4451446533203,499.9798278808594,129.04052734375,8.879131317138672,291.3675537109375,101.7183609008789,110.46159362792969,31.12360954284668,217.99000549316406,27.84000015258789,81.2699966430664,84.83772277832031,67.17611694335938,60173.921875,3292.916748046875
2024-07-04,,,,,,,,,,,,,,,,,,,,,,,56977.703125,3054.52197265625
2024-07-05,224.6029052734375,461.3226623535156,125.76935577392578,200.0,189.2545623779297,536.806884765625,251.52000427246094,197.41783142089844,106.8864974975586,139.19586181640625,502.7789611816406,129.63758850097656,8.916515350341797,291.2994384765625,101.1816635131836,110.71405792236328,31.12360954284668,220.92999267578125,28.479999542236328,81.30999755859375,85.54006958007812,67.48372650146484,56662.375,2981.5986328125
2024-07-06,,,,,,,,,,,,,,,,,,,,,,,58303.5390625,3069.3779296875
2024-07-07,,,,,,,,,,,,,,,,,,,,,,,55849.109375,2929.38720703125
2024-07-08,226.07156372070312,460.020263671875,128.13818359375,199.2899932861328,187.6956329345703,526.2777709960938,252.94000244140625,197.78414916992188,105.7645492553711,138.24559020996094,503.3074645996094,129.80397033691406,8.916515350341797,291.9418029785156,101.53296661376953,110.93846130371094,31.227737426757812,218.19000244140625,28.1299991607666,80.41999816894531,85.72489929199219,67.48372650146484,56705.09765625,3018.73193359375
2024-07-09,226.9249725341797,453.4096374511719,131.3166961669922,199.33999633789062,187.64601135253906,526.9539184570312,262.3299865722656,200.15557861328125,104.595458984375,139.73753356933594,503.6891784667969,129.79420471191406,8.907171249389648,291.1534729003906,100.94746398925781,110.9758529663086,31.19933319091797,218.55999755859375,28.1200008392334,79.7699966430664,85.34601593017578,67.45574951171875,58009.2265625,3064.032958984375
2024-07-10,231.19195556640625,460.03009033203125,134.84500122070312,199.7899932861328,189.8304443359375,531.616943359375,263.260009765625,200.31947326660156,105.5194320678711,141.99916076660156,508.8960266113281,131.0960693359375,8.916515350341797,293.7035827636719,101.94281005859375,111.87345123291016,31.530641555786133,219.36000061035156,28.15999984741211,80.4800033569336,85.61400604248047,67.51167297363281,57742.49609375,3102.21875
2024-07-11,225.82347106933594,448.63421630859375,127.33861541748047,195.0500030517578,184.2600555419922,509.7532958984375,241.02999877929688,199.98208618164062,106.77336883544922,142.2557373046875,504.4525146484375,130.47938537597656,8.963250160217285,297.2659606933594,104.52869415283203,114.97767639160156,31.663162231445312,223.25,28.68000030517578,80.94000244140625,86.44574737548828,67.84723663330078,57344.9140625,3100.330810546875
2024-07-12,228.77069091796875,447.4995422363281,129.17774963378906,194.49000549316406,183.76361083984375,496.0027770996094,248.22999572753906,197.56243896484375,106.7922134399414,142.42678833007812,507.2419738769531,131.2722625732422,8.981942176818848,299.6408996582031,105.63136291503906,115.90333557128906,31.947132110595703,223.11000061035156,28.1200008392334,80.25,86.8154067993164,68.02434539794922,57899.46484375,3134.15869140625
2024-07-13,,,,,,,,,,,,,,,,,,,,,,,59231.953125,3177.19873046875
2024-07-14,,,,,,,,,,,,,,,,,,,,,,,60787.79296875,3244.0791015625
2024-07-15,232.60105895996094,447.904052734375,128.3780975341797,192.72000122070312,185.21328735351562,493.308349609375,252.63999938964844,202.4884796142578,108.62127685546875,141.81861877441406,508.7198486328125,131.80079650878906,8.953901290893555,300.14703369140625,106.6169204711914,116.6419906616211,31.710485458374023,223.8300018310547,28.030000686645508,80.12000274658203,85.81732177734375,67.80994415283203,64870.15234375,3489.552734375
2024-07-16,233.01785278320312,443.5232849121094,126.2990951538086,193.02000427246094,182.62171936035156,486.9749755859375,256.55999755859375,205.92994689941406,109.40380859375,143.50057983398438,511.9690856933594,132.96563720703125,8.991288185119629,305.4614562988281,109.51507568359375,118.10060119628906,31.85247802734375,228.2899932861328,28.610000610351562,79.05999755859375,87.02796173095703,68.07093048095703,65097.1484375,3443.513427734375
2024-07-17,227.12344360351562,437.60333251953125,117.9331283569336,187.92999267578125,179.74220275878906,459.334716796875,248.5,209.06295776367188,110.91230773925781,148.7936248779297,504.8440856933594,131.08628845214844,8.991288185119629,302.51220703125,108.16844177246094,118.88600158691406,31.60636329650879,227.22999572753906,27.670000076293945,80.62000274658203,87.04644775390625,68.13619232177734,64118.79296875,3388.75244140625
2024-07-18,222.45950317382812,434.495361328125,121.03164672851562,183.75,176.43568420410156,473.1151123046875,249.22999572753906,202.42098999023438,112.00597381591797,147.69129943847656,500.8998107910156,129.93125915527344,8.972597122192383,300.7212829589844,106.69498443603516,117.84814453125,31.369718551635742,225.77999877929688,27.200000762939453,79.9000015258789,86.38106536865234,67.95909118652344,63974.06640625,3426.258544921875
2024-07-19,222.58851623535156,431.27880859375,117.87317657470703,183.1300048828125,176.4059295654297,474.0496520996094,239.1999969482422,202.2281951904297,109.43208312988281,146.9976043701172,497.3568420410156,129.08946228027344,8.944558143615723,299.056884765625,106.1387710571289,117.67048645019531,31.142539978027344,221.72999572753906,26.690000534057617,78.0,85.8727798461914,67.78199768066406,66710.15625,3505.73486328125
2024-07-20,,,,,,,,,,,,,,,,,,,,,,,67163.6484375,3519.29541015625
2024-07-21,,,,,,,,,,,,,,,,,,,,,,,68154.5234375,3536.60546875
2024-07-22,222.24119567871094,437.0310974121094,123.48046875,182.5500030517578,180.38760375976562,484.59869384765625,251.50999450683594,202.710205078125,108.67784118652344,146.56997680664062,502.73980712890625,130.51853942871094,8.935212135314941,302.31756591796875,107.47563934326172,118.84860229492188,31.398117065429688,221.8000030517578,26.6299991607666,77.62000274658203,85.62322998046875,67.75404357910156,67585.25,3440.419921875
2024-07-23,223.28314208984375,438.9156188964844,122.53092193603516,186.41000366210938,180.50674438476562,485.8812561035156,246.3800048828125,202.75840759277344,106.9242172241211,144.7739715576172,501.956787109375,130.4402313232422,8.935212135314941,301.06195068359375,107.92450714111328,118.82054901123047,31.25613021850586,222.5800018310547,26.68000030517578,76.62000274658203,85.50311279296875,67.76335144042969,65927.671875,3481.995849609375
2024-07-24,216.86279296875,423.17840576171875,114.19493865966797,180.8300018310547,171.4114227294922,458.61883544921875,215.99000549316406,201.08103942871094,108.43270874023438,148.50856018066406,490.3393859863281,127.40584564208984,8.916515350341797,296.2732238769531,105.57281494140625,117.0159912109375,30.87749481201172,221.8000030517578,26.43000030517578,76.80999755859375,84.57894134521484,67.5676040649414,65372.1328125,3336.33935546875
2024-07-25,215.8208465576172,412.8184509277344,112.22588348388672,179.85000610351562,166.09918212890625,450.8040771484375,220.25,201.1581573486328,110.71430206298828,151.70144653320312,487.8240661621094,127.00452423095703,8.935212135314941,296.64300537109375,106.65596008300781,116.63263702392578,30.716577529907227,218.3300018310547,25.40999984741211,77.45999908447266,85.27205657958984,67.71673583984375,65777.2265625,3174.42724609375
2024-07-26,216.28721618652344,419.5968017578125,113.00550842285156,182.5,165.8211669921875,463.0234069824219,219.8000030517578,204.5996551513672,110.62003326416016,152.65171813964844,493.2657775878906,128.49234008789062,8.963250160217285,300.1372985839844,108.44168853759766,118.70835876464844,31.04787826538086,220.6300048828125,25.479999542236328,76.11000061035156,85.93746948242188,67.98705291748047,67912.0625,3275.951416015625
2024-07-27,,,,,,,,,,,,,,,,,,,,,,,67813.3359375,3247.60791015625
2024-07-28,,,,,,,,,,,,,,,,,,,,,,,68255.8671875,3271.464599609375
2024-07-29,216.56509399414062,421.0373229980469,111.53622436523438,183.1999969482422,168.3332977294922,463.0333251953125,232.10000610351562,203.25967407226562,109.46037292480469,150.67514038085938,493.6767883300781,128.50213623046875,8.972597122192383,300.6434326171875,108.10990905761719,119.28805541992188,30.953224182128906,220.32000732421875,25.440000534057617,75.19000244140625,86.3995361328125,68.07093048095703,66819.9140625,3320.539306640625
2024-07-30,217.12078857421875,417.27813720703125,103.68001556396484,181.7100067138672,169.08790588378906,460.52789306640625,222.6199951171875,207.4434356689453,111.41199493408203,153.3074188232422,491.23004150390625,127.96377563476562,8.981942176818848,301.61676025390625,108.39289855957031,120.23240661621094,30.953224182128906,222.52000427246094,25.829999923706055,74.45999908447266,86.73222351074219,68.15483856201172,66201.015625,3278.667724609375
2024-07-31,220.37562561035156,412.7691345214844,116.9636001586914,186.97999572753906,170.3291015625,472.1009216308594,232.07000732421875,205.13949584960938,111.8079605102539,150.00047302246094,499.03045654296875,129.8235626220703,9.06632137298584,303.6120910644531,108.98814392089844,119.71814727783203,31.483308792114258,226.5500030517578,26.389999389648438,77.73999786376953,87.61944580078125,68.52763366699219,64619.25,3231.295654296875
2024-08-01,216.68417358398438,411.545654296875,109.1573715209961,184.07000732421875,169.5546112060547,494.8792419433594,216.86000061035156,200.4737091064453,110.26175689697266,152.76576232910156,492.2087707519531,127.88545227050781,9.094451904296875,299.4072570800781,106.54861450195312,121.04586791992188,30.80177116394043,225.77000427246094,26.030000686645508,76.29000091552734,88.37513732910156,68.78385162353516,65357.5,3201.564453125
2024-08-02,218.1726531982422,403.0406799316406,107.21829223632812,167.89999389648438,165.48358154296875,485.3344421386719,207.6699981689453,191.97122192382812,110.19577026367188,155.9776611328125,483.1751708984375,125.31111145019531,9.197583198547363,293.5381164550781,103.34796142578125,120.90560913085938,30.271684646606445,225.33999633789062,26.040000915527344,73.38999938964844,91.12902069091797,69.5691909790039,61415.06640625,2986.01318359375
2024-08-03,,,,,,,,,,,,,,,,,,,,,,,60680.09375,2903.3857421875
2024-08-04,,,,,,,,,,,,,,,,,,,,,,,58116.9765625,2686.39892578125
2024-08-05,207.6639404296875,389.8786315917969,100.4015884399414,161.02000427246094,158.1258544921875,472.9957580566406,198.8800048828125,187.8838653564453,108.20642852783203,153.2313690185547,468.70965576171875,121.58172607421875,9.188207626342773,286.83184814453125,100.44005584716797,117.32453918457031,29.504953384399414,222.47999572753906,24.860000610351562,73.22000122070312,91.61119842529297,69.50373077392578,53991.45703125,2417.206298828125
2024-08-06,205.63958740234375,394.27911376953125,104.19976043701172,161.92999267578125,157.17263793945312,491.2502136230469,200.63999938964844,193.12802124023438,107.63133239746094,151.06475830078125,473.56414794921875,122.84444427490234,9.13195514678955,290.5110168457031,101.55247497558594,119.88645935058594,29.694271087646484,220.6999969482422,24.639999389648438,72.44999694824219,89.5619888305664,69.07367706298828,56034.31640625,2458.723876953125
2024-08-07,208.20970153808594,393.1148681640625,98.86233520507812,162.77000427246094,157.8180694580078,486.1099853515625,191.75999450683594,193.18585205078125,109.06439971923828,150.99822998046875,469.92327880859375,121.86559295654297,9.113203048706055,288.1458435058594,100.52786254882812,118.93274688720703,29.807857513427734,220.5500030517578,24.329999923706055,74.69000244140625,88.93150329589844,68.90538787841797,55027.4609375,2336.58935546875
2024-08-08,211.67291259765625,397.31805419921875,104.9194107055664,165.8000030517578,160.88623046875,506.700927734375,198.83999633789062,196.71408081054688,111.14800262451172,152.25259399414062,480.7479553222656,124.7042236328125,9.094451904296875,294.15130615234375,102.88933563232422,120.15760040283203,30.328479766845703,224.00999450683594,25.010000228881836,75.36000061035156,88.3843994140625,68.80253601074219,61710.13671875,2683.352783203125
2024-08-09,214.5804443359375,400.60357666015625,104.69952392578125,166.94000244140625,162.51466369628906,514.794189453125,200.0,198.3914794921875,112.0531005859375,152.63272094726562,483.0577392578125,125.26216888427734,9.122579574584961,294.89105224609375,102.9283676147461,120.70927429199219,30.423137664794922,224.55999755859375,25.0,76.22000122070312,89.25601196289062,69.04561614990234,60880.11328125,2599.5986328125
2024-08-10,,,,,,,,,,,,,,,,,,,,,,,60945.8125,2610.02294921875
2024-08-11,,,,,,,,,,,,,,,,,,,,,,,58719.484375,2553.252197265625
2024-08-12,216.1103973388672,401.3830871582031,108.96746826171875,166.8000030517578,161.14439392089844,512.9846801757812,197.49000549316406,198.76742553710938,112.19452667236328,151.9295196533203,483.1360778808594,125.15450286865234,9.13195514678955,293.5867919921875,102.09893035888672,119.76490020751953,30.451534271240234,228.41000366210938,25.489999771118164,78.62999725341797,89.58053588867188,69.16716766357422,59354.515625,2724.431884765625
2024-08-13,219.82598876953125,408.4869689941406,116.08402252197266,170.22999572753906,163.00120544433594,525.5022583007812,207.8300018310547,200.45443725585938,111.11972045898438,150.51361083984375,491.2887268066406,127.25897979736328,9.16945743560791,296.9544677734375,103.72853088378906,120.8121109008789,30.886962890625,228.05999755859375,25.420000076293945,77.63999938964844,90.20177459716797,69.42894744873047,60609.56640625,2703.671875
2024-08-14,220.27304077148438,411.2989807128906,118.02310180664062,170.10000610351562,159.23794555664062,523.7324829101562,201.3800048828125,202.67166137695312,112.14738464355469,150.59912109375,493.17767333984375,127.67990112304688,9.178832054138184,297.7137145996094,103.58216094970703,121.204833984375,30.92482566833496,226.1999969482422,25.1299991607666,76.58999633789062,90.76740264892578,69.55982971191406,58737.26953125,2662.914794921875
2024-08-15,223.2534637451172,416.1621398925781,122.80079650878906,177.58999633789062,160.16140747070312,534.2417602539062,214.13999938964844,203.93447875976562,112.84117889404297,151.17880249023438,501.281494140625,129.85293579101562,9.141329765319824,301.7140808105469,105.68989562988281,121.07392120361328,31.284526824951172,226.91000366210938,25.860000610351562,77.41000366210938,90.03489685058594,69.27001953125,57560.09765625,2570.087646484375
2024-08-16,224.57476806640625,413.6317138671875,124.51996612548828,177.05999755859375,161.8096923828125,524.388671875,216.1199951171875,206.26736450195312,112.30895233154297,151.4638671875,502.34832763671875,130.1367950439453,9.16008186340332,302.677734375,105.84603118896484,121.02716064453125,31.511707305908203,231.99000549316406,26.43000030517578,76.31999969482422,90.35015869140625,69.41961669921875,58894.10546875,2593.1865234375
2024-08-17,,,,,,,,,,,,,,,,,,,,,,,59478.97265625,2614.546875
2024-08-18,,,,,,,,,,,,,,,,,,,,,,,58483.96484375,2613.357177734375
2024-08-19,224.41583251953125,416.65631103515625,129.93734741210938,178.22000122070312,165.4934844970703,526.238037109375,222.72000122070312,207.69407653808594,112.65108489990234,151.6919403076172,507.2810974121094,131.40927124023438,9.16945743560791,305.1499328613281,106.8803939819336,121.9902114868164,31.85247802734375,231.61000061035156,26.829999923706055,74.37999725341797,90.76740264892578,69.50373077392578,59493.453125,2637.306396484375
2024-08-20,225.03176879882812,419.8885192871094,127.18868255615234,178.8800048828125,165.99989318847656,523.7026977539062,221.10000610351562,206.79757690429688,108.89701843261719,152.19557189941406,506.2925109863281,131.04713439941406,9.197583198547363,303.621826171875,105.87530517578125,121.91541290283203,31.710485458374023,232.4600067138672,26.8700008392334,73.83000183105469,91.49065399169922,69.70942687988281,59012.79296875,2573.10693359375
2024-08-21,224.92247009277344,419.2361755371094,128.4380645751953,180.11000061035156,164.67929077148438,532.084228515625,223.27000427246094,206.8747100830078,108.20321655273438,153.4024200439453,508.4555358886719,131.7518768310547,9.21633529663086,306.4931640625,107.24143981933594,122.48577117919922,31.937665939331055,232.14999389648438,26.950000762939453,72.5999984741211,91.54627227783203,69.85902404785156,61175.19140625,2631.3955078125
2024-08-22,223.06471252441406,410.7454833984375,123.68037414550781,176.1300048828125,162.6437530517578,528.8726806640625,210.66000366210938,208.83160400390625,109.0395736694336,154.27667236328125,503.9241027832031,130.58705139160156,9.178832054138184,305.383544921875,106.49981689453125,122.94393157958984,31.719953536987305,229.3699951171875,26.389999389648438,73.58000183105469,90.6375961303711,69.57852172851562,60381.9140625,2622.951416015625
2024-08-23,225.35964965820312,411.97113037109375,129.30763244628906,177.0399932861328,164.45089721679688,524.9653930664062,220.32000732421875,210.45111083984375,110.55070495605469,155.96815490722656,509.7181091308594,132.30003356933594,9.21633529663086,309.3547668457031,109.105224609375,125.51519012451172,32.20270919799805,232.02000427246094,27.200000762939453,75.55000305175781,91.23101043701172,69.8870620727539,64094.35546875,2764.447021484375
2024-08-24,,,,,,,,,,,,,,,,,,,,,,,64178.9921875,2769.3896484375
2024-08-25,,,,,,,,,,,,,,,,,,,,,,,64333.54296875,2749.15771484375
2024-08-26,225.69741821289062,408.709228515625,126.3990478515625,175.5,164.98709106445312,518.125,213.2100067138672,211.28018188476562,112.9172134399414,156.42428588867188,508.1228332519531,131.89869689941406,9.206960678100586,308.8388977050781,108.84176635742188,125.49649047851562,32.079654693603516,232.75999450683594,27.31999969482422,77.83000183105469,90.99920654296875,69.8122787475586,62880.66015625,2681.340576171875
2024-08-27,226.5418701171875,409.05523681640625,128.23817443847656,173.1199951171875,163.51751708984375,516.1165161132812,209.2100067138672,212.25379943847656,111.84325408935547,156.02215576171875,508.9742736816406,132.02598571777344,9.206960678100586,308.8000183105469,108.4709701538086,125.7115478515625,32.21217727661133,233.38999938964844,27.360000610351562,76.48999786376953,90.84158325195312,69.8122787475586,59504.1328125,2458.7265625
2024-08-28,225.01193237304688,405.8526916503906,125.54946899414062,170.8000030517578,161.700439453125,513.8098754882812,205.75,213.3238525390625,110.74079132080078,156.95091247558594,505.9305114746094,131.22332763671875,9.197583198547363,307.6125183105469,107.84644317626953,125.26275634765625,32.032325744628906,231.75,26.690000534057617,75.4800033569336,90.73030853271484,69.7655258178711,59027.625,2528.41552734375
2024-08-29,228.29037475585938,408.34356689453125,117.5333251953125,172.1199951171875,160.6380157470703,515.2415161132812,206.27999877929688,214.21075439453125,112.27093505859375,157.2477264404297,505.9402160644531,131.3407745361328,9.188207626342773,308.8000183105469,108.42216491699219,124.8326416015625,32.1553840637207,232.9499969482422,26.809999465942383,76.7699966430664,90.43360900878906,69.6626968383789,59388.1796875,2528.792724609375
2024-08-30,227.5055389404297,412.31707763671875,119.3124771118164,178.5,162.2267303466797,518.3137817382812,214.11000061035156,216.70750427246094,112.0903549194336,158.8084259033203,511.11761474609375,132.64260864257812,9.188209533691406,311.2820129394531,109.124755859375,126.04815673828125,32.2595100402832,231.2899932861328,26.350000381469727,74.33999633789062,89.4692611694336,69.52245330810547,59119.4765625,2525.822021484375
2024-08-31,,,,,,,,,,,,,,,,,,,,,,,58969.8984375,2513.393798828125
2024-09-01,,,,,,,,,,,,,,,,,,,,,,,57325.48828125,2427.90234375
2024-09-02,,,,,,,,,,,,,,,,,,,,,,,59112.48046875,2538.187255859375
2024-09-03,221.31619262695312,404.70611572265625,107.94794464111328,176.25,156.2491912841797,508.8186950683594,210.60000610351562,212.36949157714844,109.74287414550781,160.0531768798828,500.3517150878906,129.75503540039062,9.225826263427734,306.1719970703125,106.31441497802734,126.02943420410156,31.672624588012695,230.2899932861328,25.579999923706055,71.08999633789062,90.93257141113281,69.81877136230469,57431.0234375,2420.603759765625
2024-09-04,219.40872192382812,404.17236328125,106.15880584716797,173.3300018310547,155.34561157226562,509.79302978515625,219.41000366210938,211.4344024658203,108.40280151367188,160.24465942382812,499.5687255859375,129.5299072265625,9.272847175598145,305.4906005859375,106.07047271728516,126.32866668701172,31.57796859741211,230.42999267578125,25.68000030517578,69.61000061035156,92.10467529296875,70.12826538085938,57971.5390625,2448.97705078125
2024-09-05,220.9287567138672,403.66827392578125,107.15833282470703,177.88999938964844,156.1300506591797,513.8893432617188,230.1699981689453,209.79562377929688,107.55694580078125,157.9754180908203,498.0811462402344,129.1090087890625,9.291658401489258,303.7289123535156,105.50450134277344,125.94528198242188,31.644227981567383,232.35000610351562,26.229999542236328,69.88999938964844,92.62564086914062,70.29704284667969,56160.48828125,2367.737548828125
2024-09-06,219.37890625,397.05560302734375,102.78044891357422,171.38999938964844,149.8546600341797,497.3947448730469,210.72999572753906,204.8117218017578,107.05323791503906,157.39134216308594,489.5466613769531,126.90663146972656,9.301061630249023,300.10809326171875,103.88465881347656,125.83309936523438,31.085744857788086,230.6300048828125,25.479999542236328,68.93000030517578,92.61632537841797,70.38147735595703,53948.75390625,2223.87646484375
2024-09-07,,,,,,,,,,,,,,,,,,,,,,,54139.6875,2274.107177734375
2024-09-08,,,,,,,,,,,,,,,,,,,,,,,54841.56640625,2297.29296875
2024-09-09,219.4683380126953,401.02911376953125,106.41868591308594,175.39999389648438,147.85621643066406,501.8887634277344,216.27000427246094,209.005126953125,109.3056869506836,159.5265655517578,495.26239013671875,128.2965850830078,9.310466766357422,303.5536804199219,104.37255859375,127.12339782714844,31.360252380371094,231.60000610351562,25.850000381469727,69.2699966430664,93.01632690429688,70.47525024414062,57019.53515625,2358.482177734375
2024-09-10,218.67355346679688,409.4111022949219,108.04788970947266,179.5500030517578,147.80650329589844,501.8887634277344,226.1699981689453,198.1601104736328,105.32350158691406,160.26380920410156,497.4938659667969,128.80555725097656,9.338679313659668,303.99169921875,104.17739868164062,129.04014587402344,31.25613021850586,232.6199951171875,25.940000534057617,66.95999908447266,93.66751098632812,70.70970916748047,57648.7109375,2389.5810546875
2024-09-11,221.20692443847656,418.1488952636719,116.8536605834961,184.52000427246094,150.29212951660156,508.8882141113281,228.1300048828125,199.7699737548828,104.27806091308594,157.81265258789062,502.7984924316406,130.10743713378906,9.338679313659668,305.0234375,104.75312805175781,128.85316467285156,31.41703987121582,232.25,26.1200008392334,67.8499984741211,93.59309387207031,70.67219543457031,57343.171875,2339.841552734375
2024-09-12,221.31619262695312,422.0630798339844,119.0927734375,187.0,153.8018798828125,522.5790405273438,229.80999755859375,199.16268920898438,105.71316528320312,157.6403045654297,506.57647705078125,131.1254425048828,9.319872856140137,306.9019775390625,105.82650756835938,129.36741638183594,31.719953536987305,236.3300018310547,27.270000457763672,69.88999938964844,93.1558837890625,70.59716796875,58127.01171875,2361.78173828125
2024-09-13,221.04794311523438,425.6115417480469,119.05278015136719,186.49000549316406,156.55596923828125,521.6047973632812,230.2899932861328,196.96475219726562,105.63713836669922,158.48291015625,509.4049072265625,132.0651092529297,9.338679313659668,309.958251953125,107.84644317626953,130.69512939453125,31.795682907104492,238.67999267578125,28.020000457763672,69.83999633789062,93.40705108642578,70.74722290039062,60571.30078125,2441.607177734375
2024-09-14,,,,,,,,,,,,,,,,,,,,,,,60005.12109375,2418.595703125
2024-09-15,,,,,,,,,,,,,,,,,,,,,,,59182.8359375,2320.897216796875
2024-09-16,214.90829467773438,426.3529357910156,116.73370361328125,184.88999938964844,157.1525115966797,530.7207641601562,226.77999877929688,200.3773193359375,107.11975860595703,159.89039611816406,510.13885498046875,132.3196258544922,9.366891860961914,311.8172912597656,108.57830047607422,131.17196655273438,31.97553253173828,238.66000366210938,28.06999969482422,70.87999725341797,94.26290130615234,70.93473052978516,58192.5078125,2295.28369140625
2024-09-17,215.3751983642578,430.118896484375,115.54417419433594,186.8800048828125,158.40530395507812,533.7462768554688,227.8699951171875,201.71728515625,108.516845703125,159.96697998046875,510.28582763671875,132.4370880126953,9.348085403442383,312.4402160644531,109.17354583740234,130.19020080566406,31.909265518188477,237.33999633789062,27.959999084472656,71.72000122070312,93.80706024169922,70.84099578857422,60308.5390625,2341.707763671875
2024-09-18,219.24977111816406,425.82904052734375,113.32505798339844,186.42999267578125,158.89247131347656,535.3684692382812,227.1999969482422,200.05918884277344,108.89701843261719,159.0861053466797,508.81768798828125,132.1140594482422,9.319872856140137,311.68109130859375,109.23209381103516,130.03128051757812,31.795682907104492,235.50999450683594,27.239999771118164,70.66000366210938,92.64422607421875,70.62528228759766,61649.6796875,2369.72900390625
2024-09-19,227.37637329101562,433.6179504394531,117.82327270507812,189.8699951171875,161.20909118652344,556.4168701171875,243.9199981689453,202.9029998779297,110.24658203125,157.81265258789062,517.4793701171875,134.39476013183594,9.319872856140137,315.7495422363281,111.14469146728516,130.06866455078125,32.448822021484375,239.1699981689453,28.09000015258789,72.75,92.3372573852539,70.62528228759766,62940.45703125,2464.752197265625
2024-09-20,226.7107391357422,430.2374572753906,115.95401763916016,191.60000610351562,162.65077209472656,558.6561279296875,238.25,203.49102783203125,109.55278778076172,157.1807098388672,516.4810791015625,134.0619354248047,9.319872856140137,315.17529296875,110.39329528808594,129.62924194335938,32.21403884887695,242.2100067138672,28.40999984741211,72.91999816894531,91.98374938964844,70.61593627929688,63192.9765625,2561.072021484375
2024-09-21,,,,,,,,,,,,,,,,,,,,,,,63394.83984375,2615.857177734375
2024-09-22,,,,,,,,,,,,,,,,,,,,,,,63648.7109375,2582.862548828125
2024-09-23,224.99203491210938,428.49786376953125,116.21392059326172,193.8800048828125,160.92076110839844,561.701416015625,250.0,203.82843017578125,111.53913116455078,156.2806854248047,517.9393310546875,134.41433715820312,9.310466766357422,317.0538330078125,110.72508239746094,130.91952514648438,32.35661697387695,242.67999267578125,27.979999542236328,72.25,91.78840637207031,70.56900787353516,63329.80078125,2648.54638671875
2024-09-24,225.8861846923828,424.2080078125,120.82209014892578,193.9600067138672,161.3582305908203,560.626708984375,254.27000427246094,203.97303771972656,111.2445068359375,155.859375,519.2410278320312,134.72755432128906,9.319872856140137,317.49188232421875,110.92024230957031,130.9662628173828,32.727333068847656,246.07000732421875,29.3799991607666,73.29000091552734,91.76978302001953,70.65342712402344,64301.96875,2654.35498046875
2024-09-25,224.89268493652344,427.114013671875,123.4610366821289,192.52999877929688,160.5628204345703,565.5827026367188,257.0199890136719,202.62344360351562,109.07758331298828,153.77207946777344,518.2720947265625,134.33602905273438,9.291658401489258,315.63275146484375,109.82733917236328,130.19956970214844,32.55624008178711,245.72999572753906,29.059999465942383,71.4800033569336,91.00699615478516,70.39083099365234,63143.14453125,2579.388671875
2024-09-26,226.03521728515625,426.3232421875,123.9908218383789,191.16000366210938,161.7957000732422,565.114990234375,254.22000122070312,202.2281951904297,107.2052993774414,154.52847290039062,520.3959350585938,134.9135284423828,9.28225326538086,317.4165344238281,110.68604278564453,129.04014587402344,33.34519577026367,246.97999572753906,29.260000228881836,69.01000213623047,91.22093963623047,70.39083099365234,65181.01953125,2632.199951171875
2024-09-27,226.3034210205078,423.0712585449219,121.35187530517578,187.97000122070312,163.00868225097656,564.63720703125,260.4599914550781,202.9222869873047,110.07550048828125,154.5380401611328,519.7567138671875,134.82615661621094,9.310466766357422,318.40313720703125,111.16366577148438,129.26739501953125,33.17409133911133,245.02000427246094,28.860000610351562,70.2699966430664,91.69536590576172,70.59716796875,65790.6640625,2695.900634765625
2024-09-28,,,,,,,,,,,,,,,,,,,,,,,65887.6484375,2677.5390625
2024-09-29,,,,,,,,,,,,,,,,,,,,,,,65635.3046875,2659.346923828125
2024-09-30,231.47943115234375,425.324951171875,121.3918685913086,186.3300018310547,164.89779663085938,569.6929321289062,261.6300048828125,203.26930236816406,111.40607452392578,155.16998291015625,522.0050659179688,135.35635375976562,9.309524536132812,319.1846008300781,111.2811050415039,130.20083618164062,33.08854293823242,243.05999755859375,28.40999984741211,69.91999816894531,91.25816345214844,70.4377212524414,63329.5,2603.062744140625
2024-10-01,224.7337646484375,415.8260498046875,116.95361328125,185.1300048828125,166.03125,573.7034301757812,258.0199890136719,199.58682250976562,113.98165893554688,155.10296630859375,517.1551513671875,134.07994079589844,9.337818145751953,317.4555969238281,110.12620544433594,129.32398986816406,33.01250076293945,245.61000061035156,28.579999923706055,72.11000061035156,91.91702270507812,70.64559936523438,60837.0078125,2448.921142578125
2024-10-02,225.30001831054688,412.3072204589844,118.8028793334961,184.75999450683594,164.90773010253906,570.0610961914062,249.02000427246094,199.8278045654297,115.49278259277344,154.3178253173828,517.2533569335938,134.10939025878906,9.318955421447754,317.56298828125,110.09685516357422,128.7582550048828,33.09804916381836,245.66000366210938,29.0,72.76000213623047,91.1424331665039,70.513916015625,60632.78515625,2365.231689453125
2024-10-03,224.19725036621094,411.72406005859375,122.80130004882812,181.9600067138672,164.90773010253906,579.9732666015625,240.66000366210938,197.84197998046875,116.5002212524414,153.6763153076172,516.389404296875,133.83448791503906,9.28122615814209,316.45916748046875,109.61727905273438,127.70223236083984,32.77485656738281,245.49000549316406,29.229999542236328,75.7300033569336,90.28382873535156,70.20352935791016,60759.40234375,2349.791259765625
2024-10-04,225.3199005126953,411.24957275390625,124.87047576904297,186.50999450683594,166.10084533691406,593.080078125,250.0800018310547,204.8641357421875,118.63861846923828,153.4752197265625,521.1312866210938,135.150146484375,9.215203285217285,319.0966796875,110.93856811523438,127.03277587890625,33.00299835205078,245.0,29.360000610351562,76.3499984741211,89.17325592041016,69.74264526367188,62067.4765625,2414.7939453125
2024-10-05,,,,,,,,,,,,,,,,,,,,,,,62089.94921875,2415.6318359375
2024-10-06,,,,,,,,,,,,,,,,,,,,,,,62818.953125,2439.957763671875
2024-10-07,220.2432403564453,404.80499267578125,127.66937255859375,180.8000030517578,162.0442657470703,581.9737548828125,240.8300018310547,204.5828399658203,119.15185546875,152.74754333496094,516.1342163085938,133.8639678955078,9.186906814575195,316.49822998046875,110.0087661743164,126.01449584960938,32.88892364501953,244.1699981689453,28.93000030517578,79.19999694824219,88.50129699707031,69.53571319580078,62236.66015625,2421.796630859375
2024-10-08,224.29660034179688,409.9151916503906,132.83731079101562,182.72000122070312,163.4362335205078,590.0447998046875,244.5,204.40826416015625,115.98700714111328,152.9007568359375,521.14111328125,135.03233337402344,9.196338653564453,317.7486267089844,110.1947250366211,126.20306396484375,32.65128707885742,242.3699951171875,28.010000228881836,75.79000091552734,88.6506118774414,69.6391830444336,62131.96875,2439.8408203125
2024-10-09,228.0419921875,412.63336181640625,132.597412109375,185.1699981689453,160.93069458007812,587.6761474609375,241.0500030517578,206.9979248046875,116.03451538085938,153.8199462890625,524.8618774414062,135.9748992919922,9.168042182922363,319.9074401855469,110.7819595336914,126.25019073486328,32.603759765625,241.0500030517578,27.860000610351562,75.25,88.14664459228516,69.45106506347656,60582.1015625,2368.283447265625
2024-10-10,227.54527282714844,411.0321350097656,134.75656127929688,186.64999389648438,161.14942932128906,581.0282592773438,238.77000427246094,206.4353790283203,117.0324478149414,153.68588256835938,523.8507080078125,135.6999969482422,9.168042182922363,318.8036193847656,110.29259490966797,125.27906036376953,32.58475112915039,242.82000732421875,28.3799991607666,77.7699966430664,87.80136108398438,69.42286682128906,60274.5,2383.85791015625
2024-10-11,226.06500244140625,411.50653076171875,134.74656677246094,188.82000732421875,162.30279541015625,587.1189575195312,217.8000030517578,215.6009979248047,117.47913360595703,154.5955047607422,527.0217895507812,136.74075317382812,9.168042182922363,322.63287353515625,112.07389068603516,126.61792755126953,32.736839294433594,245.47000122070312,28.799999237060547,77.48999786376953,87.44670104980469,69.43226623535156,62445.08984375,2436.513427734375
2024-10-12,,,,,,,,,,,,,,,,,,,,,,,63193.0234375,2476.523193359375
2024-10-13,,,,,,,,,,,,,,,,,,,,,,,62851.375,2467.677001953125
2024-10-14,229.79051208496094,414.2939758300781,138.01527404785156,187.5399932861328,164.01290893554688,587.586669921875,219.16000366210938,214.81539916992188,117.92583465576172,154.7295684814453,531.086181640625,137.7520294189453,9.149176597595215,325.1335754394531,112.73942565917969,127.40052032470703,32.784366607666016,245.07000732421875,28.540000915527344,75.93000030517578,87.51203155517578,69.38525390625,66046.125,2628.89990234375
2024-10-15,232.32388305664062,413.8985595703125,131.54783630371094,187.69000244140625,164.51004028320312,583.4564819335938,219.57000732421875,215.69801330566406,114.38082885742188,157.12326049804688,527.0905151367188,136.83892822265625,9.196338653564453,323.99066162109375,112.53388214111328,128.9562530517578,32.23305130004883,245.9199981689453,28.709999084472656,72.76000213623047,88.57596588134766,69.65799713134766,67041.109375,2606.02197265625
2024-10-16,230.2674102783203,411.308837890625,135.66619873046875,186.88999938964844,164.21177673339844,574.02197265625,221.3300018310547,216.910400390625,114.67544555664062,157.2956085205078,529.564453125,137.58514404296875,9.205770492553711,326.2862243652344,113.64962768554688,130.31399536132812,32.39464569091797,247.14999389648438,28.90999984741211,72.4000015258789,88.94925689697266,69.7520523071289,67612.71875,2611.10205078125
2024-10-17,230.6349639892578,411.9019470214844,136.87570190429688,187.52999877929688,161.99456787109375,574.1613159179688,220.88999938964844,217.66693115234375,114.38082885742188,157.4775390625,529.4761352539062,137.5458526611328,9.168042182922363,325.7880859375,113.51261901855469,129.38055419921875,32.35661697387695,248.6300048828125,28.889999389648438,72.62000274658203,87.5400390625,69.41346740722656,67399.8359375,2604.2734375
2024-10-18,233.4663848876953,413.3253173828125,137.94529724121094,188.99000549316406,162.4817352294922,573.7034301757812,220.6999969482422,218.58831787109375,114.05768585205078,158.09988403320312,531.6065063476562,138.056396484375,9.168042182922363,326.9993591308594,113.69857025146484,130.31399536132812,32.603759765625,251.27000427246094,30.639999389648438,71.37999725341797,87.60536193847656,69.45106506347656,68418.7890625,2641.55224609375
2024-10-19,,,,,,,,,,,,,,,,,,,,,,,68362.734375,2648.656982421875
2024-10-20,,,,,,,,,,,,,,,,,,,,,,,69001.703125,2746.364013671875
2024-10-21,234.9367218017578,413.9381408691406,143.6530303955078,189.07000732421875,163.1280059814453,572.39990234375,218.85000610351562,216.28964233398438,114.12422180175781,155.90725708007812,530.654296875,137.6243896484375,9.102018356323242,324.6549377441406,112.27941131591797,127.71165466308594,32.318603515625,251.22000122070312,30.850000381469727,72.26000213623047,86.07482147216797,68.98079681396484,67367.8515625,2665.712158203125
2024-10-22,234.32077026367188,422.5672302246094,143.53309631347656,189.6999969482422,164.1918487548828,579.2169799804688,217.97000122070312,217.37594604492188,114.71345520019531,156.50086975097656,530.4087524414062,137.4869384765625,9.102018356323242,322.70123291015625,111.66281127929688,127.87195587158203,32.137996673583984,253.92999267578125,31.739999771118164,73.9800033569336,86.1588134765625,69.00902557373047,67361.40625,2620.197509765625
2024-10-23,229.25404357910156,419.69085693359375,139.50466918945312,184.7100067138672,161.8454132080078,560.9849243164062,213.64999389648438,216.68731689453125,114.30480194091797,158.8084259033203,525.539306640625,136.2596435546875,9.083152770996094,321.7341613769531,110.9972915649414,128.92796325683594,31.88134765625,250.8699951171875,30.709999084472656,73.55000305175781,85.92549896240234,68.8396987915039,66432.1953125,2509.098876953125
2024-10-24,229.0653076171875,419.8193359375,140.35433959960938,186.3800048828125,161.7857666015625,565.0552978515625,260.4800109863281,218.21005249023438,113.65852355957031,156.71153259277344,526.6683349609375,136.57382202148438,9.092585563659668,321.98809814453125,111.34962463378906,129.16368103027344,31.928874969482422,252.8000030517578,30.690000534057617,73.05999755859375,86.47612762451172,68.95259094238281,68161.0546875,2534.49853515625
2024-10-25,229.89981079101562,423.1997375488281,141.48388671875,187.8300018310547,164.32113647460938,570.4990234375,269.19000244140625,215.62039184570312,113.5634765625,154.0401611328125,526.51123046875,136.4560089111328,9.07371997833252,320.76702880859375,110.84068298339844,128.00393676757812,31.852828979492188,253.32000732421875,30.6299991607666,74.2300033569336,85.99079895019531,68.81149291992188,66642.4140625,2435.93408203125
2024-10-26,,,,,,,,,,,,,,,,,,,,,,,67014.6953125,2479.603271484375
2024-10-27,,,,,,,,,,,,,,,,,,,,,,,67929.296875,2505.940673828125
2024-10-28,231.8768310546875,421.6578369140625,140.4643096923828,188.38999938964844,165.76278686523438,575.3854370117188,262.510009765625,218.7144012451172,113.00274658203125,154.7295684814453,527.9151611328125,136.97637939453125,9.064286231994629,322.6523742675781,112.11302947998047,128.39996337890625,32.03343963623047,253.3300018310547,30.729999542236328,70.43000030517578,85.75751495361328,68.72685241699219,69907.7578125,2565.34814453125
2024-10-29,232.1450653076172,426.9558410644531,141.19400024414062,190.8300018310547,168.70579528808594,590.4329833984375,259.5199890136719,216.19264221191406,111.46308898925781,153.28375244140625,528.769287109375,137.19236755371094,9.07371997833252,321.83184814453125,112.06410217285156,127.34395599365234,31.966901779174805,256.0899963378906,31.389999389648438,69.66000366210938,85.8881607055664,68.78327178955078,72720.4921875,2637.95751953125
2024-10-30,228.59837341308594,427.52911376953125,139.28475952148438,192.72999572753906,173.45835876464844,588.9598999023438,257.54998779296875,217.65721130371094,110.90235900878906,153.78163146972656,527.0315551757812,136.77999877929688,9.064286231994629,321.44110107421875,112.06410217285156,127.89081573486328,31.77678680419922,257.5,30.809999465942383,71.36000061035156,86.14013671875,68.71745300292969,72339.5390625,2657.37255859375
2024-10-31,224.43568420410156,401.65185546875,132.70738220214844,186.39999389648438,170.1276092529297,564.8562622070312,249.85000610351562,215.24217224121094,110.98789978027344,153.0635223388672,517.26318359375,134.33523559570312,9.083211898803711,317.8072509765625,110.48834228515625,125.75049591064453,31.520139694213867,253.50999450683594,29.809999465942383,73.08000183105469,86.2801284790039,68.7080307006836,70215.1875,2515.79931640625
2024-11-01,221.4552764892578,405.6253662109375,135.34632873535156,197.92999267578125,170.30653381347656,564.4381713867188,248.97999572753906,216.2314453125,109.2486572265625,153.32203674316406,519.4034423828125,134.89488220214844,9.045365333557129,317.70953369140625,110.75260162353516,124.43989562988281,31.624704360961914,252.47000122070312,29.540000915527344,72.0199966430664,85.06373596191406,68.44196319580078,69482.46875,2511.885498046875
2024-11-02,,,,,,,,,,,,,,,,,,,,,,,69289.2734375,2491.068603515625
2024-11-03,,,,,,,,,,,,,,,,,,,,,,,68741.1171875,2456.42529296875
2024-11-04,220.56112670898438,403.7374267578125,135.99607849121094,195.77999877929688,168.26834106445312,557.9893188476562,242.83999633789062,213.16653442382812,112.72713470458984,151.5124053955078,517.9700317382812,134.5904998779297,9.083211898803711,317.70953369140625,111.10494232177734,125.81649017333984,31.691242218017578,252.8300018310547,29.6299991607666,74.29000091552734,86.38408660888672,68.71556854248047,67811.5078125,2397.0263671875
2024-11-05,221.9917449951172,406.7027282714844,139.8545379638672,199.5,168.76547241210938,569.6829223632812,251.44000244140625,214.82508850097656,113.05976867675781,151.61773681640625,524.3218994140625,136.328369140625,9.092672348022461,322.67193603515625,112.90580749511719,127.53252410888672,32.052452087402344,253.39999389648438,29.75,74.7300033569336,86.84290313720703,68.88542175292969,69359.5625,2422.650634765625
2024-11-06,221.26651000976562,415.3218994140625,145.55227661132812,207.08999633789062,175.49659729003906,569.3047485351562,288.5299987792969,239.6256561279297,114.99858856201172,151.16770935058594,537.58544921875,140.14773559570312,9.026439666748047,331.09234619140625,117.61347198486328,124.8736343383789,31.7292537689209,245.6999969482422,28.43000030517578,74.54000091552734,84.46442413330078,68.31932067871094,75639.078125,2724.169189453125
2024-11-07,225.99546813964844,420.51123046875,148.82098388671875,210.0500030517578,179.71224975585938,588.8605346679688,296.9100036621094,229.2670440673828,115.14115905761719,150.06658935546875,541.6007080078125,141.11973571777344,9.092672348022461,332.1278076171875,117.78962707519531,126.30679321289062,32.18552017211914,249.64999389648438,29.110000610351562,74.66000366210938,85.52256774902344,68.82880401611328,75904.859375,2895.58544921875
2024-11-08,225.72694396972656,417.6546630859375,147.5714874267578,208.17999267578125,177.32601928710938,586.5118408203125,321.2200012207031,229.84898376464844,115.1031265258789,148.8601531982422,543.7507934570312,141.73829650878906,9.111598014831543,334.5015563964844,118.72921752929688,128.1359405517578,31.757776260375977,247.9600067138672,28.479999542236328,73.12999725341797,86.60883331298828,68.96087646484375,76545.4765625,2962.296630859375
2024-11-09,,,,,,,,,,,,,,,,,,,,,,,76778.8671875,3131.14453125
2024-11-10,,,,,,,,,,,,,,,,,,,,,,,80474.1875,3191.331298828125
2024-11-11,223.01174926757812,413.1770324707031,145.20240783691406,206.83999633789062,179.31454467773438,580.371337890625,350.0,232.08946228027344,114.49486541748047,148.44845581054688,544.27099609375,142.1604766845703,9.092672348022461,337.0608825683594,120.1385726928711,127.4853744506836,31.700742721557617,242.13999938964844,27.969999313354492,70.94000244140625,86.18742370605469,68.82880401611328,88701.484375,3374.81298828125
2024-11-12,223.01174926757812,418.13897705078125,148.231201171875,208.91000366210938,180.57723999023438,582.013427734375,328.489990234375,232.35133361816406,114.38082885742188,146.15048217773438,542.7297973632812,141.6106719970703,9.035902976989746,334.89227294921875,118.70964050292969,125.75993347167969,31.196949005126953,240.0500030517578,28.06999969482422,70.69000244140625,84.89518737792969,68.41366577148438,87955.8125,3246.25732421875
2024-11-13,223.89691162109375,420.283935546875,146.21200561523438,214.10000610351562,177.85296630859375,577.216552734375,330.239990234375,233.90318298339844,115.44528198242188,146.72499084472656,542.876953125,141.52230834960938,9.035902976989746,334.46246337890625,118.13219451904297,126.47650146484375,30.97832679748535,237.6300048828125,27.610000610351562,70.7300033569336,84.0898666381836,68.38536071777344,90584.1640625,3192.595947265625
2024-11-14,226.98008728027344,421.9543762207031,146.7018280029297,211.47999572753906,174.5718994140625,574.3902587890625,311.17999267578125,234.59182739257812,115.52193450927734,145.41322326660156,539.6568603515625,140.56008911132812,9.026439666748047,331.3561096191406,116.78155517578125,125.20362854003906,30.959312438964844,237.00999450683594,27.809999465942383,71.29000091552734,84.57678985595703,68.36648559570312,87250.4296875,3058.94873046875
2024-11-15,223.77757263183594,410.2018127441406,141.9237060546875,202.61000061035156,171.49966430664062,551.4209594726562,320.7200012207031,237.92831420898438,114.32416534423828,147.4526824951172,532.5980224609375,138.72402954101562,9.026439666748047,329.5196228027344,115.53857421875,125.34505462646484,30.807228088378906,236.58999633789062,27.56999969482422,69.75,84.35205841064453,68.38536071777344,91066.0078125,3103.04052734375
2024-11-16,,,,,,,,,,,,,,,,,,,,,,,90558.4765625,3133.27392578125
2024-11-17,,,,,,,,,,,,,,,,,,,,,,,89845.8515625,3075.66162109375
2024-11-18,226.78115844726562,410.95306396484375,140.09442138671875,201.6999969482422,174.2935333251953,551.7394409179688,338.739990234375,237.65675354003906,115.28237915039062,148.18992614746094,534.7677612304688,139.3033447265625,9.035902976989746,331.1997985839844,115.95942687988281,126.19366455078125,31.063875198364258,241.08999633789062,28.3799991607666,72.06999969482422,84.50187683105469,68.4513931274414,90542.640625,3207.8564453125
2024-11-19,227.03973388671875,412.9595642089844,146.95172119140625,204.61000061035156,177.09732055664062,558.3973388671875,346.0,235.7751007080078,113.67257690429688,146.49517822265625,536.8981323242188,139.9513397216797,9.045365333557129,332.1766662597656,116.53687286376953,126.90079498291016,31.082887649536133,243.25,28.5,72.30999755859375,84.9326171875,68.57405090332031,92343.7890625,3111.384033203125
2024-11-20,227.75584411621094,410.6861267089844,145.83216857910156,202.8800048828125,174.96961975097656,562.8060913085938,342.0299987792969,233.53463745117188,115.2919692993164,146.6005096435547,536.9177856445312,140.02989196777344,9.035902976989746,333.300048828125,117.11432647705078,126.6839370727539,30.987834930419922,244.6199951171875,28.100000381469727,72.0199966430664,84.66107940673828,68.49856567382812,94339.4921875,3072.18798828125
2024-11-21,227.27845764160156,408.9132995605469,146.6118621826172,198.3800048828125,166.66757202148438,560.3877563476562,339.6400146484375,237.3948516845703,116.83467864990234,148.88890075683594,539.872802734375,141.00193786621094,9.035902976989746,337.7153625488281,118.99346923828125,127.57965850830078,31.01634979248047,246.66000366210938,28.040000915527344,73.19999694824219,84.59552764892578,68.46084594726562,98504.7265625,3361.053955078125
2024-11-22,228.62110900878906,413.0037536621094,141.89373779296875,197.1199951171875,163.81405639648438,556.456787109375,352.55999755859375,241.07083129882812,116.70052337646484,148.5729217529297,541.7677001953125,141.75794982910156,9.035902976989746,341.0171203613281,120.82369232177734,128.64511108398438,31.082887649536133,249.83999633789062,28.469999313354492,74.25,84.64234161376953,68.48912048339844,98997.6640625,3331.600830078125
2024-11-23,,,,,,,,,,,,,,,,,,,,,,,97777.28125,3396.223388671875
2024-11-24,,,,,,,,,,,,,,,,,,,,,,,98013.8203125,3363.659912109375
2024-11-25,231.6048126220703,414.776611328125,135.96607971191406,201.4499969482422,166.6874542236328,562.3980712890625,338.5899963378906,242.75843811035156,114.95659637451172,149.15699768066406,543.4071044921875,142.37649536132812,9.111598014831543,343.5471496582031,122.52667999267578,130.35171508789062,31.20646095275879,242.47999572753906,27.6299991607666,72.0999984741211,86.83354949951172,69.12129974365234,93102.296875,3413.5439453125
2024-11-26,233.78292846679688,423.888427734375,136.86572265625,207.86000061035156,168.14901733398438,570.7875366210938,338.2300109863281,242.4480743408203,113.04016876220703,149.13768005371094,546.548828125,142.9852294921875,9.102134704589844,343.7425231933594,121.91006469726562,130.88914489746094,31.04486656188965,242.9499969482422,27.799999237060547,71.61000061035156,86.49644470214844,68.99862670898438,91985.3203125,3326.517333984375
2024-11-27,233.6536102294922,418.9363098144531,135.2863311767578,205.74000549316406,168.25836181640625,566.4684448242188,332.8900146484375,242.27349853515625,112.74312591552734,149.9870147705078,544.5067138671875,142.504150390625,9.121057510375977,343.4396667480469,121.7730484008789,131.70944213867188,31.14942741394043,243.49000549316406,27.450000762939453,71.72000122070312,87.09574890136719,69.18733978271484,95962.53125,3657.249267578125
2024-11-28,,,,,,,,,,,,,,,,,,,,,,,95652.46875,3579.8115234375
2024-11-29,236.04058837890625,419.40185546875,138.19520568847656,207.88999938964844,167.97998046875,571.5638427734375,345.1600036621094,242.20562744140625,113.03059387207031,149.61061096191406,547.6090087890625,143.24050903320312,9.187498092651367,344.11370849609375,122.08625030517578,131.02114868164062,31.4440975189209,245.58999633789062,27.920000076293945,71.61000061035156,87.99471282958984,69.44207763671875,97461.5234375,3593.494384765625
2024-11-30,,,,,,,,,,,,,,,,,,,,,,,96449.0546875,3705.705322265625
2024-12-01,,,,,,,,,,,,,,,,,,,,,,,97279.7890625,3711.1650390625
2024-12-02,238.28829956054688,426.8497314453125,138.57504272460938,210.7100067138672,170.50540161132812,589.985107421875,357.0899963378906,238.8400421142578,112.92518615722656,149.40794372558594,549.012939453125,143.55471801757812,9.187498092651367,342.9610290527344,121.88070678710938,129.33340454101562,31.558162689208984,243.44000244140625,27.790000915527344,71.04000091552734,88.20612335205078,69.4827651977539,95865.3046875,3644.198486328125
2024-12-03,241.33168029785156,427.0676574707031,140.20440673828125,213.44000244140625,170.3562774658203,610.7051391601562,351.4200134277344,237.45306396484375,112.75270080566406,147.0529327392578,549.2681274414062,143.5743408203125,9.168514251708984,342.4335632324219,121.58709716796875,128.62623596191406,31.71975326538086,243.92999267578125,28.280000686645508,73.04000091552734,87.44500732421875,69.32189178466797,96002.1640625,3620.711669921875
2024-12-04,241.68972778320312,433.2280578613281,145.08245849609375,218.16000366210938,173.36886596679688,610.83447265625,357.92999267578125,236.07579040527344,109.5043716430664,145.22877502441406,552.6060791015625,144.55616760253906,9.196986198425293,343.9378967285156,122.1156005859375,128.3151092529297,31.748271942138672,244.6699981689453,28.530000686645508,71.87999725341797,88.38465118408203,69.55848693847656,98768.53125,3841.3310546875
2024-12-05,241.7195587158203,438.37823486328125,145.0124969482422,220.5500030517578,171.6488037109375,606.0078125,369.489990234375,238.0931854248047,109.98346710205078,144.31185913085938,551.604736328125,144.13400268554688,9.196986198425293,342.3260803222656,120.95092010498047,127.90966796875,31.88134765625,242.86000061035156,28.559999465942383,71.47000122070312,88.56320190429688,69.56794738769531,96593.5703125,3811.00830078125
2024-12-06,241.52064514160156,439.3191223144531,142.3933563232422,227.02999877929688,173.70692443847656,620.776611328125,389.2200012207031,239.91661071777344,108.82404327392578,144.10914611816406,553.0380249023438,144.58563232421875,9.21596908569336,342.9512023925781,121.29347229003906,127.84366607666016,31.862337112426758,242.9499969482422,28.25,70.23999786376953,88.69474792480469,69.75724029541016,99920.7109375,4005.810546875
2024-12-07,,,,,,,,,,,,,,,,,,,,,,,99923.3359375,4002.692626953125
2024-12-08,,,,,,,,,,,,,,,,,,,,,,,101236.015625,4005.70458984375
2024-12-09,245.40940856933594,441.7456359863281,138.7645263671875,226.08999633789062,174.56297302246094,610.6255493164062,389.7900085449219,236.47344970703125,108.1820297241211,144.38905334472656,549.7197875976562,143.59396362304688,9.187498092651367,339.2783203125,120.37346649169922,128.1453857421875,31.957386016845703,245.36000061035156,28.979999542236328,71.16999816894531,87.87725067138672,69.54901123046875,97432.71875,3718.6904296875
2024-12-10,246.4238739013672,439.0813903808594,135.0257568359375,225.0399932861328,184.31787109375,616.3479614257812,400.989990234375,235.55203247070312,107.96163940429688,144.03195190429688,548.099853515625,143.04412841796875,9.178004264831543,335.830078125,119.39473724365234,126.25019073486328,31.681734085083008,248.58999633789062,28.989999771118164,71.4000015258789,87.46380615234375,69.47332000732422,96675.4296875,3631.833740234375
2024-12-11,245.1508026123047,444.6871643066406,139.2643585205078,230.25999450683594,194.50079345703125,629.643798828125,424.7699890136719,236.20187377929688,107.24299621582031,141.53216552734375,552.5765991210938,144.23216247558594,9.159022331237793,337.0511169433594,120.15814971923828,125.97677612304688,31.852828979492188,250.9600067138672,29.040000915527344,73.33000183105469,86.63688659667969,69.32189178466797,101173.03125,3832.822021484375
2024-12-12,246.6128387451172,445.251708984375,137.29501342773438,228.97000122070312,191.07662963867188,627.7628784179688,418.1000061035156,234.26205444335938,107.14716339111328,141.14610290527344,549.5921020507812,143.3779754638672,9.12105655670166,335.6639709472656,119.32623291015625,125.7882080078125,31.5961856842041,247.27999877929688,28.200000762939453,73.20999908447266,85.5844497680664,69.04744720458984,100043.0,3883.1015625
2024-12-13,246.7819061279297,442.983642578125,134.20602416992188,227.4600067138672,188.94647216796875,617.3729858398438,436.2300109863281,232.71990966796875,106.20812225341797,141.5128631591797,549.6412353515625,143.31906127929688,9.083094596862793,334.37457275390625,118.74879455566406,125.41106414794922,31.529644012451172,244.2899932861328,27.75,74.20999908447266,84.71060180664062,68.77299499511719,101459.2578125,3911.205322265625
2024-12-14,,,,,,,,,,,,,,,,,,,,,,,101372.96875,3868.4052734375
2024-12-15,,,,,,,,,,,,,,,,,,,,,,,104298.6953125,3951.941162109375
2024-12-16,249.67608642578125,447.26226806640625,131.9567413330078,232.92999267578125,195.75498962402344,621.7454223632812,463.0199890136719,232.37074279785156,103.93717193603516,138.83935546875,551.801025390625,143.9277801513672,9.092583656311035,333.6907958984375,119.12071228027344,125.00562286376953,31.425086975097656,244.8800048828125,27.799999237060547,73.69999694824219,84.96428680419922,68.84870910644531,106029.71875,3987.48095703125
2024-12-17,252.10284423828125,450.1047058105469,130.3472900390625,231.14999389648438,194.52069091796875,616.964599609375,479.8599853515625,231.1874542236328,103.49639129638672,141.31016540527344,549.6805419921875,143.22085571289062,9.092583656311035,330.8872375488281,117.77984619140625,124.336181640625,31.263490676879883,243.94000244140625,27.809999465942383,73.30000305175781,85.1710205078125,68.85816192626953,106140.6015625,3886.76611328125
2024-12-18,246.7023468017578,433.1983337402344,128.86778259277344,220.52000427246094,187.53298950195312,594.803466796875,440.1300048828125,223.43785095214844,101.97282409667969,139.70799255371094,533.4816284179688,138.72402954101562,9.02614688873291,319.85858154296875,112.9938735961914,119.2635498046875,30.626625061035156,239.25999450683594,26.850000381469727,72.94000244140625,84.10600280761719,68.31874084472656,100041.5390625,3618.791259765625
2024-12-19,248.43287658691406,432.8418273925781,130.63717651367188,223.2899932861328,187.64248657226562,593.1900634765625,436.1700134277344,225.949951171875,101.10086059570312,138.57876586914062,533.020263671875,138.55712890625,8.997672080993652,319.1259765625,112.59260559082031,117.39668273925781,30.550580978393555,239.60000610351562,26.520000457763672,72.61000061035156,82.83252716064453,68.12945556640625,97490.953125,3417.927978515625
2024-12-20,253.10736083984375,432.41595458984375,134.65586853027344,224.9199981689453,190.52915954589844,582.9112548828125,421.05999755859375,230.4503173828125,101.44581604003906,139.437744140625,538.8419799804688,140.0986328125,9.016654968261719,324.2055969238281,113.8160171508789,119.41442108154297,30.567014694213867,242.10000610351562,26.920000076293945,73.0999984741211,83.30419921875,68.3376693725586,97755.9296875,3472.553466796875
2024-12-21,,,,,,,,,,,,,,,,,,,,,,,97224.7265625,3337.222412109375
2024-12-22,,,,,,,,,,,,,,,,,,,,,,,95104.9375,3277.53515625
2024-12-23,253.8831024169922,431.078857421875,139.62423706054688,225.05999755859375,193.73434448242188,597.452880859375,430.6000061035156,231.216552734375,101.85784912109375,140.2098846435547,542.8099975585938,140.96047973632812,8.988181114196777,324.0045166015625,113.86807250976562,119.85518646240234,30.760353088378906,240.9600067138672,26.989999771118164,73.05999755859375,82.54010772705078,68.11998748779297,94686.2421875,3415.785400390625
2024-12-24,256.7972412109375,435.1197204589844,140.174072265625,229.0500030517578,195.20753479003906,605.3212890625,462.2799987792969,235.01858520507812,101.95366668701172,140.7696990966797,548.7980346679688,142.48721313476562,8.997672080993652,326.8194580078125,114.82099151611328,120.74053955078125,30.818355560302734,241.44000244140625,27.020000457763672,73.6500015258789,82.88912963867188,68.2177963256836,98676.09375,3492.0498046875
2024-12-25,,,,,,,,,,,,,,,,,,,,,,,99299.1953125,3493.2353515625
2024-12-26,257.61273193359375,433.9114074707031,139.88417053222656,227.0500030517578,194.69989013671875,600.9389038085938,454.1300048828125,235.8236083984375,102.0398941040039,140.50906372070312,548.6207885742188,142.5364532470703,8.997672080993652,326.8390808105469,115.3023681640625,120.91189575195312,30.857023239135742,243.07000732421875,27.139999389648438,73.12999725341797,82.84195709228516,68.26526641845703,95795.515625,3331.225830078125
2024-12-27,254.20135498046875,426.404052734375,136.96510314941406,223.75,191.8729248046875,597.4130249023438,431.6600036621094,233.9128875732422,102.03031921386719,139.99755859375,542.6032104492188,140.93093872070312,8.978691101074219,323.9162292480469,113.95649719238281,119.74095153808594,30.828022003173828,241.39999389648438,26.760000228881836,73.8499984741211,82.16280364990234,68.12284088134766,94164.859375,3328.9169921875
2024-12-28,,,,,,,,,,,,,,,,,,,,,,,95163.9296875,3397.90234375
2024-12-29,,,,,,,,,,,,,,,,,,,,,,,93530.2265625,3349.513427734375
2024-12-30,250.82977294921875,420.7586975097656,137.4449462890625,221.3000030517578,190.35995483398438,588.877197265625,417.4100036621094,232.11856079101562,101.34040832519531,138.34710693359375,536.7925415039062,139.4436492919922,9.016654968261719,320.84625244140625,113.00357818603516,119.18878936767578,30.673351287841797,240.6300048828125,26.43000030517578,74.81999969482422,82.82311248779297,68.38870239257812,92643.2109375,3356.392578125
2024-12-31,249.05946350097656,417.4606018066406,134.2460174560547,219.38999938964844,188.42886352539062,583.1702880859375,403.8399963378906,232.49684143066406,103.07476043701172,139.58251953125,534.5469360351562,138.91171264648438,9.027129173278809,320.60101318359375,113.13128662109375,120.24549865722656,30.63468360900879,242.1300048828125,26.329999923706055,75.55000305175781,82.37975311279297,68.27476501464844,93429.203125,3332.53173828125
2025-01-01,,,,,,,,,,,,,,,,,,,,,,,94419.7578125,3353.504150390625
2025-01-02,242.52517700195312,414.568603515625,138.2646942138672,220.22000122070312,188.5582733154297,596.8453979492188,379.2799987792969,232.77809143066406,102.82563018798828,139.00341796875,533.3749389648438,138.68519592285156,9.036649703979492,320.42449951171875,112.9937515258789,119.13167572021484,30.576679229736328,245.4199981689453,26.93000030517578,76.93000030517578,82.60615539550781,68.30323028564453,96886.875,3451.392578125
2025-01-03,242.03782653808594,419.29290771484375,144.4226837158203,224.19000244140625,190.9073944091797,602.2138061523438,410.44000244140625,235.95941162109375,103.3526611328125,139.16751098632812,540.1312866210938,140.5172576904297,9.017607688903809,324.38702392578125,114.65398406982422,120.69293212890625,30.74102020263672,243.49000549316406,26.979999542236328,77.91999816894531,82.3420181274414,68.2177963256836,98107.4296875,3605.009765625
2025-01-04,,,,,,,,,,,,,,,,,,,,,,,98236.2265625,3657.706787109375
2025-01-05,,,,,,,,,,,,,,,,,,,,,,,98314.9609375,3634.103759765625
2025-01-06,243.66891479492188,423.7497863769531,149.38104248046875,227.61000061035156,195.96401977539062,627.6815795898438,411.04998779296875,234.80899047851562,103.2376708984375,138.65597534179688,543.1646118164062,141.26583862304688,9.008086204528809,324.5929870605469,114.83081817626953,119.07455444335938,30.924692153930664,243.19000244140625,27.239999771118164,77.30000305175781,81.97410583496094,68.1513442993164,102078.0859375,3688.611328125
2025-01-07,240.89407348632812,418.3222961425781,140.09408569335938,222.11000061035156,194.59039306640625,615.4207763671875,394.3599853515625,237.07080078125,104.20545959472656,141.13645935058594,537.13720703125,139.7095489501953,8.979517936706543,322.75885009765625,113.95649719238281,118.03688049316406,30.837688446044922,244.55999755859375,27.329999923706055,78.16999816894531,81.04966735839844,67.9139633178711,96922.703125,3381.577392578125
2025-01-08,241.38140869140625,420.49127197265625,140.06410217285156,222.1300048828125,193.05747985839844,608.2794189453125,394.94000244140625,237.0318145751953,102.4615249633789,137.31439208984375,537.984130859375,139.88685607910156,8.989038467407227,323.582763671875,113.88772583007812,118.34152221679688,30.770021438598633,245.86000061035156,27.399999618530273,77.30000305175781,81.1534423828125,67.98992919921875,95043.5234375,3326.329345703125
2025-01-09,,,,,,,,,,,,,,,,,,,,,,,92484.0390625,3219.4306640625
2025-01-10,235.56317138671875,414.93505859375,135.86549377441406,218.94000244140625,191.15626525878906,613.3988037109375,394.739990234375,233.8535614013672,102.08781433105469,137.1116943359375,529.7999267578125,137.73959350585938,8.931906700134277,319.2279052734375,112.13908386230469,115.51411437988281,30.25766944885254,248.2100067138672,27.610000610351562,80.63999938964844,80.61575317382812,67.63861846923828,94701.453125,3267.489990234375
2025-01-11,,,,,,,,,,,,,,,,,,,,,,,94566.59375,3282.2177734375
2025-01-12,,,,,,,,,,,,,,,,,,,,,,,94488.4375,3265.951171875
2025-01-13,233.12649536132812,413.1919250488281,133.18637084960938,218.4600067138672,190.1309814453125,605.8990478515625,403.30999755859375,238.08473205566406,104.72289276123047,139.437744140625,530.6273193359375,137.98585510253906,8.922384262084961,320.7776184082031,112.85621643066406,116.87545776367188,30.083663940429688,245.74000549316406,26.959999084472656,82.2300033569336,80.58744812011719,67.57215881347656,94516.5234375,3135.499755859375
2025-01-14,232.01258850097656,411.6865234375,131.71682739257812,217.75999450683594,188.78720092773438,591.8751831054688,396.3599853515625,241.26295471191406,105.13493347167969,139.70799255371094,531.2378540039062,138.30104064941406,8.922384262084961,324.0143127441406,114.13331604003906,117.90361022949219,30.306007385253906,247.02999877929688,27.200000762939453,81.66999816894531,80.45537567138672,67.6196517944336,96534.046875,3223.6845703125
2025-01-15,236.57765197753906,422.2244873046875,136.1953887939453,223.35000610351562,194.65011596679688,614.6539306640625,428.2200012207031,246.0205535888672,106.85012817382812,139.9203338623047,541.017578125,140.83242797851562,8.998563766479492,327.45697021484375,115.7739028930664,118.60807037353516,30.644351959228516,248.8800048828125,27.959999084472656,84.33999633789062,81.84204864501953,68.16083526611328,100504.4921875,3450.53759765625
2025-01-16,227.0198516845703,420.5110778808594,133.52626037597656,220.66000366210938,192.02224731445312,608.8571166992188,413.82000732421875,247.89239501953125,106.6680679321289,142.62281799316406,539.885009765625,140.6945343017578,9.017607688903809,330.8898620605469,116.47138977050781,121.01660919189453,30.770021438598633,250.60000610351562,28.040000915527344,82.94000244140625,82.10618591308594,68.29376220703125,99756.90625,3308.34521484375
2025-01-17,228.7305145263672,424.9184265136719,137.66490173339844,225.94000244140625,195.09803771972656,610.3213500976562,426.5,252.65975952148438,107.62627410888672,141.90859985351562,545.2918701171875,142.02426147460938,9.017607688903809,332.5670471191406,116.94293212890625,121.03565216064453,30.905357360839844,249.27000427246094,27.610000610351562,82.5199966430664,82.24767303466797,68.3127212524414,104462.0390625,3474.107177734375
2025-01-18,,,,,,,,,,,,,,,,,,,,,,,104408.0703125,3305.78955078125
2025-01-19,,,,,,,,,,,,,,,,,,,,,,,101089.609375,3208.96435546875
2025-01-20,,,,,,,,,,,,,,,,,,,,,,,102016.6640625,3278.035400390625
2025-01-21,221.43040466308594,424.3935546875,140.78387451171875,230.7100067138672,197.13861083984375,613.9965209960938,424.07000732421875,256.43267822265625,106.8117904663086,142.9895782470703,550.0881958007812,143.41310119628906,9.036649703979492,337.0102233886719,118.88804626464844,123.2061767578125,31.398378372192383,253.1300048828125,28.040000915527344,81.11000061035156,82.98346710205078,68.51212310791016,106146.265625,3327.40625
2025-01-22,222.61392211914062,441.9239501953125,147.0218505859375,235.00999450683594,197.45712280273438,621.0084228515625,415.1099853515625,256.2474365234375,104.95287322998047,140.2098846435547,553.4761352539062,144.12228393554688,9.027129173278809,336.0195617675781,118.29862213134766,121.083251953125,31.37904167175293,254.42999267578125,28.049999237060547,80.43000030517578,82.54954528808594,68.36968231201172,103653.0703125,3240.224609375
2025-01-23,222.44485473632812,442.42901611328125,147.17178344726562,235.4199981689453,197.0689239501953,633.9066162109375,412.3800048828125,259.2794494628906,105.54695892333984,141.53216552734375,556.4208374023438,144.8610076904297,9.008086204528809,336.9905700683594,118.70140838623047,121.97811889648438,31.524045944213867,254.07000732421875,27.770000457763672,79.20999908447266,81.90809631347656,68.26526641845703,103960.171875,3334.714111328125
2025-01-24,221.56964111328125,439.8044128417969,142.57327270507812,234.85000610351562,199.28866577148438,644.9025268554688,406.5799865722656,258.197265625,104.11922454833984,141.70590209960938,554.884521484375,144.49655151367188,9.017607688903809,336.853271484375,118.5344009399414,122.43507385253906,31.698055267333984,255.64999389648438,27.90999984741211,79.5999984741211,82.27599334716797,68.39818572998047,104819.484375,3309.554931640625
2025-01-25,,,,,,,,,,,,,,,,,,,,,,,104714.6484375,3317.26953125
2025-01-26,,,,,,,,,,,,,,,,,,,,,,,102682.5,3236.13427734375
2025-01-27,228.6111602783203,430.39544677734375,118.38121032714844,235.4199981689453,190.92730712890625,657.2429809570312,397.1499938964844,259.1819763183594,105.56611633300781,147.564453125,546.7987670898438,142.42811584472656,9.065217971801758,333.8813781738281,117.31624603271484,123.95824432373047,31.504709243774414,252.99000549316406,27.459999084472656,77.93000030517578,83.24759674072266,68.75897979736328,102087.6875,3178.92041015625
2025-01-28,236.96551513671875,442.9143371582031,128.94775390625,238.14999389648438,194.4012451171875,671.6353759765625,398.0899963378906,260.4396057128906,103.5251235961914,145.1418914794922,551.8313598632812,143.6888885498047,9.065217971801758,333.8911437988281,117.73866271972656,122.50169372558594,31.56271743774414,255.17999267578125,27.6299991607666,78.86000061035156,83.19100189208984,68.72098541259766,101332.4765625,3077.112548828125
2025-01-29,238.0595245361328,438.0909729003906,123.65947723388672,237.07000732421875,194.5107421875,673.7865600585938,389.1000061035156,259.89361572265625,104.1288070678711,145.88507080078125,549.2510375976562,143.068359375,9.055696487426758,333.0574951171875,117.24747467041016,120.82621002197266,31.5723819732666,254.1999969482422,28.0,77.77999877929688,83.02119445800781,68.68302917480469,103703.2109375,3112.9990234375
2025-01-30,236.29916381835938,411.0129699707031,124.60917663574219,234.63999938964844,199.9456329345703,684.254638671875,400.2799987792969,261.5022277832031,104.9911880493164,147.545166015625,552.166259765625,143.9351348876953,9.065217971801758,337.2455749511719,118.63262939453125,122.539794921875,31.92038917541504,258.04998779296875,28.719999313354492,77.75,83.33248901367188,68.7779769897461,104735.3046875,3247.780029296875
2025-01-31,234.71778869628906,411.0823059082031,120.03067016601562,237.67999267578125,203.08111572265625,686.4259643554688,404.6000061035156,260.5956115722656,102.36569213867188,146.85023498535156,549.4086303710938,143.2062225341797,9.085281372070312,334.82293701171875,117.5323715209961,122.24467468261719,31.659381866455078,258.55999755859375,28.510000228881836,78.0199966430664,82.78536224365234,68.68302917480469,102405.0234375,3298.26513671875
2025-02-01,,,,,,,,,,,,,,,,,,,,,,,100655.90625,3118.32861328125
2025-02-02,,,,,,,,,,,,,,,,,,,,,,,97688.9765625,2868.69287109375
2025-02-03,226.77122497558594,406.9820251464844,116.62179565429688,237.4199981689453,200.303955078125,694.6727905273438,383.67999267578125,260.11785888671875,102.61482238769531,146.57998657226562,545.2623901367188,142.09323120117188,9.085281372070312,333.4890441894531,116.10791015625,121.8448257446289,31.321041107177734,259.94000244140625,28.670000076293945,77.81999969482422,83.45941162109375,68.74494171142578,101405.421875,2884.566650390625
2025-02-04,231.53518676757812,408.4180908203125,118.61113739013672,242.05999755859375,205.4302978515625,701.3759155273438,392.2099914550781,261.2195129394531,105.36489868164062,148.14356994628906,549.2018432617188,143.13729858398438,9.094834327697754,334.1854248046875,117.02153778076172,121.9209976196289,31.707717895507812,262.5,29.219999313354492,77.51000213623047,83.71503448486328,68.8401870727539,97871.8203125,2735.05126953125
2025-02-05,231.2069854736328,409.329345703125,124.78911590576172,236.1699981689453,190.44952392578125,702.05322265625,378.1700134277344,263.64703369140625,105.28824615478516,149.30177307128906,551.3685913085938,143.78736877441406,9.14260196685791,336.6767272949219,117.95478820800781,123.65361022949219,31.930057525634766,264.1300048828125,29.350000381469727,76.08999633789062,85.09718322753906,69.19261932373047,96615.4453125,2787.779052734375
2025-02-06,231.95291137695312,411.8350524902344,128.63784790039062,238.8300018310547,190.71829223632812,709.1447143554688,374.32000732421875,269.9548034667969,103.8988265991211,148.16285705566406,553.377685546875,144.21090698242188,9.133049011230469,336.5099792480469,117.76813507080078,124.06297302246094,32.055728912353516,263.42999267578125,29.3799991607666,75.44999694824219,85.05928039550781,69.11642456054688,96593.296875,2688.40087890625
2025-02-07,226.39328002929688,405.8232116699219,129.79747009277344,229.14999389648438,184.48709106445312,711.6646118164062,361.6199951171875,268.88232421875,104.33960723876953,147.78643798828125,548.1578369140625,142.85162353515625,9.104387283325195,335.6664733886719,116.56963348388672,123.59649658203125,31.89139175415039,263.8999938964844,29.030000686645508,75.86000061035156,84.51022338867188,68.90685272216797,96529.0859375,2622.211181640625
2025-02-08,,,,,,,,,,,,,,,,,,,,,,,96482.453125,2632.308349609375
2025-02-09,,,,,,,,,,,,,,,,,,,,,,,96500.09375,2628.72119140625
2025-02-10,226.66209411621094,408.26953125,133.52626037597656,233.13999938964844,185.61187744140625,714.5331420898438,350.7300109863281,264.2417907714844,106.33269500732422,148.86744689941406,551.9201049804688,143.77752685546875,9.104387283325195,337.4319152832031,116.78575897216797,123.56792449951172,32.07506561279297,268.3699951171875,29.200000762939453,77.4000015258789,84.25462341308594,68.9259262084961,97437.5546875,2661.166748046875
2025-02-11,231.61053466796875,407.49700927734375,132.7565155029297,232.75999450683594,184.46717834472656,716.9235229492188,328.5,268.0926818847656,107.00343322753906,150.69158935546875,552.1170654296875,143.66917419433594,9.085281372070312,335.8332214355469,116.18650817871094,124.12960052490234,32.14273452758789,267.3900146484375,29.0,78.2699966430664,83.71503448486328,68.81160736083984,95747.4296875,2602.781982421875
2025-02-12,235.84210205078125,405.1200256347656,131.09706115722656,228.92999267578125,182.76504516601562,722.4812622070312,336.510009765625,268.5411376953125,103.7840576171875,149.85189819335938,550.67919921875,143.2357940673828,9.037514686584473,334.0382995605469,115.35147857666016,122.90155029296875,32.191070556640625,267.6700134277344,29.34000015258789,76.31999969482422,82.57901763916016,68.45916748046875,97885.859375,2736.902099609375
2025-02-13,240.4818878173828,406.6056213378906,135.24566650390625,230.3699951171875,185.2834014892578,725.6485595703125,355.94000244140625,269.38934326171875,104.53814697265625,151.77259826660156,556.4208374023438,144.7329559326172,9.094834327697754,335.7351379394531,116.68751525878906,124.14866638183594,32.56808090209961,270.30999755859375,29.459999084472656,76.38999938964844,83.95169830322266,68.86876678466797,96623.8671875,2675.902587890625
2025-02-14,243.53854370117188,404.515869140625,138.8045196533203,228.67999267578125,184.37759399414062,733.72607421875,355.8399963378906,269.652587890625,104.64449310302734,150.71090698242188,556.509521484375,144.7427978515625,9.123494148254395,335.0191345214844,116.75627899169922,123.62505340576172,32.606746673583984,266.2900085449219,29.309999465942383,75.81999969482422,84.39663696289062,69.08784484863281,97508.96875,2726.091552734375
2025-02-15,,,,,,,,,,,,,,,,,,,,,,,97580.3515625,2693.559814453125
2025-02-16,,,,,,,,,,,,,,,,,,,,,,,96175.03125,2663.31591796875
2025-02-17,,,,,,,,,,,,,,,,,,,,,,,95773.3828125,2743.19970703125
2025-02-18,243.40911865234375,405.71429443359375,139.35433959960938,226.64999389648438,182.92431640625,713.5072631835938,354.1099853515625,272.9283142089844,106.48137664794922,150.7887420654297,557.9573974609375,145.14663696289062,9.085281372070312,337.25543212890625,117.54218292236328,124.18672180175781,32.8387565612793,270.70001220703125,29.90999984741211,76.95999908447266,83.40259552001953,68.8306655883789,95539.546875,2669.3388671875
2025-02-19,243.807373046875,410.79510498046875,139.18438720703125,226.6300048828125,184.41741943359375,700.9575805664062,360.55999755859375,272.245849609375,106.63606262207031,153.61013793945312,559.2869262695312,145.32394409179688,9.094834327697754,337.12786865234375,116.92329406738281,124.23432922363281,32.62607955932617,270.8500061035156,29.809999465942383,77.44999694824219,83.50672149658203,68.9259262084961,96635.609375,2715.77099609375
2025-02-20,244.76321411132812,412.968505859375,140.06410217285156,222.8800048828125,183.71066284179688,692.063232421875,354.3999938964844,260.10809326171875,108.27958679199219,155.35159301757812,556.9330444335938,144.5556640625,9.104387283325195,334.9014587402344,115.83285522460938,124.79598999023438,32.771087646484375,270.989990234375,29.950000762939453,77.76000213623047,83.81915283203125,69.01164245605469,98333.9375,2740.386474609375
2025-02-21,244.48443603515625,405.108642578125,134.38595581054688,216.5800018310547,178.83322143554688,680.8184204101562,337.79998779296875,257.6123352050781,107.01311492919922,157.9005889892578,547.4487915039062,141.86666870117188,9.14260196685791,328.5555114746094,112.78744506835938,123.61552429199219,32.58740997314453,270.739990234375,29.59000015258789,75.3499984741211,84.83210754394531,69.31645965576172,96125.546875,2659.655517578125
2025-02-22,,,,,,,,,,,,,,,,,,,,,,,96577.7578125,2764.029296875
2025-02-23,,,,,,,,,,,,,,,,,,,,,,,96273.921875,2821.310302734375
2025-02-24,246.0277099609375,400.9306335449219,130.23733520507812,212.7100067138672,178.42510986328125,665.4600219726562,330.5299987792969,254.7850341796875,107.57383728027344,159.3015594482422,544.750244140625,141.1377716064453,9.152153015136719,327.8297119140625,112.39450073242188,124.16767883300781,32.432743072509766,272.2099914550781,29.440000534057617,75.97000122070312,85.07823944091797,69.41171264648438,91418.171875,2513.8212890625
2025-02-25,245.96795654296875,394.876953125,126.58851623535156,212.8000030517578,174.6127471923828,654.87255859375,302.79998779296875,250.94386291503906,106.08499145507812,161.5878448486328,542.209228515625,140.42860412597656,9.20947551727295,327.2608337402344,112.08013916015625,125.66231536865234,32.606746673583984,268.6199951171875,28.829999923706055,74.12999725341797,86.54558563232422,69.84989166259766,88736.171875,2493.592529296875
2025-02-26,239.31695556640625,396.6930847167969,131.23699951171875,214.35000610351562,171.93511962890625,671.0078125,290.79998779296875,252.29904174804688,105.82395935058594,158.6594696044922,542.2979125976562,140.48770141601562,9.228582382202148,327.3785095214844,112.31591796875,125.11015319824219,32.732418060302734,269.0299987792969,28.940000534057617,73.8499984741211,87.05680847167969,69.95466613769531,84347.0234375,2331.45263671875
2025-02-27,236.27024841308594,389.5477600097656,120.11064147949219,208.74000549316406,167.72457885742188,655.6095581054688,281.95001220703125,252.55247497558594,106.49104309082031,159.29180908203125,533.6901245117188,138.31088256835938,9.219027519226074,324.1222229003906,110.72444152832031,125.63374328613281,32.31673812866211,264.92999267578125,28.399999618530273,75.27999877929688,86.44144439697266,69.86892700195312,84704.2265625,2305.484375
2025-02-28,240.79054260253906,393.973876953125,124.87908172607422,212.27999877929688,169.4963836669922,665.52978515625,292.9800109863281,258.01202392578125,107.63185119628906,160.54684448242188,542.2191772460938,140.46800231933594,9.275567054748535,328.5456848144531,111.8443603515625,126.66189575195312,32.23939895629883,263.2699890136719,28.309999465942383,75.22000122070312,87.50174713134766,70.16423034667969,84373.0078125,2237.9052734375
2025-03-01,,,,,,,,,,,,,,,,,,,,,,,86031.9140625,2216.643310546875
2025-03-02,,,,,,,,,,,,,,,,,,,,,,,94248.3515625,2519.694580078125
2025-03-03,236.9970703125,385.5384521484375,114.02263641357422,205.02000427246094,166.24143981933594,652.4323120117188,284.6499938964844,254.08309936523438,104.18043518066406,162.74560546875,532.7249755859375,137.88734436035156,9.294727325439453,324.1810302734375,109.11333465576172,127.29972076416016,32.24907302856445,266.739990234375,28.75,73.31999969482422,87.91009521484375,70.3257064819336,86065.671875,2145.573974609375
2025-03-04,234.9061737060547,385.65753173828125,115.9520034790039,203.8000030517578,170.13343811035156,637.4424438476562,272.0400085449219,243.97320556640625,103.96774291992188,160.93601989746094,526.224853515625,136.21287536621094,9.265979766845703,319.3652038574219,107.54153442382812,125.77653503417969,32.307071685791016,269.05999755859375,29.0,73.30999755859375,86.82747650146484,70.12504577636719,87222.1953125,2170.01513671875
2025-03-05,234.7169952392578,397.9732666015625,117.2615737915039,208.36000061035156,172.22378540039062,653.8466186523438,279.1000061035156,245.2211151123047,101.93750762939453,160.64413452148438,532.1143188476562,137.77899169921875,9.237235069274902,322.7294616699219,108.90704345703125,127.14739990234375,33.12876892089844,269.6199951171875,29.770000457763672,71.41999816894531,86.13423156738281,69.87664794921875,90623.5625,2241.977294921875
2025-03-06,234.30877685546875,393.8746643066406,110.53378295898438,200.6999969482422,171.55686950683594,625.420654296875,263.45001220703125,240.3562774658203,104.04508972167969,161.3349151611328,522.6399536132812,135.17864990234375,9.227652549743652,317.0603332519531,106.9029769897461,123.88209533691406,32.887088775634766,268.25,29.690000534057617,71.12999725341797,85.84932708740234,69.81932067871094,89961.7265625,2202.476806640625
2025-03-07,238.03256225585938,390.3218688964844,112.65309143066406,199.25,173.05992126464844,623.1597290039062,262.6700134277344,236.203125,105.39857482910156,162.17160034179688,525.6044311523438,135.89768981933594,9.218070983886719,319.25732421875,107.55135345458984,124.75791931152344,33.148101806640625,268.3900146484375,29.59000015258789,72.08999633789062,85.57392883300781,69.74290466308594,86742.671875,2138.987548828125
2025-03-08,,,,,,,,,,,,,,,,,,,,,,,86154.59375,2201.51025390625
2025-03-09,,,,,,,,,,,,,,,,,,,,,,,80601.0390625,2015.5091552734375
2025-03-10,226.4928436279297,377.2717590332031,106.94496154785156,194.5399932861328,165.2968292236328,595.600341796875,222.14999389648438,226.3954620361328,108.08623504638672,163.15419006347656,511.520751953125,132.1350555419922,9.256399154663086,312.8623962402344,104.82032012939453,123.45368957519531,32.394073486328125,266.0400085449219,29.110000610351562,70.88999938964844,86.46662139892578,70.0677261352539,78532.0,1861.1513671875
2025-03-11,219.8816680908203,377.5595703125,108.72437286376953,196.58999633789062,163.47314453125,603.2894897460938,230.5800018310547,223.39271545410156,105.533935546875,161.36407470703125,507.6502380371094,131.2879638671875,9.227652549743652,310.1945495605469,104.41754913330078,122.06378936767578,32.38440704345703,269.1600036621094,29.959999084472656,71.44999694824219,85.84932708740234,69.80023193359375,82862.2109375,1919.844970703125
2025-03-12,216.0384063720703,380.3581237792969,115.71273803710938,198.88999938964844,166.5325469970703,617.0841674804688,248.08999633789062,222.18380737304688,105.50492095947266,158.4356689453125,510.1419677734375,131.89866638183594,9.208487510681152,309.80218505859375,104.45684051513672,121.67346954345703,32.59708786010742,270.3299865722656,30.219999313354492,72.80000305175781,85.33651733398438,69.65690612792969,83722.359375,1908.982666015625
2025-03-13,208.77008056640625,375.8923034667969,115.55277252197266,193.88999938964844,162.19760131835938,588.2797241210938,240.67999267578125,219.54177856445312,105.06021118164062,158.5718994140625,503.1001281738281,129.96810913085938,9.227652549743652,305.7514343261719,102.57067108154297,119.27447509765625,32.365074157714844,275.1300048828125,30.739999771118164,71.62000274658203,86.08676147460938,69.86710357666016,81066.703125,1862.9696044921875
2025-03-14,212.5635528564453,385.6079406738281,121.6413345336914,197.9499969482422,164.91815185546875,605.7102661132812,249.97999572753906,226.60995483398438,108.18292236328125,158.39675903320312,513.9041748046875,132.8541259765625,9.208487510681152,312.5583190917969,105.24275207519531,121.70203399658203,32.94509506225586,275.239990234375,30.709999084472656,72.27999877929688,85.63091278076172,69.69512176513672,83969.1015625,1909.467529296875
2025-03-15,,,,,,,,,,,,,,,,,,,,,,,84343.109375,1937.3946533203125
2025-03-16,,,,,,,,,,,,,,,,,,,,,,,82579.6875,1887.43505859375
2025-03-17,213.0713348388672,385.7468566894531,119.50183868408203,195.74000549316406,163.7222900390625,603.0187377929688,238.00999450683594,228.06253051757812,109.98113250732422,158.4259490966797,517.23291015625,133.85877990722656,9.208487510681152,317.13873291015625,106.72615051269531,123.66312408447266,33.351104736328125,276.7300109863281,30.809999465942383,72.70999908447266,86.05825805664062,69.7906723022461,84075.6875,1927.0029296875
2025-03-18,211.7670135498047,380.60626220703125,115.40280151367188,192.82000732421875,160.11480712890625,580.5487670898438,225.30999755859375,229.07647705078125,109.8651123046875,159.7977294921875,511.73736572265625,132.43055725097656,9.218070983886719,314.7651672363281,105.78306579589844,123.0538558959961,33.351104736328125,279.9599914550781,30.850000381469727,72.20999908447266,86.14373779296875,69.86710357666016,82718.5,1932.54345703125
2025-03-19,214.30596923828125,384.8735656738281,117.4923095703125,195.5399932861328,163.3236846923828,582.2435913085938,235.86000061035156,233.11264038085938,111.57632446289062,158.5718994140625,517.2723999023438,133.95726013183594,9.246816635131836,318.2176513671875,107.23698425292969,123.2442626953125,33.44777297973633,281.1099853515625,30.75,72.41999816894531,86.59007263183594,70.07727813720703,86854.2265625,2057.7490234375
2025-03-20,213.17091369628906,383.9010314941406,118.50206756591797,194.9499969482422,162.23744201660156,584.1774291992188,236.25999450683594,233.01512145996094,112.05004119873047,158.60105895996094,516.1989135742188,133.63223266601562,9.256399154663086,317.18780517578125,106.52967834472656,123.1109848022461,33.225440979003906,280.75,30.5,73.7300033569336,86.64704132080078,70.10594177246094,84167.1953125,1982.099853515625
2025-03-21,217.3228302001953,388.2874450683594,117.6722640991211,196.2100067138672,163.42333984375,594.3956298828125,248.7100067138672,235.56942749023438,111.66332244873047,159.19454956054688,516.64208984375,133.70120239257812,9.246816635131836,316.2167663574219,106.10725402832031,121.8258056640625,33.04026794433594,278.489990234375,30.020000457763672,73.79000091552734,86.13423156738281,70.04862976074219,84043.2421875,1964.8475341796875
2025-03-22,,,,,,,,,,,,,,,,,,,,,,,83832.484375,1980.037841796875
2025-03-23,,,,,,,,,,,,,,,,,,,,,,,86054.375,2005.2991943359375
2025-03-24,219.7721405029297,390.0935974121094,121.38140106201172,203.25999450683594,167.1005859375,616.92529296875,278.3900146484375,241.838134765625,111.953369140625,158.86373901367188,525.7620239257812,136.2325897216797,9.198905944824219,322.2586364746094,108.76950073242188,123.66312408447266,33.079036712646484,277.25,29.959999084472656,74.87999725341797,85.25104522705078,69.74290466308594,87498.9140625,2077.47900390625
2025-03-25,222.77902221679688,392.1578063964844,120.66156768798828,205.7100067138672,169.97064208984375,624.3621826171875,288.1400146484375,244.83114624023438,112.71710968017578,156.65528869628906,526.6089477539062,136.37045288085938,9.208487510681152,321.6308898925781,108.3569107055664,122.26952362060547,33.14690399169922,278.4700012207031,30.579999923706055,74.81999969482422,85.2415542602539,69.82888793945312,87471.703125,2067.76416015625
2025-03-26,220.5686798095703,387.0072326660156,113.73320007324219,201.1300048828125,164.4896240234375,609.0797729492188,272.05999755859375,244.73365783691406,114.34130859375,157.33631896972656,520.729248046875,134.82406616210938,9.189324378967285,319.9537048339844,107.50222778320312,122.84659576416016,32.84636306762695,278.239990234375,30.530000686645508,75.41999816894531,84.68123626708984,69.67603302001953,86900.8828125,2009.1893310546875
2025-03-27,222.8786163330078,387.6125793457031,111.40375518798828,201.36000061035156,161.67938232421875,600.7059326171875,273.1300048828125,241.89663696289062,113.97393798828125,158.70809936523438,519.0018310546875,134.26658630371094,9.179739952087402,318.3941955566406,106.85124206542969,122.45226287841797,32.94331359863281,281.9700012207031,31.31999969482422,75.4800033569336,84.43433380126953,69.64735412597656,87177.1015625,2002.357421875
2025-03-28,216.9544219970703,375.9220886230469,109.6441650390625,192.72000122070312,153.7967071533203,574.9462890625,263.54998779296875,236.7588348388672,113.81925201416016,159.27236938476562,508.77337646484375,131.59788513183594,9.227652549743652,313.52752685546875,104.7897720336914,122.34648132324219,32.56521224975586,284.05999755859375,31.0,74.7699966430664,85.60243225097656,70.04862976074219,84353.1484375,1895.5029296875
2025-03-29,,,,,,,,,,,,,,,,,,,,,,,82597.5859375,1827.3203125
2025-03-30,,,,,,,,,,,,,,,,,,,,,,,82334.5234375,1806.2186279296875
2025-03-31,221.1660614013672,372.5379943847656,108.35446166992188,190.25999450683594,154.10565185546875,574.5675048828125,259.1600036621094,239.14736938476562,114.97938537597656,161.34463500976562,511.649169921875,132.20082092285156,9.2776460647583,315.5273742675781,104.7897720336914,123.43327331542969,32.322837829589844,288.1400146484375,30.989999771118164,77.33000183105469,86.44761657714844,70.17282104492188,82548.9140625,1823.47998046875
2025-04-01,222.22146606445312,379.2863464355469,110.1240463256836,192.1699981689453,156.52725219726562,584.1774291992188,268.4599914550781,237.5485076904297,115.08574676513672,149.0959014892578,513.5960693359375,132.72467041015625,9.30649185180664,316.5420837402344,105.1744384765625,123.53905487060547,32.4197883605957,287.57000732421875,30.6299991607666,77.08000183105469,87.19672393798828,70.3932876586914,85169.171875,1905.491455078125
2025-04-02,222.9184112548828,379.2367248535156,110.39398193359375,196.00999450683594,156.49734497070312,582.1138916015625,282.760009765625,239.65432739257812,114.72802734375,151.14869689941406,517.0648803710938,133.79214477539062,9.296873092651367,319.8128356933594,106.8709716796875,124.20269012451172,32.5167350769043,288.1600036621094,30.760000228881836,77.73999786376953,87.1395492553711,70.33576965332031,82485.7109375,1795.313232421875
2025-04-03,202.30825805664062,370.2752990722656,101.77601623535156,178.41000366210938,150.19918823242188,529.9666137695312,267.2799987792969,222.95399475097656,108.69530487060547,155.48782348632812,492.06201171875,127.00173950195312,9.344944953918457,304.0207214355469,99.71992492675781,120.07669830322266,31.857484817504883,286.4200134277344,28.889999389648438,72.25,87.53984832763672,70.70001220703125,83102.828125,1815.63720703125
2025-04-04,187.56253051757812,357.10614013671875,94.28778076171875,171.0,145.09689331054688,503.1602783203125,239.42999267578125,206.26849365234375,100.87403106689453,149.08619689941406,462.7305908203125,119.53917694091797,9.354558944702148,285.75579833984375,94.88682556152344,114.78697967529297,30.044532775878906,279.7200012207031,27.079999923706055,67.91999816894531,88.49291229248047,70.75749969482422,83843.8046875,1815.335205078125
2025-04-05,,,,,,,,,,,,,,,,,,,,,,,83504.796875,1805.9732666015625
2025-04-06,,,,,,,,,,,,,,,,,,,,,,,78214.484375,1576.72802734375
2025-04-07,180.6725616455078,355.14117431640625,97.61698913574219,175.25999450683594,146.24290466308594,514.6444091796875,233.2899932861328,210.34913635253906,99.52054595947266,146.5371856689453,461.6534423828125,119.1734619140625,9.248804092407227,283.73626708984375,94.00897216796875,111.72855377197266,29.259244918823242,273.7099914550781,27.139999389648438,65.9800033569336,85.82431030273438,69.9044418334961,79235.3359375,1555.240966796875
2025-04-08,171.6717987060547,351.8662414550781,96.27731323242188,170.66000366210938,144.19998168945312,508.86248779296875,221.86000061035156,212.73275756835938,97.42262268066406,145.93399047851562,454.39959716796875,117.1867446899414,9.20073413848877,278.9582214355469,91.59241485595703,108.77592468261719,29.055652618408203,275.20001220703125,27.139999389648438,63.34000015258789,84.20408630371094,69.50186920166016,76271.953125,1472.5531005859375
2025-04-09,197.98709106445312,387.52325439453125,114.30306243896484,191.10000610351562,158.1615753173828,583.9482421875,272.20001220703125,229.86949157714844,102.2855453491211,146.87771606445312,497.6456298828125,128.36575317382812,9.18150520324707,301.52825927734375,100.1637954711914,115.28710174560547,30.694091796875,285.3800048828125,28.059999465942383,67.58000183105469,84.6996841430664,69.66481018066406,82573.953125,1668.0400390625
2025-04-10,189.59368896484375,378.4527282714844,107.5446548461914,181.22000122070312,152.29196166992188,544.591064453125,252.39999389648438,222.7774200439453,96.61053466796875,144.6595001220703,480.5093078613281,123.81901550292969,9.13343620300293,292.277587890625,95.89290618896484,112.58453369140625,30.403244018554688,292.3500061035156,28.280000686645508,65.31999969482422,82.3646469116211,69.10887908935547,79626.140625,1522.518798828125
2025-04-11,197.2901153564453,385.498779296875,110.90386199951172,184.8699951171875,156.59701538085938,541.8795166015625,252.30999755859375,231.6940155029297,99.71390533447266,147.6171112060547,489.2158203125,126.0133056640625,9.114203453063965,297.30194091796875,97.25405883789062,114.07527160644531,31.15945053100586,297.92999267578125,29.190000534057617,66.45999908447266,82.81258392333984,69.03218078613281,83404.8359375,1567.1497802734375
2025-04-12,,,,,,,,,,,,,,,,,,,,,,,85287.109375,1643.528564453125
2025-04-13,,,,,,,,,,,,,,,,,,,,,,,83684.9765625,1596.685791015625
2025-04-14,201.64114379882812,384.8636474609375,110.68391418457031,182.1199951171875,158.52035522460938,529.8270263671875,252.35000610351562,230.24224853515625,99.9555892944336,150.1758270263672,493.10955810546875,127.05113983154297,9.171889305114746,300.9371643066406,98.3488998413086,116.4219970703125,31.55694007873535,296.2300109863281,29.3799991607666,66.66000366210938,83.40351104736328,69.4251937866211,84542.390625,1622.7698974609375
2025-04-15,201.2628173828125,382.7994384765625,112.1735610961914,179.58999633789062,155.76986694335938,519.8980712890625,254.11000061035156,228.6825714111328,99.67522430419922,149.4558868408203,492.2991638183594,126.89302062988281,9.18150520324707,300.6711730957031,98.2206802368164,116.75859832763672,31.741147994995117,297.7799987792969,29.40999984741211,66.4800033569336,83.69895935058594,69.59770965576172,83668.9921875,1588.6324462890625
2025-04-16,193.4269561767578,368.7867126464844,104.46538543701172,174.3300018310547,152.8001708984375,500.7477722167969,241.5500030517578,225.22972106933594,100.7290267944336,149.73802185058594,481.2801208496094,124.22427368164062,9.210345268249512,297.3314514160156,97.0765151977539,116.58548736572266,31.58602523803711,307.4700012207031,29.760000228881836,67.75,84.16595458984375,69.78941345214844,84033.8671875,1578.1053466796875
2025-04-17,196.12521362304688,364.9858093261719,101.46607971191406,172.61000061035156,150.63766479492188,499.9203796386719,241.3699951171875,227.53489685058594,103.36833953857422,153.20150756835938,481.9324035644531,124.51092529296875,9.191120147705078,299.715576171875,97.91490936279297,118.35514068603516,31.905960083007812,306.1199951171875,29.549999237060547,69.4800033569336,83.42256927490234,69.63607025146484,84895.75,1582.54833984375
2025-04-18,,,,,,,,,,,,,,,,,,,,,,,84450.8046875,1588.9246826171875
2025-04-19,,,,,,,,,,,,,,,,,,,,,,,85063.4140625,1612.9228515625
2025-04-20,,,,,,,,,,,,,,,,,,,,,,,85174.3046875,1587.5142822265625
2025-04-21,192.32179260253906,356.3916015625,96.88717651367188,167.32000732421875,147.1597442626953,483.1526794433594,227.5,224.62156677246094,101.8504867553711,152.66641235351562,470.6070251464844,121.585205078125,9.143048286437988,292.95733642578125,95.6364517211914,115.88339233398438,31.915651321411133,315.5899963378906,29.790000915527344,68.62000274658203,81.96435546875,69.25263977050781,87518.90625,1579.7344970703125
2025-04-22,198.87322998046875,364.0331115722656,98.86669921875,173.17999267578125,150.94659423828125,498.7240905761719,237.97000122070312,231.09564208984375,104.70249938964844,153.4739227294922,482.4364013671875,124.67894744873047,9.15266227722168,300.8780212402344,98.13191223144531,118.1916275024414,32.34223175048828,311.1099853515625,29.5,69.37000274658203,82.42182922363281,69.37725830078125,93441.890625,1757.3316650390625
2025-04-23,203.71212768554688,371.5456237792969,102.68580627441406,180.60000610351562,154.8131866455078,518.6519775390625,250.74000549316406,236.28472900390625,103.80339050292969,151.16818237304688,490.49066162109375,126.7842788696289,9.171889305114746,304.2768249511719,99.59170532226562,118.41284942626953,32.526432037353516,303.6499938964844,30.559999465942383,68.05000305175781,83.22241973876953,69.52103424072266,93699.109375,1796.104248046875
2025-04-24,207.46575927734375,384.3575134277344,106.40492248535156,186.5399932861328,158.7296142578125,531.4918823242188,259.510009765625,239.97300720214844,105.02153015136719,150.73036193847656,500.4226379394531,129.41346740722656,9.219962120056152,309.9710693359375,101.741943359375,118.77831268310547,32.96269989013672,308.07000732421875,30.559999465942383,68.45999908447266,84.09925079345703,69.91403198242188,93943.796875,1769.8316650390625
2025-04-25,208.371826171875,388.8729553222656,110.98385620117188,188.99000549316406,161.4003448486328,545.5679931640625,284.95001220703125,238.90380859375,104.9635238647461,150.38986206054688,504.1186828613281,130.28326416015625,9.248804092407227,309.5572814941406,101.61372375488281,118.5955810546875,32.96269989013672,304.7300109863281,30.049999237060547,69.02999877929688,84.71875762939453,70.14407348632812,94720.5,1786.634521484375
2025-04-26,,,,,,,,,,,,,,,,,,,,,,,94646.9296875,1821.881103515625
2025-04-27,,,,,,,,,,,,,,,,,,,,,,,93754.84375,1792.864990234375
2025-04-28,209.22808837890625,388.188232421875,108.70439147949219,187.6999969482422,160.05502319335938,548.0302734375,285.8800048828125,238.58009338378906,105.02153015136719,151.13897705078125,504.4448547363281,130.43153381347656,9.26803207397461,310.6015625,102.02799224853516,119.39385223388672,33.18568420410156,309.07000732421875,30.190000534057617,67.76000213623047,85.25247192382812,70.31659698486328,94978.75,1798.851806640625
2025-04-29,210.29345703125,391.0462951660156,108.99431610107422,187.38999938964844,159.6065673828125,552.7156982421875,292.0299987792969,239.95338439941406,104.76051330566406,151.68380737304688,507.3700866699219,131.2025146484375,9.296873092651367,312.33544921875,102.53102111816406,119.94204711914062,33.24385452270508,306.05999755859375,29.829999923706055,65.8499984741211,85.96726989746094,70.49873352050781,94284.7890625,1799.1756591796875
2025-04-30,211.5778350830078,392.2570495605469,108.89433288574219,184.4199981689453,158.2512664794922,547.2926025390625,282.1600036621094,239.95338439941406,102.12118530273438,152.07293701171875,508.1606750488281,131.3112335205078,9.31712818145752,312.5718994140625,102.18580627441406,120.54796600341797,33.321414947509766,303.7699890136719,29.600000381469727,63.560001373291016,85.27153015136719,70.45079040527344,94207.3125,1793.775390625
2025-05-01,212.39431762695312,422.16802978515625,111.58370208740234,190.1999969482422,160.7426300048828,570.4303588867188,280.5199890136719,242.18008422851562,102.26620483398438,150.27310180664062,511.37249755859375,132.12171936035156,9.28819465637207,313.2516784667969,102.55075073242188,120.8268814086914,33.22446823120117,297.4599914550781,29.389999389648438,64.5199966430664,84.83916473388672,70.254638671875,96492.3359375,1839.2215576171875
2025-05-02,204.45889282226562,431.9729919433594,114.47303009033203,189.97999572753906,163.46319580078125,595.1632690429688,287.2099914550781,247.69285583496094,102.68192291259766,151.88809204101562,518.9129028320312,134.17764282226562,9.239967346191406,318.3153991699219,104.8390884399414,122.38494873046875,33.80615997314453,297.9800109863281,29.1200008392334,64.01000213623047,83.92083740234375,69.908447265625,96910.0703125,1842.7078857421875
2025-05-03,,,,,,,,,,,,,,,,,,,,,,,95891.796875,1833.8397216796875
2025-05-04,,,,,,,,,,,,,,,,,,,,,,,94315.9765625,1808.59423828125
2025-05-05,198.02691650390625,432.856201171875,113.7931900024414,186.35000610351562,163.64259338378906,597.40625,280.260009765625,247.74192810058594,99.8395767211914,150.7984619140625,515.6318359375,133.3671417236328,9.23032283782959,317.64544677734375,104.40509796142578,121.99061584472656,33.83524703979492,306.8800048828125,29.479999542236328,62.369998931884766,83.45211791992188,69.81229400634766,94748.0546875,1819.697509765625
2025-05-06,197.6485595703125,430.0179443359375,113.51325988769531,185.00999450683594,162.66595458984375,585.4834594726562,275.3500061035156,244.49505615234375,101.23174285888672,150.2828369140625,511.6689758300781,132.3095245361328,9.249615669250488,315.72442626953125,103.5765609741211,121.1442642211914,33.83524703979492,315.4800109863281,30.219999313354492,64.5999984741211,83.7295150756836,69.96614837646484,96802.4765625,1815.0875244140625
2025-05-07,195.39837646484375,430.0576477050781,117.03242492675781,188.7100067138672,150.85691833496094,594.953857421875,276.2200012207031,244.63238525390625,101.13507080078125,153.0361328125,511.6689758300781,132.3095245361328,9.249615669250488,315.72442626953125,103.5765609741211,121.1442642211914,33.83524703979492,310.75,29.489999771118164,63.5099983215332,84.08344268798828,70.10076904296875,97032.3203125,1811.606689453125
2025-05-08,196.63299560546875,434.8410339355469,117.34236145019531,192.0800018310547,153.7468719482422,596.150146484375,284.82000732421875,248.63453674316406,102.54657745361328,151.44058227539062,516.8770751953125,133.83168029785156,9.211033821105957,320.2364807128906,105.5887222290039,120.71147155761719,33.631649017333984,304.6300048828125,29.459999084472656,65.5999984741211,83.14599609375,69.72575378417969,103241.4609375,2206.5146484375
2025-05-09,197.66847229003906,435.3967590332031,116.62252044677734,193.05999755859375,152.22218322753906,590.6473999023438,298.260009765625,248.2519989013672,103.74536895751953,150.0396270751953,516.6004028320312,133.75262451171875,9.22067928314209,320.41375732421875,105.55912017822266,121.46165466308594,33.83524703979492,306.8399963378906,29.799999237060547,66.61000061035156,83.27037048339844,69.783447265625,102970.8515625,2345.50732421875
2025-05-10,,,,,,,,,,,,,,,,,,,,,,,104696.328125,2582.422607421875
2025-05-11,,,,,,,,,,,,,,,,,,,,,,,104106.359375,2510.23779296875
2025-05-12,210.15049743652344,445.8467712402344,122.97103118896484,208.63999938964844,157.91246032714844,637.4412841796875,318.3800048828125,255.08901977539062,105.533935546875,149.96177673339844,533.479736328125,138.18072509765625,9.182100296020508,328.3836975097656,109.5045166015625,122.09642028808594,34.1939582824707,298.19000244140625,29.6299991607666,67.5999984741211,82.49552917480469,69.54303741455078,102812.953125,2496.397705078125
2025-05-13,212.28399658203125,445.72772216796875,129.89938354492188,211.3699951171875,158.97872924804688,653.98974609375,334.07000732421875,257.9925537109375,105.82395935058594,144.41629028320312,537.3636474609375,139.19879150390625,9.172452926635742,329.9008483886719,110.05687713623047,120.61529541015625,34.2909049987793,299.4599914550781,29.93000030517578,69.58999633789062,82.16073608398438,69.51419830322266,104169.8125,2680.129638671875
2025-05-14,211.68580627441406,449.4988098144531,135.30810546875,210.25,164.79855346679688,657.309326171875,347.67999267578125,260.5724182128906,104.87652587890625,142.39268493652344,537.9368286132812,139.2482147216797,9.15316390991211,328.3541564941406,109.48478698730469,119.48041534423828,34.22304153442383,293.1600036621094,29.25,68.7300033569336,81.61547088623047,69.27378845214844,103539.4140625,2610.063232421875
2025-05-15,210.80848693847656,450.5129089355469,134.79823303222656,205.1699981689453,163.39344787597656,641.8775024414062,342.82000732421875,262.3870849609375,105.94001770019531,145.5545654296875,540.2888793945312,139.79183959960938,9.191743850708008,330.90576171875,109.76097106933594,121.54821014404297,34.484806060791016,297.8399963378906,29.610000610351562,67.58999633789062,82.33291625976562,69.6488265991211,103744.640625,2546.85693359375
2025-05-16,210.6190643310547,451.6463623046875,135.36810302734375,205.58999633789062,165.61572265625,638.3485107421875,349.9800109863281,262.4557189941406,105.55950927734375,147.2279510498047,544.14306640625,140.8494415283203,9.201386451721191,334.5311584472656,110.89527130126953,123.07742309570312,34.54297637939453,294.239990234375,29.299999237060547,68.0999984741211,82.55292510986328,69.69689178466797,103489.2890625,2536.297607421875
2025-05-17,,,,,,,,,,,,,,,,,,,,,,,103191.0859375,2475.75439453125
2025-05-18,,,,,,,,,,,,,,,,,,,,,,,106446.0078125,2498.233642578125
2025-05-19,208.14659118652344,456.2197570800781,135.53805541992188,206.16000366210938,165.96450805664062,638.438232421875,342.0899963378906,259.8268737792969,103.88131713867188,148.35650634765625,544.7063598632812,140.93841552734375,9.191743850708008,334.77740478515625,110.47114562988281,123.17359924316406,34.72718048095703,298.0299987792969,29.420000076293945,68.51000213623047,82.31378936767578,69.67766571044922,105606.1796875,2529.166748046875
2025-05-20,206.232421875,455.5238342285156,134.34832763671875,204.07000732421875,163.41336059570312,635.1185913085938,343.82000732421875,260.61163330078125,102.39826965332031,149.4947967529297,542.6013793945312,140.434326171875,9.182100296020508,333.506591796875,110.23442077636719,122.42342376708984,34.80474090576172,303.5799865722656,30.1299991607666,68.66000366210938,81.720703125,69.55266571044922,106791.0859375,2524.173095703125
2025-05-21,201.47689819335938,449.9561462402344,131.76895141601562,201.1199951171875,167.9775390625,633.5235595703125,334.6199951171875,256.0601501464844,101.13964080810547,149.0277862548828,533.865234375,137.99293518066406,9.124228477478027,326.6005554199219,107.19646453857422,119.11493682861328,34.649620056152344,305.82000732421875,30.510000228881836,67.58999633789062,80.3240966796875,69.11994171142578,109678.078125,2552.34716796875
2025-05-22,200.74911499023438,452.2329406738281,132.7987060546875,203.10000610351562,170.27955627441406,634.5902099609375,341.0400085449219,255.69720458984375,100.46641540527344,148.47325134277344,533.6378784179688,137.97315979003906,9.14351749420166,326.1277160644531,107.12741088867188,118.63404846191406,34.649620056152344,303.1099853515625,30.030000686645508,67.13999938964844,80.74498748779297,69.312255859375,111673.28125,2664.156982421875
2025-05-23,194.67758178710938,447.5799560546875,131.25906372070312,200.99000549316406,167.88784790039062,625.1098022460938,339.3399963378906,255.7364044189453,100.52495574951172,148.7943115234375,530.0802001953125,137.10336303710938,9.15316390991211,325.15240478515625,106.73287963867188,118.71099853515625,34.756256103515625,309.75,30.450000762939453,67.98999786376953,80.87891387939453,69.41803741455078,107287.796875,2526.44189453125
2025-05-24,,,,,,,,,,,,,,,,,,,,,,,107791.15625,2530.646240234375
2025-05-25,,,,,,,,,,,,,,,,,,,,,,,109035.390625,2551.763916015625
2025-05-26,,,,,,,,,,,,,,,,,,,,,,,109440.3671875,2564.138427734375
2025-05-27,199.60260009765625,458.02923583984375,135.4680633544922,206.02000427246094,172.30255126953125,640.3223266601562,362.8900146484375,260.22906494140625,101.00303649902344,150.37408447265625,540.9707641601562,139.95989990234375,9.191743850708008,330.6693115234375,109.11984252929688,120.7787857055664,35.0471076965332,304.5,30.229999542236328,67.27999877929688,82.0076675415039,69.7449722290039,108994.640625,2663.06982421875
2025-05-28,199.81195068359375,454.7184753417969,134.7782440185547,204.72000122070312,171.764404296875,641.5784301757812,356.8999938964844,258.4633483886719,99.62732696533203,149.5694580078125,537.9664306640625,139.11973571777344,9.172452926635742,327.9108581542969,107.95594787597656,120.62491607666016,34.74656677246094,303.80999755859375,29.979999542236328,67.88999938964844,81.65373992919922,69.59111785888672,107802.328125,2682.212890625
2025-05-29,199.34336853027344,456.0308837890625,139.15721130371094,205.6999969482422,171.26614379882812,643.0438842773438,358.42999267578125,259.3266296386719,100.19322967529297,150.69789123535156,540.1307983398438,139.64358520507812,9.201386451721191,328.99456787109375,108.2222671508789,121.72132110595703,34.911380767822266,305.6099853515625,30.299999237060547,67.19000244140625,82.40943145751953,69.84114074707031,105641.7578125,2632.65478515625
2025-05-30,200.24066162109375,457.7011413574219,135.09817504882812,205.00999450683594,171.14657592773438,645.4762573242188,346.4599914550781,258.96368408203125,99.81271362304688,152.2973175048828,540.1307983398438,139.64358520507812,9.25171184539795,329.7334289550781,107.84745025634766,121.82711791992188,34.87260437011719,303.6000061035156,30.0,67.1500015258789,82.53380584716797,69.97576141357422,103998.5703125,2529.943603515625
2025-05-31,,,,,,,,,,,,,,,,,,,,,,,104638.09375,2529.08740234375
2025-06-01,,,,,,,,,,,,,,,,,,,,,,,105652.1015625,2536.266357421875
2025-06-02,201.08807373046875,459.3018798828125,137.34764099121094,206.64999389648438,168.44590759277344,668.8134765625,342.69000244140625,259.6110534667969,100.54447174072266,152.48373413085938,542.4136352539062,140.1872100830078,9.222678184509277,330.4328918457031,107.7192153930664,121.92329406738281,35.2119255065918,311.6700134277344,31.59000015258789,69.55000305175781,81.76567840576172,69.82139587402344,105881.53125,2607.097412109375
2025-06-03,202.6533203125,460.29608154296875,141.1867218017578,205.7100067138672,165.60577392578125,664.7760009765625,344.2699890136719,261.19036865234375,101.2762451171875,151.52212524414062,545.566162109375,141.126220703125,9.222678184509277,333.3095397949219,109.1494369506836,121.62515258789062,35.0471076965332,308.9100036621094,31.440000534057617,69.88999938964844,81.62165832519531,69.74422454833984,105432.46875,2593.2802734375
2025-06-04,202.20468139648438,461.19085693359375,141.88656616210938,207.22999572753906,167.4693145751953,685.8104248046875,332.04998779296875,259.1794738769531,99.81271362304688,150.3446502685547,545.6253662109375,141.14598083496094,9.280743598937988,332.3440856933594,109.04093170166016,121.96176147460938,35.25069808959961,310.8999938964844,31.34000015258789,69.33999633789062,82.94664764404297,70.1783676147461,104731.984375,2608.64306640625
2025-06-05,200.0213165283203,464.9788513183594,139.95703125,207.91000366210938,167.62875366210938,682.49072265625,284.70001220703125,256.9527893066406,99.35414123535156,150.77639770507812,542.7890625,140.5034942626953,9.26138973236084,331.9894104003906,108.87324523925781,121.87521362304688,35.289485931396484,309.3299865722656,32.45000076293945,69.93000030517578,83.0042495727539,70.04330444335938,101575.953125,2416.28564453125
2025-06-06,203.3013458251953,467.66326904296875,141.6865997314453,213.57000732421875,173.079833984375,695.5401000976562,295.1400146484375,260.6606750488281,101.73480987548828,152.12069702148438,548.4320678710938,142.00588989257812,9.21300220489502,334.38336181640625,110.11605072021484,122.50997161865234,35.40582275390625,305.17999267578125,32.689998626708984,71.37999725341797,81.94810485839844,69.66703796386719,104390.34375,2477.19482421875
2025-06-07,,,,,,,,,,,,,,,,,,,,,,,105615.625,2526.50537109375
2025-06-08,,,,,,,,,,,,,,,,,,,,,,,105793.6484375,2510.787109375
2025-06-09,200.8388214111328,470.0196228027344,142.59640502929688,216.97999572753906,175.69395446777344,691.9014282226562,308.5799865722656,261.6513977050781,102.41778564453125,152.31692504882812,548.9854736328125,142.14427185058594,9.222678184509277,333.6445007324219,110.48100280761719,122.66385650634766,35.522159576416016,306.6199951171875,33.38999938964844,72.05000305175781,82.0345230102539,69.77315521240234,110294.1015625,2681.51708984375
2025-06-10,202.0551300048828,468.2001953125,143.92608642578125,217.61000061035156,178.1983184814453,700.2155151367188,326.0899963378906,263.4759216308594,104.61308288574219,153.5140380859375,552.0194702148438,142.86581420898438,9.232357025146484,334.4424743652344,110.87554931640625,123.74103546142578,35.619110107421875,306.7099914550781,33.22999954223633,71.5999984741211,82.45697021484375,69.90821838378906,110257.234375,2813.517578125
2025-06-11,198.1769256591797,469.8903503417969,142.80625915527344,213.1999969482422,176.9511260986328,691.981201171875,326.42999267578125,263.03448486328125,106.65226745605469,152.3463592529297,550.5073852539062,142.4803466796875,9.26138973236084,333.5755615234375,110.44155883789062,123.05818176269531,35.63849639892578,308.3699951171875,32.95000076293945,74.81999969482422,82.70661926269531,70.130126953125,108686.625,2773.529296875
2025-06-12,198.5956573486328,476.1042785644531,144.9759063720703,213.24000549316406,175.30484008789062,691.20361328125,319.1099853515625,263.1227722167969,107.06205749511719,153.7200927734375,552.6123657226562,142.92514038085938,9.300098419189453,334.6099548339844,110.30347442626953,123.66409301757812,35.851783752441406,312.20001220703125,33.060001373291016,75.05000305175781,83.695556640625,70.39061737060547,105929.0546875,2651.795166015625
2025-06-13,195.85398864746094,472.2168273925781,141.9464111328125,212.10000610351562,174.2771453857422,680.7462768554688,325.30999755859375,259.89556884765625,109.39395141601562,154.15184020996094,546.4654541015625,141.2547149658203,9.26138973236084,330.7579650878906,108.52802276611328,122.4907455444336,35.367042541503906,316.2900085449219,32.970001220703125,80.22000122070312,82.88904571533203,70.13977813720703,106090.96875,2579.486083984375
2025-06-14,,,,,,,,,,,,,,,,,,,,,,,105472.40625,2533.444091796875
2025-06-15,,,,,,,,,,,,,,,,,,,,,,,105552.0234375,2546.837158203125
2025-06-16,197.81802368164062,476.3727111816406,144.66595458984375,216.10000610351562,176.3724365234375,700.4749145507812,329.1300048828125,265.20233154296875,109.74520111083984,152.30712890625,551.6834106445312,142.6384735107422,9.242034912109375,333.900634765625,109.82013702392578,122.52921295166016,35.58032989501953,311.7799987792969,33.029998779296875,78.58999633789062,82.05371856689453,70.00470733642578,106796.7578125,2540.60498046875
2025-06-17,195.0464630126953,475.279052734375,144.09603881835938,214.82000732421875,175.55426025390625,695.5963134765625,316.3500061035156,264.37835693359375,111.22823333740234,149.5204315185547,547.097900390625,141.45237731933594,9.271066665649414,331.31951904296875,108.79434967041016,122.16374206542969,35.17314147949219,311.94000244140625,33.7400016784668,82.30000305175781,83.05226135253906,70.22660064697266,104601.1171875,2510.761474609375
2025-06-18,195.9835968017578,477.4663391113281,145.455810546875,212.52000427246094,172.93020629882812,694.1398315429688,322.04998779296875,268.733642578125,110.43793487548828,147.90138244628906,546.9397583007812,141.51168823242188,9.280743598937988,332.0682373046875,109.3467025756836,122.54844665527344,35.192535400390625,310.260009765625,33.27000045776367,82.2699966430664,83.19628143310547,70.26519012451172,104883.328125,2524.301513671875
2025-06-19,,,,,,,,,,,,,,,,,,,,,,,104684.2890625,2521.653564453125
2025-06-20,200.3902130126953,474.6427307128906,143.8260955810547,209.69000244140625,166.26522827148438,680.751220703125,322.1600036621094,269.7538146972656,111.91120910644531,146.97901916503906,545.7835083007812,141.2151641845703,9.280743598937988,332.7972717285156,109.42561340332031,122.4907455444336,34.93573760986328,310.1300048828125,32.720001220703125,83.12000274658203,83.04266357421875,70.31342315673828,103309.6015625,2407.30419921875
2025-06-21,,,,,,,,,,,,,,,,,,,,,,,102257.40625,2300.49560546875
2025-06-22,,,,,,,,,,,,,,,,,,,,,,,100987.140625,2228.213134765625
2025-06-23,200.888671875,483.1930847167969,144.1460418701172,208.47000122070312,164.8184814453125,696.8933715820312,348.67999267578125,272.9614562988281,109.02318572998047,148.48031616210938,551.0311889648438,142.54953002929688,9.300098419189453,335.6739501953125,110.402099609375,124.23153686523438,35.140785217285156,311.0799865722656,32.959999084472656,76.41000366210938,83.31150817871094,70.48709106445312,105577.7734375,2421.824951171875
2025-06-24,199.6923065185547,487.279296875,147.87539672851562,212.77000427246094,166.39492797851562,710.5313110351562,340.4700012207031,275.8944091796875,105.70585632324219,149.333984375,551.0311889648438,142.54953002929688,9.300098419189453,335.6739501953125,110.402099609375,124.23153686523438,35.140785217285156,306.19000244140625,32.61000061035156,73.0,83.91638946533203,70.69935607910156,106045.6328125,2448.0087890625
2025-06-25,200.948486328125,489.4268798828125,154.28436279296875,211.99000549316406,170.29612731933594,707.01953125,327.54998779296875,278.6409912109375,105.73512268066406,149.42230224609375,557.1781616210938,144.0024871826172,9.329130172729492,336.44232177734375,110.4908676147461,121.5962905883789,35.61922073364258,307.1199951171875,33.0099983215332,73.30999755859375,84.02201080322266,70.71865844726562,107361.2578125,2419.310302734375
2025-06-26,200.3902130126953,494.57696533203125,154.99423217773438,217.1199951171875,173.14968872070312,724.3887939453125,325.7799987792969,283.24151611328125,107.31573486328125,149.1573486328125,561.6549682617188,145.26768493652344,9.358163833618164,338.9150695800781,112.02957153320312,121.46033477783203,35.98048782348633,306.7799987792969,33.34000015258789,73.58999633789062,84.4444580078125,70.92124938964844,106960.0,2416.146728515625
2025-06-27,200.469970703125,493.07568359375,157.72378540039062,223.3000030517578,178.1284637451172,731.9110717773438,323.6300048828125,281.63275146484375,106.72056579589844,149.5498504638672,564.61962890625,145.95956420898438,9.329130172729492,340.4913635253906,112.22684478759766,121.83909606933594,36.146480560302734,301.2200012207031,32.619998931884766,73.27999877929688,83.90679931640625,70.75724029541016,107088.4296875,2423.866943359375
2025-06-28,,,,,,,,,,,,,,,,,,,,,,,107327.703125,2437.109375
2025-06-29,,,,,,,,,,,,,,,,,,,,,,,108385.5703125,2500.9599609375
2025-06-30,204.5475311279297,494.5372009277344,157.96376037597656,219.38999938964844,175.83364868164062,736.3607177734375,317.6600036621094,284.37939453125,105.17898559570312,149.88348388671875,567.587646484375,146.73382568359375,9.398062705993652,342.9617004394531,112.42179870605469,122.56751251220703,36.22459030151367,304.8299865722656,32.810001373291016,73.11000061035156,84.73251342773438,71.0370101928711,107135.3359375,2486.46435546875
2025-07-01,207.18951416015625,489.2081298828125,153.2745361328125,220.4600067138672,175.4445343017578,717.5348510742188,300.7099914550781,284.8698425292969,106.58396911621094,152.9939727783203,566.9729614257812,146.65452575683594,9.388354301452637,344.6725769042969,113.52029418945312,123.37362670898438,36.23435592651367,307.54998779296875,32.72999954223633,73.93000030517578,84.94259643554688,70.9837875366211,105698.28125,2405.792724609375
2025-07-02,211.7954864501953,488.2536926269531,157.22386169433594,219.9199981689453,178.23822021484375,711.8980712890625,315.6499938964844,286.4295349121094,108.34996795654297,152.64073181152344,569.67919921875,147.44761657714844,9.378646850585938,345.6516418457031,114.59899139404297,123.72325897216797,36.361289978027344,309.25,33.2400016784668,75.58999633789062,84.40291595458984,70.9063720703125,108859.3203125,2571.33544921875
2025-07-03,212.90213012695312,495.95892333984375,159.3135223388672,223.41000366210938,179.126220703125,717.3253784179688,315.3500061035156,291.75201416015625,109.47199249267578,153.08230590820312,574.5166015625,148.7165985107422,9.349519729614258,347.69866943359375,115.42037200927734,123.966064453125,36.43940353393555,307.1400146484375,33.5099983215332,75.19000244140625,83.81504821777344,70.73214721679688,109647.9765625,2591.00732421875
2025-07-04,,,,,,,,,,,,,,,,,,,,,,,108034.3359375,2508.518310546875
2025-07-05,,,,,,,,,,,,,,,,,,,,,,,108231.1796875,2517.280029296875
2025-07-06,,,,,,,,,,,,,,,,,,,,,,,109232.0703125,2571.236572265625
2025-07-07,209.3130340576172,494.84539794921875,158.21371459960938,223.47000122070312,176.3923797607422,716.6668701171875,293.94000244140625,287.7798767089844,108.40850830078125,152.35618591308594,570.00634765625,147.51702880859375,9.320395469665527,345.6021728515625,114.12396240234375,122.82975006103516,36.00978469848633,307.3699951171875,33.43000030517578,76.4800033569336,83.0151596069336,70.49984741210938,108299.8515625,2543.01318359375
2025-07-08,209.3728485107422,493.751708984375,159.97341918945312,219.36000061035156,173.9678497314453,718.9813842773438,297.80999755859375,278.72174072265625,111.41361236572266,152.86642456054688,569.599853515625,147.45755004882812,9.310684204101562,345.40435791015625,114.63856506347656,122.69377136230469,36.22459030151367,304.1600036621094,33.290000915527344,76.95999908447266,82.90914154052734,70.46113586425781,108950.2734375,2615.505859375
2025-07-09,210.4994354248047,500.6019592285156,162.85293579101562,222.5399932861328,176.2227783203125,731.0631103515625,295.8800048828125,279.0963134765625,111.03311157226562,153.34722900390625,573.0593872070312,148.3993377685547,9.349519729614258,346.8976745605469,115.46985626220703,122.77146911621094,36.38081359863281,305.5199890136719,33.0,76.93000030517578,83.7764892578125,70.7418212890625,111326.5546875,2770.777587890625
2025-07-10,211.7655792236328,498.58367919921875,164.07273864746094,222.25999450683594,177.2205047607422,725.5360107421875,309.8699951171875,284.0540771484375,112.1356201171875,154.7307586669922,574.7149047851562,148.80581665039062,9.349519729614258,347.9261779785156,116.10321807861328,123.56787109375,36.42963790893555,306.20001220703125,33.75,75.38999938964844,83.83432006835938,70.75149536132812,115987.203125,2954.84521484375
2025-07-11,210.5193634033203,500.4130554199219,164.89259338378906,225.02000427246094,179.7847442626953,715.8289184570312,313.510009765625,282.7431640625,112.62346649169922,153.95558166503906,572.8214721679688,148.191162109375,9.310684204101562,345.7109375,114.9255599975586,123.5193099975586,36.18553924560547,309.1400146484375,35.029998779296875,77.29000091552734,82.67784881591797,70.46113586425781,117516.9921875,2957.88623046875
2025-07-12,,,,,,,,,,,,,,,,,,,,,,,117435.2265625,2942.91162109375
2025-07-13,,,,,,,,,,,,,,,,,,,,,,,119116.1171875,2973.35888671875
2025-07-14,207.98707580566406,500.1147766113281,164.04273986816406,225.69000244140625,181.1516571044922,719.2308349609375,316.8999938964844,284.5567932128906,111.15017700195312,153.87710571289062,573.6244506835938,148.52822875976562,9.300975799560547,347.1449279785156,115.3412094116211,124.31570434570312,36.20506286621094,308.010009765625,34.630001068115234,75.62000274658203,82.50437927246094,70.45145416259766,119849.703125,3013.350830078125
2025-07-15,208.4755859375,502.89862060546875,170.671630859375,226.35000610351562,181.59068298339844,708.7255859375,310.7799987792969,282.4376220703125,110.16474151611328,152.258056640625,571.4039306640625,147.73512268066406,9.281559944152832,342.5661315917969,113.39163970947266,122.51895904541016,36.02931213378906,306.7300109863281,34.2599983215332,75.26000213623047,81.92615509033203,70.23853302001953,117777.1875,3139.8896484375
2025-07-16,209.52239990234375,502.69976806640625,171.34152221679688,223.19000244140625,182.55848693847656,701.2630004882812,321.6700134277344,281.7181396484375,109.50127410888672,161.68771362304688,573.22802734375,148.30020141601562,9.291269302368164,344.1681823730469,114.13386535644531,123.73297882080078,36.126953125,308.260009765625,34.40999984741211,75.19000244140625,82.04180145263672,70.3740234375,118738.5078125,3371.5068359375
2025-07-17,209.38284301757812,508.7446594238281,172.97125244140625,223.8800048828125,183.16712951660156,699.7665405273438,319.4100036621094,285.73956298828125,108.94513702392578,159.92149353027344,576.3009643554688,149.20236206054688,9.291269302368164,346.99658203125,115.49954223632812,123.45132446289062,36.31246566772461,307.5899963378906,34.650001525878906,76.16000366210938,82.02252197265625,70.39339447021484,119289.84375,3476.784423828125
2025-07-18,210.539306640625,507.10418701171875,172.38136291503906,226.1300048828125,184.64378356933594,702.6298828125,329.6499938964844,287.0898742675781,105.14971160888672,160.6279754638672,576.2811279296875,149.20236206054688,9.310684204101562,348.7272033691406,115.33131408691406,123.82038116455078,36.244117736816406,308.3900146484375,34.61000061035156,75.93000030517578,82.14781951904297,70.509521484375,118003.2265625,3549.016357421875
2025-07-19,,,,,,,,,,,,,,,,,,,,,,,117939.9765625,3595.273681640625
2025-07-20,,,,,,,,,,,,,,,,,,,,,,,117300.7890625,3759.471435546875
2025-07-21,211.83535766601562,507.1141052246094,171.35153198242188,229.3000030517578,189.67245483398438,711.2994384765625,328.489990234375,286.794189453125,105.42290496826172,161.2755889892578,577.093994140625,149.28167724609375,9.330102920532227,346.86798095703125,114.64846801757812,124.23799896240234,36.42963790893555,313.1300048828125,35.349998474121094,75.58999633789062,82.88024139404297,70.71278381347656,117439.5390625,3763.371337890625
2025-07-22,213.74954223632812,502.3517761230469,167.00225830078125,227.47000122070312,190.90966796875,703.1585693359375,332.1099853515625,287.24761962890625,105.90098571777344,164.7786102294922,577.4805297851562,149.5096893310547,9.349519729614258,350.2303771972656,116.0537338256836,126.43294525146484,36.57609176635742,316.1000061035156,35.720001220703125,75.3499984741211,83.38137817382812,70.82891845703125,119995.4140625,3749.1455078125
2025-07-23,213.5002899169922,502.94830322265625,170.75161743164062,228.2899932861328,189.80215454101562,711.9080810546875,332.55999755859375,292.5011291503906,107.25718688964844,165.92666625976562,581.9909057617188,150.72909545898438,9.330102920532227,352.60382080078125,117.28087615966797,126.63691711425781,37.23028564453125,312.17999267578125,35.689998626708984,75.27999877929688,82.91878509521484,70.68375396728516,118754.9609375,3629.70361328125
2025-07-24,213.11148071289062,507.92938232421875,173.7111358642578,232.22999572753906,191.73780822753906,713.125244140625,305.29998779296875,292.2940979003906,108.09628295898438,166.3780059814453,582.4072265625,150.66961669921875,9.320395469665527,352.10931396484375,116.25167083740234,126.23871612548828,37.02524185180664,310.2699890136719,35.4900016784668,76.08999633789062,82.77423095703125,70.59663391113281,118368.0,3708.005615234375
2025-07-25,213.2311248779297,510.7430725097656,173.47117614746094,231.44000244140625,192.74551391601562,711.0101318359375,316.05999755859375,294.33441162109375,107.71576690673828,165.14166259765625,584.7466430664062,151.33383178710938,9.330102920532227,354.7992248535156,116.96420288085938,126.28726959228516,36.95689392089844,307.3999938964844,34.65999984741211,74.8499984741211,83.29464721679688,70.77088165283203,117635.8828125,3727.266845703125
2025-07-26,,,,,,,,,,,,,,,,,,,,,,,117947.3671875,3741.39599609375
2025-07-27,,,,,,,,,,,,,,,,,,,,,,,119448.4921875,3875.24658203125
2025-07-28,213.40060424804688,509.5400085449219,176.7206268310547,232.7899932861328,192.14688110351562,715.9486083984375,325.5899963378906,293.9992980957031,108.73048400878906,163.10069274902344,584.855712890625,151.3239288330078,9.320395469665527,353.2565002441406,116.49906921386719,124.20886993408203,36.497989654541016,305.4100036621094,34.63999938964844,77.16999816894531,82.75495147705078,70.65471649169922,117924.4765625,3787.42578125
2025-07-29,210.6290283203125,509.609619140625,175.4808349609375,231.00999450683594,195.3097381591797,698.35986328125,321.20001220703125,292.7771301269531,110.13546752929688,164.95523071289062,583.1209716796875,150.82821655273438,9.359227180480957,352.67303466796875,116.12300872802734,126.25814056396484,36.51751708984375,306.25,34.65999984741211,79.80000305175781,84.15235137939453,71.02250671386719,117922.1484375,3793.454833984375
2025-07-30,208.415771484375,510.2757263183594,179.24021911621094,230.19000244140625,196.08799743652344,693.5811157226562,319.0400085449219,295.3299560546875,109.1792984008789,164.1211700439453,582.3973388671875,150.6200408935547,9.339811325073242,351.1203918457031,115.67767333984375,124.43224334716797,36.20506286621094,300.9599914550781,33.5099983215332,81.04000091552734,83.71867370605469,70.8386001586914,117831.1875,3808.20166015625
2025-07-31,206.9402618408203,530.418701171875,177.84043884277344,234.11000061035156,191.46839904785156,771.6278076171875,308.2699890136719,291.9885559082031,108.92562103271484,161.64846801757812,580.285888671875,150.07479858398438,9.370983123779297,349.8743591308594,114.50992584228516,122.69377136230469,35.89261245727539,302.9599914550781,33.31999969482422,79.58999633789062,83.76685333251953,70.8482894897461,115758.203125,3696.707763671875
2025-08-01,201.76600646972656,521.0829467773438,173.69113159179688,214.75,188.70465087890625,748.2527465820312,302.6300048828125,285.2171630859375,106.97425079345703,164.1898651123047,571.0372314453125,147.6062469482422,9.448911666870117,345.33514404296875,112.69889831542969,122.40240478515625,35.76568603515625,309.1099853515625,33.59000015258789,77.45999908447266,84.95773315429688,71.46199798583984,113320.0859375,3488.365966796875
2025-08-02,,,,,,,,,,,,,,,,,,,,,,,112526.9140625,3392.7412109375
2025-08-03,,,,,,,,,,,,,,,,,,,,,,,114217.671875,3497.379150390625
2025-08-04,202.7330780029297,532.5464477539062,179.9700927734375,211.64999389648438,194.60133361816406,774.5509643554688,309.260009765625,290.0370178222656,104.75944519042969,167.83021545410156,579.4730224609375,149.8467559814453,9.458653450012207,350.6259460449219,114.44064331054688,123.66499328613281,36.244117736816406,310.9100036621094,33.97999954223633,76.11000061035156,85.1899185180664,71.51056671142578,115071.8828125,3718.986083984375
2025-08-05,202.3043670654297,524.7019653320312,178.23037719726562,213.75,194.232177734375,761.6712036132812,308.7200012207031,287.1884765625,104.6325912475586,167.53587341308594,576.6577758789062,149.20236206054688,9.458653450012207,348.5491943359375,114.51981353759766,124.1408920288086,36.31246566772461,311.1600036621094,34.349998474121094,75.0199966430664,85.45111846923828,71.53971099853516,114141.4453125,3611.8994140625
2025-08-06,212.60302734375,521.908203125,179.3901824951172,222.30999755859375,195.64898681640625,770.1812133789062,319.9100036621094,287.16876220703125,103.92034912109375,167.388671875,580.86083984375,150.17391967773438,9.448911666870117,348.37115478515625,114.18333435058594,123.24736785888672,36.54680633544922,310.5,34.349998474121094,73.79000091552734,84.95773315429688,71.4814453125,115028.0,3683.920654296875
2025-08-07,219.36245727539062,517.8319091796875,180.73995971679688,223.1300048828125,196.07801818847656,760.0449829101562,322.2699890136719,282.8220520019531,103.37396240234375,168.31103515625,580.4247436523438,150.03512573242188,9.43917179107666,348.1733703613281,113.99530792236328,123.55815887451172,36.849491119384766,313.1199951171875,34.7599983215332,73.41999816894531,84.8126220703125,71.45230865478516,117496.8984375,3914.325927734375
2025-08-08,228.65419006347656,519.02490234375,182.6696319580078,222.69000244140625,200.9669952392578,767.49755859375,329.6499938964844,284.6159362792969,104.20330047607422,170.0772705078125,584.9945068359375,151.0364227294922,9.419689178466797,347.15478515625,113.87655639648438,122.47039031982422,36.9276008605957,313.04998779296875,34.880001068115234,73.30000305175781,84.44502258300781,71.29692840576172,116688.7265625,4009.848876953125
2025-08-09,,,,,,,,,,,,,,,,,,,,,,,116500.359375,4263.59912109375
2025-08-10,,,,,,,,,,,,,,,,,,,,,,,119306.7578125,4254.2177734375
2025-08-11,226.74781799316406,518.7564697265625,182.0297393798828,221.3000030517578,200.54794311523438,764.0755615234375,339.0299987792969,285.4044494628906,103.25688171386719,170.55807495117188,583.5867919921875,150.66961669921875,9.42943000793457,345.8395080566406,113.52029418945312,121.71284484863281,36.82019805908203,308.54998779296875,34.18000030517578,73.80000305175781,84.541748046875,71.3454818725586,118731.4453125,4226.966796875
2025-08-12,229.21310424804688,526.183349609375,183.1295623779297,221.47000122070312,202.88267517089844,788.1489868164062,340.8399963378906,288.6472473144531,103.5495834350586,169.53758239746094,590.2284545898438,152.57305908203125,9.419689178466797,350.022705078125,116.2714614868164,122.44125366210938,37.21076202392578,308.2699890136719,34.40999984741211,72.94999694824219,84.11609649658203,71.35520935058594,120172.90625,4590.9248046875
2025-08-13,232.88612365722656,517.5734252929688,181.559814453125,224.55999755859375,201.5057830810547,778.2523193359375,339.3800048828125,286.36053466796875,104.98384094238281,171.1468048095703,592.1514892578125,153.27694702148438,9.458653450012207,353.2466125488281,118.5179214477539,123.61642456054688,37.44509506225586,309.2099914550781,35.0,72.45999908447266,84.8126220703125,71.61738586425781,123344.0625,4756.27587890625
2025-08-14,232.33717346191406,519.46240234375,181.98974609375,230.97999572753906,202.48358154296875,780.2974243164062,335.5799865722656,289.93841552734375,104.76919555664062,171.44117736816406,592.3497924804688,153.11830139160156,9.42943000793457,350.7545166015625,117.07305908203125,122.73262786865234,37.32793045043945,307.25,34.5,73.73999786376953,84.18380737304688,71.41345977783203,118359.578125,4548.16650390625
2025-08-15,231.1494140625,517.1657104492188,180.42001342773438,231.02999877929688,203.44142150878906,783.3901977539062,330.55999755859375,286.32110595703125,104.86766815185547,173.3251495361328,590.7637329101562,152.7118377685547,9.409948348999023,349.904052734375,116.63761901855469,123.38333129882812,37.474388122558594,307.42999267578125,34.5,72.80000305175781,83.58402252197266,71.31636047363281,117398.3515625,4439.98876953125
2025-08-16,,,,,,,,,,,,,,,,,,,,,,,117491.3515625,4426.18017578125
2025-08-17,,,,,,,,,,,,,,,,,,,,,,,117453.0625,4473.271484375
2025-08-18,230.45074462890625,514.1134033203125,181.97975158691406,231.49000549316406,203.0423126220703,765.572021484375,335.1600036621094,287.3461608886719,105.09416961669922,172.9424591064453,590.7538452148438,152.76141357421875,9.409948348999023,350.2699279785156,116.94440460205078,122.3441390991211,37.49392318725586,306.95001220703125,34.54999923706055,73.16999816894531,83.34217834472656,71.23866271972656,116252.3125,4312.5048828125
2025-08-19,230.1213836669922,506.8258056640625,175.61080932617188,228.00999450683594,201.11666870117188,749.71923828125,329.30999755859375,286.4886779785156,105.78350067138672,174.46337890625,587.3438110351562,151.8394317626953,9.419689178466797,351.0314025878906,116.716796875,124.51966857910156,37.386512756347656,305.2699890136719,33.869998931884766,72.30000305175781,83.82587432861328,71.37461853027344,112831.1796875,4073.464111328125
2025-08-20,225.5800323486328,502.7992248535156,175.370849609375,223.80999755859375,198.87173461914062,745.9680786132812,323.8999938964844,288.04595947265625,106.87659454345703,175.48387145996094,585.9263305664062,151.46270751953125,9.42943000793457,350.883056640625,116.20217895507812,124.82073974609375,37.435333251953125,308.3599853515625,34.43000030517578,73.5199966430664,84.00967407226562,71.42317199707031,114274.7421875,4334.50048828125
2025-08-21,224.47213745117188,502.15185546875,174.95091247558594,221.9499969482422,199.3007354736328,737.3682250976562,320.1099853515625,287.2870178222656,107.56593322753906,175.57217407226562,583.65625,150.95709228515625,9.400206565856934,349.5974426269531,116.20217895507812,124.47110748291016,37.32793045043945,307.2900085449219,34.61000061035156,74.12999725341797,83.59370422363281,71.24838256835938,112419.03125,4223.2099609375
2025-08-22,227.3267059326172,505.1295166015625,177.96043395996094,228.83999633789062,205.62648010253906,753.021484375,340.010009765625,291.9885559082031,109.5846939086914,175.9254150390625,592.5381469726562,153.52476501464844,9.448911666870117,356.1343078613281,119.72525787353516,126.87972259521484,37.88447952270508,310.5799865722656,35.34000015258789,74.63999938964844,84.21283721923828,71.60767364501953,116874.0859375,4831.3486328125
2025-08-23,,,,,,,,,,,,,,,,,,,,,,,115374.328125,4776.09033203125
2025-08-24,,,,,,,,,,,,,,,,,,,,,,,113458.4296875,4779.6474609375
2025-08-25,226.7278594970703,502.17181396484375,179.78012084960938,227.94000244140625,208.02110290527344,751.5349731445312,346.6000061035156,290.6678161621094,110.03768157958984,175.0619354248047,590.020263671875,152.8010711669922,9.43917179107666,353.47406005859375,118.79500579833984,126.18043518066406,37.54273986816406,309.8299865722656,35.02000045776367,75.75,83.97099304199219,71.51056671142578,110124.3515625,4372.98779296875
2025-08-26,228.87376403808594,499.96099853515625,181.7397918701172,228.7100067138672,206.67413330078125,752.3331298828125,351.6700134277344,294.2851257324219,109.79148864746094,174.44911193847656,592.4984741210938,153.49502563476562,9.448911666870117,354.2553405761719,119.22055053710938,125.77252197265625,37.5622673034668,312.0799865722656,35.02000045776367,74.05000305175781,83.92261505126953,71.59796142578125,111802.65625,4600.4267578125
2025-08-27,230.05152893066406,504.64154052734375,181.56982421875,229.1199951171875,207.01336669921875,745.62890625,349.6000061035156,294.9849548339844,111.03230285644531,174.74562072753906,593.916015625,153.91140747070312,9.448911666870117,355.62005615234375,119.9330825805664,126.56893157958984,37.44509506225586,312.7099914550781,34.9900016784668,74.68000030517578,83.82587432861328,71.66595458984375,111222.0625,4503.39306640625
2025-08-28,232.11758422851562,507.529541015625,180.1400604248047,231.60000610351562,211.1640167236328,749.35009765625,345.9800109863281,296.749267578125,111.62316131591797,173.421142578125,595.809326171875,154.46658325195312,9.468395233154297,356.3023986816406,120.22007751464844,126.23871612548828,37.5817985534668,315.0299987792969,35.52000045776367,75.23999786376953,84.3772964477539,71.75333404541016,112544.8046875,4507.177734375
2025-08-29,231.69837951660156,504.59173583984375,174.1510467529297,229.0,212.43116760253906,736.96923828125,333.8699951171875,297.0942687988281,112.54883575439453,175.12123107910156,592.0424194335938,153.49502563476562,9.480122566223145,355.27392578125,119.77474212646484,126.91854858398438,37.386512756347656,318.07000732421875,36.189998626708984,74.83999633789062,83.77750396728516,71.66595458984375,108410.8359375,4360.15283203125
2025-08-30,,,,,,,,,,,,,,,,,,,,,,,108808.0703125,4374.1533203125
2025-08-31,,,,,,,,,,,,,,,,,,,,,,,108236.7109375,4390.01904296875
2025-09-01,,,,,,,,,,,,,,,,,,,,,,,109250.59375,4314.47021484375
2025-09-02,229.28298950195312,503.0282287597656,170.75161743164062,225.33999633789062,210.87466430664062,733.3875732421875,329.3599853515625,295.39892578125,112.9427490234375,176.00094604492188,588.0574951171875,152.51356506347656,9.460576057434082,352.8905944824219,119.0820083618164,124.84988403320312,37.14241409301758,325.5899963378906,37.150001525878906,76.76000213623047,83.15406036376953,71.51297760009766,111200.5859375,4325.36572265625
2025-09-03,238.01634216308594,503.2572937011719,170.59165954589844,225.99000549316406,230.14122009277344,735.3230590820312,334.0899963378906,295.211669921875,110.2051010131836,175.94163513183594,591.0709838867188,153.15797424316406,9.489896774291992,352.2576904296875,118.90387725830078,124.90814971923828,37.23028564453125,328.1400146484375,37.34000015258789,74.83000183105469,84.06688690185547,71.74681091308594,111723.2109375,4450.38916015625
2025-09-04,239.3238525390625,505.866455078125,171.63148498535156,235.67999267578125,231.77755737304688,746.8959350585938,338.5299987792969,299.4598083496094,110.68762969970703,176.69285583496094,596.0571899414062,154.51614379882812,9.51921558380127,354.91790771484375,120.34872436523438,125.88906860351562,37.376747131347656,326.69000244140625,36.93000030517578,74.18000030517578,84.70780181884766,72.01960754394531,110723.6015625,4298.744140625
2025-09-05,239.2340087890625,492.9501647949219,166.9922637939453,232.3300018310547,234.47146606445312,750.68701171875,350.8399963378906,290.1552734375,107.56593322753906,176.3666534423828,594.2530517578125,154.2088165283203,9.558309555053711,354.4135437011719,121.19981384277344,127.26819610595703,37.601318359375,331.04998779296875,37.209999084472656,72.62999725341797,85.99934387207031,72.36061096191406,110650.984375,4306.98876953125
2025-09-06,,,,,,,,,,,,,,,,,,,,,,,110224.6953125,4274.2421875
2025-09-07,,,,,,,,,,,,,,,,,,,,,,,111167.6171875,4305.34765625
2025-09-08,237.42745971679688,496.13690185546875,168.2820281982422,235.83999633789062,233.72247314453125,750.5372924804688,346.3999938964844,288.70635986328125,108.17647552490234,176.0701446533203,595.5317993164062,154.61529541015625,9.59740161895752,355.13543701171875,121.34825134277344,126.48150634765625,37.93330001831055,334.82000732421875,37.5099983215332,73.04000091552734,87.14521789550781,72.59443664550781,112071.4296875,4308.072265625
2025-09-09,233.9041748046875,496.34600830078125,170.7316131591797,238.24000549316406,239.30491638183594,763.9059448242188,346.9700012207031,293.57550048828125,108.96429443359375,174.91368103027344,597.1476440429688,154.9027862548828,9.57785701751709,354.91790771484375,120.42789459228516,126.21929168701172,37.92353439331055,334.05999755859375,37.18000030517578,73.38999938964844,86.64997100830078,72.45804595947266,111530.546875,4309.04150390625
2025-09-10,226.35855102539062,498.29791259765625,177.300537109375,230.3300018310547,238.84552001953125,750.2180786132812,347.7900085449219,296.22686767578125,110.7861099243164,173.7572021484375,598.95166015625,155.2894287109375,9.587631225585938,354.95745849609375,120.28935241699219,126.01532745361328,38.030941009521484,335.260009765625,37.40999984741211,74.70999908447266,87.14521789550781,72.58470153808594,113955.359375,4349.14599609375
2025-09-11,229.59239196777344,498.9352722167969,177.1505584716797,229.9499969482422,240.0438995361328,749.140625,368.80999755859375,301.1748046875,110.43159484863281,176.43585205078125,604.0369873046875,156.7467498779297,9.607175827026367,359.763671875,122.39726257324219,128.35597229003906,38.4019775390625,334.760009765625,37.790000915527344,73.0,87.72787475585938,72.74059295654297,115507.5390625,4461.2333984375
2025-09-12,233.62472534179688,507.7884521484375,177.80047607421875,228.14999389648438,240.4733123779297,753.8196411132812,395.94000244140625,302.5054626464844,110.4512939453125,176.00094604492188,603.7693481445312,156.49891662597656,9.587631225585938,357.2121887207031,121.14042663574219,127.74409484863281,38.32386016845703,335.4200134277344,38.34000015258789,73.30999755859375,87.34915161132812,72.65290069580078,116101.578125,4715.24609375
2025-09-13,,,,,,,,,,,,,,,,,,,,,,,115950.5078125,4668.1796875
2025-09-14,,,,,,,,,,,,,,,,,,,,,,,115407.65625,4609.59765625
2025-09-15,236.24969482421875,513.225830078125,177.73048400878906,231.42999267578125,251.26864624023438,762.9082641601562,410.0400085449219,304.46685791015625,110.63838958740234,175.34857177734375,606.7531127929688,157.2226104736328,9.607175827026367,356.4705505371094,121.26908111572266,127.51099395751953,38.567962646484375,338.9100036621094,38.7599983215332,74.2300033569336,87.55308532714844,72.789306640625,115444.875,4526.8203125
2025-09-16,237.6969451904297,506.9320068359375,174.86080932617188,234.0500030517578,250.8192596435547,777.1747436523438,421.6199951171875,304.75274658203125,112.93289947509766,174.41946411132812,605.98974609375,157.04417419433594,9.616949081420898,355.214599609375,121.12064361572266,126.80203247070312,38.66559982299805,339.5899963378906,38.599998474121094,75.66999816894531,87.73759460449219,72.79903411865234,116843.1875,4503.564453125
2025-09-17,238.5353546142578,507.9079284667969,170.27130126953125,231.6199951171875,249.19146728515625,773.9024658203125,425.8599853515625,307.2759704589844,113.53360748291016,175.15089416503906,605.4049682617188,156.92518615722656,9.59740161895752,355.2640380859375,121.0612564086914,126.714599609375,38.567962646484375,336.9700012207031,37.790000915527344,74.97000122070312,87.51424407958984,72.6723861694336,116468.5078125,4592.7333984375
2025-09-18,237.42745971679688,506.3444519042969,176.2206573486328,231.22999572753906,251.68807983398438,778.421875,416.8500061035156,308.73480224609375,112.19432067871094,172.14605712890625,608.3193359375,157.90667724609375,9.568082809448242,357.7066955566406,122.8821792602539,126.99626159667969,38.65584182739258,335.6199951171875,37.9900016784668,74.69000244140625,86.61113739013672,72.48727416992188,117137.203125,4589.9189453125
2025-09-19,245.032958984375,515.7852172851562,176.6505889892578,231.47999572753906,254.3744354248047,776.5562133789062,426.07000732421875,310.26251220703125,111.10123443603516,174.152587890625,611.2931518554688,158.51141357421875,9.568082809448242,357.15289306640625,122.16964721679688,126.21929168701172,38.53810501098633,339.17999267578125,39.040000915527344,73.5199966430664,86.446044921875,72.51651000976562,115688.859375,4470.9169921875
2025-09-20,,,,,,,,,,,,,,,,,,,,,,,115721.9609375,4482.265625
2025-09-21,,,,,,,,,,,,,,,,,,,,,,,115306.09375,4451.3291015625
2025-09-22,255.5928192138672,512.3196411132812,183.58984375,227.6300048828125,252.18739318847656,763.8824462890625,434.2099914550781,307.9560852050781,110.31341552734375,172.1954803466797,614.029052734375,159.17562866210938,9.54853630065918,357.72650146484375,122.22901916503906,126.16100311279297,38.685272216796875,345.04998779296875,40.040000915527344,73.44999694824219,86.13529205322266,72.3801040649414,112748.5078125,4202.87744140625
2025-09-23,253.9459686279297,507.1212463378906,178.410400390625,220.7100067138672,251.31858825683594,754.1387329101562,425.8500061035156,308.2517395019531,112.21401977539062,174.53805541992188,610.6488647460938,158.3230438232422,9.568082809448242,358.02313232421875,121.9519271850586,126.8894271850586,38.61659240722656,346.4599914550781,39.959999084472656,75.05000305175781,86.73737335205078,72.52625274658203,112014.5,4165.50390625
2025-09-24,251.8300018310547,508.0373840332031,176.9505615234375,220.2100067138672,246.80470275878906,759.3899536132812,442.7900085449219,308.92205810546875,112.8147201538086,174.6468048095703,608.9141235351562,157.75796508789062,9.54853630065918,356.8166198730469,120.90291595458984,125.59028625488281,38.42036819458008,343.32000732421875,39.81999969482422,76.38999938964844,86.40721130371094,72.3801040649414,113328.6328125,4153.46923828125
2025-09-25,256.3813171386719,504.9303283691406,177.67050170898438,218.14999389648438,245.45654296875,747.6595458984375,423.3900146484375,308.95159912109375,113.82903289794922,175.6747589111328,605.8709106445312,156.88552856445312,9.538763046264648,354.26519775390625,119.7054672241211,125.26673126220703,38.19471740722656,344.75,41.029998779296875,76.98999786376953,86.40721130371094,72.30215454101562,109049.2890625,3868.333984375
2025-09-26,254.97401428222656,509.3419494628906,178.17044067382812,219.77999877929688,246.2055206298828,742.5081787109375,440.3999938964844,311.52410888671875,115.4342041015625,177.6318817138672,609.4592895507812,157.87692260742188,9.538763046264648,358.2110595703125,120.87322998046875,126.48252868652344,38.283016204833984,346.739990234375,41.86000061035156,77.0199966430664,86.32951354980469,72.30215454101562,109712.828125,4035.887939453125
2025-09-27,,,,,,,,,,,,,,,,,,,,,,,109681.9453125,4018.658203125
2025-09-28,,,,,,,,,,,,,,,,,,,,,,,112122.640625,4141.4765625
2025-09-29,253.9459686279297,512.4689331054688,181.83004760742188,222.1699981689453,243.71890258789062,742.1587524414062,443.2099914550781,311.159423828125,112.47991180419922,179.519775390625,611.0776977539062,158.2725830078125,9.558309555053711,360.35662841796875,120.87918853759766,126.53155517578125,38.49885940551758,352.4599914550781,42.5,74.58999633789062,87.03841400146484,72.48727416992188,114400.3828125,4217.341796875
2025-09-30,254.14559936523438,515.8051147460938,186.55950927734375,219.57000732421875,242.77020263671875,733.1538696289062,444.7200012207031,310.9031677246094,111.03230285644531,183.2758331298828,613.6423950195312,158.8193359375,9.578899383544922,360.9918212890625,120.92881774902344,127.11984252929688,38.744140625,355.4700012207031,42.369998931884766,73.75,86.78592681884766,72.45804595947266,114056.0859375,4145.95751953125
2025-10-01,254.9640350341797,517.5578002929688,187.21945190429688,220.6300048828125,244.5677490234375,716.1422729492188,459.4599914550781,306.25091552734375,110.28387451171875,183.8985595703125,615.7498779296875,159.35617065429688,9.608312606811523,360.6543884277344,121.32593536376953,127.16886901855469,38.96979522705078,356.0299987792969,42.90999984741211,73.13999938964844,87.01005554199219,72.64080810546875,118648.9296875,4351.1123046875
2025-10-02,256.6408386230469,513.6041870117188,188.8692626953125,222.41000366210938,245.35667419433594,725.8360595703125,436.0,303.13623046875,109.59454345703125,183.82936096191406,616.1375732421875,159.57485961914062,9.618117332458496,361.94451904296875,122.07050323486328,126.53155517578125,39.06790542602539,354.7900085449219,42.529998779296875,71.54000091552734,87.26342010498047,72.71900939941406,120681.2578125,4487.923828125
2025-10-03,257.5291442871094,515.20751953125,187.59939575195312,219.50999450683594,245.01715087890625,709.3735961914062,429.8299865722656,305.5806579589844,111.53453826904297,186.45860290527344,616.2468872070312,159.6742706298828,9.59850788116455,362.8575744628906,122.63638305664062,127.04141235351562,39.303375244140625,357.6400146484375,43.52000045776367,71.70999908447266,87.09774780273438,72.63104248046875,122266.53125,4514.87060546875
2025-10-04,,,,,,,,,,,,,,,,,,,,,,,122425.4296875,4489.197265625
2025-10-05,,,,,,,,,,,,,,,,,,,,,,,123513.4765625,4515.4228515625
2025-10-06,256.2016906738281,526.3811645507812,185.51962280273438,220.89999389648438,250.09024047851562,714.465087890625,453.25,306.22442626953125,112.46021270751953,185.98416137695312,618.5333862304688,160.270751953125,9.578899383544922,363.12548828125,122.84485626220703,125.83540344238281,39.450538635253906,364.3800048828125,44.060001373291016,72.87000274658203,86.40589141845703,72.46487426757812,124752.53125,4687.771484375
2025-10-07,255.99208068847656,521.8101196289062,185.01968383789062,221.77999877929688,245.42657470703125,711.889404296875,433.0899963378906,304.74871826171875,112.51929473876953,186.70570373535156,616.1774291992188,159.51522827148438,9.59850788116455,361.0116271972656,121.61383056640625,125.34516906738281,39.10715103149414,366.260009765625,43.38999938964844,73.19999694824219,86.90287017822266,72.60172271728516,121451.3828125,4451.15185546875
2025-10-08,257.5690612792969,522.676513671875,189.0892333984375,225.22000122070312,244.2881317138672,716.6414794921875,438.69000244140625,301.1236572265625,112.28295135498047,187.49647521972656,619.7760009765625,160.53915405273438,9.59850788116455,362.6789245605469,122.7257308959961,124.70785522460938,39.28375244140625,372.29998779296875,44.560001373291016,73.52999877929688,86.97107696533203,72.60172271728516,123354.8671875,4527.64794921875
2025-10-09,253.55670166015625,520.2366943359375,192.54885864257812,227.74000549316406,241.2023162841797,732.2852783203125,435.5400085449219,302.6093444824219,111.18987274169922,188.87039184570312,618.0860595703125,160.03216552734375,9.588703155517578,360.11846923828125,121.67339324951172,124.06073760986328,38.9796028137207,365.42999267578125,44.709999084472656,72.51000213623047,86.90287017822266,72.55284118652344,121705.5859375,4369.1435546875
2025-10-10,244.80340576171875,508.84405517578125,183.139892578125,216.3699951171875,236.2490692138672,704.1223754882812,413.489990234375,298.0137023925781,109.04307556152344,188.51455688476562,601.4051513671875,155.66799926757812,9.62791919708252,351.8714904785156,117.98030853271484,122.53118133544922,38.04754638671875,369.1199951171875,45.43000030517578,69.38999938964844,88.30609893798828,72.83628845214844,113214.3671875,3843.0087890625
2025-10-11,,,,,,,,,,,,,,,,,,,,,,,110807.8828125,3750.611572265625
2025-10-12,,,,,,,,,,,,,,,,,,,,,,,115169.765625,4164.427734375
2025-10-13,247.18885803222656,511.9212646484375,188.29933166503906,220.07000732421875,243.81875610351562,714.5050048828125,435.8999938964844,305.0260314941406,110.53006744384766,188.6924591064453,610.7794189453125,158.21292114257812,9.62791919708252,355.880859375,120.41259002685547,123.23712921142578,38.61659240722656,378.0899963378906,47.2599983215332,70.27999877929688,88.25737762451172,72.9535903930664,115271.078125,4245.4677734375
2025-10-14,247.29864501953125,511.4432067871094,180.01022338867188,216.38999938964844,245.1169891357422,707.466796875,429.239990234375,299.19232177734375,110.57930755615234,188.64305114746094,609.8350830078125,158.18309020996094,9.647529602050781,358.6000671386719,121.53440856933594,124.52156066894531,38.57735061645508,380.7900085449219,46.79999923706055,69.0,88.53996276855469,73.06109619140625,113118.6640625,4125.412109375
2025-10-15,248.8656463623047,511.3038330078125,179.8102569580078,215.57000732421875,250.68942260742188,716.3519287109375,435.1499938964844,302.767822265625,109.90966796875,188.9593505859375,612.3401489257812,158.84915161132812,9.637723922729492,359.0962829589844,122.04072570800781,126.25702667236328,38.920738220214844,387.3900146484375,48.33000183105469,68.98999786376953,88.3450698852539,73.01222229003906,110783.1640625,3987.45947265625
2025-10-16,246.979248046875,509.4913330078125,181.7900390625,214.47000122070312,251.1188507080078,710.881103515625,428.75,295.6861572265625,108.95445251464844,189.8983612060547,608.4830322265625,157.65621948242188,9.67694091796875,354.92816162109375,120.4721450805664,125.88443756103516,39.07771682739258,396.45001220703125,49.16999816894531,67.80999755859375,89.0077133178711,73.2859115600586,108186.0390625,3894.75439453125
2025-10-17,251.81002807617188,511.4532165527344,183.19989013671875,213.0399932861328,252.9563446044922,715.7229614257812,439.30999755859375,294.7155456542969,110.53006744384766,190.9856414794922,611.7039794921875,158.3520965576172,9.657334327697754,355.5533447265625,120.44236755371094,126.69823455810547,39.0580940246582,388.989990234375,46.9900016784668,67.9800033569336,88.87127685546875,73.18815612792969,106467.7890625,3832.558837890625
2025-10-18,,,,,,,,,,,,,,,,,,,,,,,107198.265625,3890.34619140625
2025-10-19,,,,,,,,,,,,,,,,,,,,,,,108666.7109375,3984.649658203125
2025-10-20,261.7411193847656,514.6498413085938,182.6199493408203,216.47999572753906,256.2019348144531,730.947509765625,447.42999267578125,299.4696350097656,110.9830551147461,191.4798583984375,618.235107421875,160.13156127929688,9.66713809967041,359.2153625488281,122.10028839111328,127.96305847167969,39.43091583251953,403.1499938964844,47.720001220703125,67.83000183105469,89.21235656738281,73.2859115600586,110588.9296875,3980.76025390625
2025-10-21,262.2701110839844,515.5162963867188,181.14010620117188,222.02999877929688,250.12020874023438,732.0457153320312,442.6000061035156,294.25,110.99291229248047,189.66114807128906,618.2550048828125,160.15145874023438,9.686746597290039,360.6742248535156,122.36833190917969,127.61007690429688,39.126773834228516,377.239990234375,43.790000915527344,68.2699966430664,89.65084838867188,73.3738784790039,108476.890625,3876.76416015625
2025-10-22,257.9583435058594,518.3843383789062,180.2602081298828,217.9499969482422,251.34854125976562,732.1854248046875,438.9700012207031,291.29852294921875,112.96244049072266,190.70889282226562,614.9645385742188,159.1275177001953,9.686746597290039,358.1435852050781,120.82954406738281,128.15916442871094,39.087528228759766,377.2799987792969,43.880001068115234,70.62999725341797,89.7093276977539,73.3738784790039,107688.5859375,3808.122314453125
2025-10-23,259.0861511230469,518.404296875,182.13999938964844,221.08999633789062,252.73666381835938,732.7744750976562,448.9800109863281,291.72442626953125,114.21309661865234,190.2443084716797,618.5631713867188,160.20114135742188,9.657334327697754,360.8727111816406,122.31869506835938,128.03170776367188,39.342613220214844,378.7900085449219,44.18000030517578,73.29000091552734,89.09539794921875,73.22725677490234,110069.7265625,3856.0263671875
2025-10-24,262.32000732421875,521.441650390625,186.23953247070312,224.2100067138672,259.5673828125,737.127197265625,433.7200012207031,297.5679931640625,113.632080078125,188.1982421875,623.4739990234375,161.48355102539062,9.66713809967041,362.39111328125,123.12283325195312,128.44349670410156,39.479976654052734,377.5199890136719,43.9900016784668,73.18000030517578,89.13439178466797,73.32499694824219,111033.921875,3934.5673828125
2025-10-25,,,,,,,,,,,,,,,,,,,,,,,111641.7265625,3953.470947265625
2025-10-26,,,,,,,,,,,,,,,,,,,,,,,114472.4453125,4157.9892578125
2025-10-27,268.2986145019531,529.3189697265625,191.46897888183594,226.97000122070312,268.9046630859375,749.5663452148438,452.4200134277344,301.2425231933594,114.1737060546875,188.0994110107422,631.1384887695312,163.34255981445312,9.67694091796875,364.117919921875,123.67878723144531,128.77685546875,39.784114837646484,367.010009765625,42.400001525878906,73.12000274658203,89.43647766113281,73.36408996582031,114119.328125,4120.1220703125
2025-10-28,268.4882507324219,539.8251953125,201.0079345703125,229.25,267.1071472167969,750.1853637695312,460.54998779296875,302.44097900390625,113.2775650024414,184.76837158203125,632.5897827148438,163.50160217285156,9.67694091796875,360.47576904296875,122.55696105957031,126.19819641113281,39.764495849609375,364.3800048828125,42.70000076293945,71.38999938964844,89.67034912109375,73.4031982421875,112956.1640625,3982.262451171875
2025-10-29,269.1869201660156,539.3073120117188,207.01727294921875,230.3000030517578,274.197509765625,750.4149169921875,461.510009765625,302.5895690917969,114.6759262084961,184.44219970703125,632.5599975585938,163.34255981445312,9.62791919708252,358.1138000488281,121.5443344116211,122.99201202392578,39.55846405029297,363.0,43.22999954223633,71.80000305175781,88.76409149169922,73.04155731201172,110055.3046875,3903.35302734375
2025-10-30,270.8836669921875,523.582763671875,202.8677215576172,222.86000061035156,281.09814453125,665.3572387695312,440.1000061035156,306.4819641113281,112.9427490234375,186.86386108398438,626.2972412109375,161.69232177734375,9.618117332458496,355.8709411621094,120.41259002685547,123.5802993774414,39.39167404174805,370.1300048828125,44.34000015258789,71.70999908447266,88.24763488769531,72.91448211669922,108305.546875,3804.375244140625
2025-10-31,269.85565185546875,515.6656494140625,202.4677734375,244.22000122070312,280.8085021972656,647.2674560546875,456.55999755859375,308.1459045410156,112.6177749633789,186.68594360351562,627.9871826171875,162.2788543701172,9.63975715637207,357.4786376953125,121.27629852294922,123.87444305419922,39.33280563354492,368.1199951171875,44.0099983215332,72.55999755859375,87.9845199584961,72.89494323730469,109556.1640625,3847.080322265625
2025-11-01,,,,,,,,,,,,,,,,,,,,,,,110064.015625,3874.18798828125
2025-11-02,,,,,,,,,,,,,,,,,,,,,,,110639.625,3911.063232421875
2025-11-03,268.53814697265625,514.888916015625,206.85728454589844,254.0,283.3350830078125,636.645263671875,468.3699951171875,306.3928527832031,112.02691650390625,184.1061248779297,629.1005859375,162.45777893066406,9.62992000579834,356.4266662597656,120.9983139038086,123.74697875976562,39.47016143798828,368.7799987792969,43.7599983215332,72.73999786376953,87.76446533203125,72.81061553955078,106547.5234375,3602.30810546875
2025-11-04,269.5262756347656,512.2001342773438,198.66818237304688,249.32000732421875,277.1634521484375,626.2725830078125,444.260009765625,306.2937927246094,112.401123046875,184.69918823242188,621.7244262695312,160.46957397460938,9.63975715637207,352.8837585449219,119.37017822265625,123.952880859375,38.920738220214844,362.32000732421875,42.7400016784668,71.93000030517578,87.96006774902344,72.8498306274414,101590.5234375,3292.574462890625
2025-11-05,269.6260986328125,505.0597839355469,195.18858337402344,250.1999969482422,283.92425537109375,634.88818359375,462.07000732421875,308.7005615234375,111.94813537597656,183.84913635253906,624.0009155273438,161.1952667236328,9.600410461425781,354.521240234375,120.79976654052734,124.04112243652344,39.14639663696289,366.510009765625,43.650001525878906,71.02999877929688,87.00164031982422,72.64390563964844,103891.8359375,3425.171142578125
2025-11-06,269.25677490234375,495.04144287109375,188.05935668945312,243.0399932861328,284.3636779785156,617.9065551757812,445.9100036621094,310.4239501953125,112.75564575195312,184.8079071044922,617.0223388671875,159.3263397216797,9.63975715637207,351.78216552734375,119.10213470458984,123.46263122558594,38.999229431152344,366.07000732421875,43.54999923706055,70.87999725341797,87.78404235839844,72.92828369140625,101301.2890625,3312.2578125
2025-11-07,267.9592590332031,494.7626037597656,188.1293487548828,244.41000366210938,278.45172119140625,620.6719360351562,429.5199890136719,311.20635986328125,115.4342041015625,184.4125518798828,617.8673095703125,159.7140350341797,9.62992000579834,355.3151550292969,120.5019302368164,125.38438415527344,39.048282623291016,368.30999755859375,43.91999816894531,71.26000213623047,87.59822082519531,72.88905334472656,103372.40625,3435.301025390625
2025-11-08,,,,,,,,,,,,,,,,,,,,,,,102282.1171875,3400.3759765625
2025-11-09,,,,,,,,,,,,,,,,,,,,,,,104719.640625,3582.621337890625
2025-11-10,269.1781311035156,503.90460205078125,199.0281524658203,248.39999389648438,289.7064208984375,630.7052001953125,445.2300109863281,313.86077880859375,116.4189682006836,186.2312774658203,627.4603271484375,162.08001708984375,9.62992000579834,358.05426025390625,121.43513488769531,125.27652740478516,39.53883743286133,378.3800048828125,45.790000915527344,71.68000030517578,87.57865905761719,72.86945343017578,105996.59375,3568.4599609375
2025-11-11,274.99267578125,506.573486328125,193.1387939453125,249.10000610351562,290.914794921875,626.0330200195312,439.6199951171875,312.6029052734375,117.9552001953125,191.58859252929688,628.7625732421875,162.4080810546875,9.6495943069458,358.9772033691406,121.58405303955078,126.71784210205078,39.71543884277344,379.8699951171875,46.45000076293945,72.72000122070312,87.9796371459961,73.07536315917969,102997.46875,3415.2822265625
2025-11-12,273.21435546875,509.0233154296875,193.7787322998047,244.1999969482422,286.3210144042969,607.9931640625,430.6000061035156,317.34710693359375,116.32049560546875,192.14210510253906,629.1800537109375,162.49755859375,9.6495943069458,359.0367431640625,121.76274871826172,125.7177505493164,39.91166305541992,385.989990234375,48.31999969482422,69.79000091552734,88.13611602783203,73.04595184326172,101663.1875,3413.09423828125
2025-11-13,272.6948547363281,501.205810546875,186.8394775390625,237.5800018310547,278.19207763671875,608.8717041015625,401.989990234375,306.5216064453125,116.98028564453125,192.99217224121094,618.7819213867188,159.65438842773438,9.62008285522461,353.0326232910156,119.07235717773438,124.21761322021484,39.51921463012695,382.8699951171875,47.41999816894531,69.8499984741211,87.41239166259766,72.8302230834961,99697.4921875,3232.757080078125
2025-11-14,272.15533447265625,508.0672912597656,190.1491241455078,234.69000244140625,276.0350036621094,608.4424438476562,404.3500061035156,300.70770263671875,118.50015258789062,193.664306640625,618.6029663085938,159.5847930908203,9.600410461425781,352.67535400390625,118.7844467163086,124.45292663574219,39.421104431152344,375.9599914550781,45.959999084472656,71.37999725341797,86.91362762451172,72.72235870361328,94397.7890625,3103.78564453125
2025-11-15,,,,,,,,,,,,,,,,,,,,,,,95549.1484375,3166.63134765625
2025-11-16,,,,,,,,,,,,,,,,,,,,,,,94177.078125,3092.847412109375
2025-11-17,267.2099609375,505.388427734375,186.5795135498047,232.8699951171875,284.63330078125,601.0048217773438,408.9200134277344,297.4986572265625,116.90081024169922,197.2720947265625,612.9962768554688,157.9644012451172,9.610246658325195,347.3956604003906,116.62022399902344,123.46263122558594,38.989418029785156,371.6499938964844,45.470001220703125,71.30000305175781,87.12877655029297,72.7615737915039,92093.875,3024.538818359375
2025-11-18,267.19000244140625,491.74517822265625,181.340087890625,222.5500030517578,283.8943176269531,596.6920776367188,401.25,296.5478515625,118.24187469482422,197.68724060058594,607.9761352539062,156.87088012695312,9.610246658325195,347.5148010253906,116.83863067626953,123.94308471679688,38.606781005859375,374.3500061035156,46.099998474121094,72.5,87.09944152832031,72.8204116821289,92948.875,3122.97900390625
2025-11-19,268.3089294433594,485.102783203125,186.49951171875,222.69000244140625,292.4127502441406,589.3343505859375,403.989990234375,300.3709411621094,116.572998046875,200.168212890625,610.2724609375,157.38783264160156,9.610246658325195,346.9193420410156,116.85848236083984,122.99201202392578,38.49885940551758,374.9599914550781,46.45000076293945,70.87999725341797,86.92340850830078,72.7909927368164,91465.9921875,3023.07080078125
2025-11-20,266.0010986328125,477.3404846191406,180.6201629638672,217.13999938964844,289.05731201171875,588.1663208007812,395.2300109863281,295.5277099609375,116.24517822265625,200.72174072265625,600.8583984375,154.9025421142578,9.62008285522461,341.66943359375,114.81338500976562,122.4821548461914,37.9788703918457,374.8500061035156,45.779998779296875,70.1500015258789,87.26569366455078,72.89886474609375,86631.8984375,2831.777587890625
2025-11-21,271.2361755371094,471.04486083984375,178.86036682128906,220.69000244140625,299.25347900390625,593.2578125,391.0899963378906,295.1711120605469,116.3047866821289,201.54212951660156,606.8031005859375,156.6223602294922,9.63975715637207,347.04833984375,117.66261291503906,124.46273803710938,38.371315002441406,374.2699890136719,45.29999923706055,69.30000305175781,87.5297622680664,73.07536315917969,85090.6875,2765.69921875
2025-11-22,,,,,,,,,,,,,,,,,,,,,,,84648.359375,2767.607421875
2025-11-23,,,,,,,,,,,,,,,,,,,,,,,86805.0078125,2801.676025390625
2025-11-24,275.6620788574219,472.92059326171875,182.52996826171875,226.27999877929688,318.14776611328125,612.0264282226562,417.7799987792969,295.1513366699219,115.20213317871094,203.6672821044922,616.197265625,159.0579376220703,9.659428596496582,349.09271240234375,119.15177154541016,124.80590057373047,38.5577278137207,380.20001220703125,46.630001068115234,70.41999816894531,88.02851867675781,73.2028579711914,88270.5625,2952.71337890625
2025-11-25,276.7110900878906,475.90374755859375,177.80047607421875,229.6699981689453,323.0011901855469,635.1576538085938,419.3999938964844,300.103515625,113.75180053710938,205.57713317871094,621.8238525390625,160.72802734375,9.67910385131836,353.9059143066406,121.50463104248047,125.92365264892578,38.881492614746094,380.0799865722656,46.66999816894531,69.25,88.25345611572266,73.36955261230469,87341.890625,2957.936279296875
2025-11-26,277.29052734375,484.3943786621094,180.24020385742188,229.16000366210938,319.5159606933594,632.5520629882812,426.5799865722656,304.6991882324219,114.01007843017578,206.46241760253906,626.128173828125,161.84144592285156,9.688939094543457,356.8236389160156,122.32862854003906,126.48252868652344,39.303375244140625,383.1199951171875,48.400001525878906,70.04000091552734,88.64466857910156,73.44800567626953,90518.3671875,3027.81201171875
2025-11-27,,,,,,,,,,,,,,,,,,,,,,,91285.375,3014.542236328125
2025-11-28,278.5893249511719,490.88958740234375,176.98056030273438,233.22000122070312,319.7456359863281,646.8681640625,430.1700134277344,310.0871887207031,115.1524658203125,205.8258056640625,629.4981689453125,162.74609375,9.700780868530273,359.0764465332031,123.03348541259766,126.88453674316406,39.44072723388672,387.8800048828125,51.209999084472656,71.06999969482422,88.22412872314453,73.330322265625,90919.265625,3032.304443359375
2025-11-29,,,,,,,,,,,,,,,,,,,,,,,90851.7578125,2991.685302734375
2025-11-30,,,,,,,,,,,,,,,,,,,,,,,90394.3125,2992.112548828125
2025-12-01,282.8353576660156,485.6315612792969,179.90025329589844,233.8800048828125,314.46282958984375,639.7999267578125,430.1400146484375,305.96697998046875,115.8577651977539,204.254150390625,626.2276000976562,161.84144592285156,9.661307334899902,356.4465637207031,122.1797103881836,125.38438415527344,39.303375244140625,389.75,52.52000045776367,71.05999755859375,87.1258544921875,73.0440673828125,86321.5703125,2800.18896484375
2025-12-02,285.9224548339844,488.8841552734375,181.44007873535156,234.4199981689453,315.38153076171875,646.01953125,429.239990234375,304.9368896484375,114.61603546142578,204.333740234375,627.7783813476562,162.16949462890625,9.671175956726074,356.3175048828125,121.91165924072266,125.01180267333984,39.421104431152344,387.239990234375,53.130001068115234,70.19999694824219,87.16510009765625,73.1129150390625,91350.203125,2997.939697265625
2025-12-03,283.8843688964844,476.64208984375,179.57028198242188,232.3800048828125,319.19635009765625,638.5320434570312,446.739990234375,309.1462707519531,117.02001953125,204.2442169189453,629.6671142578125,162.85545349121094,9.681045532226562,359.12603759765625,123.17247772216797,125.32555389404297,39.53883743286133,386.8800048828125,53.06999969482422,70.66000366210938,87.41047668457031,73.22114562988281,93527.8046875,3191.57177734375
2025-12-04,280.4375915527344,479.7449951171875,183.37008666992188,229.11000061035156,317.1890869140625,660.425537109375,454.5299987792969,313.07830810546875,116.36438751220703,201.40928649902344,630.3928833007812,163.09402465820312,9.661307334899902,359.9299011230469,123.78799438476562,125.03141021728516,39.627140045166016,387.1300048828125,51.7599983215332,71.38999938964844,86.93936920166016,73.08341217041016,92141.625,3134.31640625
2025-12-05,278.5193786621094,482.0597229003906,182.40013122558594,229.52999877929688,320.8341064453125,672.2955932617188,455.0,312.0284729003906,115.76836395263672,200.8621826171875,631.7051391601562,163.38230895996094,9.651437759399414,360.1383361816406,123.82769775390625,124.88433837890625,39.69581604003906,386.44000244140625,52.95000076293945,71.91999816894531,86.53695678710938,72.994873046875,89387.7578125,3024.432861328125
2025-12-06,,,,,,,,,,,,,,,,,,,,,,,89272.375,3040.207763671875
2025-12-07,,,,,,,,,,,,,,,,,,,,,,,90405.640625,3061.3017578125
2025-12-08,277.6302185058594,489.9018249511719,185.5399627685547,226.88999938964844,313.49932861328125,665.6866455078125,439.5799865722656,312.1968078613281,115.21207427978516,200.5538330078125,629.5677490234375,162.8455047607422,9.631701469421387,358.6298522949219,123.3313217163086,123.90385437011719,39.627140045166016,385.4200134277344,52.709999084472656,70.48999786376953,86.25233459472656,72.88665771484375,90640.203125,3125.197998046875
2025-12-09,276.9208679199219,490.8995361328125,184.95999145507812,227.9199981689453,316.85693359375,655.8631591796875,445.1700134277344,297.6373596191406,117.467041015625,198.90261840820312,629.0210571289062,162.69638061523438,9.621833801269531,358.05426025390625,123.25189971923828,123.48225402832031,39.53883743286133,387.3999938964844,55.16999816894531,69.86000061035156,86.34066772460938,72.83748626708984,92691.7109375,3321.114990234375
2025-12-10,278.5193786621094,477.4701843261719,183.77005004882812,231.77999877929688,319.9847412109375,649.0444946289062,451.45001220703125,307.1455383300781,118.74849700927734,205.44781494140625,633.28564453125,163.92906188964844,9.651437759399414,362.5995178222656,125.21757507324219,123.88424682617188,39.990150451660156,389.04998779296875,56.06999969482422,70.54000091552734,86.67436981201172,73.05390167236328,92020.9453125,3325.39013671875
2025-12-11,277.77008056640625,482.3690185546875,180.92019653320312,230.27999877929688,312.210205078125,651.6201782226562,446.8900146484375,314.3460693359375,118.74849700927734,208.8994598388672,634.6077880859375,164.42611694335938,9.651437759399414,365.49737548828125,126.63722229003906,124.42351531982422,40.068641662597656,393.239990234375,57.619998931884766,69.25,86.55659484863281,73.05390167236328,92511.3359375,3237.056884765625
2025-12-12,278.0198669433594,477.4402770996094,175.01052856445312,226.19000244140625,309.07244873046875,643.1543579101562,458.9599914550781,315.47515869140625,118.03326416015625,210.46116638183594,627.8778076171875,162.59695434570312,9.621833801269531,361.7261657714844,124.9395980834961,124.28624725341797,39.83317184448242,395.44000244140625,56.099998474121094,68.80999755859375,85.72232818603516,72.82763671875,90270.4140625,3084.172607421875
2025-12-13,,,,,,,,,,,,,,,,,,,,,,,90298.7109375,3116.6953125
2025-12-14,,,,,,,,,,,,,,,,,,,,,,,88175.1796875,3060.5947265625
2025-12-15,273.8537292480469,473.73870849609375,176.28045654296875,222.5399932861328,308.003173828125,646.9561157226562,475.30999755859375,316.9608459472656,116.98028564453125,213.03746032714844,626.9732055664062,162.22914123535156,9.631701469421387,361.6666564941406,124.25459289550781,124.69804382324219,39.950904846191406,395.79998779296875,58.11000061035156,67.88999938964844,85.7812271118164,72.91616821289062,86419.78125,2964.18310546875
2025-12-16,274.353271484375,475.3051452636719,177.71038818359375,222.55999755859375,306.3543395996094,656.587890625,489.8800048828125,312.5335388183594,113.9206771850586,208.19322204589844,625.5018920898438,161.8314971923828,9.641570091247559,359.4039306640625,123.629150390625,123.78619384765625,39.686004638671875,395.8900146484375,57.72999954223633,66.16999816894531,86.25233459472656,73.05390167236328,87843.984375,2964.180908203125
2025-12-17,271.58587646484375,475.0357360839844,170.93075561523438,221.27000427246094,296.5112609863281,648.9443969726562,467.260009765625,311.9690246582031,116.63260650634766,209.2177734375,618.2650146484375,160.022216796875,9.641570091247559,357.35955810546875,122.91435241699219,124.22740936279297,39.450538635253906,399.2900085449219,60.2599983215332,67.9800033569336,86.17382049560547,73.03421783447266,86143.7578125,2831.403564453125
2025-12-18,271.935546875,482.87786865234375,174.1305694580078,226.75999450683594,302.2472229003906,663.881591796875,483.3699951171875,310.0079345703125,115.76836395263672,207.2084503173828,623.17578125,161.26486206054688,9.661307334899902,358.65960693359375,123.58943176269531,123.54107666015625,39.764495849609375,398.57000732421875,59.31999969482422,67.19000244140625,86.5860366821289,73.18919372558594,85462.5078125,2827.069091796875
2025-12-19,273.4141845703125,484.8134460449219,180.98020935058594,227.35000610351562,306.9439392089844,658.2064819335938,481.20001220703125,314.17767333984375,115.91736602783203,205.27871704101562,628.6830444335938,162.70631408691406,9.641570091247559,360.1879577636719,124.80060577392578,123.11946868896484,40.01326370239258,399.0199890136719,60.93000030517578,68.02999877929688,86.26287078857422,73.08062744140625,88103.3828125,2977.970703125
2025-12-20,,,,,,,,,,,,,,,,,,,,,,,88344.0,2977.58251953125
2025-12-21,,,,,,,,,,,,,,,,,,,,,,,88621.75,3001.61376953125
2025-12-22,270.7166748046875,483.81573486328125,183.6800537109375,228.42999267578125,309.56207275390625,660.9341430664062,488.7300109863281,320.00146484375,117.3676986694336,206.22369384765625,632.7802124023438,163.86172485351562,9.641570091247559,363.1798095703125,126.09976196289062,123.7774429321289,40.253047943115234,408.2300109863281,62.470001220703125,69.7300033569336,86.07565307617188,73.06087493896484,88490.015625,3006.07373046875
2025-12-23,272.1053771972656,485.7413330078125,189.19976806640625,232.13999938964844,314.1288757324219,664.3711547851562,485.55999755859375,322.8143310546875,118.62928771972656,204.69183349609375,635.6612548828125,164.4000701904297,9.641570091247559,362.2931213378906,125.45217895507812,123.62902069091797,40.53278732299805,413.6400146484375,64.83999633789062,70.30000305175781,86.21359252929688,73.05101013183594,87414.0,2963.3740234375
2025-12-24,273.55401611328125,486.90863037109375,188.59979248046875,232.3800048828125,313.8690490722656,666.9789428710938,485.3999938964844,326.02337646484375,118.43061828613281,206.68125915527344,637.704833984375,164.91844177246094,9.661307334899902,363.3492126464844,125.73114013671875,124.50961303710938,40.542781829833984,411.92999267578125,65.22000122070312,70.19999694824219,86.73580932617188,73.22867584228516,87611.9609375,2945.590576171875
2025-12-25,,,,,,,,,,,,,,,,,,,,,,,87234.7421875,2903.57958984375
2025-12-26,273.1444091796875,486.599365234375,190.51968383789062,232.52000427246094,313.2894592285156,662.7225952148438,475.19000244140625,324.7754211425781,118.32134246826172,206.5320587158203,637.5752563476562,164.82872009277344,9.661307334899902,363.2894287109375,125.49202728271484,124.60856628417969,40.6426887512207,416.739990234375,71.12000274658203,68.4800033569336,86.45005798339844,73.22867584228516,87301.4296875,2925.74560546875
2025-12-27,,,,,,,,,,,,,,,,,,,,,,,87802.15625,2947.998291015625
2025-12-28,,,,,,,,,,,,,,,,,,,,,,,87835.8359375,2948.568115234375
2025-12-29,273.50408935546875,485.9907531738281,188.20980834960938,232.07000732421875,313.33941650390625,658.1265258789062,459.6400146484375,320.6551818847656,119.73194122314453,206.46241760253906,635.3621215820312,164.2106475830078,9.671175956726074,362.11376953125,124.84444427490234,124.85591888427734,40.542781829833984,398.6000061035156,66.01000213623047,69.61000061035156,86.77522277832031,73.33724212646484,87138.140625,2934.538330078125
2025-12-30,272.82470703125,486.3699035644531,187.52984619140625,232.52999877929688,313.6292419433594,665.3803100585938,454.42999267578125,320.3283386230469,120.18889617919922,205.81585693359375,634.494873046875,163.9315185546875,9.661307334899902,361.42633056640625,124.34629821777344,125.10327911376953,40.592735290527344,398.8900146484375,68.9800033569336,69.73999786376953,86.56829833984375,73.30763244628906,88430.1328125,2971.416748046875
2025-12-31,271.6058349609375,482.5186767578125,186.4899139404297,230.82000732421875,312.7798156738281,659.5253295898438,449.7200012207031,319.1398010253906,119.54319763183594,205.85565185546875,629.869384765625,162.69534301757812,9.674180030822754,358.0289611816406,123.1208724975586,124.06437683105469,40.49282455444336,396.30999755859375,64.41999816894531,69.16000366210938,85.87860107421875,73.1102294921875,87508.828125,2967.03759765625
2026-01-01,,,,,,,,,,,,,,,,,,,,,,,88731.984375,3000.394287109375
2026-01-02,270.75665283203125,471.8630065917969,188.83978271484375,226.5,314.9283142089844,649.8535766601562,438.07000732421875,322.36865234375,121.83790588378906,206.2535400390625,631.2051391601562,163.2336883544922,9.664277076721191,361.1473693847656,124.88429260253906,124.1435317993164,41.022342681884766,398.2799987792969,65.75,68.95999908447266,85.7505111694336,73.08062744140625,89944.6953125,3124.422607421875
2026-01-03,,,,,,,,,,,,,,,,,,,,,,,90603.1875,3125.91748046875
2026-01-04,,,,,,,,,,,,,,,,,,,,,,,91413.4921875,3140.71044921875
2026-01-05,267.0101623535156,471.773193359375,188.1098175048828,233.05999755859375,316.3173522949219,658.2264404296875,451.6700134277344,330.8468322753906,124.52996063232422,203.22959899902344,635.2225952148438,164.4299774169922,9.684081077575684,365.2820129394531,126.51820373535156,124.3612060546875,41.45194625854492,408.760009765625,69.08000183105469,70.22000122070312,86.17418670654297,73.21881103515625,93882.5546875,3226.13037109375
2026-01-06,262.1147155761719,477.4203186035156,187.22987365722656,240.92999267578125,314.1188659667969,660.0548706054688,432.9599914550781,332.90625,120.24850463867188,203.70706176757812,639.2001342773438,165.5863800048828,9.674180030822754,369.3867492675781,128.6103973388672,125.30116271972656,41.64177322387695,413.17999267578125,73.70999908447266,68.51000213623047,85.996826171875,73.21881103515625,93729.03125,3295.94677734375
2026-01-07,260.08660888671875,482.3690185546875,189.09976196289062,241.55999755859375,321.7535095214844,648.1350708007812,431.4100036621094,325.3250732421875,117.7054443359375,206.39279174804688,637.0070190429688,164.99819946289062,9.684081077575684,364.9034118652344,127.67388916015625,124.06437683105469,41.45194625854492,409.2300109863281,70.95999908447266,67.79000091552734,86.49932861328125,73.29776763916016,91308.0546875,3166.843994140625
2026-01-08,258.7978515625,477.0212097167969,185.0299835205078,246.2899932861328,325.2110595703125,645.50732421875,435.79998779296875,328.11083984375,122.09618377685547,204.6619873046875,637.0568237304688,165.0779571533203,9.664277076721191,366.46759033203125,128.54066467285156,125.19232177734375,41.461936950683594,411.489990234375,69.70999908447266,70.54000091552734,86.0657958984375,73.16944885253906,91027.125,3104.382568359375
2026-01-09,259.1275329589844,478.1885681152344,184.84999084472656,247.3800048828125,328.3388671875,652.5013427734375,445.010009765625,327.5138854980469,123.78492736816406,203.30918884277344,641.2039184570312,166.16458129882812,9.684081077575684,368.5199890136719,129.7461700439453,125.44957733154297,41.77165222167969,414.4700012207031,72.37999725341797,70.77999877929688,86.63727569580078,73.32737731933594,90513.1015625,3083.047119140625
2026-01-10,,,,,,,,,,,,,,,,,,,,,,,90386.6484375,3082.39599609375
2026-01-11,,,,,,,,,,,,,,,,,,,,,,,90827.4609375,3118.88525390625
2026-01-12,260.0067138671875,476.09332275390625,184.92999267578125,246.47000122070312,331.62652587890625,641.4207763671875,448.9599914550781,322.8377990722656,123.2087631225586,208.6110076904297,642.2705688476562,166.46365356445312,9.674180030822754,369.1476135253906,129.9952392578125,125.62767028808594,42.11134338378906,422.2300109863281,77.2300033569336,71.6500015258789,86.38109588623047,73.25829315185547,91192.9921875,3092.3251953125
2026-01-13,260.8059387207031,469.5981750488281,185.79994201660156,242.60000610351562,335.7336730957031,630.5501708984375,447.20001220703125,309.3169860839844,125.7021484375,212.5202178955078,641.0343627929688,166.16458129882812,9.684081077575684,369.4664306640625,130.07493591308594,126.3499526977539,41.94149398803711,421.6300048828125,78.5999984741211,73.4800033569336,86.52889251708984,73.3175048828125,95321.78125,3322.095458984375
2026-01-14,259.71697998046875,458.3338928222656,183.1300811767578,236.64999389648438,335.603759765625,614.9934692382812,439.20001220703125,306.30242919921875,129.33790588378906,217.39430236816406,637.6250610351562,165.4368438720703,9.703885078430176,370.2236328125,130.3738250732422,127.45812225341797,42.051395416259766,425.94000244140625,84.55999755859375,72.61000061035156,87.03140258789062,73.46556854248047,96929.328125,3354.72265625
2026-01-15,257.9685974121094,455.6200866699219,187.03988647460938,238.17999267578125,332.5458984375,620.2689208984375,438.57000732421875,307.68536376953125,128.27500915527344,218.40892028808594,639.2898559570312,165.95523071289062,9.69398307800293,371.6882019042969,131.6889190673828,128.33871459960938,42.19126510620117,423.3299865722656,83.31999969482422,71.12999725341797,87.01168823242188,73.35697937011719,95551.1875,3317.101318359375
2026-01-16,255.29112243652344,458.8127746582031,186.21990966796875,239.1199951171875,329.7678527832031,619.7194213867188,437.5,310.8789978027344,129.02996826171875,217.50372314453125,638.9210205078125,165.8954315185547,9.664277076721191,370.60223388671875,131.51954650878906,129.8624267578125,42.20125961303711,421.2900085449219,81.0199966430664,71.6500015258789,86.50918579101562,73.23854064941406,95525.1171875,3295.482177734375
2026-01-17,,,,,,,,,,,,,,,,,,,,,,,95099.921875,3308.8642578125
2026-01-18,,,,,,,,,,,,,,,,,,,,,,,93634.4296875,3281.15771484375
2026-01-19,,,,,,,,,,,,,,,,,,,,,,,92553.59375,3186.62109375
2026-01-20,246.46937561035156,453.48492431640625,178.06036376953125,231.0,321.77349853515625,603.6032104492188,419.25,301.19854736328125,129.59620666503906,217.0561065673828,625.7621459960938,162.58567810058594,9.634571075439453,364.2657775878906,129.7362060546875,127.47789764404297,41.69172668457031,437.2300109863281,85.38999938964844,71.86000061035156,85.3760986328125,72.97203826904297,88310.90625,2935.605712890625
2026-01-21,247.41848754882812,443.0986328125,183.31008911132812,231.30999755859375,328.1490173339844,612.4356689453125,431.44000244140625,300.50213623046875,132.725341796875,216.85716247558594,633.0194702148438,164.52964782714844,9.654376029968262,369.5561218261719,132.15716552734375,128.02207946777344,42.07137680053711,443.6000061035156,83.95999908447266,73.33999633789062,86.0263900756836,73.17931365966797,89376.9609375,2978.901123046875
2026-01-22,248.1178436279297,450.1126403808594,184.82998657226562,234.33999633789062,330.3074951171875,647.0759887695312,449.3599853515625,302.0840148925781,132.75514221191406,217.33462524414062,636.508544921875,165.4468231201172,9.664277076721191,370.36309814453125,132.6055145263672,126.69625854492188,42.42105484008789,451.7900085449219,87.12999725341797,71.81999969482422,86.40080261230469,73.20892333984375,89462.453125,2949.63330078125
2026-01-23,247.80812072753906,464.888916015625,187.6598358154297,239.16000366210938,327.6993103027344,658.1964721679688,449.05999755859375,296.2041015625,134.0763397216797,218.97589111328125,636.7677612304688,165.2574005126953,9.664277076721191,368.510009765625,131.1210479736328,126.93370819091797,42.66083526611328,458.0,92.91000366210938,73.94999694824219,86.63727569580078,73.28790283203125,89503.875,2953.25634765625
2026-01-24,,,,,,,,,,,,,,,,,,,,,,,89110.734375,2948.74072265625
2026-01-25,,,,,,,,,,,,,,,,,,,,,,,86572.21875,2815.90234375
2026-01-26,255.17123413085938,469.20904541015625,186.4599151611328,238.4199981689453,333.02557373046875,671.7847900390625,435.20001220703125,299.5072021484375,133.9471893310547,220.3187713623047,639.957763671875,165.95523071289062,9.674180030822754,369.8350830078125,130.7723388671875,126.75562286376953,42.8306770324707,464.70001220703125,98.33999633789062,73.4800033569336,87.05109405517578,73.37672424316406,88267.140625,2926.45703125
2026-01-27,258.0285339355469,479.485595703125,188.50979614257812,244.67999267578125,334.31463623046875,672.394287109375,430.8999938964844,298.7809143066406,135.92401123046875,223.25315856933594,642.5696411132812,166.5832977294922,9.664277076721191,370.4228820800781,130.80221557617188,126.71604919433594,43.48008346557617,476.1000061035156,101.58999633789062,75.66000366210938,86.50918579101562,73.3175048828125,89102.5703125,3022.2109375
2026-01-28,256.2002868652344,480.533203125,191.5096435546875,243.00999450683594,335.7736511230469,668.1578979492188,431.4599914550781,299.2385559082031,136.66905212402344,226.5158233642578,642.519775390625,166.4736328125,9.664277076721191,369.496337890625,130.41366577148438,125.42977905273438,43.390167236328125,494.55999755859375,105.5999984741211,76.62000274658203,86.31212615966797,73.28790283203125,89184.5703125,3006.607421875
2026-01-29,258.0385437011719,432.5128173828125,192.49957275390625,241.72999572753906,338.0120544433594,737.6784057617188,416.55999755859375,304.8598327636719,139.57965087890625,226.0880889892578,641.7023315429688,166.1845245361328,9.664277076721191,369.1077880859375,130.19448852539062,127.24044799804688,43.46010208129883,495.8999938964844,105.56999969482422,79.13999938964844,86.33182525634766,73.29776763916016,84561.5859375,2818.232666015625
2026-01-30,259.2374267578125,429.31011962890625,191.11965942382812,239.3000030517578,337.7622375488281,715.8870849609375,430.4100036621094,304.33251953125,140.4637451171875,226.0482940673828,638.9808349609375,165.26736450195312,9.697064399719238,365.5111389160156,128.79969787597656,127.3393783569336,42.8206901550293,444.95001220703125,75.44000244140625,79.5199966430664,85.84902954101562,73.26815032958984,84128.65625,2702.375244140625
2026-01-31,,,,,,,,,,,,,,,,,,,,,,,78621.1171875,2445.091796875
2026-02-01,,,,,,,,,,,,,,,,,,,,,,,76974.4453125,2267.96484375
2026-02-02,269.7575988769531,422.4058837890625,185.59996032714844,242.9600067138672,343.4482421875,705.8056640625,421.80999755859375,306.5710754394531,137.48361206054688,229.52980041503906,642.4500122070312,166.2044677734375,9.677193641662598,367.1251525878906,129.7760467529297,126.00365447998047,42.93058776855469,427.1300048828125,72.44000244140625,75.33000183105469,85.60375213623047,73.19387817382812,78688.765625,2344.356689453125
2026-02-03,269.22808837890625,410.2735595703125,180.33023071289062,238.6199951171875,339.47100830078125,691.1082763671875,421.9599914550781,313.24688720703125,142.7783203125,231.86737060546875,637.0568237304688,164.93838500976562,9.687129020690918,366.1986083984375,129.93545532226562,125.74639892578125,43.14039611816406,454.2900085449219,76.95999908447266,77.47000122070312,85.81145477294922,73.21369171142578,75633.546875,2227.558837890625
2026-02-04,276.23150634765625,413.2467956542969,174.18057250976562,232.99000549316406,332.80572509765625,668.417724609375,406.010009765625,315.654541015625,146.61276245117188,233.23011779785156,633.8269653320312,164.1508331298828,9.677193641662598,367.7428283691406,129.97532653808594,127.57684326171875,43.0904426574707,453.9700012207031,79.18000030517578,77.87999725341797,85.59385681152344,73.18397521972656,73019.703125,2143.504150390625
2026-02-05,275.6520690917969,392.7735290527344,171.87069702148438,222.69000244140625,331.0169677734375,669.63671875,397.2099914550781,308.5807800292969,145.11277770996094,236.53256225585938,626.0712280273438,162.04736328125,9.716935157775879,362.6617431640625,128.4310760498047,127.40864562988281,42.580909729003906,441.8800048828125,66.69000244140625,76.69000244140625,86.5235824584961,73.50088500976562,62702.09765625,1821.68310546875
2026-02-06,277.8599853515625,400.22650146484375,185.39996337890625,210.32000732421875,322.63287353515625,660.8941650390625,411.1099853515625,320.7584533691406,148.0631103515625,238.72093200683594,638.4225463867188,165.5166015625,9.716935157775879,371.5785827636719,132.4162139892578,129.35781860351562,43.48008346557617,455.4599914550781,70.19000244140625,76.98999786376953,86.58292388916016,73.51078033447266,70555.390625,2063.386962890625
2026-02-07,,,,,,,,,,,,,,,,,,,,,,,69281.96875,2090.54931640625
2026-02-08,,,,,,,,,,,,,,,,,,,,,,,70264.7265625,2088.762939453125
2026-02-09,274.6199951171875,412.65814208984375,190.0297088623047,208.72000122070312,324.09185791015625,676.640625,417.32000732421875,320.4599914550781,150.20880126953125,237.37806701660156,641.4730224609375,166.3340606689453,9.716935157775879,372.70440673828125,133.02394104003906,129.9316864013672,44.1194953918457,467.0299987792969,76.04000091552734,78.0199966430664,86.56314086914062,73.53058624267578,70120.78125,2103.567626953125
2026-02-10,273.67999267578125,412.328857421875,188.52978515625,206.9600067138672,318.3558654785156,670.1461791992188,425.2099914550781,316.659423828125,150.58628845214844,237.08961486816406,639.3895874023438,165.8356170654297,9.746742248535156,372.83392333984375,133.0936737060547,131.62359619140625,44.199424743652344,462.3999938964844,73.41000366210938,78.02999877929688,87.56210327148438,73.74845886230469,68793.9609375,2019.4974365234375
2026-02-11,275.5,403.4491271972656,190.0397186279297,204.0800018310547,310.7412414550781,668.1179809570312,428.2699890136719,309.2374267578125,154.52999877929688,239.58633422851562,639.3795776367188,165.7259521484375,9.7268705368042,373.5711669921875,132.75494384765625,130.94090270996094,44.51913070678711,467.6300048828125,76.55999755859375,78.88999938964844,87.09723663330078,73.59990692138672,66991.96875,1940.621337890625
2026-02-12,261.7300109863281,400.9248962402344,186.9298858642578,199.60000610351562,308.7826232910156,649.254150390625,417.07000732421875,301.09906005859375,149.92999267578125,243.25682067871094,629.4207763671875,163.08413696289062,9.766613006591797,368.1214294433594,130.3738250732422,130.73312377929688,44.079532623291016,451.3900146484375,67.7300033569336,76.37999725341797,88.25445556640625,73.93661499023438,66221.84375,1946.940673828125
2026-02-13,255.77999877929688,400.4060974121094,182.80010986328125,198.7899932861328,305.50494384765625,639.2227172851562,417.44000244140625,301.0094909667969,148.4499969482422,242.16262817382812,629.8194580078125,163.38320922851562,9.786484718322754,372.7940673828125,131.83836364746094,132.63282775878906,44.199424743652344,462.6199951171875,69.72000122070312,76.22000122070312,88.73908996582031,74.15447998046875,68857.84375,2048.52734375
2026-02-14,,,,,,,,,,,,,,,,,,,,,,,69767.625,2086.009765625
2026-02-15,,,,,,,,,,,,,,,,,,,,,,,68788.1875,1966.04296875
2026-02-16,,,,,,,,,,,,,,,,,,,,,,,68843.15625,1997.917724609375
2026-02-17,263.8800048828125,395.95623779296875,184.95999145507812,201.14999389648438,301.8075256347656,638.7431030273438,410.6300048828125,305.5661926269531,146.19000244140625,242.04327392578125,630.5571899414062,163.5526885986328,9.786484718322754,372.44537353515625,131.71881103515625,133.87950134277344,44.159461975097656,448.20001220703125,66.37000274658203,75.7300033569336,88.88745880126953,74.14458465576172,67494.21875,1992.1943359375
2026-02-18,264.3500061035156,398.69000244140625,187.96981811523438,204.7899932861328,303.1166076660156,642.6697387695312,411.32000732421875,307.2077941894531,150.67999267578125,243.6945037841797,634.0861206054688,164.4798126220703,9.776549339294434,374.746826171875,132.6752471923828,132.30630493164062,44.319313049316406,458.2799987792969,70.08999633789062,79.4000015258789,88.5511703491211,74.06535339355469,66425.3203125,1953.97412109375
2026-02-19,260.5799865722656,398.4599914550781,187.88983154296875,204.86000061035156,302.636962890625,644.2284545898438,411.7099914550781,306.48150634765625,150.97000122070312,245.60433959960938,632.3814697265625,164.13088989257812,9.776549339294434,373.860107421875,132.81472778320312,132.06884765625,44.26935958862305,459.55999755859375,71.01000213623047,81.19000244140625,88.64019012451172,74.09506225585938,66957.5234375,1948.2010498046875
2026-02-20,264.5799865722656,397.2300109863281,189.8097381591797,210.11000061035156,314.7584228515625,655.09912109375,411.82000732421875,309.20758056640625,147.27999877929688,241.2077178955078,636.797607421875,165.1078643798828,9.776549339294434,375.40435791015625,133.28297424316406,133.02859497070312,44.728939056396484,468.6199951171875,76.62000274658203,80.8499984741211,88.43248748779297,74.08515930175781,68005.421875,1969.0223388671875
2026-02-21,,,,,,,,,,,,,,,,,,,,,,,68003.765625,1973.7371826171875
2026-02-22,,,,,,,,,,,,,,,,,,,,,,,67659.390625,1957.805908203125
2026-02-23,266.17999267578125,384.4700012207031,191.53964233398438,205.27000427246094,311.2708740234375,636.7048950195312,399.8299865722656,296.1543884277344,150.75999450683594,244.5399932861328,630.1983032226562,163.2336883544922,9.796419143676758,370.4627380371094,131.0413360595703,133.0087890625,44.47916793823242,481.2799987792969,80.56999969482422,80.9000015258789,88.75887298583984,74.24361419677734,64616.73828125,1855.5028076171875
2026-02-24,272.1400146484375,389.0,192.83956909179688,208.55999755859375,310.6813049316406,638.7531127929688,409.3800048828125,295.7862243652344,149.25999450683594,246.27999877929688,635.0531005859375,164.5894775390625,9.786484718322754,374.4578857421875,132.3962860107422,133.37489318847656,44.788883209228516,474.6099853515625,79.08000183105469,80.76000213623047,88.91712188720703,74.20399475097656,64080.04296875,1852.969482421875
2026-02-25,274.2300109863281,400.6000061035156,195.54940795898438,210.63999938964844,312.67987060546875,653.1307983398438,417.3999938964844,301.75567626953125,149.05999755859375,245.1699981689453,640.2468872070312,165.87548828125,9.786484718322754,375.8427429199219,132.73501586914062,132.989013671875,45.178524017333984,473.4200134277344,80.04000091552734,79.7300033569336,88.92701721191406,74.18419647216797,67960.125,2054.6279296875
2026-02-26,272.95001220703125,401.7200012207031,184.87998962402344,207.9199981689453,307.1637878417969,656.447998046875,408.5799865722656,304.5712890625,148.5399932861328,243.47000122070312,636.8076171875,165.24742126464844,9.796419143676758,378.8216857910156,133.6217041015625,133.96853637695312,45.08860778808594,477.4800109863281,80.44999694824219,79.7699966430664,89.28307342529297,74.29312896728516,67453.7734375,2026.7926025390625
2026-02-27,264.17999267578125,392.739990234375,177.180419921875,210.0,311.54071044921875,647.62548828125,402.510009765625,298.7709655761719,152.5,248.42999267578125,634.1060791015625,164.4000701904297,9.846248626708984,377.7655944824219,132.3365020751953,134.16644287109375,45.08860778808594,483.75,84.98999786376953,81.94999694824219,89.82706451416016,74.44166564941406,65881.796875,1930.7618408203125
2026-02-28,,,,,,,,,,,,,,,,,,,,,,,66995.859375,1965.050537109375
2026-03-01,,,,,,,,,,,,,,,,,,,,,,,65738.1015625,1939.066650390625
2026-03-02,264.7200012207031,398.54998779296875,182.47012329101562,208.38999938964844,306.3043518066406,653.0009155273438,403.32000732421875,296.044921875,154.22000122070312,248.55999755859375,634.4051513671875,164.60940551757812,9.80638599395752,377.61614990234375,133.0538330078125,134.53253173828125,44.42921447753906,490.0,81.56999969482422,87.19000244140625,88.92501068115234,74.14168548583984,68775.8515625,2027.2689208984375
2026-03-03,263.75,403.92999267578125,180.04025268554688,208.72999572753906,303.3664245605469,654.5196533203125,392.42999267578125,298.7311706542969,151.8300018310547,246.75,628.4437866210938,162.9146728515625,9.796419143676758,372.305908203125,130.79226684570312,133.75086975097656,42.860652923583984,468.1400146484375,74.68000030517578,90.19999694824219,88.74639129638672,74.06222534179688,68293.6484375,1982.7689208984375
2026-03-04,262.5199890136719,405.20001220703125,183.03009033203125,216.82000732421875,302.9167785644531,667.1587524414062,405.94000244140625,297.8656311035156,149.82000732421875,245.3000030517578,633.3284912109375,164.16079711914062,9.786453247070312,374.1689758300781,131.48965454101562,133.9784393310547,43.0205078125,471.79998779296875,75.33999633789062,91.55999755859375,88.4685287475586,74.01255798339844,72710.578125,2126.50537109375
2026-03-05,260.2900085449219,410.67999267578125,183.330078125,218.94000244140625,300.6683349609375,660.0049438476562,405.54998779296875,292.0553283691406,150.75999450683594,239.6300048828125,629.7696533203125,163.0941162109375,9.756556510925293,370.8014831542969,129.44728088378906,132.74166870117188,42.45103073120117,466.1300048828125,74.2699966430664,96.30999755859375,88.11128234863281,73.84368133544922,70841.125,2071.60546875
2026-03-06,257.4599914550781,408.9599914550781,177.8103790283203,213.2100067138672,298.30999755859375,644.308349609375,396.7300109863281,288.0060729980469,151.2100067138672,240.39999389648438,621.4955444335938,160.8610382080078,9.746589660644531,366.05914306640625,126.58794403076172,131.2674102783203,42.051395416259766,473.510009765625,75.94000244140625,108.7699966430664,87.78380584716797,73.74435424804688,68136.4921875,1978.751220703125
2026-03-07,,,,,,,,,,,,,,,,,,,,,,,67272.59375,1969.4554443359375
2026-03-08,,,,,,,,,,,,,,,,,,,,,,,65969.78125,1936.604736328125
2026-03-09,259.8800048828125,409.4100036621094,182.64010620117188,213.49000549316406,306.3599853515625,646.836181640625,398.67999267578125,288.44384765625,150.44000244140625,242.58999633789062,626.7191772460938,162.24673461914062,9.776488304138184,367.5635070800781,127.93292999267578,131.4652862548828,42.30116653442383,472.5299987792969,78.26000213623047,104.33000183105469,88.54792022705078,73.95294952392578,68402.3828125,1992.938232421875
2026-03-10,260.8299865722656,405.760009765625,184.760009765625,214.3300018310547,307.0400085449219,653.510498046875,399.239990234375,287.2598876953125,148.1300048828125,243.7100067138672,625.4431762695312,161.8479766845703,9.746589660644531,364.4351501464844,127.24549102783203,131.28720092773438,42.5609245300293,477.8599853515625,80.08999633789062,105.86000061035156,87.60517883300781,73.72449493408203,69926.921875,2037.1204833984375
2026-03-11,260.80999755859375,404.8800048828125,186.02999877929688,212.64999389648438,308.70001220703125,654.2998046875,407.82000732421875,286.0560302734375,151.5800018310547,242.99000549316406,624.9447631835938,161.7183837890625,9.696761131286621,363.00048828125,127.13590240478516,129.9514617919922,42.51097106933594,476.239990234375,77.91000366210938,108.05000305175781,86.4738998413086,73.39669799804688,70204.8828125,2051.5732421875
2026-03-12,255.75999450683594,401.8599853515625,183.13999938964844,209.52999877929688,303.54998779296875,637.6340942382812,395.010009765625,281.44964599609375,153.52999877929688,242.0399932861328,615.4544677734375,159.1463623046875,9.666863441467285,356.6142272949219,124.51567840576172,129.03131103515625,41.621788024902344,466.8800048828125,76.4800033569336,118.38999938964844,86.30519104003906,73.12850189208984,70493.4609375,2073.13623046875
2026-03-13,250.1199951171875,395.54998779296875,180.25,207.6699981689453,302.2799987792969,613.1849975585938,391.20001220703125,281.996826171875,156.1199951171875,241.52000427246094,611.8058471679688,158.2591094970703,9.65689754486084,356.46478271484375,124.3662338256836,129.2588653564453,41.24213790893555,460.8399963378906,72.69000244140625,119.88999938964844,85.87848663330078,73.05896759033203,70968.265625,2092.5634765625
2026-03-14,,,,,,,,,,,,,,,,,,,,,,,71214.625,2097.086669921875
2026-03-15,,,,,,,,,,,,,,,,,,,,,,,72789.9140625,2177.476318359375
2026-03-16,252.82000732421875,399.95001220703125,183.22000122070312,211.74000549316406,305.55999755859375,627.4500122070312,395.55999755859375,284.7029724121094,157.22999572753906,243.19000244140625,618.0562744140625,159.8740997314453,9.686795234680176,360.1112365722656,125.50199890136719,130.31756591796875,42.01143264770508,460.42999267578125,73.22000122070312,115.02999877929688,86.5433578491211,73.33708953857422,74861.0859375,2351.176025390625
2026-03-17,254.22999572753906,399.4100036621094,181.92999267578125,215.1999969482422,310.9200134277344,622.6599731445312,399.2699890136719,285.42926025390625,158.80999755859375,238.11000061035156,619.6213989257812,160.3825225830078,9.696761131286621,362.3728332519531,126.6975326538086,130.8617401123047,42.181278228759766,459.2699890136719,71.66000366210938,118.83999633789062,86.78152465820312,73.48609924316406,73922.4765625,2318.053466796875
2026-03-18,249.94000244140625,391.7900085449219,180.39999389648438,209.8699951171875,307.69000244140625,615.6799926757812,392.7799987792969,286.27490234375,157.58999633789062,237.27999877929688,611.19775390625,158.21923828125,9.666863441467285,357.7798767089844,125.33262634277344,128.91256713867188,41.5318717956543,444.739990234375,68.69999694824219,121.66999816894531,86.2952651977539,73.18809509277344,71245.578125,2203.671630859375
2026-03-19,248.9600067138672,389.0199890136719,178.55999755859375,208.75999450683594,307.1300048828125,606.7000122070312,380.29998779296875,286.5037536621094,158.16000366210938,237.60000610351562,609.5529174804688,157.91018676757812,9.67682933807373,357.959228515625,125.76103210449219,128.47723388671875,41.39200210571289,426.4100036621094,65.68000030517578,117.36000061035156,86.82122039794922,73.26757049560547,69912.7890625,2137.423828125
2026-03-20,247.99000549316406,381.8699951171875,172.6999969482422,205.3699951171875,301.0,593.6599731445312,367.9599914550781,285.1009216308594,159.6699981689453,235.3699951171875,600.3416748046875,155.3979949951172,9.597103118896484,351.672607421875,122.82198333740234,124.47004699707031,40.2400016784668,413.3800048828125,61.52000045776367,121.43000030517578,85.17391204833984,72.6814956665039,70522.5859375,2146.4970703125
2026-03-21,,,,,,,,,,,,,,,,,,,,,,,68711.5234375,2076.68994140625
2026-03-22,,,,,,,,,,,,,,,,,,,,,,,67845.2109375,2053.04833984375
2026-03-23,251.49000549316406,383.0,175.63999938964844,210.13999938964844,302.05999755859375,604.0599975585938,380.8500061035156,288.4338684082031,161.1300048828125,235.4199981689453,607.2501220703125,157.3319854736328,9.626999855041504,355.986572265625,125.19314575195312,125.40999603271484,40.9900016784668,404.0400085449219,62.470001220703125,110.55999755859375,85.72962951660156,72.95962524414062,70914.859375,2152.14599609375
2026-03-24,251.63999938964844,372.739990234375,175.1999969482422,207.24000549316406,290.44000244140625,592.9199829101562,383.0299987792969,290.91119384765625,165.3800048828125,235.27000427246094,604.9772338867188,156.8235626220703,9.60706901550293,357.2618103027344,125.75106811523438,124.52999877929688,40.83000183105469,404.1300048828125,62.95000076293945,114.54000091552734,85.35253143310547,72.77090454101562,70517.859375,2155.704345703125
2026-03-25,252.6199951171875,371.0400085449219,178.67999267578125,211.7100067138672,290.92999267578125,594.8900146484375,385.95001220703125,293.91583251953125,163.25999450683594,239.92999267578125,608.27685546875,157.77061462402344,9.63696575164795,358.8160400390625,126.98645782470703,124.43000030517578,41.470001220703125,416.2900085449219,65.20999908447266,113.38999938964844,86.17618560791016,73.04902648925781,71309.8828125,2168.021484375
2026-03-26,252.88999938964844,365.9700012207031,171.24000549316406,207.5399932861328,280.9200134277344,547.5399780273438,372.1099853515625,290.1749572753906,165.42999267578125,239.24000549316406,597.6900024414062,155.06900024414062,9.587137222290039,354.5220031738281,124.96399688720703,124.33999633789062,40.459999084472656,400.6400146484375,60.77000045776367,117.26000213623047,85.45176696777344,72.62190246582031,68791.625,2059.578369140625
2026-03-27,248.8000030517578,356.7699890136719,167.52000427246094,199.33999633789062,274.3399963378906,525.719970703125,361.8299865722656,281.3998718261719,170.99000549316406,240.4499969482422,587.6799926757812,152.4199981689453,9.577170372009277,350.3399963378906,122.83000183105469,123.33000183105469,40.150001525878906,414.70001220703125,63.439998626708984,124.19999694824219,84.98535919189453,72.62190246582031,66338.375,1991.27197265625
2026-03-28,,,,,,,,,,,,,,,,,,,,,,,66319.6953125,1992.694580078125
2026-03-29,,,,,,,,,,,,,,,,,,,,,,,65954.921875,1982.5596923828125
2026-03-30,246.6300048828125,358.9599914550781,165.1699981689453,200.9499969482422,273.5,536.3800048828125,355.2799987792969,282.32513427734375,171.47000122070312,242.49000549316406,585.3699951171875,151.72000122070312,9.626999855041504,348.0199890136719,121.62999725341797,123.80999755859375,40.08000183105469,414.5799865722656,63.52000045776367,129.8300018310547,86.11664581298828,72.98943328857422,66691.4453125,2023.514892578125
2026-03-31,253.7899932861328,370.1700134277344,174.39999389648438,208.27000427246094,287.55999755859375,572.1300048828125,371.75,292.6622314453125,169.66000366210938,244.44000244140625,602.469970703125,156.22999572753906,9.680000305175781,355.760009765625,125.45999908447266,125.69000244140625,41.20000076293945,430.2900085449219,68.13999938964844,127.25,86.02733612060547,73.14836120605469,68233.3125,2104.708251953125
2026-04-01,255.6300048828125,369.3699951171875,175.75,210.57000732421875,297.3900146484375,579.22998046875,381.260009765625,293.87603759765625,160.77999877929688,244.1199951171875,606.8200073242188,157.35000610351562,9.680000305175781,357.7900085449219,126.23999786376953,126.16000366210938,41.880001068115234,437.82000732421875,68.13999938964844,124.08999633789062,85.9426498413086,73.17826080322266,68078.5546875,2138.737060546875
2026-04-02,255.9199981689453,373.4599914550781,177.38999938964844,209.77000427246094,295.7699890136719,574.4600219726562,360.5899963378906,293.1000061035156,160.69000244140625,243.0399932861328,607.5399780273438,157.61000061035156,9.6899995803833,359.17999267578125,126.77999877929688,127.87999725341797,41.61000061035156,429.4100036621094,65.79000091552734,137.9199981689453,86.47069549560547,73.33773803710938,66888.5703125,2056.8525390625
2026-04-03,,,,,,,,,,,,,,,,,,,,,,,66931.1015625,2053.38525390625
2026-04-04,,,,,,,,,,,,,,,,,,,,,,,67290.515625,2065.3515625
2026-04-05,,,,,,,,,,,,,,,,,,,,,,,68981.8984375,2108.99560546875
2026-04-06,258.8599853515625,372.8800048828125,177.63999938964844,212.7899932861328,299.989990234375,573.02001953125,352.82000732421875,295.45001220703125,163.3699951171875,240.97000122070312,610.27001953125,158.32000732421875,9.680000305175781,360.95001220703125,127.25,128.0399932861328,41.790000915527344,427.6499938964844,66.08999633789062,138.94000244140625,86.33121490478516,73.22810363769531,68859.828125,2107.761474609375
2026-04-07,253.5,372.2900085449219,178.10000610351562,213.77000427246094,305.4599914550781,575.0499877929688,346.6499938964844,297.3999938964844,163.91000366210938,238.41000366210938,610.739990234375,158.4199981689453,9.6899995803833,360.3999938964844,127.2300033569336,128.24000549316406,41.83000183105469,431.80999755859375,65.94000244140625,138.0800018310547,86.32125091552734,73.33773803710938,71940.703125,2241.806640625
2026-04-08,258.8999938964844,374.3299865722656,182.0800018310547,221.25,317.32000732421875,612.4199829101562,343.25,307.9700012207031,156.22000122070312,241.3000030517578,626.0599975585938,162.41000366210938,9.710000038146973,369.5199890136719,130.74000549316406,130.47000122070312,43.63999938964844,434.5299987792969,67.47000122070312,124.58000183105469,86.6002197265625,73.47727966308594,71123.359375,2190.33544921875
2026-04-09,260.489990234375,373.07000732421875,183.91000366210938,233.64999389648438,318.489990234375,628.3900146484375,345.6199951171875,310.3299865722656,155.0399932861328,241.30999755859375,629.9600219726562,163.30999755859375,9.710000038146973,369.2699890136719,130.8000030517578,131.47000122070312,43.599998474121094,437.9100036621094,68.38999938964844,126.95999908447266,86.38102722167969,73.5071792602539,71767.828125,2189.14404296875
2026-04-10,260.4800109863281,370.8699951171875,188.6300048828125,238.3800048828125,317.239990234375,629.8599853515625,348.95001220703125,309.8699951171875,152.50999450683594,238.4600067138672,629.3099975585938,163.0800018310547,9.699999809265137,367.3500061035156,130.33999633789062,131.7899932861328,43.650001525878906,437.1300048828125,69.08000183105469,124.81999969482422,86.17179870605469,73.39753723144531,72979.046875,2245.148681640625
2026-04-11,,,,,,,,,,,,,,,,,,,,,,,73054.2734375,2285.39013671875
2026-04-12,,,,,,,,,,,,,,,,,,,,,,,70753.40625,2192.201171875
2026-04-13,259.20001220703125,384.3699951171875,189.30999755859375,239.88999938964844,321.30999755859375,634.530029296875,352.4200134277344,313.67999267578125,152.63999938964844,237.9600067138672,635.7100219726562,164.89999389648438,9.710000038146973,371.55999755859375,132.3300018310547,132.33999633789062,43.970001220703125,435.3599853515625,68.27999877929688,128.47000122070312,86.43084716796875,73.55701446533203,74484.640625,2370.71484375
2026-04-14,258.8299865722656,393.1099853515625,196.50999450683594,249.02000427246094,332.9100036621094,662.489990234375,364.20001220703125,311.1199951171875,149.24000549316406,240.10000610351562,643.2100219726562,166.7899932861328,9.739999771118164,373.989990234375,133.30999755859375,133.55999755859375,44.31999969482422,445.0899963378906,72.04000091552734,123.8499984741211,86.88915252685547,73.7364273071289,74181.609375,2323.30859375
2026-04-15,266.42999267578125,411.2200012207031,198.8699951171875,248.5,337.1199951171875,671.5800170898438,391.95001220703125,305.92999267578125,149.00999450683594,238.6699981689453,648.3900146484375,168.05999755859375,9.720000267028809,373.8399963378906,133.41000366210938,133.69000244140625,44.36000061035156,440.4599914550781,71.83999633789062,122.58999633789062,86.51055145263672,73.63674926757812,74805.078125,2359.43701171875
2026-04-16,263.3999938964844,420.260009765625,198.35000610351562,249.6999969482422,336.0199890136719,676.8699951171875,388.8999938964844,309.95001220703125,151.97999572753906,234.5399932861328,650.0900268554688,168.5,9.710000038146973,375.1099853515625,133.97000122070312,134.9199981689453,44.380001068115234,440.0799865722656,71.23999786376953,125.83999633789062,85.96257019042969,73.52710723876953,75152.1328125,2348.64501953125
2026-04-17,270.2300109863281,422.7900085449219,201.67999267578125,250.55999755859375,341.67999267578125,688.5499877929688,400.6199951171875,310.2900085449219,146.44000244140625,234.17999267578125,657.9199829101562,170.66000366210938,9.739999771118164,380.25,136.3800048828125,137.0500030517578,44.900001525878906,445.92999267578125,73.62999725341797,116.04000091552734,86.74966430664062,73.81615447998047,77126.875,2421.07177734375
2026-04-18,,,,,,,,,,,,,,,,,,,,,,,75726.2109375,2351.1005859375
2026-04-19,,,,,,,,,,,,,,,,,,,,,,,73856.3515625,2264.9169921875
2026-04-20,273.04998779296875,418.07000732421875,202.05999755859375,248.27999877929688,337.4200134277344,670.9099731445312,392.5,316.989990234375,147.67999267578125,230.69000244140625,656.3699951171875,170.4499969482422,9.739999771118164,381.95001220703125,137.1699981689453,137.5,44.72999954223633,442.0899963378906,72.1500015258789,121.31999969482422,86.72974395751953,73.76632690429688,75872.5234375,2315.21240234375
2026-04-21,266.1700134277344,424.1600036621094,199.8800048828125,249.91000366210938,332.2900085449219,668.8400268554688,386.4200134277344,313.0,148.36000061035156,226.16000366210938,652.2100219726562,169.3300018310547,9.699999809265137,379.57000732421875,136.1300048828125,135.0500030517578,44.099998474121094,429.57000732421875,68.48999786376953,128.25,86.25150299072266,73.53707885742188,76352.7734375,2327.970458984375
2026-04-22,273.1700134277344,432.9200134277344,202.5,255.36000061035156,339.32000732421875,674.719970703125,387.510009765625,313.0199890136719,149.5,226.10000610351562,659.0399780273438,170.99000549316406,9.710000038146973,379.4800109863281,136.24000549316406,133.9600067138672,44.31999969482422,435.260009765625,70.37000274658203,129.39999389648438,86.4208755493164,73.61681365966797,78203.1015625,2376.088134765625
2026-04-23,273.42999267578125,415.75,199.63999938964844,255.0800018310547,338.8900146484375,659.1500244140625,373.7200012207031,311.69000244140625,150.52999877929688,230.64999389648438,656.3200073242188,170.25,9.699999809265137,380.45001220703125,135.72000122070312,135.3800048828125,43.95000076293945,431.0400085449219,68.37999725341797,134.72000122070312,86.23158264160156,73.48724365234375,78268.953125,2331.513916015625
2026-04-24,271.05999755859375,424.6199951171875,208.27000427246094,263.989990234375,344.3999938964844,675.030029296875,376.29998779296875,308.2799987792969,148.91000366210938,227.5,661.5800170898438,171.42999267578125,9.710000038146973,380.0799865722656,135.83999633789062,135.05999755859375,44.27000045776367,433.25,68.79000091552734,132.39999389648438,86.3909912109375,73.61681365966797,77455.3125,2315.690185546875
2026-04-25,,,,,,,,,,,,,,,,,,,,,,,77612.015625,2318.8291015625
2026-04-26,,,,,,,,,,,,,,,,,,,,,,,78657.5390625,2369.72900390625
2026-04-27,267.6099853515625,424.82000732421875,216.61000061035156,261.1199951171875,350.3399963378906,678.6199951171875,378.6700134277344,311.6300048828125,148.19000244140625,225.33999633789062,662.4000244140625,171.60000610351562,9.6899995803833,379.2099914550781,135.86000061035156,134.2899932861328,44.20000076293945,429.8900146484375,68.33000183105469,134.72000122070312,85.96257019042969,73.49720764160156,77366.625,2303.06396484375
2026-04-28,270.7099914550781,429.25,213.1699981689453,259.70001220703125,349.7799987792969,671.3400268554688,376.0199890136719,311.45001220703125,150.55999755859375,227.7899932861328,659.1599731445312,170.64999389648438,9.6899995803833,376.5799865722656,134.5,135.52000427246094,43.97999954223633,421.9100036621094,66.19999694824219,139.60000610351562,86.05224609375,73.47727966308594,76350.671875,2289.419677734375
2026-04-29,270.1700134277344,424.4599914550781,209.25,263.0400085449219,349.94000244140625,669.1199951171875,372.79998779296875,309.25,154.6699981689453,227.35000610351562,658.9000244140625,170.42999267578125,9.649999618530273,375.79998779296875,133.77000427246094,134.4499969482422,43.790000915527344,417.4100036621094,64.83999633789062,150.6300048828125,85.38470458984375,73.14836120605469,75776.1328125,2253.415771484375
2026-04-30,271.3500061035156,407.7799987792969,199.57000732421875,265.05999755859375,384.79998779296875,611.9099731445312,381.6300048828125,313.2300109863281,154.3300018310547,229.85000610351562,665.6699829101562,172.39999389648438,9.65999984741211,383.1499938964844,136.27999877929688,136.4499969482422,44.560001373291016,423.6600036621094,66.66000366210938,147.08999633789062,85.30500030517578,73.25800323486328,76304.3203125,2256.251220703125
2026-05-01,280.1400146484375,414.44000244140625,198.4499969482422,268.260009765625,385.69000244140625,608.75,390.82000732421875,312.4700012207031,152.75,227.19000244140625,667.6300048828125,172.92999267578125,9.670000076293945,382.510009765625,136.4499969482422,136.14999389648438,44.439998626708984,423.17999267578125,68.29000091552734,142.8000030517578,85.61000061035156,73.36000061035156,78179.0,2295.09375
