Date,AAPL,MSFT,NVDA,AMZN,GOOGL,META,TSLA,JPM,XOM,JNJ,VFIAX,VTSAX,VBTLX,VIMAX,VSMAX,VGSLX,VTIAX,GLD,SLV,USO,TLT,BND,BTC-USD,ETH-USD
2020-01-01,,,,,,,,,,,,,,,,,,,,,,,,
2020-01-02,,,,,,,,,,,,,,,,,,,,,,,-0.029819292162590716,-0.025930970201487602
2020-01-03,-0.009722032835241423,-0.01245184821717693,-0.01600573026818186,-0.012139034655920922,-0.005231302973139007,-0.005291217845137641,0.02963325829792085,-0.013196437109504355,-0.008039527246257228,-0.011577760914565083,-0.006950852091252013,-0.006103037058574734,0.0036100089928421397,-0.004109439194589282,-0.0027680993067308313,0.008635858614797876,-0.007957796913794835,0.013268521727000326,0.0017846928970040032,0.028883674741530863,0.015400922544853257,0.0035726657418149177,0.05145166344511276,0.053068978168561154
2020-01-04,,,,,,,,,,,,,,,,,,,,,,,0.008954866877941559,0.0066903769863495555
2020-01-05,,,,,,,,,,,,,,,,,,,,,,,8.914790612779555e-05,0.008939204731726713
2020-01-06,,,,,,,,,,,,,,,,,,,,,,,0.04829126010697582,0.05890493095145177
2020-01-07,-0.0047027634145571096,-0.009117768004910265,0.012106608763444493,0.0020916204156393725,-0.0019312989407958003,0.00216362771888412,0.03880052465815398,-0.017000726845084024,-0.008183824189532118,0.006106558699391584,-0.002703250017638381,-0.002373341952160102,-0.0018000265443610663,-0.00022641460086780807,-0.002268358170095741,-0.011688054841172746,-0.0010030581358427826,0.003935150508558971,0.013577304308457272,-0.002279614993847545,-0.004915489142024554,-0.0008314841910659343,0.050773846435889336,-0.005267778753292318
2020-01-08,0.016085692492922687,0.015928457989726974,0.0018756455317425758,-0.007808640261289357,0.007117408288972449,0.01013809497618734,0.04920482578812169,0.007801117983227579,-0.015080342983441963,-0.00013773523192073256,0.004952918339812484,0.00475787163336161,-0.0018037910518813316,0.002536676369160329,0.0025258236644993826,0.003710236580896531,0.0,-0.007501524641443713,-0.013977854982628934,-0.03579590730634363,-0.006611552150527,-0.0015459554496902728,-0.010268587535248286,-0.015924443349786155
2020-01-09,0.021240976348332108,0.012492870221992192,0.01098268706395844,0.0047991747864684076,0.010498008834077588,0.014310922565360817,-0.021945011900097344,0.003651115538397809,0.007655364372580964,0.0029661318224429856,0.006926220414695594,0.006230455020344472,0.0009033174942800759,0.005648838551916002,0.002897915090646297,-0.00015397522122684304,0.005020019562820943,-0.005651653463197515,-0.012404074898751727,-0.013428126251415096,0.003510175240609703,0.0011911813710607788,-0.024850855645838776,-0.016133093484380745
2020-01-10,0.002260887253606736,-0.004627195455880195,0.005349301082474556,-0.009410596802031268,0.006458822016190524,-0.0010994628151630437,-0.006627297633174267,-0.009968131338914166,-0.008887382869210425,-0.0022695015615940006,-0.0028771176831730028,-0.0027242933986827422,0.0018055235338310105,-0.0016178509246430606,-0.0032664837301604743,0.007856625132357964,-0.0013320158175160746,0.006026192495848015,0.010167469095418102,-0.006405118108252172,0.008891141199112385,0.001664726678857198,0.03648690303834745,0.03586560638444225
2020-01-11,,,,,,,,,,,,,,,,,,,,,,,-0.015798168776598898,-0.007200886928300676
2020-01-12,,,,,,,,,,,,,,,,,,,,,,,0.019279106453440997,0.0206176641057616
2020-01-13,,,,,,,,,,,,,,,,,,,,,,,-0.005895616628883604,-0.01129289411687917
2020-01-14,-0.013503247297912635,-0.00704311356995968,-0.01865233040645331,-0.011558211718052602,-0.006555540847611341,-0.012843163507660793,0.024882822120200876,0.011661864193406757,-0.008596038525709337,0.00562789959330523,-0.0014157737978840457,-0.0006166246452966595,0.0018032724826966273,0.0016532931338530954,0.002999733099787738,-0.003777697094882848,-0.00033113358975889184,-0.0008915435213457945,-0.00953515142221939,0.00655737089809616,0.005143721654034206,0.001425116581525554,0.08393344808628167,0.15065709666300386
2020-01-15,-0.004285445902179608,0.006476515354576939,-0.006915337077258776,-0.003969126548924895,0.006018500943307803,0.009540854662045462,-0.03610201351305786,-0.014985565089182806,-0.0015897183451971664,0.0033442196020392334,0.0018799306808658933,0.002096972429722399,0.0008997544543074554,0.002364570722620307,0.002491729417443578,0.008721145402795116,-0.0009931986231814793,0.005834242779070742,0.011431926420874206,-0.008143276056180704,0.0066313618476769864,0.0015428734267290967,-0.002350980919464507,0.0016590582058744197
2020-01-16,0.012526183259690571,0.018323352536841142,0.013682542756336957,0.00854991102959346,0.00761548431925374,0.002803531130766812,-0.009662477636014799,0.003876296455760375,-0.003907701517755657,0.008094588387496549,0.008394701847904695,0.008863792820680505,-0.0008989456239779647,0.01059212159036016,0.011560305110400071,0.008044548520992345,0.003977275921114742,-0.0015695082440052577,-0.0023794770642170393,0.00903117027267264,-0.0031505134851335104,-0.00059275916338275,-0.009449813541879348,-0.01106700566380281
2020-01-17,0.011071136191541209,0.005596613087992308,0.0014060573146152944,-0.00703966144232826,0.02024588724748333,0.001668359597335911,-0.005822894156913949,0.006921860568010585,-0.0037778678855794334,0.006545156506366778,0.0038843833832127306,0.0028065031455950518,-0.0008998579814566421,0.0016294116716497609,-0.0022118485352373707,0.0009696608025036024,0.0033016070262179564,0.0018454259925253513,0.0029814690337350847,0.0032546755066871214,-0.008547780399180693,-0.0001180319871056934,0.02352785247141642,0.038864331269726105
2020-01-18,,,,,,,,,,,,,,,,,,,,,,,0.0015422162701026476,0.02685165206055795
2020-01-19,,,,,,,,,,,,,,,,,,,,,,,-0.026452928527155417,-0.047876120324395366
2020-01-20,,,,,,,,,,,,,,,,,,,,,,,-0.005582491465413786,0.0009023502412968121
2020-01-21,,,,,,,,,,,,,,,,,,,,,,,0.010193531591149663,0.01541788519604359
2020-01-22,0.003569729652340925,-0.004804534279226003,0.00875216149619229,-0.0023995494624704516,0.0010927456448719397,-0.0005420404639282506,0.04086264444061727,-0.0011691555964273848,-0.005770816777224241,-0.0068333803995391795,0.0003262151322813711,0.0004877353812375862,0.000898654673856969,0.0007494278257333953,-0.0007434256396049443,-0.006493807925356365,0.0019927149186158566,0.0003406555206315609,0.0012019506308464933,-0.027777790763539367,0.003512890900865262,0.0008275401885788902,-0.007434180055016837,-0.008267668638293424
2020-01-23,0.004815766064948379,0.0061556853258377675,0.010995217691996295,-0.0015259112256781338,0.0005524120072888383,-0.007048540981409168,0.004635122144013071,-0.001024299459649325,-0.006251198770043098,0.001888822843657323,0.0012058718764402787,0.001097633568845069,0.001795695637436312,0.0034811757494139783,0.0008674924430609465,0.007947444703926054,-0.0036462350596732085,0.002248122121045526,-0.003001154712994447,-0.020168048639635616,0.007001450033972345,0.0017723477152522538,-0.03160514587505292,-0.03188227458323378
2020-01-24,-0.0028820558142642616,-0.010076746549921967,-0.009412555231192221,-0.012172426638861644,-0.012473701602944476,-0.008281776480838055,-0.012897603180825445,-0.024827789927523103,-0.0067396116871810685,-0.001413824161726085,-0.009017791541120146,-0.009257996837690463,0.001791343198208839,-0.009177225662592603,-0.011518471361542382,-0.0030212259117776696,-0.004324540844889202,0.005845572586286041,0.0180613621936645,-0.0197255184602233,0.008088874862909767,0.0015333388649529933,0.004629616722148233,0.0007525975197246737
2020-01-25,,,,,,,,,,,,,,,,,,,,,,,-0.00918684685986848,-0.01083857506306074
2020-01-26,,,,,,,,,,,,,,,,,,,,,,,0.027364554337216074,0.04211930401638453
2020-01-27,,,,,,,,,,,,,,,,,,,,,,,0.036407519395889265,0.016979054481661038
2020-01-28,0.02828948716372648,0.01959560540082128,0.032347939867515496,0.01362436592451366,0.013109935104735904,0.013589608356612493,0.015913383222044608,0.018177537432892077,-0.0013899842294471387,0.005042068415286094,0.010080009271129953,0.009862557973106867,-0.0017822771979232321,0.009269790521239774,0.009644327944850595,0.0037131023816470154,0.007162463980155076,-0.008926785569624784,-0.033747762902440415,0.013513478682458668,-0.007831522278414771,-0.0017606969455170596,0.05036808165148732,0.03182234945202822
2020-01-29,0.02093260852130685,0.015593239940749681,-0.009799606019198381,0.0025630978623367717,0.004274361868606524,0.024978343374795653,0.024854513769903885,-0.001487594377896917,-0.008352848007015523,0.006956132570086204,-0.0008587261230698084,-0.0011123858740933468,0.002678497157909243,-0.004191074562599928,-0.00314204242827143,-0.003921505542400228,-0.001015965820212128,0.005417872354848807,0.005514715335223519,-0.008000013563368102,0.009779244043502278,0.002822148996370455,-0.004483577295090302,-0.007484121137455557
2020-01-30,-0.001449209316822353,0.028207196443043703,0.0010996122953697007,0.006824489189870775,-0.001681703921043276,-0.06137172948719627,0.10296225866535558,0.012366847714012419,0.010606941228684885,-0.0011958842760430022,0.003306873843736291,0.0030942287924433654,0.0,0.002507221196867526,-0.00012615780563285384,0.001337006350403236,-0.00474573664067135,6.732120695107646e-05,0.016453410132496238,-0.007168452042999429,0.00013864748834757634,0.0002345983228058124,0.02064730312029206,0.05507065446349446
2020-01-31,-0.04433896235304369,-0.014758380118855774,-0.03815965650463249,0.07379135586484753,-0.014763791397997328,-0.036367040574503795,0.015230690473505337,-0.025976669678830056,-0.04121039829083095,-0.00990954993837978,-0.017635315839411136,-0.017520341880236212,0.004908521746825434,-0.016926341186478178,-0.019419809232485985,-0.012536254978137706,-0.016348795110988523,0.005792420039608892,0.008393248626320293,-0.02166062931143853,0.009129761525055846,0.0025788954480550075,-0.016664631518128026,-0.02452916937757532
2020-02-01,,,,,,,,,,,,,,,,,,,,,,,0.00452869583961979,0.019503637552609865
2020-02-02,,,,,,,,,,,,,,,,,,,,,,,-0.0051645279666768795,0.026915021164291897
2020-02-03,,,,,,,,,,,,,,,,,,,,,,,-0.005441113304621492,0.006614061907548319
2020-02-04,0.033013550325576624,0.032916588229839006,0.028294253733467167,0.022687342140775613,-0.025084263637862647,0.027621254773358528,0.13725640223576474,0.014395839471431637,-0.012514463833523726,0.009522556917254121,0.014991062951588363,0.015444063642525041,-0.0035525452280407155,0.013562127329466156,0.015031831939605222,0.010709550703283499,0.016920113847457507,-0.01300895070524588,-0.003030256791548336,-0.004766462519143921,-0.013466827211323307,-0.003049576278090438,-0.012111511652417528,-0.00323635857181348
2020-02-05,0.008154597777251471,-0.0012214641813386162,0.014688864751546848,-0.004781236737139594,0.0004428956755564428,0.001334398976279294,-0.1717583947927872,0.017000556663193,0.046022925420048155,0.015765208720351476,0.011290557032579196,0.010057354540392804,-0.0026740103844844487,0.008979810518170428,0.011420768100564915,0.0002222536476914616,0.0078096583989410995,0.0012293105482077404,0.0006078006729171026,0.024904237483914793,-0.01093466091854578,-0.001647427200569762,0.047104093835473426,0.07915243155799523
2020-02-06,0.011696924434922318,0.020733968183932028,0.01391746389959625,0.0050787328892443195,0.020690594362256176,0.0035219628075340292,0.01940931694254422,0.0001451919254122913,-0.01354983170081181,-0.002986977528083301,0.003472602569445815,0.002671667112772891,0.0008940001177368817,8.808112278813063e-05,-0.0029781443285304965,0.003777830385845782,0.004380140203712024,0.005388399719282511,0.01032807325331575,0.0037383142585096785,0.004507020014933971,0.0009432966097047135,0.012105773319493585,0.03970440884570903
2020-02-07,-0.013592608881453083,0.0014156525790858243,-0.01046207681780209,0.014169136390608683,0.0021275588870275364,0.007019350110581746,-0.001188323805631053,-0.003197368233665232,-0.006625932567355108,-0.01068211088002935,-0.005207376552405774,-0.005571263947379501,0.0035714743154589,-0.007621341026799344,-0.009832067918528087,-0.0007382022781217135,-0.008722076489532604,0.002645857569860688,-0.005411800948948997,-0.014897565253434997,0.01247708380966528,0.003060523236072532,0.006797836503646293,0.04891694034731886
2020-02-08,,,,,,,,,,,,,,,,,,,,,,,0.007061676319697785,0.0018877716176568526
2020-02-09,,,,,,,,,,,,,,,,,,,,,,,0.02549940694219166,0.02434298655714895
2020-02-10,,,,,,,,,,,,,,,,,,,,,,,-0.025706324471686526,-0.02211870728715548
2020-02-11,-0.006032927606341665,-0.022575284309036547,0.018709162094948883,0.007915025985726132,0.000927993231971902,-0.027550857930973116,0.004019260937028868,0.0018875375640496905,0.009506392040714795,0.0008560637821335426,0.0017430095569213044,0.0024176966469666716,-0.0017776477474593655,0.006310360773734924,0.006495704470309338,0.007298226599275814,0.007437150453851293,-0.0034419552752806837,-0.007826674493570773,0.0076775358080907186,-0.005040568560372938,-0.0016405175047832232,0.03567402510806805,0.055155431331365135
2020-02-12,0.02374756178908566,0.001463493359872725,0.017357828849558832,0.004277469597884664,0.005675479455041543,0.0172304273879329,-0.009155657933695438,0.0,0.012225149807480351,-0.005921420505218045,0.006474347169275418,0.006390884564534183,-0.0017809155992959402,0.006314660550283069,0.007322869762871997,0.006013646877641499,0.0050338819569446525,-0.0008127480224853212,-0.009101918852961188,0.029523849487304688,-0.005066359278886656,-0.001173878006968998,0.011541499979814906,0.12531177329455678
2020-02-13,-0.007121121600053626,-0.005413674645138866,-0.006457532214021233,-0.00468981707537619,-0.00345064366899428,0.01129267094243791,0.047843652551780025,-0.000869545015331763,-0.005549130701771987,-0.006618540640667914,-0.0012800731812998567,-0.000479169775315591,0.0008918928962757811,0.0006101897593597805,0.002217844341669384,0.006121624333997877,-0.005008668908895841,0.00569345014846645,0.007960756973298233,0.00277518333086757,0.0038362523253068215,0.0009402060928296319,-0.010814856987217514,0.010147147902660691
2020-02-14,0.00024619098900169334,0.008927293051048446,0.0702044814559748,-0.006977166077050345,0.0035283649208470713,0.0048792236302652725,-0.004937755668348531,-0.003046023486554583,-0.004595145703676251,0.0002666361893495228,0.001987321152620458,0.001798248710011885,0.0008914049841557414,0.002569465446066399,-0.0001229067129840944,0.010236203968988056,-0.0013420660295563325,0.004178427664004669,0.00607535765685796,0.010147569661333122,0.004377978875265365,0.0010569543382763502,0.009568503349817403,0.060120481598565645
2020-02-15,,,,,,,,,,,,,,,,,,,,,,,-0.0409897830477971,-0.06857045116097638
2020-02-16,,,,,,,,,,,,,,,,,,,,,,,0.004551203932625647,-0.018259692118138604
2020-02-17,,,,,,,,,,,,,,,,,,,,,,,-0.024590331529186438,0.02488976929932618
2020-02-18,,,,,,,,,,,,,,,,,,,,,,,0.0466302236506857,0.05849581534422277
2020-02-19,0.014482734933296548,0.002999080772839058,0.06113235339245704,0.006749650094826309,0.0035736507301662446,-0.0014233261249116946,0.06875580895325561,0.013639042953936809,0.0076820492815594665,-0.0013411858903615848,0.004907309944344185,0.0049172033197006915,0.0,0.0033504937396728884,0.004067949906114254,-0.013482615350613236,0.005414688582698224,0.005831221275388376,0.012933527947927237,0.02100461186456215,-6.858512110097248e-05,-0.00011732833996558334,-0.05014884351152826,-0.07867008126631714
2020-02-20,-0.0102591682022376,-0.015271354851237984,-0.01906571912395927,-0.007888626914309249,-0.0051676497197338245,-0.013380007966091845,-0.019631105097986157,0.0,-0.007954984423934275,-0.0038270284823983536,-0.003798620576252909,-0.002744673584804458,0.0017776477474593655,8.692050901060178e-05,0.002578272574792262,0.012012721945007687,-0.008414727821695722,0.004084659090851872,-0.005223456470052179,0.008944492403020421,0.00783317239731085,0.002459874171331977,-0.0025859164113087862,-0.006985241682689214
2020-02-21,-0.022634701448911887,-0.03161232784276169,-0.04739228568949483,-0.026533823330561868,-0.022102887857812892,-0.020505092123199953,0.0017678087791648256,-0.012219179863813157,-0.012195113799002177,0.010514159332711825,-0.010477571694275434,-0.010531713490053218,0.0026621473059593725,-0.010797806328675219,-0.011021323629799573,0.0029140773716185286,-0.004412694439113518,0.015025216397275942,0.008168103966305962,-0.010638287978706695,0.009341411066123628,0.00245351557524498,0.008114275736580634,0.029661444062387243
2020-02-22,,,,,,,,,,,,,,,,,,,,,,,-0.002401270461409255,-0.012307540639357906
2020-02-23,,,,,,,,,,,,,,,,,,,,,,,0.02704430011708836,0.04354190965516169
2020-02-24,,,,,,,,,,,,,,,,,,,,,,,-0.027642741538078885,-0.031187544424001845
2020-02-25,-0.03387195203631033,-0.016501683049096494,-0.04109343079029726,-0.018190498951138112,-0.023622056629179822,-0.01967911332857286,-0.040633739641448896,-0.04464267410226053,-0.03832526039508022,-0.008635773721863083,-0.030251383457322145,-0.030765433326466973,0.0017637417881213313,-0.0326877430815542,-0.03380965902345945,-0.026669701879910357,-0.014846152948816194,-0.017874260693127697,-0.039655203976142306,-0.03165737056179585,0.005325376908125623,0.0008130994631105892,-0.031965195740564556,-0.06560239946277657
2020-02-26,0.01586368024579743,0.012494458981553658,0.021370131314858654,0.003472315416060967,0.0029934820130839146,0.0021852881440869165,-0.026390470576789893,0.0030096278621900563,-0.02195564002414574,-0.006705654062333477,-0.0037999908709621666,-0.005419174780484259,-0.0017606364799878094,-0.011482202848045686,-0.013865067248193252,-0.01093019609320911,0.0007174607497575369,0.004370503298157802,-0.0017952591825544095,-0.020192312100935417,-0.005297167494671129,-0.0005803592502792165,-0.05579095174048332,-0.08932912521133274
2020-02-27,-0.06536854164423367,-0.0704591052376311,-0.05566577655504257,-0.048136265467272676,-0.054312485719833825,-0.037778862628060184,-0.1281458395846271,-0.041613852894860304,-0.06017744390160318,-0.031737428920336486,-0.043971218054521755,-0.04307219554862818,0.002646017488651564,-0.0397087867490965,-0.036421935515591475,-0.05331559872487468,-0.02724979619412815,0.00019483522153040944,-0.012589987288916693,-0.040235511707124805,0.010849448694985497,0.0011618199794565243,-0.0040846016176541156,0.0047550462867866905
2020-02-28,-0.000584936145336612,0.024213201938827256,0.0691609653306362,-0.0002918467224900523,0.018479785047762265,0.014334655819540298,-0.016215047800994142,-0.04333875784004926,0.03251706996577575,-0.033352240057673566,-0.008052655788155727,-0.00854098660087077,0.007314524450434234,-0.012440136259801449,-0.013062675725180717,-0.024294081199384143,-0.007003350552388321,-0.03649347478693177,-0.057073443811325064,-0.033742324408612245,0.022583218666965887,0.006612938277677172,-0.012754184897438958,3.135827774425337e-05
2020-02-29,,,,,,,,,,,,,,,,,,,,,,,-0.008411261679117432,-0.030481443479889903
2020-03-01,,,,,,,,,,,,,,,,,,,,,,,-0.0043089307085921735,-0.003993269846346403
2020-03-02,,,,,,,,,,,,,,,,,,,,,,,0.03587941221856461,0.05297141408109862
2020-03-03,-0.031759414926723184,-0.04791912172385826,-0.038128840581617585,-0.023009811402324054,-0.035056721789838985,-0.053705945152251355,0.0025416095259802596,-0.03752455480299077,-0.047884240012462054,-0.03163845761882733,-0.028035918211942734,-0.02686761429877227,0.007887747677194357,-0.021868345730754468,-0.02258055342912746,-0.002478056466098888,-0.010233778278272654,0.031434333360162325,0.02956298365950194,-0.003024166606901746,0.015525846755356731,0.006009431098346951,-0.009231886844013548,-0.026413474337024234
2020-03-04,0.046384339765774385,0.03671502792235648,0.07002883726751774,0.03501322901563819,0.032802117258411645,0.031577736909551346,0.0053520173720666975,0.024708934652180936,0.021832532165582785,0.058190056185742245,0.042223925381185134,0.04040423357012268,-0.0017386724860108949,0.03721313554471273,0.0323435672683734,0.038276274198957516,0.025849359241538084,0.0017545277375516921,0.0043695189028720716,-0.003033436360370123,-0.010618149325885007,-0.0002298283680983726,-0.0037028710724991143,0.00017081878207236834
2020-03-05,-0.032436643261797626,-0.025095542505112478,-0.039436176279310176,-0.026216794314283476,-0.048378700196308966,-0.03436584002508558,-0.033302230445070524,-0.04906094615369894,-0.04406732565603377,-0.01024515083530042,-0.03371504995226238,-0.033527517272257557,0.005226299381775101,-0.03209651807146985,-0.03512795662037016,-0.022807137471639427,-0.01979850471135458,0.021600945458936538,0.013051527811134278,-0.02535497045689028,0.02489133208256944,0.0037918265891843106,0.03695117168590434,0.02115738673549905
2020-03-06,-0.013279986443735736,-0.028267234531608953,-0.02652864554212253,-0.011922924014239333,-0.014466670746652643,-0.022033980933676256,-0.029066704869448956,-0.051680378775122104,-0.04829348936461597,0.0001408049953748325,-0.016999250438886615,-0.01781421955894713,0.007798790026361857,-0.023686157490997894,-0.02066362281087719,-0.016376033452645045,-0.018362046720321268,0.00038096105467699815,-0.007361898006223777,-0.09157129509671458,0.05204428483404966,0.006868387832745126,0.004822595830994203,0.06218529788383864
2020-03-07,,,,,,,,,,,,,,,,,,,,,,,-0.02330399860322019,-0.023292079775564356
2020-03-08,,,,,,,,,,,,,,,,,,,,,,,-0.08999349283790192,-0.15624784288366522
2020-03-09,,,,,,,,,,,,,,,,,,,,,,,-0.022751484424786028,0.006464088036532978
2020-03-10,0.0720216016997981,0.06838403423003747,0.06372214162292833,0.05065506668458686,0.04884056767944478,0.05126867459811901,0.061398023823663106,0.07769679941351493,0.03702814598420123,0.0381120298608737,0.04936990211106074,0.047203308646363684,-0.012908335197821308,0.04504643112461171,0.03711352392589751,0.04326035465178246,0.030425967637701667,-0.02110133630677158,-0.009445879793677281,0.11042941599661416,-0.05125781965660903,-0.013444553586466124,-0.0017561412564156553,-0.0060354861869905685
2020-03-11,-0.03473021728420633,-0.04530191209278478,-0.05595970560300412,-0.03750889642974897,-0.050401100326357806,-0.04461534385328714,-0.017200452670558586,-0.047070356886553255,-0.03294177211572691,-0.0694719283351789,-0.04874106333607875,-0.05086878067623768,-0.0061034638218118165,-0.05464507819194708,-0.06423003507176706,-0.06215883075254003,-0.0409446936210488,-0.0035603512879937016,-0.006357242892913173,-0.04143642588145724,-0.036797748913629635,-0.01893967991137213,0.00021501160000858555,-0.029380849618490856
2020-03-12,-0.09875481730606417,-0.09483870826080831,-0.12236798690829209,-0.07922082514747941,-0.0820464830142873,-0.09263387876651608,-0.11617242301113506,-0.08243025522099412,-0.1143402202796544,-0.048482573045221855,-0.09491953521299745,-0.09647166128395979,-0.009648793210149442,-0.0972130684580681,-0.10589990665752158,-0.0990272379702396,-0.10344843482301358,-0.0398882588306293,-0.06461933598763525,-0.05763690087455642,0.0061963255603316725,-0.05438503199755307,-0.37169538560117077,-0.42347221465293294
2020-03-13,0.11980844468024787,0.14216941816775064,0.11340219783332661,0.06464833687376514,0.0924115004700039,0.10234980795006399,-0.0248505535904755,0.18012509894033202,0.02528220527681868,0.0708076265447457,0.09320222967751857,0.08980068018265275,-0.005314457143338225,0.07119070987359133,0.07786536800209443,0.08792908106876074,0.054029048516434974,-0.03051623730778741,-0.06361151247985919,0.06422019552656755,-0.02260305859804057,0.04220087014813556,0.11928067241286833,0.18562727860573336
2020-03-14,,,,,,,,,,,,,,,,,,,,,,,-0.06530552710121185,-0.07429170741922175
2020-03-15,,,,,,,,,,,,,,,,,,,,,,,0.036910617960911996,0.015475962795865161
2020-03-16,,,,,,,,,,,,,,,,,,,,,,,-0.07006915676163483,-0.1166674150987117
2020-03-17,0.04397008090264398,0.08233620744567838,0.10626267451836835,0.07026613247879654,0.04199440236179042,0.023354386083172196,-0.03341046380880208,0.06111331995760372,0.06726589092272861,0.07441206516933496,0.05978579450350541,0.057748638210281866,-0.016769260550726695,0.05690130554373796,0.04992101248454106,0.060373568631791,0.03775408094139321,0.0135554799295321,-0.009999990463256836,-0.05619837055684329,-0.06668304627657118,-0.020685153098849662,0.04210793838741411,0.030169066268947553
2020-03-18,-0.024480043895139136,-0.04209565679313987,-0.06650700224690587,0.012257741060410998,-0.02403252837780756,-0.016463532178052964,-0.1603440409986845,-0.10526848096710628,-0.10024456522477632,-0.011933347655464499,-0.05178331919360424,-0.05850706581987908,-0.01615865813946271,-0.07526064767947904,-0.09622253186919494,-0.09676087485500351,-0.05783559634267077,-0.019921988429849713,-0.05639731227607614,-0.17513134734137814,-0.05641209744740128,-0.02413994759711502,0.0024512036855608432,0.007894498612091683
2020-03-19,-0.007662245489725605,0.016452918160793306,0.05004437750133861,0.027830613766863133,0.018768212633893055,0.041984039855260225,0.1838768421567878,0.016807734102649796,0.03955333744924072,-0.05861017337163388,0.004746642578724813,0.01228996267424809,-0.008211083876447534,0.015601483394200866,0.05032219464415455,0.006427775833332872,0.0034649864037206157,-0.018905499074657994,0.009812636601509661,0.14012735500354023,0.027225306594878207,-0.0006184615660659309,0.18187755736638023,0.1894040141620661
2020-03-20,-0.06348547658965231,-0.03755873670580079,-0.03390143976620352,-0.018522798541689034,-0.03909423829696124,-0.022203116360056785,-0.0002571736151377735,-0.021102133347111307,-0.04908507684831476,-0.056355779656655725,-0.04319452387203826,-0.04172352021001091,0.013799177488228676,-0.045154901082909094,-0.03900213041309819,-0.045378405648688225,0.0012371226801264346,0.014995707221804766,0.02650178434828332,-0.0800744576354595,0.07519556535852767,0.01695515196968267,0.001225199953657663,-0.02823472111521519
2020-03-21,,,,,,,,,,,,,,,,,,,,,,,-0.00221203491300348,0.0006143190364296114
2020-03-22,,,,,,,,,,,,,,,,,,,,,,,-0.05736583896317804,-0.07150768570449428
2020-03-23,,,,,,,,,,,,,,,,,,,,,,,0.10052048673231173,0.09398593784316334
2020-03-24,0.10032550484563152,0.09089560248798234,0.17156417057295092,0.019586561347294085,0.07198348968586998,0.08696822843709073,0.16281749323562988,0.11894152811558811,0.12686787510481956,0.07234104222230342,0.09398282929048896,0.09451283933530852,0.0,0.1090937012434603,0.09945097169991346,0.09108896500844788,0.0799191492918454,0.048530353360380474,0.07961003321126148,0.02049178325562906,-0.018613599112597523,0.00107196227252504,0.04963733427047878,0.028536004986446484
2020-03-25,-0.0055087192878332525,-0.009572564978309828,-0.014286742912936856,-0.027967604900146936,-0.025123597203648318,-0.029631229591660757,0.06782176450892674,0.03731796457344516,0.05220092738669968,0.0018458550522255646,0.011557865248873922,0.013935935185930726,0.0036002353286337385,0.02452583872271963,0.027463246259208818,0.051724207356961927,0.03372361012400926,-0.01368964099270864,0.01655381998948724,0.020080302058145927,-0.002271718138250556,0.013439233958204344,-0.007979552925792555,-0.01848893815284358
2020-03-26,0.052622877767510845,0.06255086116987552,0.047309142313791464,0.03693312450375408,0.05564531237900017,0.04564365475297172,-0.020565621439638027,0.06966093081036773,0.04102998942542291,0.060050477802470636,0.06242634825882254,0.0621571316918863,0.006278015666740355,0.05956289199479681,0.06074757673042397,0.07193696396694804,0.04531042914594363,0.012822223412266576,0.0014803481680629726,-0.04921259916429599,0.004921708848153017,0.0045766506554649755,0.005295181540467819,0.015901101242766114
2020-03-27,-0.04140217795083634,-0.04106047081158537,-0.01753230618706969,-0.028325389436650084,-0.04528261549161183,-0.040100179836760064,-0.026128393930185068,-0.0712394051464984,-0.048171318519747874,-0.026941689432350313,-0.03366430025795908,-0.03364106410616352,0.008912348466598274,-0.03004436643849262,-0.03400873408273952,-0.001006358933527851,-0.03250981411994902,-0.006460489804721581,-0.006651896109692412,-0.07453419031074782,0.026693188345761287,0.005373986652450924,-0.03672214358569481,-0.031971413141401506
2020-03-28,,,,,,,,,,,,,,,,,,,,,,,-0.035179534234601295,-0.022035925578709925
2020-03-29,,,,,,,,,,,,,,,,,,,,,,,-0.051288198783903005,-0.04124672033266197
2020-03-30,,,,,,,,,,,,,,,,,,,,,,,0.08574723804008189,0.05829424129056493
2020-03-31,-0.002040785347337204,-0.01572721843596203,-0.007492835530720776,-0.007245622950859176,0.013643697734333493,0.005122131224715165,0.04355446239344318,-0.037112330807952953,0.012533333600102115,-0.014134166547721372,-0.015922765703793473,-0.015068131112392691,0.003007106852469521,-0.021714103006150176,-0.010908291174455687,-0.023645515862205313,-0.004854512391816113,-0.03184668568859872,-0.008358636622543547,-0.004728127857288822,-0.008117215745977457,-0.009286189462905492,0.0013690436954885143,0.005184366716448396
2020-04-01,-0.05261711312157802,-0.03550818690655155,-0.07788334024879384,-0.02155179126735396,-0.05150814623993394,-0.043165547220805234,-0.08099239055277141,-0.06297887519695189,-0.011587793402305868,-0.01769256753757853,-0.04413997763328925,-0.04653387539061826,0.0017633993202996745,-0.04850105648006031,-0.06038694149346746,-0.06639758990769495,-0.03281596236584583,0.009456223354449733,-0.002298830079136005,0.04038006526213023,0.014010874134475548,0.005166830646932796,0.026112924097839496,0.01527757028175758
2020-04-02,0.016686799576419276,0.02070878192258019,0.051014353604124985,0.005834205106051371,0.013546838343989398,-0.00883456253999404,-0.05625466454987249,0.03733987625922297,0.0764719112130241,0.03369311105418249,0.023023523503017396,0.02055834663664413,0.000880499727861972,0.01127754820009641,0.009043558010457309,0.004755739475489351,0.016506327479677063,0.0163934225377782,0.03917044986764284,0.16666666666666674,0.006345831496914478,0.004672371087592886,0.028281287899985408,0.047145747088574996
2020-04-03,-0.014371417201095915,-0.009210262488497656,-0.04524979059975598,-0.0063788821910731874,-0.02178096605364921,-0.025349448695303756,0.05619734693587186,-0.0295576675194561,-0.029455400372370266,0.00766065524144155,-0.01500355658685315,-0.016541258720794705,0.0,-0.019371795537966308,-0.02765048411248161,-0.015060256818466788,-0.0198466077036763,0.0049374590529023266,-0.005173665647134951,0.15459881432717393,0.0023790746782823557,-0.000465085461317738,-0.008866740365705117,0.0004376869758151436
2020-04-04,,,,,,,,,,,,,,,,,,,,,,,0.01992164308903499,0.02201459263306571
2020-04-05,,,,,,,,,,,,,,,,,,,,,,,-0.011124520572645125,-0.011518742372937596
2020-04-06,,,,,,,,,,,,,,,,,,,,,,,0.0707764242948763,0.17826423737809294
2020-04-07,-0.011582157868479714,-0.010770592997860762,-0.03491070656545958,0.007013456003121421,-0.0005324688310690551,0.01981271354491465,0.05658223700690801,0.013190223432289594,0.019026496554586547,-0.01631342034719463,-0.001585992398125291,-0.00046597594257136166,0.0,0.007939435285718055,0.006347647042584503,0.008024342685889474,0.00701454842955207,-0.005354484768834378,-0.0028510308349489755,-0.07116785860003216,-0.010472858225268444,0.0009277959507598688,-0.013114627068677276,-0.023850264996428838
2020-04-08,0.02559476646888781,0.010031287839873615,0.030575732220171403,0.015609461784076739,0.020667089399383,0.03228098071002128,0.006214994497730331,0.040379301466248574,0.0632879888245288,0.042042535182684526,0.03433256766537207,0.036069823540455515,-0.0008798960945933798,0.04469481298588707,0.047756397812558804,0.06842013010887715,0.014801811838882406,-0.008907968786563414,-0.0035739951074257315,0.05500976907217425,-0.007275317234855749,0.0025491003796371814,0.02197254365887824,0.045667511481618295
2020-04-09,0.007215889125588015,6.050670768420474e-05,-0.014984140182410344,-0.00011748445832981957,-0.0003563892946315539,0.0052216240799507485,0.04402015748241661,0.08971382581399845,-0.016419742017525052,-0.01416996627995093,0.014608082208560358,0.017856912361519983,0.006167214308557378,0.027360577849540046,0.03697950955090468,0.05630495673137226,0.0115832315329496,0.026123560972308058,0.02869444650252939,-0.07262567500874206,0.0018170316910008921,0.010978807732331397,-0.004364445986660415,-0.010626600139346465
2020-04-10,,,,,,,,,,,,,,,,,,,,,,,-0.05979058460566089,-0.07256546063848213
2020-04-11,,,,,,,,,,,,,,,,,,,,,,,-0.0009336774645052337,-0.0012399681825301379
2020-04-12,,,,,,,,,,,,,,,,,,,,,,,0.016329994685138294,0.01849627417518529
2020-04-13,,,,,,,,,,,,,,,,,,,,,,,-0.018082418492216368,-0.030177461003746964
2020-04-14,0.050503395392591965,0.04948344287047113,0.05225104109182532,0.052769449861283624,0.04529039526824086,0.019337499265342784,0.09054457315006381,-0.027396010786028824,-0.007717641201741676,0.044787571305642926,0.030695144273138686,0.029981908655165368,0.0017475850947465954,0.02689932809884077,0.02267293034346718,0.029878570770769386,0.020850975387796122,0.007868093580683189,0.01736111157102349,-0.05476673231802154,-0.00024460302023887603,0.0,-0.0003812781513637953,0.008426140484949274
2020-04-15,-0.009127502781326458,-0.010477871817825335,-0.010952515855235934,0.010668695718768717,-0.006267570105015441,-0.006735153225577495,0.028088878270565276,-0.049319342051864945,-0.04595797353452591,0.01116223630301949,-0.02198382149039657,-0.02331617863839386,0.005236202026745795,-0.027967093030454415,-0.03733954041328047,-0.04070721545353695,-0.02834513880612244,-0.005101958505246418,-0.010921491575312525,-0.049356228885117814,0.026489026462896303,0.004931547088127486,-0.029275847531044064,-0.02734513160377705
2020-04-16,0.007945929888161674,0.030021236331500667,0.049352003784381315,0.043554542393708484,0.00010333691351793739,-0.004068441725468386,0.021073401625000487,-0.03810996530418842,-0.032855836597511345,0.013612311731135529,0.005794292919067967,0.004892975028636393,0.0017361436638048122,0.0010825275146773006,-0.0036364160132513756,-0.011246377715727118,-0.001286709787083451,-0.0008649946516461338,0.0013802938633260542,-0.01580128612566345,0.011357106755867985,0.0005699676596671033,0.07146740203164859,0.12310565300359055
2020-04-17,-0.013568791965712035,0.008811220612327642,-0.008076060802483465,-0.013782136130354505,0.017154112824663947,0.016964723698609685,0.011647723586206471,0.08988873755760163,0.10395948588737891,0.015701406856037936,0.02687262496052001,0.028626017855390984,-0.0025999991482881235,0.03665135211933013,0.04153631379002731,0.031925030222205386,0.024913806120271165,-0.019417471147623044,-0.02481051720695282,-0.034403690544505316,-0.013404514868729511,-0.0013681044022264555,-0.002897315751431484,-0.003013514905287895
2020-04-18,,,,,,,,,,,,,,,,,,,,,,,0.02275595669052466,0.08899759665861406
2020-04-19,,,,,,,,,,,,,,,,,,,,,,,-0.009402505352301915,-0.02835015946648367
2020-04-20,,,,,,,,,,,,,,,,,,,,,,,-0.04276646838190479,-0.05130521634525309
2020-04-21,-0.030910619383361038,-0.04135704626032133,-0.06110449191513445,-0.02736033095931456,-0.038845430251489454,-0.04174161514605812,-0.07990777996173748,-0.029004566121038744,-0.005342198472909732,-0.013121110705102912,-0.030634083175887894,-0.03050216416244511,0.0008679726236930918,-0.02872845221043485,-0.02827662101075934,-0.017535479964595146,-0.023718746917394395,-0.006825274631933054,-0.026647973937004243,-0.2506666819254557,0.012591441259282465,0.0012587860636914527,-0.00023761461322069355,0.0025568412529346496
2020-04-22,0.0288035127268107,0.03396481315002364,0.06174182848487941,0.015192527091639096,0.03815491350403444,0.06721328287469808,0.06609682849410836,0.0032565295957853735,0.028564398118664736,0.022114179510721144,0.022979851972113385,0.022429663343619177,-0.0008672199005606007,0.024215960434858852,0.01550792586174965,0.01647567644467718,0.018655102173766203,0.019670860003665247,0.015129685620714595,-0.10676155104100682,-0.010216416055613187,-0.0008002479240495353,0.034429236680519004,0.05709163292415953
2020-04-23,-0.0038752579998243553,-0.01210221703025316,-0.007478498430363856,0.015214823484082762,0.010139724717073584,0.01563517684466431,-0.03616946277907396,0.0005598689050350103,0.03133147923338808,0.016471559114220602,-0.0005026847628888387,0.0007362542121707172,0.0008679726236930918,0.0014074881984236232,0.009608853501575698,-0.009358579708575343,-0.0004261548084727451,0.00995486708021609,0.008516670281017769,0.0517928744760372,0.005308451209288023,0.001601149190632034,0.043910071328696176,0.013302836854422573
2020-04-24,0.028870053474585156,0.01825923309384314,0.01964704917041371,0.004488511186874211,0.004271674866413777,0.026684033589711387,0.02766324531628772,0.01476652901424913,0.006444239353777803,-0.004179365257305889,0.013964683306833647,0.01397688759725857,0.0008674181449086493,0.014165939786724646,0.015125902874531638,0.0037981568548703937,0.004261027780623428,-0.004285520778353313,0.0,-0.026515215484780308,0.002346841564310642,-0.0003424951572230661,0.016309658285092787,0.022743865494742277
2020-04-25,,,,,,,,,,,,,,,,,,,,,,,0.002520911948821203,0.0331772757444222
2020-04-26,,,,,,,,,,,,,,,,,,,,,,,0.014522071498782596,0.009217850433584918
2020-04-27,,,,,,,,,,,,,,,,,,,,,,,0.015069777105927384,-0.00047040529712094603
2020-04-28,-0.016209334771318473,-0.02436099177214901,-0.01925391351024408,-0.0260606110425593,-0.030113422584473803,-0.02447983849503943,-0.037095477323576875,0.007080633638068434,0.023441386402666353,-0.018795493909816385,-0.005188538131823184,-0.0037056485702342545,0.002611314322750191,0.005079437317683011,0.010001651141619217,0.008722732854799187,0.007521856889592948,-0.004456556273727319,-0.007741003264035928,-0.0273972334300725,0.011511378903654945,0.002979087907345024,0.001469741643032707,0.006037143067803674
2020-04-29,0.03284547640941815,0.0448738293069042,0.024368498495366486,0.02533616474965794,0.0889102493532572,0.0616696708795712,0.040812876924676944,0.026970589272622414,0.05537031183159047,-0.00759631527926985,0.0266061154961863,0.029041479811297455,0.0008679726236930918,0.027851061033229874,0.04312374085885451,0.015248688180330872,0.025715550300035694,0.005533445721913166,0.012765911108628014,0.056337971413949806,-0.0051891878129765034,0.0006864543752254093,0.1273180520232342,0.09350505112105334
2020-04-30,0.0210959115169409,0.010031990215077169,-0.020706447024236185,0.042689574239964,0.0033677185265899023,0.05417370859411985,-0.023272674923369818,-0.021459387406490893,-0.020859857037585416,-0.001331398617190449,-0.009203418922470563,-0.011956275210275535,0.0002603939511685027,-0.024010312647581578,-0.02909178465669149,-0.011997484832018679,-0.014961673465690994,-0.018116569301821484,-0.021008417110974453,0.06222226884629989,-0.011676904666500065,-0.0007993726357864439,-0.01618949646720247,-0.04316844161041067
2020-05-01,-0.016099392558282744,-0.02589138729124718,-0.03250299183551719,-0.07597409237648922,-0.02181635520056413,-0.011919170414140146,-0.1030337133662409,-0.02621133647256313,-0.07165923860242607,-0.011663765534647874,-0.027940730774423717,-0.02926683265758223,0.0008692733570392353,-0.03092473285453523,-0.03532570803256563,-0.035131848821959855,-0.020525615173613176,0.00617125761149806,-0.004291807432547645,-0.013598337733768617,0.00856382180298465,-0.00041246373276537796,0.023816089558295506,0.03187372256679111
2020-05-02,,,,,,,,,,,,,,,,,,,,,,,0.013968791699848548,0.005164233538947682
2020-05-03,,,,,,,,,,,,,,,,,,,,,,,-0.010138170944239966,-0.020398093365129433
2020-05-04,,,,,,,,,,,,,,,,,,,,,,,0.0017067266322232655,-0.013080637151445917
2020-05-05,0.015008683296835246,0.010735682194202179,0.008410934806873938,0.0007815221854263754,0.019744756409349806,0.008818194289324177,0.009222447764407393,-0.0015194320546711992,-0.0011143970536853232,0.00829597089356815,0.009020930833846696,0.00952258645801174,-0.0008683814897098019,0.010900493203186201,0.010102694770302012,0.004724234785153714,0.005897263517614881,0.004241037483481591,0.011619451132399927,0.09354347460351242,-0.006401050052035839,-0.000915961308455171,0.010144678859214995,-0.006723281251511781
2020-05-06,0.010317556325234678,0.009847626346501714,0.013787614184608055,0.014436139090531874,-0.002661354601665278,0.006760924256630663,0.018705825945557253,-0.0188044179257838,-0.018737267876186348,-0.009498646499458308,-0.006903093661688953,-0.006431377458483212,-0.003478826123559209,-0.009584898277670173,-0.005162216109815043,-0.018040327582776516,-0.005025230956762661,-0.012855591040204617,-0.0007178915048637879,-0.03068339564803524,-0.016135531822600746,-0.0044670359491780776,0.029511199738283755,-0.013147723734789785
2020-05-07,0.01034473957814197,0.005806922723435193,0.023775196125257914,0.006953694859791026,0.0177265497795287,0.013383166456549134,-0.003245695176505081,0.010413254695103902,0.005683012091921569,-0.0033089844934197643,0.011888887511300794,0.013377278513036606,0.0034909706032903998,0.020014255602324837,0.01832343453694074,0.01504919481913447,0.01052187471232302,0.015350754880484763,0.024425298184223232,-0.01822547055936541,0.016705526436197493,0.003221361100536946,0.07366214135771076,0.04034988409481799
2020-05-08,0.02380139058277475,0.00588241161202796,0.02502703412602658,0.005068389389295991,0.01099868856172348,0.005159735905031271,0.05048456274844226,0.01633597630828243,0.04385166924224593,0.007520815002159287,0.017079656113886843,0.019020822313146724,-0.003478826123559209,0.021993554302926155,0.03200642136428167,0.024068585603888026,0.01582670753803317,-0.006010293229887331,0.012622675218258328,0.04885198014381986,-0.013000801744702084,-0.002866481656153108,-0.010938284289408906,0.00330757754176636
2020-05-09,,,,,,,,,,,,,,,,,,,,,,,-0.025274608612654736,-0.006532882629624592
2020-05-10,,,,,,,,,,,,,,,,,,,,,,,-0.0872915214038874,-0.10869825445616221
2020-05-11,,,,,,,,,,,,,,,,,,,,,,,-0.017659566044374797,-0.014245641667949727
2020-05-12,-0.011428403487300454,-0.02265194225617928,-0.032608145997393256,-0.021606420523622827,-0.020240896715316814,-0.01444779865448298,-0.002317270311292141,-0.03267747759490447,-0.016714968935418906,-0.013211620605531493,-0.02040647640049864,-0.021735935909762527,0.0017502157957498543,-0.024627785738326025,-0.03304882056813885,-0.04647845280292573,-0.010668905756045288,0.0038890673962401756,-0.0013850072486515375,-0.009447367133617157,0.010264470225691769,0.0032301736017901206,0.023562712138033515,0.018286301098228597
2020-05-13,-0.012073810418727682,-0.01512241713642759,-0.0028834683784481063,0.004654320575239401,-0.019524636230992654,-0.023798295156977733,-0.02279437261341355,-0.03447061126506379,-0.04963750805191658,-6.800926814853891e-05,-0.01736585695134585,-0.0195130346920227,0.001746859045628879,-0.025304159477486654,-0.03353636521499803,-0.02362108617969494,-0.007465700955425869,0.00962264814750724,0.009015264476637252,-0.01764420333810579,0.00699659530154273,0.0011504296658191304,0.05287193516704303,0.05219297764835762
2020-05-14,0.006142926759915568,0.004339682162361136,0.032198008838599135,0.008838926123896362,0.006326348722116126,0.00833747414010877,0.01563919280204029,0.04153268448907088,0.008824474200805676,0.0034665007348444465,0.011769092302619244,0.011330595565840484,0.0017431167572001804,0.013648926534423289,0.009795695481742639,0.0033828877124213452,-0.004179021626615986,0.008850059782004704,0.01786943130402152,0.041262153676187685,0.009787449562544293,0.002756094172221779,0.05002535168149658,0.018855121721672363
2020-05-15,-0.005911622915977466,0.014567714289858147,0.057312283712426915,0.008761547889003296,0.011939327110327413,0.019679999238546575,-0.005178425650618879,-0.018510189366782503,-0.007092552338646807,0.01896526803086296,0.004016240128352111,0.005170943634840164,0.0,0.004561880316809708,0.011016017000005096,-0.0037801379842505867,-0.0008392159172116997,0.0056438144895878395,0.04726534702442997,0.043822778241252136,-0.0025735164701337077,0.0005728699475253674,-0.04166180495059313,-0.03609984668213273
2020-05-16,,,,,,,,,,,,,,,,,,,,,,,0.005233209039209763,0.025837796493022314
2020-05-17,,,,,,,,,,,,,,,,,,,,,,,0.03132400103227817,0.03229848650838507
2020-05-18,,,,,,,,,,,,,,,,,,,,,,,0.005773698991511145,0.035559036772175645
2020-05-19,-0.005778597443607758,-0.006922118393052457,0.006314153077618956,0.009508426590011165,-0.007782415355445549,0.01730858456627038,-0.006907343337870575,-0.019679164233629698,-0.030877625717740442,-0.009965299227842617,-0.010389288058249457,-0.010503186572258016,0.002618103541541128,-0.009083435834718045,-0.01371340106201302,-0.013742525150462703,-0.006105109916815343,0.00965020617044443,0.02406587177700814,0.00534763763764623,0.0037411065512733543,0.0012612743169924112,0.00025321252090737545,-0.005006147613569434
2020-05-20,0.019448294573542135,0.013870754353702663,0.018681386547348966,0.019846275173532213,0.0252909463482911,0.06035583911198206,0.00934395713390801,0.029998764143052137,0.03254418079802668,-0.008992457259336839,0.016819474158038306,0.017877267071863212,0.001740480663719346,0.01769726203076938,0.023746296910190035,0.009419985994811864,0.017198862206941223,0.0023742810342795018,0.011750187579539162,0.03682486083730252,0.0029942122019925854,0.00263467811149809,-0.02117954918100662,-0.015714933991157976
2020-05-21,-0.007455481904969363,-0.012011373846882,-0.021711300425915625,-0.02049693045417056,-0.0017102706529238398,0.006174684262626462,0.01476284478490908,-0.012701611896921094,-0.01785300804194323,-0.006568134967881223,-0.007707064818498366,-0.006586416641769066,0.0008692733570392353,-0.006560228003309354,0.0013732551561012052,-0.0003886461599157398,-0.00885639399553162,-0.0145763375976391,-0.024449911814275582,0.04972376563909209,0.0024973936320247248,0.0010282473459226615,-0.04633209978369557,-0.04861158117206166
2020-05-22,0.006438428742327362,0.0004361234961314242,0.02860332118680109,-0.004029821100215103,0.004613666409148953,0.015212511727967115,-0.012953077701596039,-0.007762745917101577,0.0008974465278785981,-0.00912832905210026,0.0025280227730715144,0.003176834488472835,0.0008676272844276856,0.004821456703963278,0.004724283385763028,0.014392309968922268,-0.00852985113699789,0.005916836449104457,0.005012586290047416,-0.038721829769710614,0.006015965442480731,0.00034267530492249065,0.01110086707949609,0.036449129788362455
2020-05-23,,,,,,,,,,,,,,,,,,,,,,,0.0029087652089092586,0.007362134898328376
2020-05-24,,,,,,,,,,,,,,,,,,,,,,,-0.045488748514099786,-0.03030292616887509
2020-05-25,,,,,,,,,,,,,,,,,,,,,,,0.013260696716498988,0.014574278854364575
2020-05-26,,,,,,,,,,,,,,,,,,,,,,,-0.008070322664891605,-0.016644452016541522
2020-05-27,0.004356978547773949,0.0013214201428788375,-0.022081545681840065,-0.004736042347035618,-0.0007667718903416887,-0.013178315264000484,0.0016608447192643094,0.05792100852141413,0.007187875743471128,0.00228301557662669,0.014837008969033727,0.01575247116341183,0.0,0.016900052075761618,0.024520165416032746,0.02004806969973494,0.011164448588639742,0.0018024320171106112,0.01127109257932113,-0.025720960691224315,-0.0018374770818783137,0.0004566219577235575,0.039158209254817056,0.034477666422055187
2020-05-28,0.00044021247403969177,-0.0022548508324365946,-0.004486179843849025,-0.003854151605534595,-0.0014364715812388296,-0.01606000862282342,-0.017580381620416863,-0.014895831900490708,-0.025951475762765464,0.014355140899039665,-0.001956343632612101,-0.0036096642738900897,0.0,-0.0018077136947965977,-0.015282656621940838,0.004528529920988511,0.004337307050174211,0.003350344766475555,0.00247683693326195,0.0012000274658203747,-0.0036797018580746466,0.0003421797580851482,0.037548495632866885,0.05255582341240994
2020-05-29,-0.0009741364545015063,0.010198371429017916,0.04577567786875103,0.017187950901155657,0.010774010681044333,-0.0016411906172544288,0.03622440280883765,-0.02553571347055006,0.009547077592420461,0.012111764980261563,0.004953985310295783,0.004830172857430481,0.004609424652119776,0.005382113139185796,0.0002925342091173455,-0.010368672663703005,0.0027486660700499765,0.0073584122707384125,0.029030222226725133,0.033959187007717606,0.0071415795708031915,0.002851947854208392,-0.009093976247976698,0.0037968519368642983
2020-05-30,,,,,,,,,,,,,,,,,,,,,,,0.02768159825145977,0.0982007880562834
2020-05-31,,,,,,,,,,,,,,,,,,,,,,,-0.024674768232348376,-0.046916009527802616
2020-06-01,,,,,,,,,,,,,,,,,,,,,,,0.07464386293982206,0.06934085140049451
2020-06-02,0.0046298171574448155,0.011376509953624714,0.002158196651713018,0.0005543957444538172,0.005185450459337382,0.003492679166749113,-0.018416628784101885,0.003346782772594592,0.02225521206956249,0.007201364292145573,0.008232344765491506,0.008367144101649071,0.0,0.010936424924110844,0.008678065741292595,0.00757103533970227,0.015420112421652421,-0.0064768271714218395,-0.015204691408286952,0.03241801692331858,-0.00363562351038782,0.0007984641845308893,-0.06269774820259899,-0.03956692752858926
2020-06-03,0.005504855558410071,0.002433798033920187,-0.006317445535858446,0.002422733405640143,-0.0021217424250989936,-0.01100035525518639,0.0015880436011630472,0.053977327655760465,0.04079522361359933,0.002698098135794025,0.013772224306317415,0.015147600821627139,-0.002596852475638456,0.02099946310630796,0.025236332126588046,0.03270862328196822,0.020880802422295508,-0.01845018380928054,-0.02137770825947638,0.0018471054663047326,-0.01329721198703826,-0.0022792981533712453,0.013317594606312655,0.02934109196296908
2020-06-04,-0.00861219133037272,-0.013163783818492036,0.00011419743819995887,-0.0071820481181339435,-0.01733541950139561,-0.016814356076090275,-0.021042854169221026,0.020811558010574327,-0.0028432191634486514,-0.01291621526486908,-0.0031458076008735736,-0.0032437877813767946,-0.0017363353265484882,-0.0037876660678874963,-0.0008390234799766638,-0.009672873320962894,-0.0022312321848209082,0.010526269495827023,0.003640860130926571,0.014011768031248373,-0.014478963210840079,-0.0023986366763252276,0.014903505382374727,0.0010118396234197746
2020-06-05,0.02848089610090554,0.023398364451811426,0.01750962079972518,0.009103493113018724,0.018185686830935355,0.019797523138304962,0.024618805538279664,0.04500183275299663,0.08105922787544029,0.003884966823695102,0.026215364501071425,0.026425521432357213,-0.0008698756843911193,0.026854430449474664,0.030375054069426533,0.037081768262604786,0.019008693843264535,-0.02027532426346157,-0.02055623541524154,0.049818212335760004,-0.007123525391247276,-0.00011377899104891842,-0.013785177382049874,-0.01310990485636565
2020-06-06,,,,,,,,,,,,,,,,,,,,,,,-0.0012263695520872142,0.0029405915366731428
2020-06-07,,,,,,,,,,,,,,,,,,,,,,,0.010894586827723485,0.013375413294720584
2020-06-08,,,,,,,,,,,,,,,,,,,,,,,0.0012948980117710729,0.00466071390672762
2020-06-09,0.03157790759946,0.00764484083162964,0.02737051170592797,0.030427139202305886,0.002790030644651109,0.031417531886364536,-0.009737634144336038,-0.025650019385337064,-0.022287283357668497,-0.005518931330820043,-0.0077460122021237865,-0.00950922720734615,0.002606766873272326,-0.02025524357614228,-0.021019122235754417,-0.0161800356411681,-0.009064530176773333,0.00964183116931494,-0.010247141333957543,0.001762398152325817,0.011358462416650283,0.0006866421279267954,0.0024777121338637187,-0.005677614763718863
2020-06-10,0.02572761390096545,0.03709156789080037,0.035457975264800545,0.017913292558120908,0.008691250148463503,-0.008128450013199395,0.08970205725269786,-0.040528363426009406,-0.053624678955487504,0.012606304742502683,-0.005316655896401068,-0.006948314417999146,0.0034658632787170074,-0.014330495085013939,-0.022149853407371523,-0.02603311872981695,0.00036612202182984,0.014324773012967418,0.03288666295186715,0.0003518729364879736,0.014827381179917776,0.0042293709550023095,0.007594610876882513,0.01034452659686913
2020-06-11,-0.04801063041468456,-0.053698223058339045,-0.06090710774657904,-0.03380230045218746,-0.04287573156264657,-0.05195791272388617,-0.0509341048991272,-0.08344340454666233,-0.08825278310542584,-0.04688778929033699,-0.058827247606412225,-0.06004323207436779,0.0008636697411841254,-0.06249416043108902,-0.06920489140743957,-0.06364014856765665,-0.050841237437448505,-0.007214084989501601,-0.03066029354276978,-0.07281040002125394,0.018901111717978925,-0.0018214251324675246,-0.05555301055894357,-0.06361931932262788
2020-06-12,0.008633452330953473,0.007891778058437104,0.015489616399828376,-0.005058743377937103,0.007860796443793117,0.0184913099607229,-0.03860863311078977,0.02736362232062728,0.021437763853406233,0.009086283818315444,0.013370617395773277,0.014210779564371556,-0.0017255542713286998,0.01688125719103839,0.021797644528312565,0.03615742215594264,0.015028663982730173,0.0014163170663434865,-0.009732350499663811,0.002655527056275142,-0.009641424955506461,0.0010262715954620916,0.01706353064227928,0.02499126432857568
2020-06-13,,,,,,,,,,,,,,,,,,,,,,,-0.0005871213994007585,0.005960735282637852
2020-06-14,,,,,,,,,,,,,,,,,,,,,,,-0.009338962291258746,-0.020066832171668714
2020-06-15,,,,,,,,,,,,,,,,,,,,,,,0.006808938469139436,-0.017879231889114333
2020-06-16,0.026502217400756756,0.02450526305794032,-0.011473081346914271,0.0165547312399128,0.01811029300769551,0.013548320568490979,-0.008850490655781473,0.008000235882661189,0.022486648708463397,0.02272545885560584,0.01895905998658809,0.01915228422216786,0.0008648682501282146,0.018280392610021012,0.020510713974237094,0.020284886486658493,0.013662266739989049,-0.0004928345355281749,0.0018484711948041355,0.02446255962231958,-0.015333753237070091,-0.0012507348949329922,0.009239764861221245,0.01951585350776286
2020-06-17,-0.0013915950663174748,0.003461385365143288,0.01847070475016599,0.009830663019560593,0.0041962884018940105,-0.0005092242152135995,0.009835722116904755,-0.025279529596813566,-0.032572834287965535,-0.003045611343963972,-0.0035899818534833594,-0.004536070126519687,0.0,-0.005080807544220578,-0.011946737947108321,-0.014890210248060809,0.0022462685979676156,0.0019106166939522051,0.004305024221333165,-0.013024555389019032,0.004127972982781447,0.00022800274683576482,-0.006056760681470541,-0.005920639720965681
2020-06-18,0.00039838296640537507,0.010708232758524616,-0.001948871371484695,0.004922484646629588,-0.01268115423955496,0.0017407847967936263,0.012270733625858066,-0.005428117582588654,0.006218861104174911,-0.004235640833486598,0.0005890624998197147,0.0009113696036002761,0.0017285369556556685,0.0006324319593176142,-0.00042631768015033433,-0.011164453837100186,-0.002241234183999463,-0.001968455156468263,-0.007348489883284959,0.022360655705611743,0.010587613937380613,0.0011377807169639098,-0.007216479234543938,-0.003978524779853165
2020-06-19,-0.0057146264355055765,-0.005959498226193127,0.0046917606773293485,0.007923935918584757,-0.006610341608516812,0.012079323605328929,-0.0030478518902198326,-0.011420760327639834,-0.020034016970418955,0.0029286271176198753,-0.005470846867259738,0.0,0.0008629244594395846,0.0,0.0,0.0,-0.0021069624657253927,0.011032995719469696,0.01727333142873011,0.01219075511038148,0.0008014180353246303,0.0003411745033417013,-0.013156009327927487,-0.021382380177690008
2020-06-20,,,,,,,,,,,,,,,,,,,,,,,0.004771982890003024,0.009403835282570938
2020-06-21,,,,,,,,,,,,,,,,,,,,,,,-0.0030764990320015784,-0.0012406062725255351
2020-06-22,,,,,,,,,,,,,,,,,,,,,,,0.03709174751916078,0.05914396254513776
2020-06-23,0.02134469348970658,0.00668076205844037,-0.008056214294496655,0.018641697717608263,0.009181986769912776,0.01262438485390116,0.0075025599927995845,0.012196450273761261,0.0060316758644913815,-0.003696042688883683,0.0042885001930781375,0.003896965762603566,-0.0008629244594395846,-0.0009739282823387763,0.002275208307461307,-0.0042330100833418705,0.007853480616072828,0.008419646377624934,0.01575758962920215,-0.008971712663518261,-0.0068347521229596975,-0.0004547610284736381,-0.0019753474772544743,0.0066339911121064965
2020-06-24,-0.01765210802836148,-0.020157441858583147,-0.022698374699033352,-0.010855867894827953,-0.02136628634049942,-0.033933329266080836,-0.040857298187609414,-0.03339131555447161,-0.04710925225672291,-0.021279414468436175,-0.025829667398897693,-0.026916488317114018,0.0008636697411841254,-0.030032797189928906,-0.03351007583292853,-0.028032395906384622,-0.022634549083558997,-0.0034839130582626776,-0.028639590434441864,-0.05118382132658894,0.010725944912213015,0.00011384576172046579,-0.03282025643027875,-0.03428203573727662
2020-06-25,0.013275278967930237,0.012636380647152112,0.02755663964446131,0.007380066387785211,0.005862949921378924,0.00709343177907118,0.02615401198303724,0.03486160895506285,0.015056415246026411,-0.001072949132815304,0.01099479115395785,0.011887075271548087,0.0,0.01175150098327915,0.01426868545805271,0.01241941169312022,0.00911176854679896,-0.0006027175913517757,0.019041735434119245,0.025321120515875872,0.0028828279047443672,0.001023250012633703,-0.005239308190707503,-0.01199449842812228
2020-06-26,-0.030725534423261536,-0.02001604603552265,-0.03530014079357069,-0.02240276315369638,-0.05451386386747059,-0.08316361353738855,-0.026613159231048233,-0.05481821532143505,-0.03431494543724778,-0.013317101723470781,-0.024302954780593078,-0.023891219247619944,0.002588576946618515,-0.01809555598533541,-0.021754860675911813,-0.01971833199458195,-0.013168093911732903,0.004463149702982783,0.00241103121222519,-0.02075876566283741,0.010703047683229272,0.001817700829767288,-0.010998117562784016,-0.014065340211250277
2020-06-27,,,,,,,,,,,,,,,,,,,,,,,-0.012826410118569775,-0.029208468909296514
2020-06-28,,,,,,,,,,,,,,,,,,,,,,,0.010855408054862181,0.01070764753067932
2020-06-29,,,,,,,,,,,,,,,,,,,,,,,0.005170015512075743,0.012636955023823893
2020-06-30,0.008347571924834263,0.025549027325679097,0.03236401983521686,0.029264486024190406,0.014944666227822534,0.029142469851764163,0.0698073149894527,0.011397763293474084,0.009025055328533593,0.011435672417190013,0.015476037696764644,0.015581847370953694,0.001898476835847207,0.016121055780874416,0.014071914583054568,0.012734178094897075,0.0026485309438104565,0.004440918278166173,0.021621658774749086,-0.0074284042596687305,-0.004856601154635043,0.0010194488379171585,-0.005751513982724221,-0.008237992176384878
2020-07-01,-0.0018913849061942267,0.005847498431056142,0.003395956953243129,0.043453386195574595,0.016889271557063212,0.04615320327828809,0.03687680726581788,-0.008505061595438623,-0.022584992990947517,-0.0017779697932477356,0.005033493297402103,0.00458932501539655,0.0,0.0026111810243354405,-0.0035763847700320817,0.023082511663778726,0.002641277314466617,-0.004481089931769877,-0.01116993130517474,0.010335029260400752,-0.0019417240122565627,0.0002497734942805696,0.00988532488788163,0.021202377597294486
2020-07-02,0.0,0.007620887139031973,0.008630562576674938,0.004029609482701257,0.01936897566837903,-0.01738586466025227,0.0795173412803385,0.003248013516121917,0.008465002037473912,0.004202861896226873,0.004764514521004237,0.004829735540198277,0.001722057207098615,0.004865239952744682,0.004020251887800086,-0.003950569906041146,0.01279672039694435,0.0021606086958432247,-0.0065398699374180636,0.014109333797107215,0.0010400620758121981,0.0015870804545898842,-0.011368806022981404,-0.00744752050491182
2020-07-03,,,,,,,,,,,,,,,,,,,,,,,-0.00395756024273064,-0.017459734949675898
2020-07-04,,,,,,,,,,,,,,,,,,,,,,,0.004972274697731871,0.016358712330749814
2020-07-05,,,,,,,,,,,,,,,,,,,,,,,-0.00641072801130238,-0.006153097654430395
2020-07-06,,,,,,,,,,,,,,,,,,,,,,,0.0332305643833104,0.06081589777420948
2020-07-07,-0.003102755485414943,-0.011627843326397658,0.0033033781914793003,-0.018619371729473477,-0.006488199128744543,0.002413727931202869,0.013327688522591696,-0.02821040143593001,-0.0259066509865008,-0.0009092834341380973,-0.010800846651419116,-0.011001652656015048,0.0034420306328308836,-0.011750802722148457,-0.017009511820657797,-0.02035611306435703,-0.013091245759671799,0.006310260659329048,-0.002345982989357953,-0.005870102704404467,0.01405557183367856,0.0015858263124632899,-0.01314037643510968,-0.01008111519525301
2020-07-08,0.023289947471912598,0.021992549101898407,0.03487207674619697,0.026995584181255694,0.009181666117495935,0.01129293583513613,-0.01725350030984496,0.0106150541098613,-0.002312902505406056,0.0029403585603910987,0.007818696198306663,0.008407859251171157,-0.0008572879610577733,0.008416432526219042,0.009084696428763861,-0.0013492563361364729,0.011790770693109742,0.006211565862881185,0.02821866759421443,0.013546348636553907,-0.003994809803297916,-0.0005650505281014073,0.019028359994139876,0.03176603807977685
2020-07-09,0.004300117093514633,0.0070009367599006556,0.028680639439602862,0.032949191382365184,0.010015944596339255,0.0037770149472537984,0.020792456491456113,-0.02165076273592137,-0.041260943852777565,-0.005444656655065105,-0.005365896367466538,-0.005900440455414269,0.0025752409009813793,-0.008346187403089678,-0.01328956613447363,-0.006215101683610502,-0.006554993900318662,-0.0027044004055614135,-0.0062893431555791635,-0.026387952354719246,0.015922480355683444,0.0027149505896302273,-0.015948231171979632,-0.014813526312331904
2020-07-10,0.0017495811652326054,-0.0030327586668239537,-0.002831044581598885,0.005457748808544549,0.013399918246234765,0.0023312470316132483,0.10784776505418647,0.05466722732136553,0.031189825699099893,-0.0008419735512888993,0.010480745273148129,0.010838707418105331,-0.0017128064773811458,0.009248204945857319,0.011296240468466445,0.0038976205143470555,0.004765394794360889,-0.0025938951172596036,0.0028769359507250236,0.021823331311628724,-0.005025106451507,-0.0011283977040328352,9.052022711308894e-05,-0.008357374289335584
2020-07-11,,,,,,,,,,,,,,,,,,,,,,,-0.004145030168397623,-0.006335704650459517
2020-07-12,,,,,,,,,,,,,,,,,,,,,,,0.003912550206798482,0.011164884814891307
2020-07-13,,,,,,,,,,,,,,,,,,,,,,,-0.003545059255915528,-0.010436943542246335
2020-07-14,0.01654850877487357,0.006181416868471956,0.03230649996082513,-0.006443299095769239,0.0057069106878395726,0.003054279266149429,0.013185863099901995,0.005734830772951671,0.033051954773927195,0.018662548904544884,0.013524235975541643,0.013686348469151843,0.0,0.01709969644720477,0.014986223340327953,0.00841347449069163,0.009160894251939888,0.004663568910189042,0.013536366458805515,0.01333330388654752,0.0014380213455404967,0.0012417596915301754,-4.331537576462985e-05,0.0025329360010484248
2020-07-15,0.00687737804230637,-0.0014879422703309997,-0.014430733034758836,-0.02436122126125273,-0.0026170902844051547,0.0022943670485628953,0.019257581163604875,0.015477132802854232,0.012707181028646097,0.002298281108428668,0.009110750072254481,0.011845312811238351,0.0,0.018310289279702685,0.03053314499579285,0.010338178040041335,0.009440727850382524,0.0008813320073604025,0.011129703426912219,0.014196737073238097,-0.004667021929364412,0.00011256051026053981,-0.005450155524782674,-0.007443290455772633
2020-07-16,-0.01230493971468094,-0.019803883824072943,-0.009044783571584447,-0.002981196241378159,-0.0012920487629487498,0.002705067510203163,-0.029346504366899673,0.002807655619096794,-0.00784226546810729,0.006677457283548627,-0.0033899673738719827,-0.004027830464897297,0.001713983015163345,-0.0026569107632364863,-0.005564117176546257,-0.012745539918277315,-0.009712114752290724,-0.009451688651900159,-0.02146391788722457,-0.004438411200128001,0.004749062870952114,0.0006769300850957283,-0.006593108913667822,-0.020059424047782937
2020-07-17,-0.0020204354996030682,-0.00509984168896116,0.006586353542298973,-0.01264375276193297,0.001274018472607663,0.0045657512866188465,0.00013330494375263235,-0.01849827725704023,-0.0171634093713654,0.0006701852291823851,0.0028962623361232787,0.0035387875715120476,0.0,0.0080389945627648,0.004756072627603247,0.014001139956190123,0.005811579113967014,0.008238009985450212,0.012935856769065168,-0.0020575948647580944,-0.002093823216059665,0.0010139898999175223,0.002098616025556055,-0.0037142380015947607
2020-07-18,,,,,,,,,,,,,,,,,,,,,,,0.0008356608977502233,0.01164534919888971
2020-07-19,,,,,,,,,,,,,,,,,,,,,,,0.002923597193133398,0.01275547512299724
2020-07-20,,,,,,,,,,,,,,,,,,,,,,,-0.0023499201650132306,-0.009788145738083509
2020-07-21,-0.013801474490167553,-0.013468777894352635,-0.017339438974769417,-0.018314900474015072,-0.005064355127007758,-0.014954058345052701,-0.045429074387502544,0.02168584577045629,0.05058839747239863,0.0009355367946357607,0.0016977746957522744,0.0019979229289037725,0.0008541625274354203,0.004187248319940329,0.009328830827832313,0.002360459609783927,0.005730726939523478,0.012050997596656066,0.06152182123069383,0.020604342610894166,0.0005984097280555822,0.0005621422155286382,0.02298678850016933,0.037533080727248036
2020-07-22,0.002809020452827715,0.014371227801138309,0.010674668514064178,-0.012229630062539742,0.005739378012557861,-0.007776544031745658,0.015283476518254346,-0.007242975653753314,-0.023292401048258582,0.001803076127227854,0.005751303231034788,0.0056083148996735055,0.0017081284403919206,0.006652837552143742,0.00579400532329899,0.01621249469480235,0.0,0.015202340363078104,0.08998477127088855,0.0010094443922825658,0.002988189102490768,0.0013483219210961295,0.016050921443329758,0.07009284681918926
2020-07-23,-0.045516230672933644,-0.04349470977061998,-0.029601255072973176,-0.036568799201794455,-0.030737754680187024,-0.03030815148728805,-0.04977615338574293,0.0029384193940702463,0.002063748704671964,-0.002666203740928963,-0.012229648369951662,-0.0114019266035007,0.0017048282739777765,-0.004747058147782868,-0.0010973004632705008,-0.005347648387333148,-0.006766355203764451,0.008825301770064575,-0.01912312673504002,-0.01142857655757612,0.011681309990918542,0.0008980797998996426,0.00584848921034431,0.047669180441096026
2020-07-24,-0.0024774474947831804,-0.006122183463824871,0.0063919682264574895,0.007486874288995304,-0.005630564950255601,-0.008125432231976482,-0.06349339370613127,-0.0070719684310248665,-0.0061787198188377745,-0.009959345381213902,-0.006190199541950547,-0.0075214323115695425,-0.0008506249584211423,-0.007856517032325261,-0.011396243221663882,-0.007706359926860307,-0.005736890680102746,0.008578870839228259,0.008559124676655427,0.0010200845563128613,-5.8627139232880765e-05,-0.00022436955677873627,-0.004611142289210002,0.01647814895460087
2020-07-25,,,,,,,,,,,,,,,,,,,,,,,0.014702976045533722,0.08896836282346765
2020-07-26,,,,,,,,,,,,,,,,,,,,,,,0.023566295475673238,0.018374375158832335
2020-07-27,,,,,,,,,,,,,,,,,,,,,,,0.1096100707382146,0.03833595396673628
2020-07-28,-0.016427292104500557,-0.008976842252169326,-0.019767168621344977,-0.017962780502695397,-0.01685566639050695,-0.014475446510897605,-0.040991122577997974,0.00433466540174221,-0.011799199172250141,-0.0023778464640843433,-0.006450670354008814,-0.007138566361496901,0.0017048282739777765,-0.00836223122010582,-0.00934705364786892,0.019299374614775378,-0.0042721750585480445,0.00834113103275036,-0.0026280975095440695,-0.012449493285099367,0.006918745162606932,0.0004489376828089586,-0.007101328925793737,-0.015106155699835644
2020-07-29,0.019168191948353064,0.010097612500819642,0.024472583088971822,0.011065474265779418,0.013207696205184138,0.013775455241198165,0.015320072049045619,0.024249857991820223,0.011021597359828217,-0.0019753371533600683,0.012413316425356369,0.01387463669071054,0.0,0.018703065420856868,0.02206152401434469,0.0193724627252716,0.010368564212241305,0.0075102306547618625,-0.008783520374118448,0.007495717563717363,-0.0017029224993109215,0.0015700659423609764,0.017194865809297744,0.004843187189946141
2020-07-30,0.012100238171228073,-0.0007839863622326471,0.014189556127509606,0.006049030252796905,0.009753772482663736,0.0051866702949165955,-0.007751257440881121,-0.026685487301399857,-0.04905728714225133,0.0020473090504709024,-0.003555149747717201,-0.0032343020695456692,0.0008510117379862958,-0.0032371232830107344,-0.0033934886169505463,-0.0061915142929218625,-0.01096949041575801,-0.007400261112960993,-0.03588832418673593,-0.021643537242256317,0.006587952777671102,0.0005598369617665355,0.0009680757576464583,0.05152803741320544
2020-07-31,0.10468866600984761,0.005443815989859102,7.068681072475158e-05,0.036960821567137314,-0.032774963002106805,0.08174840996138055,-0.03813804798718812,-0.003916445631933718,0.005015293974674373,-0.0073548025028921105,0.0077694263838921085,0.005616506729862802,0.0026409074094093654,0.0026447663834741064,-0.004903936637877915,-0.0021632546836051203,-0.013238144791649309,0.00908793109962347,0.04090070681466029,0.004839246048102819,-0.0006425424227662901,0.001343652168735554,0.0191025870102548,0.032780799608892464
2020-08-01,,,,,,,,,,,,,,,,,,,,,,,0.03851523428168302,0.11472873899322056
2020-08-02,,,,,,,,,,,,,,,,,,,,,,,-0.060034265575901635,-0.037715461237258996
2020-08-03,,,,,,,,,,,,,,,,,,,,,,,0.017436321777176023,0.042149003171452204
2020-08-04,0.0066781907148065756,-0.015008556851835997,0.01975447537344066,0.008657119256458845,-0.006380216317877108,-0.008453736749398644,0.0013467807962437295,-0.0057230564258673455,0.028875408002629444,-0.0008818911697279219,0.003581166985328954,0.0036914562798586736,0.0016994695673824278,0.0035859634619812564,0.004727316554969718,0.014763991108065921,0.008973386587801446,0.021277725496816835,0.06640282515744222,0.014996609808088479,0.009532874780316059,0.0021287199253379185,-0.00359726129861071,0.009268358966418422
2020-08-05,0.0036247300009382144,-0.0016410139017535297,0.005254966089555779,0.021090645909052075,0.003930027035578654,-0.0028417936084450535,-0.001331501252462397,0.017373052078022866,0.008741555932164413,0.00801475673081975,0.006448352861436302,0.007478094721045325,-0.0016965862706470602,0.006458827841112402,0.013310436585221241,-0.00433009167640408,0.00747088637292137,0.009283241730161151,0.03298965926022879,0.01511077384872661,-0.008742792822859724,-0.001341192256494983,0.04828976175167332,0.030048280137513927
2020-08-06,0.034889118762425175,0.01601403556389336,0.004318996453757995,0.0062308600392182445,0.017483738397664705,0.06486798613858169,0.003070674289896047,0.0003086965556566845,-0.004789058414808034,-0.005727392148013322,0.006537567326067917,0.004989102730751149,0.0016994695673824278,-0.0025031679725400213,-0.0022556708101573175,0.0013046603419624159,0.00211845795019161,0.013274069532868138,0.07305389139488017,-0.0016539608937370387,0.005585892436724249,0.001567300653350756,0.002788023660583505,-0.016505944076137702
2020-08-07,-0.02273560750230541,-0.017887873987530667,-0.011997773934467881,-0.017841853651889505,-0.004372320075502034,0.011912103512007999,-0.024751944680411975,0.022007186495680342,-0.004582843620791643,0.007116197333862928,0.0008401990819919547,0.0009686018900960658,-0.0008481488432440232,0.0016425639824577676,0.0074470877308698835,0.0145067439593618,-0.009161299317776428,-0.01588530528005727,-0.02566959256889001,-0.01093439099964022,-0.0066661982431990285,-0.0011178502320496886,-0.01513618086086388,-0.03911540565284821
2020-08-08,,,,,,,,,,,,,,,,,,,,,,,0.013151196120374076,0.038139730716217235
2020-08-09,,,,,,,,,,,,,,,,,,,,,,,-0.006662100973708895,-0.007276661870967205
2020-08-10,,,,,,,,,,,,,,,,,,,,,,,0.017332698670629254,0.01218836889304864
2020-08-11,-0.029739758293010232,-0.02338536182823925,-0.02821286494230235,-0.021437993092404684,-0.010876593626020115,-0.026121749779730363,-0.031144060652225414,0.03159799801884722,0.01033498696799473,-0.007161105006677437,-0.007952831043314457,-0.007965426100266515,-0.002550841059070663,-0.006493510910351441,-0.0038157297092983322,-0.014200252657044943,0.004618196779436534,-0.05369440853432972,-0.13592592875162757,-0.011273214665386111,-0.011885426137021149,-0.0034722749108864193,-0.03936534391564839,-0.039161394722536436
2020-08-12,0.03323395378017335,0.028567074095237954,0.05440073015999847,0.026478049605839216,0.018034091944689745,0.014679764126598105,0.1312363947417745,-0.008476191937846433,-0.00022695335093891877,0.018303221241333878,0.014118191180701789,0.013503771090394023,-0.002557751236406003,0.007906905414268639,0.005679685389631928,0.010760248211799883,0.015912275261888986,-0.004668202325739945,0.0038577005093103356,0.024815552605341074,-0.009095868334238921,-0.0025853551455087276,0.015284938573538076,0.027972008335723553
2020-08-13,0.017697757542320947,-0.002342370861577292,0.00024041009243913614,-0.0003858318082136103,0.006243111963128767,0.005425476971901322,0.042604650478076156,-0.005537120748805968,-0.024495026028618527,-0.011091710900942187,-0.0017923346115521488,-0.0008404503113301764,-0.0025643101037443605,9.079561183233942e-05,-0.0007884719363728809,-0.013393011572755076,-0.002784617954057711,0.023618065792215592,0.08667808198260007,-0.005235597192677299,-0.010688768854246522,-0.00326747896323476,0.017195015111304723,0.09645854080361627
2020-08-14,-0.0008912619432790425,0.0009581374599894055,0.010574247161622363,-0.004112558082955964,-0.007925409107692793,-0.00022941265651621467,0.01832819678811437,0.0003905892969540137,0.004417367131047456,0.0016219202089369222,-9.615807580143354e-05,-0.000480419882802563,-0.0008569675651673991,-0.0008162561764465392,-0.0015768790733179383,0.0005222897227754597,-0.0045373619578823465,-0.0043092158240957135,-0.03418470778595428,-0.002302621569164498,-0.003907197719252742,-0.0011305593544689296,-0.0012955213149429268,0.020189392691058572
2020-08-15,,,,,,,,,,,,,,,,,,,,,,,0.008227394765919493,-0.009243090532024323
2020-08-16,,,,,,,,,,,,,,,,,,,,,,,0.0022843551383793237,0.0009961849763249209
2020-08-17,,,,,,,,,,,,,,,,,,,,,,,0.03040482644811049,-0.009809825584340293
2020-08-18,0.008332780795006434,0.005754383986939837,-0.006180671646068947,0.04087466955935781,0.02607774945144148,0.004518283177229909,0.028028374195693928,-0.013940508235026794,-0.004925260067160431,0.007383036956685851,0.002462291753012824,0.0016756738343759459,0.0008577025884661804,-0.0019884319124707783,-0.007469393628549481,-0.005172103359168068,0.002090077119861533,0.009008003623491856,0.010148255777378878,-0.005524864275751162,0.007152271122093268,0.001356250454181973,-0.021475461465219614,-0.013647292197162653
2020-08-19,0.0012550206606485315,-0.006066923470144814,-0.009970682086006821,-0.015701145907449088,-0.00717971365991843,0.0009530540287490119,-0.004536059116861502,0.0023393243914475725,-0.011076892509437664,0.001999064293184416,-0.004242477931862831,-0.004181781191049949,-0.0008569675651673991,-0.006383888793100367,-0.0025086446984552424,-0.018629306662861334,-0.005213859783357866,-0.03156545548841261,-0.03863987760540477,0.001960766836418548,-0.006252029144089621,-0.0016934531581289658,-0.019426708460436926,-0.04061076745635395
2020-08-20,0.02218933605176243,0.023271373980241927,0.00020592518986983777,0.011314270642265756,0.020484120314624432,0.024448931549574393,0.06563643667445929,-0.011973463482916946,-0.01525273326971055,0.0068487559346688265,0.0032034833515475203,0.003119352304048917,0.0017156969786751297,-0.0012760467109697027,-0.004103114425125676,0.010683554865221545,-0.004542356418804849,0.006913929262821528,0.029340895265627776,-0.004566190161291006,0.009039337559304306,0.0016963258064230935,0.01021312934149976,0.024543424978067163
2020-08-21,0.05153249869941412,-0.007270112896686665,0.04468310838877798,-0.0038364352508537536,-0.00043131412796315605,-0.007434928086610504,0.024052926729070556,-0.0005136487379013843,-0.007502152056285127,0.00884948420027487,0.0035127379344479515,0.0022726132390111786,0.0008563306518016844,-0.001870686321048587,-0.004252948095125331,0.0009611015783168586,-0.00140403799411426,-0.008010905834894388,-0.027723583557210274,-0.011140240743391039,0.005993325614656486,0.0021451980574456186,-0.024067507803910648,-0.06558798361324525
2020-08-22,,,,,,,,,,,,,,,,,,,,,,,0.007706363621583279,0.017240676181713432
2020-08-23,,,,,,,,,,,,,,,,,,,,,,,-0.0014533293195752028,-0.011243703706330654
2020-08-24,,,,,,,,,,,,,,,,,,,,,,,0.00940844236539995,0.04282158587440188
2020-08-25,-0.008203769163331098,0.01300941852466897,0.0023385280393906083,0.011800549645987202,0.013058847359623149,0.034746899389312746,0.004537751185374361,0.004397530065152644,-0.03173870324248074,-0.0005916313649810823,0.0035910614212539826,0.0035464756458090108,-0.0017127584042556654,0.0011324128549776713,0.0014513861213845125,0.002166711701832691,0.0034758538266483896,0.0012154763574758753,0.006504058737032858,0.01878087932981498,-0.007653802432397994,-0.0019172239556912718,-0.034690018052305094,-0.05915350070348824
2020-08-26,0.013599175393194995,0.021619471609660712,0.001803845110553759,0.0284955613728457,0.023837613021554738,0.08222339780028176,0.06416619165356252,-0.014030073654187292,-0.021281893796576523,0.0015784224580208672,0.010200904752201145,0.009306230805947724,-0.0008572162522287874,0.0017644242852365988,-0.001976155347178321,-0.008993257440088831,0.006234692114076568,0.011808847672626355,0.03271403305552245,0.00032342266679052933,-0.003825789046876582,-0.0005646522744719995,0.010753745063331488,0.006419482369232066
2020-08-27,-0.011954398247898124,0.024553540137562058,-0.01133215641077534,-0.01215915158498826,-0.009494467159711917,-0.03517484751767053,0.039746079206424145,0.03289965604905043,-0.0067481938880381565,0.004464895788509393,0.0017399941327456148,0.002334464109002621,-0.003433559122052454,0.002257678044498057,0.004355909135783653,0.014921343275809518,-0.007228829835910111,-0.011561927956646234,-0.01603440955437707,-0.008406085558244514,-0.017009117037687593,-0.0036182422402797343,-0.01435938403704018,-0.00991935862142268
2020-08-28,-0.0016199434207887498,0.01028346730585672,0.04113773688453448,0.0005293902228860059,0.0066993658398473155,0.001500615886073975,-0.011323299439907841,0.00410341594133623,0.02390546498327062,0.004314120682955336,0.006854860884470071,0.006869825374515415,0.0,0.0072543704627376915,0.006966676619893031,0.0060181339005174195,0.00589446778406133,0.0173802350530341,0.01788556302339317,0.001630232700885914,-0.0007448019127271888,0.0007943066607654092,0.01934954061432026,0.034607699121382396
2020-08-29,,,,,,,,,,,,,,,,,,,,,,,-0.0030872658111327222,0.010222462637086371
2020-08-30,,,,,,,,,,,,,,,,,,,,,,,0.017784220187846422,0.07119958469630605
2020-08-31,,,,,,,,,,,,,,,,,,,,,,,-0.0026201196706430174,0.015602445733341463
2020-09-01,0.039832782771310304,0.0077150443826026205,0.03369356113495159,0.01395547583299983,0.015679187231418368,0.0076397521391997625,-0.04669690804684601,-0.0004990147815459034,-0.012768871451320885,-0.012319891967095264,0.00545271968304184,0.008453871002454871,0.0034391860437270605,0.011350575324152512,0.0106550062719859,8.635446861005036e-05,0.004518357035809828,0.0011902895553947967,-0.0034311915424538597,0.0009810558116531976,0.011437629508094016,0.0027514564917012763,0.024797762089964426,0.09647005795804109
2020-09-02,-0.020718854748161708,0.01927217054079322,0.0380218153928793,0.009239471142122424,0.03764806208842719,0.023896482030582478,-0.05826756524083643,0.015078954947265188,-0.006086445353362779,0.015245207143476547,0.015442114055286726,0.013665577287188535,0.0017140873571408477,0.016280053600894906,0.010803137663302875,0.019932793652207126,0.0076128129936925415,-0.013131628719242117,-0.02257077912639638,-0.02450179630987559,0.009520188197355006,0.0021454933773741303,-0.04648471948812871,-0.07758361882075893
2020-09-03,-0.08006071367271672,-0.06194703024535109,-0.09277539850875927,-0.04628410915968095,-0.05117089941985131,-0.037619705997007924,-0.09023849203316048,-0.0031480670476451422,-0.0020412594712136967,-0.02782324343055076,-0.03494058958838886,-0.03545925041510234,0.0008558676960452871,-0.03142733309621115,-0.03244907054615098,-0.013367439405135517,-0.020604458036155626,-0.00810423703378893,-0.03170252407551821,-0.007367756738318909,0.0028413919511374175,0.00011292120299133401,-0.10239476124641311,-0.123553539238214
2020-09-04,0.0006618600497216853,-0.014035826730859124,-0.03019483249627042,-0.021787358799564616,-0.029640799889195435,-0.028819744191926122,0.027813247275265907,0.02161239798387138,-0.0007672994718841419,-0.00641894478014593,-0.008128956706524026,-0.008456615855054084,-0.004274034014413175,-0.010951094760703106,-0.006654510050748019,-0.0041159426241998975,-0.0007015195976571853,0.0027602959130217375,0.012934506781919763,-0.03812412901605,-0.018988813426913498,-0.005859580543050802,0.02601355576262887,0.006661656260499305
2020-09-05,,,,,,,,,,,,,,,,,,,,,,,-0.03255823502891142,-0.13646435756459385
2020-09-06,,,,,,,,,,,,,,,,,,,,,,,0.010893696409813414,0.053994510368928994
2020-09-07,,,,,,,,,,,,,,,,,,,,,,,0.00867790498409815,-0.0019492226211732522
2020-09-08,,,,,,,,,,,,,,,,,,,,,,,-0.022956306264775628,-0.04273465666874776
2020-09-09,0.03988656476933938,0.04258350266875777,0.06732187103135501,0.03770662418145765,0.015509306826116509,0.009440929508414575,0.10923349433825735,0.009507340001001063,-0.00602426227520636,0.016569601958022817,0.020197720415588094,0.020236502567805292,-0.0017151685999858834,0.015655541028879894,0.01437588203656226,0.01143606534311381,0.01598576128025675,0.00970825655471863,0.017373749704072017,0.02467289149204155,-0.0026872835012454743,-0.0006785919842939858,0.010939236349907233,0.04001131385125989
2020-09-10,-0.032645494990414914,-0.028018364281694463,-0.03171442093327548,-0.02860545100214451,-0.013688937254140443,-0.020568643799258823,0.013814582587770685,-0.0103103766681919,-0.02503270820929937,-0.018637348004953758,-0.017541616660396997,-0.01637012723917275,0.0008589604623348013,-0.01390043315494549,-0.0130924328966463,-0.013637093261129718,-0.011538403738457714,-0.0032231430104036063,-0.012708486534785401,-0.022619443098731096,0.005082789667503862,0.00022624813468641314,0.011793293850096198,0.04839475251697656
2020-09-11,-0.013128926783909423,-0.006524679234266029,-0.011960271366169506,-0.018547317429499666,-0.006742923277622825,-0.0055205314229970215,0.003716263443279244,0.012420956381453685,-0.002702892856799144,0.005922225338810927,0.0005819543762346502,-0.00024294472731034578,0.0008584176485149086,0.00013983873017142656,-0.003555899625237724,-0.005337797158718627,0.008843405534850746,-5.486005292487661e-05,0.0016089705227946283,0.009331839919986873,0.0021327515985942735,0.0010193764774484304,0.0036452631180188266,0.01791267308646205
2020-09-12,,,,,,,,,,,,,,,,,,,,,,,0.003966560559340859,0.03332710268956118
2020-09-13,,,,,,,,,,,,,,,,,,,,,,,-0.011340078630605377,-0.05582138745017029
2020-09-14,,,,,,,,,,,,,,,,,,,,,,,0.0345883839286778,0.03200167493140915
2020-09-15,0.001560221703525766,0.016405998497901697,0.009225508152113537,0.017132004407634627,0.01742411604847538,0.02355842213186743,0.07182685140266343,-0.031131388535447835,-0.010638241320509834,0.00363963584679472,0.005232941729855112,0.005741796521547382,-0.0008576813996645782,0.0042956339902924245,0.002947212900802576,0.012011106617017209,0.004513650470386654,-0.0023927480714920346,-0.0023725334566586653,0.02152932116585582,-0.0024315387493730745,0.0005651731960683026,0.010871177190313608,-0.0329464164811436
2020-09-16,-0.029513491550526627,-0.017865807019892488,-0.03667951336413455,-0.024723344317983953,-0.01500206352034772,-0.03267031373734719,-0.01778729846250804,0.004230573759529177,0.04245948734113747,-0.0032910211157711755,-0.004602590878578172,-0.0033301284164594103,0.0,0.003549022755913178,0.004808419290082355,0.004493022244854705,0.0010371308404932833,0.0028345831622316187,0.0,0.04287791735275537,-0.0029866989090484575,-0.00022604418974081497,0.01648188444401355,0.002667157170638479
2020-09-17,-0.015963558880634166,-0.01043635943646748,-0.004075137502540849,-0.02253666798925036,-0.016566477439567517,-0.03301453070500815,-0.04149312452942333,-0.011434217755422416,-0.00026470888989804653,-0.008288371577419795,-0.008387249098550376,-0.008472860040023233,0.0008584176485149086,-0.0068011974333469505,-0.004918134795971918,-0.019410880506463668,-0.0010360563145370705,-0.005489995652194879,0.0,0.018466855930584725,0.003056348273615228,0.0,-0.0023612995663134795,0.06343947582272258
2020-09-18,-0.03172004464305744,-0.012419224714772192,-0.02200438081126066,-0.01788790878106783,-0.024175786657396614,-0.0089868630699379,0.04421041843491591,-0.0021306492224607565,-0.01613745135084066,0.013657573090435804,-0.0111598868631817,-0.009387241616834241,-0.0008576813996645782,-0.008856627099406711,-0.007614512333376733,-0.021946914206691814,-0.0055653223819107644,0.0013117087099276947,-0.011890576397289743,-0.005815945226010033,-0.0031076636195203067,-0.0011302712250680358,-0.00040225598714782596,-0.011965201952840232
2020-09-19,,,,,,,,,,,,,,,,,,,,,,,0.013683545731443925,0.003069586260487034
2020-09-20,,,,,,,,,,,,,,,,,,,,,,,-0.014067993350005525,-0.03758723421298804
2020-09-21,,,,,,,,,,,,,,,,,,,,,,,-0.04351800185522625,-0.07887489895061617
2020-09-22,0.015716158410721492,0.024094125986228843,0.009626865249567018,0.05692335984779917,0.02075295374643238,0.026596773823711173,-0.055986946823462835,-0.01091156546995009,-0.024705066302253664,-0.006133830387503703,0.010529191051152686,0.009838805515706595,0.0,0.010820168490960125,0.008545908502869404,0.011614277074327273,-0.0014290277282569264,-0.004846314367596194,-0.010421179503365519,-0.004241811076348689,-0.0007910567117196399,0.00033907804658595,0.0072833400259153525,0.00794971555350954
2020-09-23,-0.04194656815820952,-0.03292840657896323,-0.04067173141765357,-0.04126889165142078,-0.03454526886909426,-0.022492500739044963,-0.10341090738483938,-0.016229916603839212,-0.03208560241618985,0.0015947741531894266,-0.023639009680328282,-0.024357416784435593,0.0,-0.022289074251333196,-0.02336991655821319,-0.02959911598834364,-0.011806855711010478,-0.021606497297661065,-0.07108384265705114,-0.004969804375905995,0.0013400266765390967,-0.0022616702833339053,-0.027733979972724532,-0.06788579355602253
2020-09-24,0.010268868299979639,0.012961911960684525,0.018496842990721296,0.006643681788120581,0.009557287342906395,0.002047897621052064,0.0195341463945935,-0.000862772497802311,-0.002035346168707264,0.0015922348981280976,0.0030347204109510972,0.002206126294662214,-0.0008582232824674296,0.0007420554628676523,-0.0013905428913140172,0.005179224497124046,-0.0021724612330507043,0.003718800733685912,0.018422266804106302,0.016767723932965106,0.003829731247705803,0.00011296945986916107,0.050153282066164984,0.08794099866959249
2020-09-25,0.03751622750206329,0.022786459715794516,0.04257744519678397,0.02494874307344297,0.011385841640341399,0.021199979169061356,0.05041385121376596,0.008741693814591223,0.009323796564828513,0.006843263766643348,0.015992306521815935,0.016758364779679846,0.0,0.017639263974677633,0.016033516271663606,0.02020189309732534,0.003265499643257508,-0.0028499771605223767,-0.01205938011698704,-0.005263144509834117,0.0,-0.00011295669921185247,-0.006259218747560857,0.008093951580075087
2020-09-26,,,,,,,,,,,,,,,,,,,,,,,0.005424892199001441,0.009383864826871147
2020-09-27,,,,,,,,,,,,,,,,,,,,,,,0.0022831856976197606,0.005486566064312859
2020-09-28,,,,,,,,,,,,,,,,,,,,,,,-0.006089609852421796,-0.006376154798124589
2020-09-29,-0.0075680156204094295,-0.010408888066207989,0.014633583893017388,-0.009190126805558863,0.005045927102221848,0.019352209372246687,-0.005056919415549199,-0.008423790645033846,-0.029170340679724127,-0.00034026086626071095,-0.004689610894522245,-0.004475087014473411,0.0008599912112285946,-0.004679068384365825,-0.0052855019428103,-0.008005564858185599,-0.0017832001030991806,0.008432402483858015,0.021798343880919058,-0.0345067881732154,0.0011539117464614002,0.0006790527840701,0.012604356977915954,0.012946190125610713
2020-09-30,0.015075883607458707,0.014812276721382078,0.023042239343379345,0.0012241460404771587,-0.00028670516057749396,0.0004201354372845856,0.02371912031427703,0.009648949755072023,0.0014585036037975119,0.01237632138096445,0.008253287676285526,0.007654130342978682,0.0,0.005807314788354612,0.0038148944701719145,0.003855658239134696,0.0017863855860604794,-0.006004867330144381,-0.03822224934895835,0.02129964391110306,-0.009584621534049154,-0.0015842030853439049,-0.00554646448346463,0.0005016740848944323
2020-10-01,0.008462241547427807,0.010127189901392608,0.0062082886352201605,0.023034752317315554,0.015215687311894266,0.018060468223748405,0.04463774876849502,0.0072710427476736506,-0.034954859314766495,-0.010477931361199455,0.005414259670284416,0.007595790932881652,0.0008604194598362813,0.008614070628678805,0.013843499318768382,0.02018764307687748,0.005349519712682715,0.008920516455577454,0.020794860241757362,-0.027571603443017012,0.0016493032735205304,0.0010220752407468225,-0.015303370300178809,-0.01870312835433363
2020-10-02,-0.032280442526345765,-0.029511657113209466,-0.04056347513623937,-0.02988273802333874,-0.021708440830679354,-0.02509117646244552,-0.0737906918190171,0.009487660144716248,-0.004527610647270586,-0.0073314330546967454,-0.009552127413033906,-0.008136886898485018,-0.0008596797746289742,0.0018627906882158207,0.005355068899517423,0.01646082856167186,-0.0053210546260683556,-0.0008953758525005462,0.0018107291943147974,-0.042166479017119896,-0.0037341260441307034,-0.0006808248217382573,-0.00409414143543152,-0.01972498177140869
2020-10-03,,,,,,,,,,,,,,,,,,,,,,,-0.0025194375739971964,0.0008178531913418663
2020-10-04,,,,,,,,,,,,,,,,,,,,,,,0.011399199427022166,0.017479160421163265
2020-10-05,,,,,,,,,,,,,,,,,,,,,,,0.01159903211277169,0.003907711634822508
2020-10-06,-0.028669475069065586,-0.021247280483912445,0.006890416446004188,-0.03102028886576813,-0.021452001226368145,-0.02263377809523337,-0.02748539351192436,-0.010299045040953914,-0.010373567810364692,-0.01329043636764582,-0.013955699047406012,-0.012433293572295057,0.0017284706785669623,-0.008467686429305954,-0.0029932051273220406,-0.006168094323414475,-0.005969292258059755,-0.011760774579356315,-0.039345767638231166,0.016469712833744987,0.005389424241171836,0.0013677006668160185,-0.017504646058134066,-0.03712580364145024
2020-10-07,0.016966793773059985,0.019037578078283657,0.016561647665185086,0.030881037106998743,0.005595742587358732,-0.0020875704656104777,0.027344297266189477,0.01744573351635781,0.0032944371992909005,0.011076277955757607,0.01744162728804932,0.017745712082824605,-0.001725488222767635,0.016495763571055644,0.0193189693325706,0.0012928899748680944,0.009890445693911731,-0.0004512229536247636,0.016566986559380048,0.0,-0.0072931211179244615,-0.0013658326166354762,0.0060882710901424275,0.0029130036979352347
2020-10-08,-0.0009557281274420459,0.0035740913788468998,-0.008969487300488521,-0.0016084400175445657,0.016646893496489845,0.021850118323876178,0.0014577830589765917,0.02055521623866574,0.05253726596822572,0.006829740239195026,0.008302127555460004,0.008364799145015311,0.0008642353392833702,0.01180647748923569,0.012037019681200745,0.01695934522307252,0.007345364950218647,0.0035549310375408982,0.004074248617755183,0.02641775329778495,0.005400258514276501,0.0017095225952450388,0.023124708925124526,0.02620615039517382
2020-10-09,0.01739590943092484,0.024836122675400807,-0.0054919962569559555,0.030120249141207367,0.018214572217817304,0.0026160296124198013,0.01897077543397918,-0.005698422076180765,-0.014747509994717967,0.013970397790010303,0.008830140195274838,0.00852908457797863,0.0,0.00397678241886279,0.005441199229888172,-0.004232531140311191,0.005902888943294604,0.018161347296547614,0.0554553437922769,-0.015442651510510164,-0.00018721095054718973,0.00022725190404626616,0.013629236597062944,0.042262747082040475
2020-10-10,,,,,,,,,,,,,,,,,,,,,,,0.02095930231275278,0.014708002366342399
2020-10-11,,,,,,,,,,,,,,,,,,,,,,,0.0077742124166433335,0.011252921017721018
2020-10-12,,,,,,,,,,,,,,,,,,,,,,,0.01503679807902314,0.033558494889834645
2020-10-13,-0.026527355259249652,0.006594330313716812,0.0015638854432897809,0.00020333647320058823,0.0015852077432398914,0.0014142114926016802,0.009834932884270176,-0.016204718031964438,-0.01183939655565902,-0.022919000033769343,-0.006313688297908238,-0.0051373977530364545,0.0017257807775696854,-0.0043585485718455885,-0.007131132657690609,-0.017422222449067104,-0.008904353753858674,-0.015728823528417535,-0.036005150250101425,0.013893815243622765,0.007160967180229516,0.0007946958271884963,-0.011203790312466544,-0.01686863418993423
2020-10-14,0.0007433940232963732,-0.008974120232832505,-0.010738273058905179,-0.023208080547411636,-0.0023165660785845477,-0.015644068972730185,0.032799718116372834,-0.005556541385433156,-0.00204552736168806,-0.0017521333443017983,-0.006538420868314909,-0.006426136080467382,0.0008611604190189581,-0.004290967152694614,-0.00453626553180142,-0.012222440644190757,-0.0027639239286046946,0.003094772946095059,0.002223261223567974,0.018271274578057772,0.0022875761935730043,0.0005675856667810564,0.0003157232305546209,-0.0044773541995790644
2020-10-15,-0.00396074221152487,-0.0054334621388369975,-0.008885967623638913,-0.007450142689235051,-0.0050978285149726466,-0.018762577587128737,-0.02692390743031925,0.014966893919908797,0.008784685898039601,-0.006144703105795513,-0.0014902389197094523,-0.0005777450145697527,-0.0008604194598362813,0.0037436592916419986,0.007088208114220285,0.005228301570676219,-0.010395359925790437,0.003646120384284801,0.0022182446774481335,-0.001380228047292209,-0.0017275389954163334,-0.0005672636960378785,0.005760771167350187,-0.005381532815657342
2020-10-16,-0.014000725874833808,0.0,-0.011345652111683924,-0.019750480983333984,0.007862723056981658,-0.002962005242723942,-0.02051768046956881,-0.002064447528560609,-0.010159703059413272,0.006182693924354776,0.00012434627153545819,-0.0004623679620430199,0.0,-0.0021683346071466048,-0.0030169570134818136,-0.007801622038987599,0.0021011965837396396,-0.0034652086045857677,-0.007525457067093955,-0.007601977078204203,-0.002780452885248863,-0.0007940647872155537,-0.01506927308750361,-0.02970743726519065
2020-10-17,,,,,,,,,,,,,,,,,,,,,,,0.0031777181254826203,0.0071728961371237965
2020-10-18,,,,,,,,,,,,,,,,,,,,,,,0.011028058853915557,0.025369682024107387
2020-10-19,,,,,,,,,,,,,,,,,,,,,,,0.02252631185070797,0.004552780347713448
2020-10-20,0.01319214088510745,0.00200711314453228,0.010946079311090706,0.003055554339711275,0.0138109660536605,0.02356551626518333,-0.020634587544658856,0.005711466954123612,0.008378114445512619,0.001593681970360139,0.004740910656135577,0.0037575791942885406,-0.001725488222767635,0.00373807258535086,0.0034430867773866947,0.007810015592247588,0.007714109710549977,0.0048209014703402,0.019486294753954914,0.01608950968931766,-0.009515909529536737,-0.00170432153122424,0.014843919324981414,-0.02842246378033897
2020-10-21,-0.005446393916527237,0.000698841569779729,-0.008849116385402644,-0.009968886774915697,0.022506822172795538,0.041747694800600366,0.0016590325709362475,-0.009963077994797787,-0.016023810222435153,-0.004289080292006808,-0.0021705223919713523,-0.003158814747459715,-0.0008640399656337783,-0.0029794519005601483,-0.007879105704214795,-0.0031701787632731904,-0.0020878002122005634,0.007531414803434444,0.011728951016272138,-0.03270219898590765,-0.0034540306588144443,-0.0011380165934620212,0.07614375520341321,0.06245127472350509
2020-10-22,-0.009583434669473201,0.0004190716354344204,-0.012107364956463584,-0.0026812857408547996,0.01303291905064663,-0.0021885153318558226,0.007453064711647084,0.035322396959462043,0.05126671612983458,0.007989567756331528,0.005327329360850452,0.006455152516723128,-0.001730356523056864,0.008657175065966083,0.01575508024143346,-0.00035352890823547867,0.0,-0.009800687777642758,-0.014169249380951099,0.01459074170271113,-0.01039663329450291,-0.0017101057344981463,0.011089019970212055,0.055032023655851914
2020-10-23,-0.006133909316583419,0.006235847941835626,0.017158207235891787,0.008814971867029398,0.016381829333162345,0.02398259326124763,-0.012118551755604834,0.009039530490704495,-0.02008042245426722,0.0011032358804214937,0.0034489930004086844,0.0039642124487320185,0.0008659923378973033,0.008539244002318869,0.006431205498028891,0.006274440786798285,0.004532781662611507,-0.001062475196895396,-0.000871017038871047,-0.022097546932918544,0.006112598551350823,0.0012559913300287384,-0.0026494544392426933,-0.009682330208334755
2020-10-24,,,,,,,,,,,,,,,,,,,,,,,0.0136506131750318,0.006566951423729428
2020-10-25,,,,,,,,,,,,,,,,,,,,,,,-0.0058657541398662305,-0.015128433756102622
2020-10-26,,,,,,,,,,,,,,,,,,,,,,,0.003382214014740148,-0.030351866854822607
2020-10-27,0.013472474129672118,0.015089393526094952,0.01944270572388751,0.024723687101579017,0.009209150943725986,0.02230156194954791,0.010469159823756513,-0.018866074194614835,-0.015892228454138624,-0.005695542454152824,-0.002993000956516334,-0.0034325611330758843,0.0017284706785669623,-0.006398041392610909,-0.010241152935559716,-0.016212278734570873,-0.003880143232488087,0.0026323226696718383,0.005307338728236299,0.021394316143415804,0.006709912425515663,0.0023916346640322494,0.04427990207523247,0.025663961040470307
2020-10-28,-0.04631224034999348,-0.04956633094842766,-0.05745799073955982,-0.037595069983728635,-0.055088440970793906,-0.05513775644865293,-0.043938975190562446,-0.028088322085925377,-0.03808632679843582,-0.03346139567220596,-0.03528890439159127,-0.033971167756750464,0.0,-0.02886459860326318,-0.02832353200384352,-0.024538203696009786,-0.02620381859264176,-0.01614344386479838,-0.041794935095601504,-0.04983752407002984,0.0009343395881391547,-0.0013631965141691627,-0.02804507535445777,-0.037986127241859236
2020-10-29,0.03705025203185852,0.010065299874739697,0.031440850846205626,0.015249235849637444,0.030500456363772077,0.04916499065751534,0.011846701366300838,0.0065261109851326715,0.04434566718016408,-0.008456228152422418,0.012016802637824009,0.011435080516013274,-0.0025880372976166965,0.009191317363022256,0.010914333554872258,0.014944692549606398,0.006181604784738504,-0.004144728133141373,-0.0032140312197406207,-0.026985902656202376,-0.009707744546247454,-0.00216131504750805,0.012553242153156674,-0.004941851425972588
2020-10-30,-0.056017853644409255,-0.010990849233215694,-0.03762296250639341,-0.0544564552314909,0.03804385420195322,-0.06309890734285839,-0.05547305218949494,0.008953062739766704,-0.010615548883540105,-0.0005830826227297692,-0.012037640793810978,-0.013372089237422613,-0.0008671336875913926,-0.012052653878051434,-0.010401792665359344,-0.007682490741098502,-0.009396553864569501,0.004561020978312902,0.012897314530324833,-0.013671889697434159,-0.009865468292379442,-0.0017094753332965729,0.00808458072996765,-0.010110735385608915
2020-10-31,,,,,,,,,,,,,,,,,,,,,,,0.01730869726353168,0.009848898837674147
2020-11-01,,,,,,,,,,,,,,,,,,,,,,,-0.003184511845067406,0.02526667630791546
2020-11-02,,,,,,,,,,,,,,,,,,,,,,,-0.013585108198026608,-0.033306859903456054
2020-11-03,0.01535354352695717,0.02026374900483985,0.034874531987294066,0.014621516534147005,0.013137669144909214,0.015075270439428579,0.05840061701119437,0.031521225710446465,-0.017064152595184456,-0.0013701163289483453,0.017791964353261358,0.0192261102311293,-0.0008656993731445128,0.02131001127217025,0.02433231166156591,0.019694424695672952,0.0190852942241595,0.005676996717700833,0.0013387187349298557,0.01751710131238804,-0.0058014269537358665,-0.00022864544055889446,0.02950532012761009,0.011602130737028649
2020-11-04,0.04083662595928139,0.04824868234601043,0.05950667262159581,0.06322966294024535,0.060881172328641986,0.08322630773151096,-0.006888484603579825,-0.030558000092277937,-0.005387226433170689,0.006498052846596325,0.022043499993319893,0.02089302223627154,0.006065830604535805,0.010719415168461088,0.006385862490664973,0.0012346958259015217,0.012720607641516057,-0.0005588578456844351,-0.008912689758447612,0.026946154161885616,0.02169162340240316,0.006854628023605258,0.013147117963686394,0.03751223924387381
2020-11-05,0.03549353176473935,0.031887110617339065,0.026514777947603374,0.024941733698923496,0.009536992681937306,0.0254019245802235,0.040643300543862226,0.04089781333980036,-0.0018057823553321306,0.002582465848741,0.019650395879647897,0.020816229411809495,0.00172274236639125,0.020731633721190246,0.02487311519844959,0.004756442264909122,0.02302881237211496,0.022983923404670703,0.061600757793736305,-0.010204106457577522,0.0017382933899898756,0.0010215689299351016,0.10231863433740651,0.02965458483467409
2020-11-06,-0.001135869688645652,0.0019256559536204865,0.028390064659719716,-0.003199936061909714,-0.0015716605639157777,-0.004309830153530703,-0.01858065570474754,-0.013320624930658553,-0.011757404781573277,0.01781642829135377,-0.0003701595633948118,-0.0006871830959189751,-0.002579620936393634,0.0009833259925930982,-0.005819840829119682,-0.007276222071752492,0.004092769335500623,0.0014213621387162423,0.0076239009115850465,-0.025405027169886463,-0.012084068877528109,-0.0022670389354452203,-0.0008965281862933772,0.0981771366329065
2020-11-07,,,,,,,,,,,,,,,,,,,,,,,-0.0470340843373509,-0.04179757617359503
2020-11-08,,,,,,,,,,,,,,,,,,,,,,,0.04353675277640923,0.040948144234179695
2020-11-09,,,,,,,,,,,,,,,,,,,,,,,-0.009512665921690977,-0.02070692244149086
2020-11-10,-0.0030088351739805397,-0.03379261248368337,-0.06314737123884406,-0.03458294580536425,-0.013454869261678826,-0.022742598753167642,-0.02587474253102262,-0.0032506166463143193,0.022185116695109253,0.015060162036825364,-0.0012188153794425727,-0.00045361338330462964,-0.002595339768831195,8.443027457172292e-05,0.00980753213822183,0.014850611040808648,0.005342261978871221,0.0033127817282887495,-0.0031110975477430802,0.02992519279374184,-0.005766958902510222,-0.0019404514538673423,-0.0027010327388199418,0.01242014836129579
2020-11-11,0.030352733004844534,0.026254554145829,0.0507436188306023,0.03372959332756431,0.005472613030401918,0.014866195546858751,0.0164977197153513,-0.014933133973974999,-0.010309654185543637,-0.003236960350267437,0.007659871687960118,0.00771324456734912,0.0008676905486901809,0.006575570736812697,0.0014386761442726215,0.004624981354399038,0.008302970144688837,-0.004326595410341194,0.004012490029575488,0.004496750909767755,0.003609466064527611,0.0006862819439468204,0.02684194109497806,0.029534169495399443
2020-11-12,-0.0023433934771937004,-0.0051259935611268626,0.0028878965804477463,-0.008640935353967705,-0.0025240422397786455,-0.005063657262556975,-0.012873745767280065,-0.012284256418971351,-0.03426524375872109,0.0033828087304592636,-0.009782550906480947,-0.009792860496099953,0.003465993374232923,-0.01189324889514043,-0.014606996898353652,-0.01289115118677886,-0.009881533110382423,0.006060679556170845,0.0013320949683433003,-0.013085435817326463,0.017017106377513747,0.003314099810662663,0.03662132734990031,-0.004223386354289427
2020-11-13,0.0004195165550444635,0.0049665226834725296,-0.011871445179940765,0.005957652481424658,0.016892126300237953,0.006798129217453708,-0.007917146283160204,0.006262692372855705,0.02412747834399731,0.010788972744962155,0.013702174900338093,0.013754707712461123,0.0,0.016910532521744015,0.020655947697497012,0.026458784461500517,0.010312826565824329,0.006819714153532219,0.015521081743298026,-0.018492696771363226,-0.0013252556717848751,0.00034105171487697206,0.002547552717421464,0.029546635124694687
2020-11-14,,,,,,,,,,,,,,,,,,,,,,,-0.015300456580341737,-0.030501025586850417
2020-11-15,,,,,,,,,,,,,,,,,,,,,,,-0.007004593596581565,-0.027362302769762148
2020-11-16,,,,,,,,,,,,,,,,,,,,,,,0.04766502135260464,0.027663890831452376
2020-11-17,-0.00756432503141502,-0.012751366811636022,-0.006881248766996362,0.001469221257177411,-0.006972954597094128,-0.014195264827115528,0.08213879250177958,-0.010144641672288235,0.013364654957420896,-0.009943651735314862,-0.004652776308414985,-0.002325986634294064,0.0025931943860149076,-0.002173087766032422,0.00350213530236565,0.0011447436474321115,-0.0003253563099905321,-0.0036691725592956637,-0.012163365815706428,0.002082657910561503,0.006527635424108169,0.0017072062964864632,0.05559276937282975,0.044396563964784974
2020-11-18,-0.011391344680676041,-0.013183866700267388,0.00048446618376862816,-0.00963120822903818,-0.011931977215118073,-0.011018296870933475,0.10196775866118779,-0.007406969290578602,-0.037755171346668503,-0.013257349981975475,-0.011385839008571041,-0.010103231795367318,0.0008620651084327857,-0.011052523482073862,-0.011749643658663489,-0.019029827958014445,-0.002602300775889521,-0.005722348480656891,-0.008355344589709879,0.004502915032476684,0.0028965136589353957,0.0011365061095296447,0.008988152900985202,-0.001823646722940775
2020-11-19,0.005168139673098704,0.006348364960384156,0.0008562570956991422,0.003722494885254779,0.010301002824213423,0.0035665164304934382,0.025953518324515645,0.0026897159535452797,0.005106087561737027,-0.001560880092333572,0.0040311793072196345,0.0056078677624964435,0.0008613225922786683,0.007977094782968486,0.009652957304216114,0.003580067594276315,0.003913819894260984,-0.0018804594035273237,-0.00576492971906406,0.003103453537513401,0.005148348740891873,0.0020423416346062595,0.0007348899162549216,-0.016379350617824917
2020-11-20,-0.010957453758426383,-0.009556342367396553,-0.0262272833817756,-0.005652814007175211,-0.01261826700023061,-0.011870667075799202,-0.019348255020757876,-0.008566864997971657,-0.012299553348242509,-0.0053011318402294005,-0.006792528985116064,-0.005353619391557984,0.001720483020825947,-0.0021021126091631537,0.0,-0.004894833557197109,0.0025989921361362356,0.0030257979459697992,0.003122198688046973,0.006187703823706148,0.008870139019962364,0.0009058914702475551,0.045137820846602006,0.08081356321758748
2020-11-21,,,,,,,,,,,,,,,,,,,,,,,0.0011233347035009,0.07796466688339021
2020-11-22,,,,,,,,,,,,,,,,,,,,,,,-0.014602889964538845,0.015617271492200935
2020-11-23,,,,,,,,,,,,,,,,,,,,,,,-0.000320133845930215,0.09028633587462331
2020-11-24,0.011594102038130494,0.017847988439262608,-0.013869900290137904,0.006348492495275249,0.02103539508792074,0.031628573147291394,0.06425217853318599,0.04623709320793856,0.0665650490816756,0.0,0.016197613012736367,0.015574771784993224,-0.0008599383219327628,0.011116509982329159,0.015253715949714586,0.005660071399799627,0.014220898630719736,-0.015328336846880064,-0.013679942555147817,0.04336039158021898,-0.009951835832749722,-0.0010190766769926363,0.040478046632625775,-0.007488280314670304
2020-11-25,0.007467233491720959,4.672886051926284e-05,0.021376959498016435,0.02149089105013391,0.00013030809228942175,-0.004803041852460943,0.03352658623835669,-0.010460415011323887,-0.027870284511602672,-0.0013205203329407222,-0.0015758580006611789,-0.0005477565047213862,-0.0008605813541159302,8.08187001337668e-05,-0.004405885562818956,8.257390188615155e-05,-0.002867978501143953,-0.0004717367343725076,0.004160894871930276,0.018506545983513867,-0.003078885553796873,-0.00045351032164064886,-0.01964382784787766,-0.05499460748003315
2020-11-26,,,,,,,,,,,,,,,,,,,,,,,-0.08442706722639481,-0.09091766638538712
2020-11-27,,,,,,,,,,,,,,,,,,,,,,,-0.0024617591448197196,-0.0025201063807008817
2020-11-28,,,,,,,,,,,,,,,,,,,,,,,0.03559722915754793,0.04007021428140933
2020-11-29,,,,,,,,,,,,,,,,,,,,,,,0.02596712538731971,0.06972534679646114
2020-11-30,,,,,,,,,,,,,,,,,,,,,,,0.07967832801396635,0.06788350107386454
2020-12-01,0.03082730449462856,0.009996642099142194,-0.0008578556037059926,0.01642659261366375,0.02334701289599428,0.03458867961823797,0.030232565079099327,0.01577883324489271,0.009703373479976074,0.01914574991604301,0.011280092794785146,0.010212938403727057,-0.0025773594940854405,0.0070339564835686375,0.009403504565851595,0.013444139700962365,0.017436192016516028,0.0210595460814611,0.05938242495511625,-0.011301210264159423,-0.01474436013396474,-0.0030219806336867494,-0.04192625951044282,-0.04475677961558855
2020-12-02,0.002933359840623817,-0.0038852142695227077,0.011538301054974553,-0.005139620139509304,0.016492652160682963,0.0033850480633461633,-0.027258998689319136,0.01920818648444267,0.037402430035196055,0.0046796414283438725,0.0018891994871379492,0.0010868186421109094,-0.0008611781083401882,-0.0011641597720770669,-0.0005680393940863393,-0.008456751191177836,0.002856361712675337,0.00752153069206285,0.0013453223171258077,0.011430387476431436,-0.007936776520650501,-0.00170325437240737,0.021171823185194727,0.018777021338771238
2020-12-03,-0.0011373296196542926,-0.005246669934241277,-0.010671678794377026,-0.005244192164348127,-0.001715297244565095,-0.019720486396374137,0.04317707064578702,-0.006554988708616927,0.0067605816060043455,0.005805431830351759,-0.00044193557479321743,0.0015206280310995357,0.001723840750597061,0.006068788801552039,0.00750264486797847,0.008863516744760824,0.0034807918163095586,0.007873502810363364,0.004478297438933909,0.009041029798304567,0.008064088508305423,0.0019332444716684272,0.012723580680175761,0.030678218435329363
2020-12-04,-0.005612467288630629,0.0005599748543243521,0.01211188403388297,-0.007578327983446487,0.0010539838876677532,-0.00762810234721667,0.00953853028069096,0.009072670561178775,0.03655801326210395,0.008523585908155384,0.008899016100587742,0.010408613095393981,-0.003442039294135224,0.013062638448582353,0.01929359306816436,0.014919105397649846,0.009145624648244421,-0.002835427586930339,0.0022291233339399863,0.009919982910156167,-0.01466572253806997,-0.0026105795769584272,-0.038344949058079725,-0.07678592848328947
2020-12-05,,,,,,,,,,,,,,,,,,,,,,,0.024303237423597412,0.047845914887590935
2020-12-06,,,,,,,,,,,,,,,,,,,,,,,0.009965977245154134,0.008906433191264718
2020-12-07,,,,,,,,,,,,,,,,,,,,,,,-0.007934312410408761,-0.01672281499383932
2020-12-08,0.005090907385080445,0.008026442320386629,-0.01886935285836755,0.006108347649924184,-0.003136961310782227,-0.007633371563375402,0.01265269756091203,0.0009847909702906943,0.03276225438332281,0.0173185986695219,0.0028093432849858324,0.004081769218676756,0.0,0.004543485017549642,0.008769976969044802,-0.003378948621640787,0.0021970828890554017,0.003487910186290799,0.0,0.00031847863067913096,0.0047251133610437535,0.0003411635709973382,-0.0453576006387062,-0.06254293959158741
2020-12-09,-0.020903685306537634,-0.019489807400356773,-0.0314046394309867,-0.02300385041546993,-0.01847822532525578,-0.01933647003307848,-0.06985904262531573,-0.007786896294653456,0.013258111488846813,0.010227726010111127,-0.007908024867658736,-0.009199759583894629,-0.0017230353792264674,-0.01006836241305542,-0.005832679605324187,-0.006201836058497112,-0.0012525517104901018,-0.017094017094017144,-0.025854520616917842,-0.0022285799160863817,-0.0033046412580313156,-0.0017045178804059313,0.012705073309037251,0.033616499701109914
2020-12-10,0.011988725088121877,-0.006043457599134938,0.0032095873719444334,-0.0008730964486967085,-0.00574270762581075,-0.002878605007052948,0.03737095767859411,-0.006443835003451359,0.028271073410491843,-0.005551927976686355,-0.001205792228691882,0.0015114810904266474,0.0017260093544089194,0.004409863223035604,0.00863434097367044,-0.004243660578397979,0.0034493508319466404,-0.001913054093070632,0.004048589943373315,0.024569255073857654,0.008863675853809871,0.002048646647559771,-0.015572121156616547,-0.024064691319026776
2020-12-11,-0.006734659140313792,0.013015097504019524,0.0031605383620407768,0.004813852496939441,0.004044819662037735,-0.012882627819892245,-0.027237767375868138,-0.005903323927754167,-0.0047719396539345205,0.0045977772358289926,-0.0012371788823059005,-0.0018326634118952523,0.001722647286342971,-0.0032830557089211787,-0.0032922835538656825,-0.0002505750618873037,-0.0028123407676767798,0.0018586706605219216,-0.002688148152452552,-0.005294303116242904,0.0035392555302156126,0.0015904988947945675,-0.011283218109780502,-0.024802031631535493
2020-12-12,,,,,,,,,,,,,,,,,,,,,,,0.041240151721379625,0.041718703731370654
2020-12-13,,,,,,,,,,,,,,,,,,,,,,,0.018013866983980886,0.037103585490145585
2020-12-14,,,,,,,,,,,,,,,,,,,,,,,0.005446642655266398,-0.006193431308962327
2020-12-15,0.05009041354849808,-0.00032673168163310784,0.0038886564516613653,0.0025815971159888207,0.005033594170618549,0.004960234776294703,-0.010284031966116491,0.017075256750877843,0.01942216594124968,0.010062333902578713,0.012939854309633736,0.013429976397064891,0.0,0.014856592017986614,0.02007264451651003,0.021251625141048835,0.008785572079046844,0.013990959829817351,0.028880839081917964,0.011501484850540145,-0.0033476409985945255,0.00045329039657437953,0.008855135259981495,0.005707094951707736
2020-12-16,-0.0005472584443799722,0.024050800717035026,-0.008832196639268375,0.023961224378619583,-0.0022090004845020106,0.0004355436672152102,-0.016549539644792777,0.0029089215821629377,0.01533427827106082,-0.005977067319626994,0.0017538315750647016,0.001282653546329282,-0.000860437118729962,0.0006670730789228863,-0.002702931307991596,0.00041106426788184436,0.005287672496230078,0.005519095329445722,0.03596498375491031,0.0061463047729668485,-0.002661625964289427,-0.0010201324359826458,0.09751836309514528,0.07945327683237835
2020-12-17,0.006963151690656977,0.0006384700907580143,0.007457346943831045,-0.0015057469987226346,-0.00949234427641854,-0.004316833318085189,0.053197818564255206,-0.008287232984784842,-0.005034265648552916,0.02639131424024299,0.0058069186548008744,0.007791611510095331,0.0,0.011530811437995947,0.01094959944141638,0.010195011714781765,0.007116540411518324,0.010520363984510617,0.022438558868149272,0.012828287947875827,-0.002646035652248968,0.00022651760646530406,0.07013245133867341,0.010511356250089365
2020-12-18,-0.01585069311848064,-0.0037824682682932043,-0.005190857884807665,-0.01063939440891426,-0.00821021429752744,0.006994968360497733,0.059612778969587055,-0.004930164251592983,-0.017249444755840115,0.0057937126167535435,-0.0034232910159242014,-0.0022241745182773887,0.0,-0.0016286096347093437,-0.0024666428108057747,-0.02010251138070951,-0.0039088093978612015,-0.0016974258370123785,-0.00786751706247768,0.00965017178216887,-0.0029969019192900292,-0.00034031430244385596,0.014593135822884129,0.018577647939548747
2020-12-19,,,,,,,,,,,,,,,,,,,,,,,0.03163075154837203,0.006850763657229253
2020-12-20,,,,,,,,,,,,,,,,,,,,,,,-0.01644490454985592,-0.03186280386564
2020-12-21,,,,,,,,,,,,,,,,,,,,,,,-0.028717656479103182,-0.04460813155249255
2020-12-22,0.028464560161068242,0.006065134082333001,-0.004050382215276871,0.00010603453584812073,-0.00826711563548943,-0.020895162597858508,-0.01464926902636221,-0.015216627867825738,-0.016925203068276162,-0.001960378991198608,-0.0019950315151910925,0.00021292697473329625,0.0016389162467420615,0.0026927902256244085,0.006991514738353244,0.008023958457798352,-0.004728646984068385,-0.007903112071065643,-0.0389663202745143,-0.01685046713680316,0.005160723345926765,0.0015893131248196912,0.042974334095805755,0.04105539884074627
2020-12-23,-0.006976025670584751,-0.013039114425180909,-0.02025864307427172,-0.006627122071927394,0.0046564681978829014,0.003818924282395608,0.008807772074100217,0.027944175228986845,0.012851808634240625,-0.005107622208923579,0.0007643196641864414,0.0009405561991320255,-0.001722347107428357,0.0005667935262938517,0.007597255282069781,-0.00762387198869563,0.010136091248145407,0.00664787877129025,0.015791674223880836,0.0205671500241138,-0.006909808125427408,-0.0011257764849126328,-0.022776055438033516,-0.0805532804990381
2020-12-24,0.007712230708835532,0.00782718126068671,-0.0011914986968649677,-0.003949415822362745,0.0034311420540704685,-0.0026481520868021358,0.02444349518922251,-0.004397386518893542,-0.004069925051377488,0.003488039494651929,0.003643145885244836,0.0026692549501272644,0.0008630959947106831,0.0017584249073501201,-0.00031945840053737573,0.008743588838512117,0.0,0.003985267471422693,0.006722682879878539,0.005190783784589703,0.003957686954672246,0.0017070110494696866,0.021281190940612982,0.04778461622112218
2020-12-25,,,,,,,,,,,,,,,,,,,,,,,0.03913227940938091,0.02420430689984565
2020-12-26,,,,,,,,,,,,,,,,,,,,,,,0.07185327832809496,0.015046214535492375
2020-12-27,,,,,,,,,,,,,,,,,,,,,,,-0.0062314920850786715,0.07361415859069909
2020-12-28,,,,,,,,,,,,,,,,,,,,,,,0.03092663485588698,0.06995611391998069
2020-12-29,-0.013314857979324746,-0.003600401806457043,0.0033526920699020746,0.011583625131030173,-0.009132194761296675,-0.0007942429874995272,0.003465523985226371,-0.0026328736662181162,-0.011260166788518933,0.006201477736083261,-0.002235014198801566,-0.003919547081514985,0.0,-0.005956918438801306,-0.012625870271310125,-0.008691294340524736,0.008107161054584866,0.003642361648136694,-0.0016373686053073877,0.005829967039564288,-0.0012710528193572435,0.0003407933415262576,0.010250355112868093,0.0015372492130329984
2020-12-30,-0.008526728140727302,-0.011019635948271822,0.015645241904568286,-0.010882060864285004,-0.01223704458887731,-0.017739487695561218,0.0432288658824449,0.002799787809395715,0.007996085464474723,0.012391322850711983,0.00145403006340028,0.002658664690263768,0.0008614791711767378,0.006781085528092312,0.010186431591051148,0.004468135466568546,0.00556763038881547,0.007655178894261816,0.0151701864900593,0.003965865556936565,0.002164254231709961,0.0006818658558049862,0.054034499850387885,0.027475410142453693
2020-12-31,-0.007702353989845423,0.0033381824179472552,-0.006903278724543882,-0.008801370623195415,0.009439794637591925,0.004744848302535409,0.01567398119122254,0.013640820005192733,-0.00913449744451833,0.008522835104594728,0.006505765059244606,0.004879183895620143,0.0025018154822935568,0.004072788211135103,0.0,0.010322979480468675,-0.0015379818525025346,0.003714145601823482,-0.00767368870360452,0.003038543743079325,0.0014597663890829615,0.0013630068732912726,0.005574281038085438,-0.018381058140691575
2021-01-01,,,,,,,,,,,,,,,,,,,,,,,0.012841708408869223,-0.010078365039673964
2021-01-02,,,,,,,,,,,,,,,,,,,,,,,0.09372577639540935,0.06047286631119175
2021-01-03,,,,,,,,,,,,,,,,,,,,,,,0.020380066800975483,0.2594753293956862
2021-01-04,,,,,,,,,,,,,,,,,,,,,,,-0.024712000360334718,0.06635041674388553
2021-01-05,0.012363567808276965,0.0009649199363193084,0.022210021327093266,0.010004358381754175,0.008064166080269164,0.007548026031083177,0.007317368906131216,0.0054413272462563445,0.04819269469721621,0.011757298502316216,0.007233195433522077,0.00846245116455524,-0.0017206576800437023,0.009673666545110038,0.014835883133352601,0.0015471277566416752,0.013833256756732526,0.0029616260665272787,0.012623261933287111,0.04817781059710624,-0.007426656550328814,-0.0017033497713161427,0.06319658000613337,0.057461231702209625
2021-01-06,-0.033661486243044436,-0.02592934238109057,-0.058952930294574823,-0.024896614147709384,-0.009867364708678439,-0.028268759801353238,0.028390302267496503,0.04695597201485202,0.02551712286487362,0.009410368233014221,0.005727973935974795,0.00839187494507354,-0.005172515755600515,0.01590308687233022,0.031602805280221524,0.0021458719746825228,0.0033354766796567237,-0.01624105266038789,-0.012855470304840688,0.005008897776112242,-0.020527907806597412,-0.004435794972431295,0.08331071417326141,0.09736862255513934
2021-01-07,0.03412300143610558,0.028456795875952068,0.05783020922166915,0.0075771277744003385,0.029868613782671583,0.020621986319291352,0.07944656360858104,0.03283900555990482,0.007845879388760135,0.0033785757081501444,0.015061493545379667,0.016433114609017085,-0.002599850831101924,0.016388339129201013,0.01719286850941093,-0.0011991374159808776,0.006044028698635628,-0.00233462025122122,-0.0031570609007232076,0.012313050760188293,-0.008814224505155788,-0.0020559925555238,0.0691574669750421,0.015380441218393326
2021-01-08,0.008631434027964291,0.006092974817850649,-0.005039776866810675,0.006495514374673217,0.01323871206048377,-0.004353417177262564,0.07840299470467449,0.0011040178211778606,0.011120770744707631,-0.0020578493252977337,0.005610375431834624,0.004767346255507565,-0.0008688433760325465,0.0038786294521766518,-0.0005121133398821032,0.009861286192504037,0.011114536917153695,-0.03420993723985433,-0.06927949264224798,0.02606433703144284,-0.0032280679066953866,-0.0009161951900731324,0.0362338992996023,-0.0012082756724967059
2021-01-09,,,,,,,,,,,,,,,,,,,,,,,-0.013311135341493308,0.04646320835871487
2021-01-10,,,,,,,,,,,,,,,,,,,,,,,-0.047152573214749416,-0.014699009060386903
2021-01-11,,,,,,,,,,,,,,,,,,,,,,,-0.07273315912449108,-0.13634523092842832
2021-01-12,-0.001395677529458017,-0.01177069532316799,-0.010039211919547264,0.002125797051401035,-0.010738483966470258,-0.02238760616374691,0.047152947996006445,0.015718943042722255,0.022203172363250978,-0.0077809157547845675,0.00042752223832387415,0.0031113511332747645,0.0,0.008049855910562398,0.01422870604683979,0.0024979282528747593,0.006006385455952223,0.006473960214956609,0.021973298104221994,0.0181509709248866,-0.0007943965343619741,-0.00022921161632083464,-0.046214502171538774,-0.0428482439504031
2021-01-13,0.01622660493966266,0.006560343315685335,0.0034852618602632113,0.014438406874172749,0.005652131871152211,0.002190502351735235,0.005850950889994211,0.0009272442123156033,0.011278142365424682,-0.0015177574490762291,0.0023082703640449065,0.0009301283699334473,0.0034842581965790487,-0.003352294437889536,-0.006661231887971297,0.01245804230490366,0.0002982389271950492,-0.004307374345463466,-0.011804333364345165,-0.0027855789573232315,0.011262308223390916,0.0026389131721868964,0.10003249550509552,0.08367061246989871
2021-01-14,-0.015126988416564902,-0.015346377787605836,-0.024497913596702836,-0.012135545173177387,-0.009346200913381897,-0.02384369192333713,-0.011013523157297866,0.005842660936244082,0.03903337247771521,0.017480518223977004,-0.0036676094823757666,-0.0011359366967910178,-0.0017365674538722953,0.0008693381514561782,0.012904019584661475,0.006279577663805158,0.006565244458627717,-0.0005190998467168306,0.011518709226253643,0.012290571250927806,-0.009367945315084114,-0.0012588701316117445,0.050138030111625875,0.07757191852287426
2021-01-15,-0.013730671446447129,-0.0017367585256198304,-0.025813978392253523,-0.007424600125642833,-0.001906625057662703,0.023286295787982025,-0.02229585445953386,-0.01792192209382215,-0.04810167343220684,-0.002178410415251686,-0.0071622786159393215,-0.007858673387291182,0.0017395883664124145,-0.006268743936403975,-0.012237982534673786,0.011806468130817205,-0.013637655131246706,-0.012407628760563338,-0.03205391610626063,-0.02483447804070249,0.003967623074730087,0.0008023526878402354,-0.06027358971670127,-0.03826032525754719
2021-01-16,,,,,,,,,,,,,,,,,,,,,,,-0.017575563040677422,0.052655044668727724
2021-01-17,,,,,,,,,,,,,,,,,,,,,,,-0.010693288117263444,-0.0027282155417935883
2021-01-18,,,,,,,,,,,,,,,,,,,,,,,0.023435790428599335,0.02203536943575002
2021-01-19,,,,,,,,,,,,,,,,,,,,,,,-0.015295342507474663,0.09545717838129009
2021-01-20,0.03285614666348291,0.03649961737015772,0.02614156211730645,0.04570048462239673,0.0535732929821684,0.024435199654710305,0.00698599786790699,-0.014995576641436914,0.014127793732826133,-0.0024571900724829066,0.013940804050995625,0.012812556237267403,0.0,0.00895521978488012,0.006431510280688002,0.01957974288151787,0.009217988057591331,0.016282289539807593,0.026946154436670033,0.0011189067280374942,0.0009848968218617582,-0.00011412294612145324,-0.014473454791977813,0.00361443711529974
2021-01-21,0.03665847745264661,0.0028082411829239984,0.037540109278418665,0.013363421550624865,0.002170090621066212,0.020150889911492387,-0.006420156263490129,-0.00838432494934993,-0.028669799941849927,-0.0040031233159938395,0.0003935530484837635,-0.0009180551231645628,-0.001735158474528986,-0.006254306051485026,-0.0069894547462519,-0.00517006153968258,0.00029476823962570897,-0.0006271772092728556,0.00583087831377993,-0.0008382954240474527,-0.007017924400659958,-0.0013718958540648307,-0.1328368400602007,-0.18860451399286926
2021-01-22,0.01607371710367933,0.004356252282607942,-0.011177368262100473,-0.00446331304512726,0.00446355301236756,0.0059735462390757554,0.0019526425140830028,-0.007713268858141165,-0.01413405027239234,0.011253336452730966,-0.003007154878267304,-0.0014297239431784181,0.0,-0.001846717530965547,0.005228868319597124,0.0029696633404037165,-0.006185474172660577,-0.007873145210082533,-0.020289845915450355,-0.014820995642433554,0.0032368442900547745,0.0004579955521664125,0.07072224005462169,0.1024824037765284
2021-01-23,,,,,,,,,,,,,,,,,,,,,,,-0.02842289017956734,-0.004465468609136769
2021-01-24,,,,,,,,,,,,,,,,,,,,,,,0.006914643868341619,0.13047928581876245
2021-01-25,,,,,,,,,,,,,,,,,,,,,,,0.0023851084933719235,-0.04828551839708972
2021-01-26,0.0016790667309092289,0.012198817497635295,-0.015966949366787997,0.009754137082109926,0.007216515777752619,0.014531635486618955,0.0025999188207492807,-0.0040870353320612285,-0.021961686964513616,0.02711166286513156,-0.0014888938983320665,-0.0030597544963296697,0.0,-0.00956042525038947,-0.00873573061365851,0.008007653928952418,-0.0032564173763846016,-0.0024705999829396363,0.004246300836917127,-0.0039336720721608875,-0.0018867161816230604,-0.00011418515734784584,0.006286058316783416,0.0246473466409749
2021-01-27,-0.007683580575508553,0.002453373924247826,-0.03851800028104413,-0.02812581228312927,-0.04665230919883201,-0.03513535617894825,-0.02143608477064074,-0.028271932953007006,-0.01133619777051631,-0.0152510722680953,-0.025682772405192122,-0.025885149355583614,0.0,-0.026133985855992026,-0.02410857606486816,-0.017671924447344667,-0.020789868635741282,-0.006335623059913753,-0.009725139363474633,0.001410415683624322,0.002542299634058054,0.0,-0.06562212475675022,-0.07654128534445381
2021-01-28,-0.03498537122174572,0.02589091487428208,0.010315086156856834,0.0015591193708615059,0.018835245669247547,-0.026236628409649576,-0.033246240146660666,0.017597712971555657,0.0156559698227432,0.00762451822795307,0.009874142003451825,0.010188036091909325,-0.0008661953427625546,0.014142534756145464,0.007473332961925427,0.00569404688631181,0.005156180557012169,0.0009273614616172043,0.055508079966934964,-0.007042253521126751,-0.0055278551015324195,-0.0007990790136400694,0.09968113394222766,0.06328269064744974
2021-01-29,-0.037420512012338314,-0.029171518546901476,-0.0046930755279499525,-0.009704654514695155,-0.013943460565394306,-0.025169839925152426,-0.05015373491403896,-0.011067862580235954,-0.026487101236551625,-0.03564656612756234,-0.01921215100548679,-0.01819522826256048,-8.705492318472619e-05,-0.014717916430899702,-0.018442117897585875,-0.012062129858007697,-0.02172612103114635,-0.0004053281700162614,0.010922348918424474,-0.001985806945367874,-0.006016201428283852,-0.0007997180515518787,0.02540747568580648,0.03754666640282833
2021-01-30,,,,,,,,,,,,,,,,,,,,,,,-0.0013656239986477026,-0.004634533699547028
2021-01-31,,,,,,,,,,,,,,,,,,,,,,,-0.03370820328466961,-0.04442161534791822
2021-02-01,,,,,,,,,,,,,,,,,,,,,,,0.012768370405776608,0.041106378941601296
2021-02-02,0.006336304264247472,-0.0005841342927599413,0.02415549340225276,0.011104214562255077,0.013760811395622463,0.019350386262305674,0.039270726531715816,0.03078230202547827,0.01580573188547607,-0.008973112935061534,0.01391064861155078,0.014575627436527405,-0.001735944550967261,0.015527733860351,0.013464859167943155,0.005600307831240547,0.00969119114118655,-0.012167796413785958,-0.08295961488664216,0.019379866656682898,-0.006446791064226298,-0.001259317648674041,0.05883361479570781,0.10675593258422955
2021-02-03,-0.0077780802283271555,0.014571565599661884,-0.0019360619133452772,-0.019961565909300982,0.07282487609475297,-0.0016100589472050064,-0.020738065332563282,0.011451055063985915,0.03922863618156791,-0.0046508098703090806,0.0008486031701762098,0.0013342664158271234,-0.0017389632948232592,0.00022737242080861364,0.003143995634573127,-0.002340523729265409,0.004499147980690177,-0.0015106298641213156,0.01589239507328921,0.016838645763810778,-0.008873373053233768,-0.0017202972299339425,0.055245981743407446,0.09616976222373852
2021-02-04,0.025757440692862676,-0.004074284643848847,0.00988520207557575,0.005575845147329783,-0.0025498284359933843,-0.0006000310050623403,-0.005499119810906672,0.023013206371266026,0.01919038931875261,0.009283280796853477,0.010937866327909607,0.011989873356395009,0.0,0.013921031619180901,0.015670709530511306,0.0059863018995856,0.0005969232788516354,-0.021530474690833024,-0.018050571898550194,0.009882552354531393,-0.002672586626117357,0.00022978199716883196,-0.014571470120209207,-0.03982567909810919
2021-02-05,-0.0030978349186416843,0.0007850371394353406,-0.005360936876074196,0.006349415177487883,0.017140400765757846,0.006041538026510862,0.0026353496607176563,-0.0019528452496743176,0.03351939013939442,0.015186365168917693,0.004025954802096887,0.005772308726508912,-0.0017425783950352214,0.009128463555702515,0.01055147209452878,0.004181933670358129,0.0056701933279719174,0.009872160109213546,0.019199396629571597,0.010050178249567665,-0.008373153704309355,-0.001377962446395209,0.032991388091470286,0.07768440029221635
2021-02-06,,,,,,,,,,,,,,,,,,,,,,,0.029406828078771152,-0.023741923184774527
2021-02-07,,,,,,,,,,,,,,,,,,,,,,,-0.009233693380855112,-0.03791706041817189
2021-02-08,,,,,,,,,,,,,,,,,,,,,,,0.18746473766529936,0.08201385173983122
2021-02-09,-0.006573935924864549,0.005361584354914628,-0.012154653168753304,-0.00539885256244832,-0.0043798397033136816,0.010765779060046388,-0.016168321643152184,-0.003996118400829363,-0.01171177743907359,0.008186023154797217,-0.0009397594651809893,0.00019937570431416418,0.0008731524736271812,0.0019839717830811843,0.002902159023788986,0.004063167393860034,0.00529877036032933,0.0032649110578624185,-0.004332363357510638,0.005906511308363838,0.0007398010147581235,-0.00045966722075163613,0.006161523959955284,0.012262685569933707
2021-02-10,-0.0045585237459970784,-0.0038970424440444296,0.035125094252768774,-0.005573405440383872,0.005343525540774108,0.008981474759456765,-0.052550944303998315,0.0005732090523609124,0.009678159075643178,0.003247609832537579,-0.00033188483032642324,-0.0004985445609606565,0.0017435110624657302,0.0050227587895101955,-0.00221857911521417,0.0050783455038005965,0.0005855179661409249,0.0036611162023989507,-0.008307001033121986,0.0028082873498516125,0.00665365175787902,0.0016089038613074091,-0.03362488605290981,-0.01345653537210656
2021-02-11,-0.0019200012219136031,0.0068776019349363615,0.0329510789141132,-0.007439273910078148,0.001088050862617207,-0.005443774718525973,0.008498789811735685,-0.002792387994595913,-0.025039268458886932,-0.004496003393546055,0.0018540784586991155,0.002394862740948245,-0.0008702870386348982,0.003247591748802403,0.0046404077892638895,0.0021315848246341584,0.005560672182667981,-0.008685078696598514,0.0007977845236193382,-0.007891995117808914,-0.005475059511516389,-0.0010324203498475182,0.0665910372634968,0.022677205052725746
2021-02-12,0.0017758787254991137,0.0020450996261636156,-0.018982419261175054,0.004775969497859078,0.0030064916000460684,0.00040677262775123957,0.005494900903412869,0.014216874536021162,0.013643740653797476,0.0031314010853109586,0.004751362405550852,0.004878129292732458,-0.0034843756712740204,0.006981861037755888,0.004522887169978285,0.000393808937444895,0.004365326862129315,-0.0030372306060941767,0.008768406218275793,0.024890874406504837,-0.012419156442401325,-0.002641570116331038,-0.008442623839676311,0.03348732312940794
2021-02-13,,,,,,,,,,,,,,,,,,,,,,,-0.008406213773231364,-0.015959972504702824
2021-02-14,,,,,,,,,,,,,,,,,,,,,,,0.03421623595697554,-0.004975308838028325
2021-02-15,,,,,,,,,,,,,,,,,,,,,,,-0.01585126109458379,-0.014012139783403876
2021-02-16,,,,,,,,,,,,,,,,,,,,,,,0.026171883752032166,0.0007172130023165302
2021-02-17,-0.017644239336466416,0.004359573157120877,-0.02767411488162752,0.012141589169594624,0.003752379951357465,-0.0014599979096378002,0.0024238672272682837,0.003110655651105798,0.015564637590836927,0.003574026051926138,-0.0001647985281493236,-0.0016867032739223964,0.0017562493929248468,-0.004956127091383045,-0.0062582796836516685,-0.001825721041554762,-0.004316721633381593,-0.011352850687983307,0.005542335248610364,0.010877592544129566,0.00635082943002363,0.0020834247480956414,0.05994196027730325,0.03783727842182305
2021-02-18,-0.00863639563837415,-0.0016788126241030765,-0.005165668531531886,0.005920814274298136,-0.006046356293869626,-0.015279370202535447,-0.013493691045324274,0.0033770708579345943,-0.01570487393694464,0.0004829583992975728,-0.004374435869831661,-0.0057634842686421495,0.0,-0.00476328238204804,-0.013564456892523169,-0.003976484626968424,-0.00809251725639315,-6.0088418961767864e-05,-0.013385832980085888,-0.01516260555488591,-0.004046794390906827,-0.0005778544468799662,-0.008997504596578998,0.04814334686912458
2021-02-19,0.0012332693086480884,-0.011567483356821784,0.00657502288471723,-0.023535055745747435,-0.008072980403301955,-0.029065817189177445,-0.007721833533733569,0.016691016866623,0.006728354723259056,-0.01665236804211545,-0.0017960754235438747,0.0015991009005351664,-0.0035056531050891016,0.011032939941050257,0.01807280400339617,0.006467622018921482,0.0040793680129393994,0.004148551901348441,0.007980876584265717,-0.014651108663549683,-0.013292777162299374,-0.0034658090081963744,0.08143096900475189,0.0117244756414987
2021-02-20,,,,,,,,,,,,,,,,,,,,,,,0.0037823185014820293,-0.02072822520328288
2021-02-21,,,,,,,,,,,,,,,,,,,,,,,0.025676258785917394,0.00837026909619265
2021-02-22,,,,,,,,,,,,,,,,,,,,,,,-0.05791845963531039,-0.0793594074434344
2021-02-23,-0.0011109312401325067,-0.005287603364515503,-0.014889470868556853,0.004326059526709614,0.0028525870288436117,0.02124226037328847,-0.021917429429917368,0.008031629019704889,0.013812193242229265,-0.008833953715071674,0.0012554057667808483,-0.00010104415323552995,-0.0008820954491722821,0.00047516631424460165,-0.003110560164104048,0.005586567291165467,0.0008775113320393935,-0.0023007456922117253,-0.021317143644187353,0.008236438048501382,-0.002883097431784276,-0.00023245568167129527,-0.09930198541853996,-0.11884948478862234
2021-02-24,-0.004052158194802091,0.005487429364608332,0.025243839379199162,-0.010946968676518232,0.011499246109003991,-0.0058300295458040274,0.06178807266392261,0.01759498881804289,0.029972717056090614,0.013400738235474163,0.011366889888507536,0.01168790476014836,-0.001764660198785184,0.010269611145820479,0.01950272572741185,0.007824847972027094,0.0,-0.0007095264939214196,0.008945992134393732,0.0211437071287639,-0.006560194244936146,-0.0005812220753201869,0.018042326886684945,0.03590087965500732
2021-02-25,-0.03478260597870664,-0.02370526926964578,-0.08217793476557289,-0.03240038681954516,-0.03256529526979601,-0.0363965186136036,-0.08059082496045267,-0.013571675242973869,-0.01657841754217082,0.0010453851481819765,-0.02432366784789275,-0.026491688584701634,-0.007073893926080488,-0.029301446704264156,-0.03328556899390722,-0.019022007793568108,-0.0143192469685689,-0.018816524708764826,-0.02081730548996541,-0.0009411980124081065,-0.016330703619872433,-0.008725597113320549,-0.052539242009451814,-0.09275433646521236
2021-02-26,0.0022317087413890047,0.0148043144418748,0.03058420906130599,0.011700387973209825,0.0029564778077191267,0.011504159581668283,-0.009850152211020369,-0.026524700861278006,-0.024928367142031616,-0.02641912388172718,-0.004658542286204215,-0.003171185404352128,0.009542772192989046,0.00041037253485853853,0.000494713875543118,-0.014958370289119727,-0.016602296414229945,-0.024182906697045592,-0.029133849694167102,-0.027084261327791403,0.03305897136098679,0.008684898727163493,-0.016012490351298148,-0.02010569143015961
2021-02-27,,,,,,,,,,,,,,,,,,,,,,,-0.003265200081699504,0.009639784472410318
2021-02-28,,,,,,,,,,,,,,,,,,,,,,,-0.022747754528746222,-0.03008561801322729
2021-03-01,,,,,,,,,,,,,,,,,,,,,,,0.09955017057586457,0.10498132242232572
2021-03-02,-0.02089337078636533,-0.012956793618743245,-0.03146281100575832,-0.016404262105025436,-0.0025030217341854843,-0.022309578726624535,-0.044527636486599076,-0.0032557842968553574,-0.0058509754656648205,-0.001882771838074393,-0.008089994162573277,-0.009611675712134393,0.0008852646325190339,-0.009495409734342597,-0.01576322492834248,-0.009041543914786732,-0.0026613343360570862,0.005447934683729505,0.008130034654042939,-0.013054157616156137,7.102374613943141e-05,-0.00011706257130550402,-0.025231161886280384,-0.046078177824534605
2021-03-03,-0.02445674068513859,-0.02698081651699835,-0.044867225424140456,-0.02893170479822993,-0.02570619220637682,-0.013860985199796172,-0.048423758283395624,0.019332069257604,0.008025522810488628,-0.01760796828245237,-0.012988296937779809,-0.014557227482400625,-0.002652653237085967,-0.017226451890195782,-0.011718761618856988,-0.005974852217452087,-0.00177882458233658,-0.011021541189334294,-0.02096768412952066,0.02670326186606964,-0.010845945450080219,-0.0031507969669076763,0.04463205996986197,0.055771067902868676
2021-03-04,-0.015811727572484502,-0.003647310637744816,-0.033932646792459886,-0.009128157985388907,0.011196259423340571,0.008731099266640063,-0.04862218183112754,-0.015368585806504242,0.03874729118733766,-0.020164039714167803,-0.013243939239073854,-0.01610595808803461,-0.0035465426170515624,-0.021228006067700034,-0.024604682356950902,-0.011046940923100768,-0.014849887176247467,-0.009836893780889033,-0.029654085681271813,0.046912988182041815,-0.0064499843618890385,-0.003160335665381764,-0.039120359814156846,-0.02153680549869552
2021-03-05,0.010738171973633914,0.02147919536969778,0.007376640550632363,0.007687481916645478,0.031043246450023654,0.02577223037521259,-0.037799313531283074,0.0023249309310782174,0.037813127990164785,0.01979483796892323,0.01953036601787561,0.018767694382442413,-0.0008896917633760548,0.018366544507893767,0.020261501953738215,0.011580935310345097,0.007838104982052174,0.0006288110395962221,-0.008488915964532717,0.03180865896429075,0.0019477264394074378,-0.0005870910780493288,0.007539701660092213,-0.005602958730816177
2021-03-06,,,,,,,,,,,,,,,,,,,,,,,-0.0003049805235605385,0.07922032955620151
2021-03-07,,,,,,,,,,,,,,,,,,,,,,,0.046906498146797926,0.04134315133557287
2021-03-08,,,,,,,,,,,,,,,,,,,,,,,0.020306565464276005,0.06474993475523938
2021-03-09,0.04064980721213818,0.028101456693235605,0.08033324819645116,0.03756837366056898,0.016368771748181077,0.04085216251139334,0.1964120760817838,-0.007062932100885155,-0.015442910059227044,0.001906296953419151,0.01425373422183518,0.016050817821875007,0.0026814003493051963,0.012246275143236618,0.011899969820070577,0.0064427019462502955,0.015445119829343712,0.02127113294736649,0.03130358283831147,-0.008965503210308867,0.013857748257974478,0.003305040981978591,0.049335220420617,0.01816123402047265
2021-03-10,-0.009166700681858542,-0.005817534063720875,-0.00415320522551843,-0.0017010173123747085,-0.002043795048036534,-0.003161123550717626,-0.00819506910832657,0.021734794034947047,0.03070243366115033,0.0091945664935551,0.006078559129202077,0.006784810740999125,0.0008903791273426886,0.0075335695417775295,0.012152099335604793,0.010322457021946008,0.0032806973723047417,0.005098279923459348,0.011226630616586686,0.014613803275241866,0.0020032480455773882,0.0018828411019577995,0.021604243798385436,-0.03687407273423038
2021-03-11,0.016502630757194936,0.020265201740680583,0.04212693159441261,0.018298429776605563,0.031603050943453725,0.03389965508889592,0.04721134236531421,-0.005221280794504124,-0.0074470244587188095,-6.293282881075779e-05,0.010476452370475231,0.013277071904869597,0.0,0.015543927739454233,0.020623581400972757,0.011246733908600648,0.01397140398319019,-0.000866011298261804,-0.0028782769614555948,0.019661562932167698,-0.007213262787652108,0.00011739713892433556,0.032076714848716215,0.015022895397648561
2021-03-12,-0.0076253809848459975,-0.005819641866335767,-0.010582308021555464,-0.0077402727850476305,-0.024060418124499883,-0.02000860227612178,-0.008390501992574073,0.011858183465872862,0.010764953255992138,0.0028907861202516205,0.001261714146432391,0.001786616160073029,-0.005342106818416736,0.0042437748500607775,0.006450908542260603,0.01738731253284831,-0.0029316794671744306,-0.00018572795011984056,-0.009072136633174965,-0.005605381357693617,-0.021220901422674743,-0.005988974815474224,-0.008183206626845796,-0.02962034771084776
2021-03-13,,,,,,,,,,,,,,,,,,,,,,,0.06821652767950437,0.08610281570039335
2021-03-14,,,,,,,,,,,,,,,,,,,,,,,-0.031689610370558396,-0.036432495849089586
2021-03-15,,,,,,,,,,,,,,,,,,,,,,,-0.05725100456855314,-0.03389586410902523
2021-03-16,0.012742936952950368,0.012350376095661808,0.00758085685607135,0.0033034103914528767,0.014334774316849597,0.020200903465621867,-0.04387377195940434,-0.011971184951932279,-0.021195534841192187,0.00592175696644115,-0.0015513814495027312,-0.003837222748362068,-0.0008939657512010424,-0.00964172243971384,-0.01501873992510172,-0.004401734742914054,0.0023494763206322045,0.0009248406787658592,-0.0094533309888023,-0.009715239647203444,-0.004019318551540363,-0.00011795128569547231,0.01605702194966918,0.008522359714190797
2021-03-17,-0.006450555658413681,-0.0028186665228846497,0.0037619458938120687,0.014188848597238346,-0.0008013270105231562,0.016936539874165657,0.03683074261011732,0.0102923916897113,0.004398526717087181,-0.0037180339728889455,0.002889184129768463,0.003358090598083896,-0.0008951664319201136,0.005048357177162011,0.0055879514921903795,0.0009909076353094015,0.003516084983835599,0.00714498527693741,0.013277995425687417,-0.00022820296172976207,-0.007482623410962286,-0.00035347202609892214,0.036369962842253134,0.009118868953279069
2021-03-18,-0.03390523381074195,-0.026662063729172347,-0.04637883249895769,-0.03435878370750434,-0.029238125876577037,-0.018978279889586003,-0.06932072763951169,0.016506503691818608,-0.043119210369042316,-0.0018659000213345767,-0.014703716258614663,-0.017422921061533536,-0.003584375328754996,-0.01679052444475393,-0.02345099169604914,-0.009595538777418922,-0.008467313360515427,-0.005810023730399405,-0.013104000566112273,-0.07644907570633275,-0.010126544918601654,-0.0041320427430781015,-0.017189693893861602,-0.022262334013067764
2021-03-19,-0.0044800623059843,-0.0016035578500415149,0.00968748029697819,0.015511909856343209,0.0027803097835485957,0.041238884205869075,0.0026180050626212203,-0.015921188569974154,-0.005633006068253454,-0.002679799395558624,-0.0004962534856277623,0.0011020437595981036,0.0008993928092055903,0.0029193535360980682,0.0048222958342181155,-0.013841017391178378,0.0009150229447736358,0.004183119739068708,0.008713654819446415,0.03212254010003601,0.006197730511916522,0.0008296885540635124,0.008429650137686817,0.019501889367920855
2021-03-20,,,,,,,,,,,,,,,,,,,,,,,-0.0005657190459794625,-0.00274506804140795
2021-03-21,,,,,,,,,,,,,,,,,,,,,,,-0.013551247955811196,-0.013470780019506856
2021-03-22,,,,,,,,,,,,,,,,,,,,,,,-0.05205318540083803,-0.0541785781135381
2021-03-23,-0.006888789362640146,0.006737555605823786,-0.0087588323712674,0.008560288075996736,0.005239469126929963,-0.009913426735446929,-0.01170146456365928,-0.010002154920810136,-0.01234137493647558,-0.0009343008284448118,-0.007619030119713099,-0.011046969530879691,0.00268780513096889,-0.015254066194144711,-0.028731350479903495,-0.0015491196889597658,-0.014999950090572423,-0.007300628474884996,-0.030075238289106743,-0.056101659169275786,0.00902715465819548,0.0022440394490561566,0.0038474981233158623,-0.0074993100167096705
2021-03-24,-0.01999349266710515,-0.008923397891018259,-0.032725830812892376,-0.016073304438495972,-0.004310770066763947,-0.029212488829756356,-0.04816058727810224,0.007761166968156541,0.020282625125090936,0.009728598841343583,-0.0054127507187639035,-0.008642269289288462,0.0008936667582171154,-0.010092352350863032,-0.015427391096082155,-0.005110544136870954,-0.010152427757507354,0.0034608341081703298,0.0008613461823907542,0.052832153606439336,0.005381976430478108,0.001532013293662482,-0.035891807492523076,-0.050776926040515424
2021-03-25,0.004163624378502373,-0.013250565642106249,-0.008522652725759916,-0.013219634289670767,-3.4364786600016295e-05,-0.012050677753192796,0.016056627401557888,0.012813535122489839,-0.002839916905041595,0.00037094322897290866,0.005299758099752472,0.00682333529514878,-0.0008928688310233523,0.00801484064793545,0.018601006331024905,0.009724885424410301,0.005128076291787131,-0.003633653726877295,0.0021515122591060365,-0.03763573810801513,-0.007885185147909035,-0.0007057090744959638,-0.020277031922222966,0.0012211524752892
2021-03-26,0.0051413622924456615,0.01781859033113986,0.02425171314567831,0.0018941122432061253,-0.003803268006707272,0.015354807443398899,-0.03385438241576755,0.016650512315552035,0.027233842246739748,0.018274492973677114,0.0166307018174503,0.01638693239250477,-0.0017870334604437321,0.015604989579937278,0.018459811098146872,0.02159216417616272,0.014706062690087895,0.0028434090575977233,-0.00257627183050102,0.041113046245721874,-0.0034998678903622737,-0.001766363880045696,0.06639992475218648,0.06737215325548651
2021-03-27,,,,,,,,,,,,,,,,,,,,,,,0.015165759461888806,0.008017530435460829
2021-03-28,,,,,,,,,,,,,,,,,,,,,,,-0.0004067213991215679,-0.014645354230451879
2021-03-29,,,,,,,,,,,,,,,,,,,,,,,0.03216137854506651,0.07587343099405097
2021-03-30,-0.012274634963489905,-0.014410711601088977,-0.005908253279587883,-0.006645597502498379,0.000332396131661028,-0.009696586782415806,0.039801078851212424,0.011789132489490317,-0.012369370412817493,-0.0062031537072193554,-0.0030561903628213427,-0.0004997472636587563,0.0,0.0027553761855891867,0.01322986382060165,0.0003058788979106719,0.0,-0.017091823816998808,-0.02837187354253501,-0.01789122215552974,0.0052396700694630205,0.0010633063092650996,0.020216245195582738,0.014479844479645232
2021-03-31,0.0187656396390663,0.016907485440208703,0.03701933429314397,0.01269600564306872,0.00784269385354941,0.022673506125353793,0.05083220558444013,-0.014564935789683764,-0.015170150665687165,-0.00399988456751843,0.0036951114019478926,0.0053014426267607995,0.001347868118913853,0.004140884887995577,0.0059886238633857225,-0.006036246811445545,-0.0011868240467923785,0.015167857324082767,0.019766420913452043,-0.015545285841940926,-0.005579658230015827,-0.00047185511792879886,1.9359634988669328e-05,0.039180416629085224
2021-04-01,0.006958784802100215,0.0279084235503535,0.034723571670512765,0.02162845443110406,0.032610606685941956,0.014022225536058253,-0.009252455923119962,0.00972224987009307,0.02794179869091651,-0.009248483595309387,0.011835823024334502,0.012835887182704786,0.004488349687700177,0.014633623106204974,0.01590712524511617,0.01906389612143622,0.012180446040578996,0.012628087827510459,0.019823737465485047,0.03232177184175433,0.01659706093934843,0.00321748024809021,0.0030037350775407035,0.03071098836529318
2021-04-02,,,,,,,,,,,,,,,,,,,,,,,0.004881969011259368,0.08392791834374091
2021-04-03,,,,,,,,,,,,,,,,,,,,,,,-0.029981350293480258,-0.053565570203716883
2021-04-04,,,,,,,,,,,,,,,,,,,,,,,0.0200448971410081,0.031896864607867226
2021-04-05,,,,,,,,,,,,,,,,,,,,,,,0.005094138552963257,0.007053768788714887
2021-04-06,0.002462352639608145,-0.00485802731057805,-0.009008150602552889,-0.0009018902147276409,-0.004371360406351776,-0.008578840863806336,0.0008247761127986308,-0.007030038410213879,-0.0028317115386234937,-0.0002443862394957419,-0.0009299488149699942,0.0,0.002685577311145604,0.0042148797353609435,0.001147026345579949,0.002856590103633261,-0.002327442066655805,0.00802867506459215,0.01082719784962749,0.010427060485872053,0.006792968744594674,0.003543476771304954,-0.014655445594718208,0.004977353239657756
2021-04-07,0.013390418085629241,0.00823027050171965,0.02034411772861011,0.01723733655641202,0.01347514283155582,0.02230163619247061,-0.029857428208930892,0.01566797366481021,0.004437247160103519,0.0013461198045550127,0.0014894424100264647,-0.0005824834417293978,-0.0008925621219049162,-0.00565584899439342,-0.01040854509683553,0.00014968196041875714,-0.002333262379792145,-0.002818323186048577,-0.00042845881818587284,0.003931200108423738,-0.006964493844070718,-0.0011770585379838883,-0.036833390122360865,-0.06953507481952037
2021-04-08,0.01923363238094855,0.013405357319552058,0.012267082099409077,0.006071242952548017,0.005091379183345346,-0.00022368591157950757,0.01912159613436426,0.0012261541404940957,-0.01042597197414874,-0.003911570014053178,0.004460377531738446,0.005534276191190957,0.001787118179127356,0.004936996101578162,0.0058863373847901634,-0.003372319510156818,0.0073079020161948005,0.01075202788807239,0.012430386475598132,-0.0009789749126242198,0.00825499103049343,0.00223884627735238,0.04058980823677527,0.059610275923209555
2021-04-09,0.020251566212414307,0.010266610121110409,0.005797437668112471,0.02209562242522667,0.00899386847573136,-0.0017892981107232586,-0.009915155733034697,0.007478059611066845,-0.0023212361093786216,-0.010554225409971307,0.007744704699047977,0.006565654491219819,-0.0008921642753755288,0.0041649393309710625,0.0025900767595545826,-0.0006018435439945069,-0.0011606492664091306,-0.00753747660190629,-0.008890812208290577,-0.004409610644818374,-0.003622816323454292,-0.00129306819663777,-0.0013536328475677317,-0.007883295432574822
2021-04-10,,,,,,,,,,,,,,,,,,,,,,,0.026581343719059625,0.030805935133171092
2021-04-11,,,,,,,,,,,,,,,,,,,,,,,0.006885903949730876,0.010166400745060589
2021-04-12,,,,,,,,,,,,,,,,,,,,,,,-0.005174186540237491,-0.008483142170705449
2021-04-13,0.024306387625535164,0.010081664308199123,0.030935714268651493,0.006098747605224553,0.004370325788109364,-0.005713661766703626,0.0859569036478478,-0.01192699540612674,0.00378401425666941,-0.013362998931512271,0.00327917162833935,0.0036456888663680687,0.0026810764463052195,0.002479693970897756,-0.0005736778362822603,0.005839445911721253,0.005258570575748189,0.007086479573175097,0.020399274942638712,0.012224938419223008,0.007493914291805348,0.0025902000181317053,0.06027376479221824,0.07471158447120319
2021-04-14,-0.01785312854529908,-0.011218848817636462,-0.025670352114969153,-0.01970591825597423,-0.0055535457996750415,-0.022404520144705953,-0.03947166704647498,-0.018690114424112503,0.028899532863545963,0.0027587971296345604,-0.0039744336639695454,-0.003154704635108807,-0.000891567905466295,-0.0007771387892407944,0.004975566400967413,-0.006326590396371734,0.001162595355107987,-0.004344315528953313,0.00340280403773785,0.039613510367222604,-0.0031776814280719545,-0.0007049946108129701,-0.00620063437737306,0.05911532743444026
2021-04-15,0.018707575214094385,0.015297621669592143,0.056310210544267214,0.013828409714570444,0.01933181820490093,0.016511635418344772,0.009040931223980753,0.006348925000632555,-0.0059317270261037836,0.0029390965659521484,0.01113122406924405,0.010740484498558134,0.0044606221441230165,0.010221019461740255,0.006283990371406034,0.01790272048772823,0.008127420827336529,0.016162763416190717,0.018651993692732072,0.005343855421558574,0.016734489703808197,0.004230742278571897,0.003237480473297971,0.03450004461515177
2021-04-16,-0.0025274388258818004,0.0047786502393492025,-0.013927580232384273,0.006022342354579324,-0.0010940599365228953,-0.005327880154770481,0.0012587029151958085,0.007425620626938967,-0.00561595777527546,0.011534157295615799,0.0036089626895856597,0.0028461281550136164,-0.0026647061950427764,0.0007701047702015629,0.003973966129122042,0.0019866800895689263,0.006046793457209487,0.006047777218550321,0.002496856605406883,-0.0020799665272881462,-0.007766461080596421,-0.0026910542145163197,-0.027501379378466195,-0.034603277671709454
2021-04-17,,,,,,,,,,,,,,,,,,,,,,,-0.014437688523377457,-0.03579499486660964
2021-04-18,,,,,,,,,,,,,,,,,,,,,,,-0.0736215468265391,-0.04595432023313606
2021-04-19,,,,,,,,,,,,,,,,,,,,,,,-0.008750468945115109,-0.03171385720426667
2021-04-20,-0.012830255846438932,-0.001855013000086947,-0.012400897565303715,-0.011067567276491497,-0.0046948356807511304,0.001356612261063761,0.006101017267521991,-0.022142052898521003,-0.021069404766043465,0.023296155480369007,-0.006788163391889257,-0.008285674951069022,0.0008902771453735969,-0.007930759351992611,-0.01589092570964301,0.008352054060646763,-0.012338710566112465,0.0035565515706876827,-0.0008340474622797744,-0.013388689299245748,0.004609215871970829,0.0016436553861407521,0.013436976092944253,0.07571926454479683
2021-04-21,0.0029302150519157077,0.008983143874998767,0.012474244897740627,0.008195669633476843,-0.00028946983276101346,-0.003898774544551009,0.034951793439894185,0.008508015926417478,0.012841247480353202,0.0006605145997686801,0.00932233812445582,0.010851880771904021,0.0008900813601324664,0.013146109057423416,0.01943528157688479,0.0058130179311211005,0.007553473117323906,0.009911155680072392,0.03088487924635852,-0.022695395007245156,0.0020066696268639106,0.001055246537810195,-0.045454287638402646,0.014823023499079602
2021-04-22,-0.011685442413422065,-0.013086116617590404,-0.03321851850215096,-0.015758395892332966,-0.011337159835235311,-0.016419580742060735,-0.03283069676699324,-0.021057764743092067,-0.013035502966390555,-0.008464047286014797,-0.009132320381385561,-0.007790105719365892,0.0008890912954915287,-0.0042783504202627,-0.003035228680940971,-0.004623390984010989,-0.0028835706521165294,-0.006483147356353358,-0.019838124021518633,0.007660993328161281,0.004364667709610526,0.00046778186478269035,-0.0397694659817468,0.016400642451499525
2021-04-23,0.01803818942491442,0.015476137401956747,0.02794578967343564,0.00962218974677076,0.021047450780364407,0.015547295676916706,0.013491908213451476,0.01913563726362133,0.005427679712061817,0.0020586261670192396,0.01094469240942475,0.012159818925712607,-0.0008883015143472672,0.01387662634556941,0.016363964130593045,0.005443086210325854,0.011278499399251407,-0.003831414124593202,-0.0028913547076139245,0.008790661215096529,-0.0023510452563680895,0.00011725754409264155,-0.012917150838772984,-0.01662092376951263
2021-04-24,,,,,,,,,,,,,,,,,,,,,,,-0.02040928977310741,-0.06429232426518516
2021-04-25,,,,,,,,,,,,,,,,,,,,,,,-0.02091099195802515,0.047220393740067035
2021-04-26,,,,,,,,,,,,,,,,,,,,,,,0.10238907033660749,0.09430764300727978
2021-04-27,-0.002449584663704485,0.0016058729484733636,-0.006218398788564228,0.0024729175512423485,-0.008203665527660942,0.0017490645960318574,-0.04532647907368281,0.004582846753730552,0.0131104168341718,-0.005727441860763904,-0.00020710348002428436,-9.438498772840198e-05,-0.0026664797890797454,-0.00027624548060123377,0.0014830872504263404,-0.0003597308966039048,-0.001713611997234965,-0.002517371003141977,0.0037037100993249084,0.018426618132689088,-0.00872304912468913,-0.0025765615935468,0.018721407731506323,0.050654753378619466
2021-04-28,-0.006027031765541868,-0.028285682460992723,-0.006826228984450622,0.012017786731569835,0.02970789516309491,0.011628149668366339,-0.014672094304228334,0.006479346895752691,0.03013651576363774,-0.0073539087285307,-0.0008531449876462149,-0.0007541486272011344,0.0,-0.0015202248236145799,0.00027756257961031316,-0.002157900826576853,0.003432532204777905,0.002944390689552989,0.00041001349455060954,0.009742476525144372,0.0006492879436508225,0.00046978101308914333,-0.003787066282106566,0.03136279354284577
2021-04-29,-0.0007487113931028411,-0.008053006893599779,0.0031419598334319065,0.0037039347600635875,0.01429388967601919,0.07297317084334165,-0.02505755171974844,0.0194444972049026,0.014283618762688466,0.013705514869120083,0.006832682926539935,0.004622540385196938,0.0,0.003010457564722735,-0.0011102460840392014,0.008146533286055302,-0.0002847635221620015,-0.004133978948338446,-0.006147525445711843,0.016770033602287127,-0.0029553410932876556,-0.0008214417953116282,-0.02315733013830157,0.003822058741562495
2021-04-30,-0.015133565078836786,-0.0013069242234591272,-0.020571327823988406,-0.001120636171800582,-0.016407879043121243,-0.013444301818149262,0.04791723957558203,-0.008892573534678316,-0.02884328675259995,-0.008952478283086318,-0.007120696667195059,-0.007793928212339263,0.0024094627621604747,-0.009141653965824892,-0.012504683448322895,0.004361914372362996,-0.013402086534705204,-0.0033690142851713345,-0.00989689777806857,-0.022367779062654858,0.002313311074203961,0.001409103269813583,0.07833176806484676,0.005923397526498064
2021-05-01,,,,,,,,,,,,,,,,,,,,,,,0.0013484807439372304,0.062269347030246225
2021-05-02,,,,,,,,,,,,,,,,,,,,,,,-0.020698824187899145,0.0020921772956372653
2021-05-03,,,,,,,,,,,,,,,,,,,,,,,0.010051280367532334,0.16226995848861292
2021-05-04,-0.0353851967451122,-0.01615972330520965,-0.03272275490717602,-0.022034541333801894,-0.015471180853036448,-0.01308190811666976,-0.01649874089928205,0.013823910339838319,0.006290610841727107,0.015495601432523154,-0.006687074120116709,-0.008028426276069145,0.0008904177526740664,-0.005918309747145689,-0.008043166145986658,-0.006284467286535533,-0.011491012586112515,-0.007329692780131181,-0.015624976119933076,0.0202364574559335,0.006785734654968012,0.0012915016420400605,-0.06760024652955021,-0.051720294307653125
2021-05-05,0.0019552394572506238,-0.005326955729543337,0.00747321449152194,-0.012479432999494278,0.003442017314260859,-0.010491176859589446,-0.003948959080373515,0.013120720315017653,0.030072271206031065,-0.004172250824374557,0.0007276557006989925,-0.0005713009084105103,0.000890022414240299,-0.0019963112391930826,-0.0015087542346871041,-0.016169529853740428,0.009590357252309056,0.004142168530566259,0.0,-0.0046801669149011405,0.0016491658247832497,0.0005867274615292128,0.07669599321369813,0.08272417536125909
2021-05-06,0.0128026692921277,0.013226801305518121,0.004461234781919732,0.010955401769447537,0.00975473164335594,0.01587188144423246,-0.011029338520784915,0.020124103419076222,0.009512932491528181,0.004009988212041904,0.00831176820551316,0.005716430681321549,0.0008891318669479453,-0.0010877045380045525,0.0003778554092939146,0.005624472718321227,0.008060025420643768,0.01667957921247054,0.032560079541950726,-0.005597850444562513,0.0016470309494140967,0.0004691276886559237,-0.01789307689659958,-0.00905614401787469
2021-05-07,0.005327273265161692,0.0109317443651471,0.019916544795208324,-0.0044640578502762596,0.006237818406474638,-0.002937404442810987,0.013307460953421169,0.003422913284077733,0.014297479631700583,0.004531048429547768,0.007547765762461189,0.008525985757525723,0.0,0.013138473439470166,0.011987766882610273,0.013220152120462014,0.010850644467813808,0.00899681760120985,0.003941603106549785,0.0004503593297093822,-0.004931551687584301,0.00011688653239860791,0.017020319573156195,-0.0017621248893077146
2021-05-08,,,,,,,,,,,,,,,,,,,,,,,0.02523475916996243,0.11992860871057798
2021-05-09,,,,,,,,,,,,,,,,,,,,,,,-0.009718099130935132,0.006712627801450655
2021-05-10,,,,,,,,,,,,,,,,,,,,,,,-0.04074231762821234,0.005968476837850734
2021-05-11,-0.007410536745008134,-0.0038432625657927044,0.0028389297422524162,0.010474816917876772,-0.009464426115406321,0.001829922918869853,-0.018822278764288325,-0.016623038265732082,-0.0317992263181468,-0.008163675991628594,-0.008655358537014046,-0.007227206821713961,-0.0017807362170172425,-0.007274215834582987,-0.006359139058176644,-0.012334613387203541,-0.010227194014498453,0.000174300035968189,0.012623261933287111,0.008767971979813272,-0.005659544161778829,-0.0019962284016159515,0.01512317249631967,0.05475484100041772
2021-05-12,-0.024938544244014205,-0.029362688573523754,-0.03828762782123618,-0.022323796765424953,-0.030752390713646216,-0.01298393243378293,-0.044248212926854213,-0.006875649243710202,0.0053583673621266925,-0.004026526652289419,-0.021318492756077334,-0.02317996674392986,-0.0035682236524470223,-0.02614030219430108,-0.030662109272685423,-0.024685663059743845,-0.01865687041794184,-0.009933813872024522,-0.02259446521161801,0.007800363208158023,-0.010507393709631163,-0.0035300745268340705,-0.1332174549686006,-0.09183976573938502
2021-05-13,0.017919824202421886,0.016861899216370713,-0.006777498582404062,0.0030235440044839024,0.013084981160530251,0.008957213978092904,-0.030853203980896415,0.02572277151292046,-0.012325157972353562,0.010463614127158793,0.012356019481275515,0.011570728058690749,0.0008954999207415604,0.010309550867372952,0.013894398044388412,0.013027735072150826,0.0029249619171773933,0.004107329913244362,0.00278994397762089,-0.031180889193929695,0.0015480297796763853,0.002007412797663033,0.011508648851976444,-0.0186748605582725
2021-05-14,0.01984461255571701,0.02106730618737851,0.04227886491231958,0.019430851184491837,0.022134948353144557,0.034986539879498624,0.03157303299711356,0.015541660127052825,0.024789293767444986,0.001530011708481993,0.014993701797559211,0.016770017141151117,0.002683098831047337,0.01883423726200717,0.02225696394377419,0.011684065515830122,0.016039689357626452,0.009115862292308208,0.011923658143082383,0.020543202076463096,0.009351562060559315,0.002357234414253062,0.00330563837155351,0.09795273100628976
2021-05-15,,,,,,,,,,,,,,,,,,,,,,,-0.06255641898138342,-0.10809735250304064
2021-05-16,,,,,,,,,,,,,,,,,,,,,,,-0.0065040138312105755,-0.013912663131868785
2021-05-17,,,,,,,,,,,,,,,,,,,,,,,-0.06282381595309616,-0.08504749250140786
2021-05-18,-0.011245610454055477,-0.008565072865285628,-0.010571292697521883,-0.011653058569779051,-0.011555748894839457,-0.0174348830454657,0.0018029458511532592,-0.014088740898953733,-0.02830033461845738,0.0003521726266684233,-0.008392302444189537,-0.007453403816186532,0.0,-0.0056349492743282825,-0.007322284834545778,0.0010164709439621777,0.006322262540777279,0.001946172546249958,-0.0015273354223619418,-0.01211718978753673,-0.002558418057456713,-0.0010591892053377627,-0.014426855146374762,0.029756407375664207
2021-05-19,-0.0012817342596093129,0.0024739215100204603,0.003567484065594817,-0.000148514828115065,0.00399121977888961,0.011710922527254697,-0.02493638386588848,-0.007637950482576206,-0.023994789062215083,-0.0021706401945329468,-0.0028036043890412587,-0.003369747504035847,-0.001785803706742306,-0.0038606514320327356,-0.007855093620708242,-0.003917352334428026,-0.007995580835853944,0.000685616890880425,-0.016061188620298372,-0.031445134759454985,-0.0024188684415115125,-0.001060312276655484,-0.13766122609163733,-0.2720034941722024
2021-05-20,0.021012261589609116,0.01382041094293851,0.038871041316199895,0.004913709794237331,0.015606448289319452,0.016008309381254193,0.04138712802336375,-0.0017375154496267475,-0.00237381915120638,0.0058204574128646325,0.010641862616813214,0.011012396700746052,0.002683098831047337,0.011946210688417835,0.006565514442371967,0.011944657087534116,0.012377588596907962,0.004567270124640199,0.0023319616929071696,-0.02187429786470063,0.008228381891431269,0.0033020633151981116,0.10216344466291027,0.13151449824793127
2021-05-21,-0.014767156663269776,-0.005314994169295706,0.02595362919305977,-0.013732853548741542,-0.005557091263393321,-0.0074699864976284225,-0.010054917128925145,0.011378099838379896,0.0013596073112325247,-0.0006426897609054238,-0.0007541359978734397,-0.00038207311087790075,0.0,0.0008783343311689062,0.0022063080754528563,-0.001295645037360016,-0.0025590430833304367,0.0004545724551812125,-0.010081435426599672,0.028719426408894355,0.003206527354572497,0.000235355577097085,-0.08528232829817228,-0.12702423935739582
2021-05-22,,,,,,,,,,,,,,,,,,,,,,,0.006217486259949112,-0.05550670085100928
2021-05-23,,,,,,,,,,,,,,,,,,,,,,,-0.0736893688644572,-0.08107561141354924
2021-05-24,,,,,,,,,,,,,,,,,,,,,,,0.11318183957815453,0.2531362984543515
2021-05-25,-0.001573497854044259,0.0037484286915390186,0.0022900062605588634,0.004332851226203749,0.0007750314502210642,0.009734194830561815,-0.002885668382965889,-0.010333817157001324,-0.022647235332690863,-0.0027558180371695107,-0.002112160123267315,-0.002745417154412122,0.002671948276339764,-0.004071117137814606,-0.006849286717144687,0.0005696730898265834,0.001700185412077726,0.009072814229376336,0.009320379460899586,-0.0022212858241122957,0.00926287867665554,0.002581696812518297,-0.007847826326095597,0.023845534449147276
2021-05-26,-0.00039376333110718864,-0.0009137697692210844,0.003338932742748657,0.0018747562447005706,0.007380862341623828,-0.00039653239644343863,0.023879957500782645,-0.00012355609195180417,0.011672103716669158,-0.00593837897387961,0.0018842207356095653,0.003986890830850021,-0.0008883420137547615,0.0055900651831199966,0.013122730884381761,0.004343542865718586,0.0025457600446987527,-0.0017420486873281904,-0.012312416223251521,0.0062333616519982815,-0.0017206074996963805,-0.00035089566301127473,0.023227211885217036,0.06726811488576234
2021-05-27,-0.012376991414920546,-0.008668375890120705,-0.013503231848188912,-0.010734558114025683,-0.007406607381749142,0.015534353506090115,0.018929840154243482,0.015572131117022936,-0.0064475619975119525,-0.001537721534205727,0.0012627295057709986,0.002458340700466133,-0.001778065510316229,0.0040995707738307186,0.008792790532722972,-0.0030486257076103307,0.003668354448243649,0.00039409662496781017,0.0070120882213011715,0.007743328942774408,-0.004022188196943999,-0.001405540967865604,-0.021815700174415475,-0.052691616288219056
2021-05-28,-0.0053481533478514365,0.0014839411527192148,0.048844304835317987,-0.0021794289420000723,-0.002467517862871915,-0.012081171288144676,-0.008924522802159385,-0.0006691686043620582,-0.0032445070093528594,0.0026064012411750603,0.0008747220825313651,0.0008487882334695662,0.002497697255382514,0.0019721145553011077,-0.00018774195821946726,0.006613644031042476,0.003373729453086227,0.003770176937892389,0.001934206434147212,-0.0028540300832642362,-0.001587085854659609,-0.00011741558238964611,-0.07126897282320166,-0.115689239130076
2021-05-29,,,,,,,,,,,,,,,,,,,,,,,-0.03029724398312339,-0.05801550776760467
2021-05-30,,,,,,,,,,,,,,,,,,,,,,,0.03068120125307594,0.048603014494119634
2021-05-31,,,,,,,,,,,,,,,,,,,,,,,0.04637929771620186,0.1358152351044477
2021-06-01,,,,,,,,,,,,,,,,,,,,,,,-0.017355481635803582,-0.0299921333878157
2021-06-02,0.00627597884575315,-0.0004044543979430104,0.03158698518489356,0.004765962837133042,-0.004447264330267764,6.102259097429119e-05,-0.030100952337768105,6.005903928674172e-05,0.007938986239200974,0.00404762542754411,0.0015691173180141238,0.0013182195569361177,0.0008905763755979734,0.0006199802957094214,0.0008365546768076548,0.012217646872308752,0.0027799698408810247,0.004890446350902078,0.011996883286060411,0.012303036311173798,0.0023152737253238076,0.001057147959086846,0.02426756732611457,0.027570223894910928
2021-06-03,-0.012154152860647915,-0.006429173557854551,0.011413503121937563,-0.014526941142032901,-0.00970662517973786,-0.00944867350775691,-0.05334476431283097,0.0006624864888309379,0.003938339671316626,-0.0009626471472673481,-0.0034672403737440183,-0.004608271530412988,-0.0017791717462297685,-0.005126985502174719,-0.007430131116910821,-0.0036352602205899087,-0.005544402263320536,-0.019578228541437537,-0.026386254077368054,0.001492530757927435,-0.0037536210079140986,-0.0018779597453164598,0.043475133082156336,0.05506082122730849
2021-06-04,0.01902211908905649,0.020674713031462844,0.035858021489707737,0.006027657821926935,0.019590493023027733,0.013219197750444112,0.045754470575515294,0.001624903503446129,0.004413316374956455,-0.0004216296759982363,0.00883988989659823,0.00850335324892515,0.003565082550432974,0.006882554776648453,0.004117224633379157,0.00013782393785866098,0.0086421476014098,0.010783359066451448,0.012568798652000446,0.006174091830814188,0.013694530081199918,0.003997844924837901,-0.05902658087058821,-0.05846725128986907
2021-06-05,,,,,,,,,,,,,,,,,,,,,,,-0.03638625350557034,-0.021433773441770665
2021-06-06,,,,,,,,,,,,,,,,,,,,,,,0.008731498936251025,0.032128263957071024
2021-06-07,,,,,,,,,,,,,,,,,,,,,,,-0.06418068028941804,-0.04597617844406354
2021-06-08,0.006671929146458977,-0.004885523858637497,-0.009194604680076712,0.020669153552085318,-0.0016066955553362128,-0.008616235612726064,-0.002544921741878703,-0.003983785594429801,0.017690333937508962,-0.008796113997349253,0.00020455425008125694,0.001684076392558742,0.0017773918175261194,0.003639098101185345,0.010732910539430263,0.007478524291746114,-0.0013818126628012406,-0.0030920774052216604,-0.011196873067566782,0.012904603436520112,0.007026837788840945,0.0018744823757235185,-0.0026243254847995168,-0.028114696356679736
2021-06-09,0.003077144246265373,0.0040385768164095115,-0.005429111186641689,0.005220349302289318,0.003960853568177436,-0.010279301410494712,-0.007968981371759054,-0.012484787382220919,0.008369473497583435,0.013464626165662352,-0.0017892952860432132,-0.002615168189456063,0.0026623452245757573,-0.004446983354688738,-0.007231955883776453,0.002024797258720623,-0.0033202720643606964,-0.0019175027218333307,0.0066380348396100075,-0.006265648086217879,0.008828895807116766,0.0019892619111676613,0.11569117681725527,0.03607967431090309
2021-06-10,-0.008023099341698092,0.014393071575906191,0.003845517615679972,0.02087684594544914,0.011291893199786296,0.006691955292590368,0.018938501740255687,-0.01558856135397324,0.0015962278405365904,0.008997873362232678,0.004711713938255091,0.004120588031141237,0.0017697242386609524,0.0029895839529592294,-0.0021209388604569446,0.00686961643880224,0.004442025278384332,0.004294325821970535,0.007370000839736379,0.005254308330791879,0.005998658908942023,0.0021011763399167993,-0.01720501684509279,-0.05242888494385056
2021-06-11,0.009832642132156177,0.0025270646128372487,0.022969796833493206,-0.0008418265339896758,-0.0020246334829622237,-0.003609509803848998,-0.0003770180312155924,-0.0006859712986586608,-0.009243018625079147,-0.012688472712446663,0.0019625561776697165,0.0032644630936748964,-0.0008834956058287879,0.004795505493318419,0.008409082926260192,-0.0038794014154599488,0.00055295190225646,-0.011252390785353672,-0.003850538188873598,0.005017726418185209,-0.0016131677706472392,-0.00023290520020124994,0.01721406171757467,-0.04764267524354615
2021-06-12,,,,,,,,,,,,,,,,,,,,,,,-0.047727642256857994,0.007951323078627226
2021-06-13,,,,,,,,,,,,,,,,,,,,,,,0.09972131894675185,0.05728477202826676
2021-06-14,,,,,,,,,,,,,,,,,,,,,,,0.028661855288592664,0.011760329487777943
2021-06-15,-0.00643767718624999,-0.005887149716789497,-0.012778315154304498,-0.0002186996793457352,-0.008379143687148649,-5.936423281227565e-05,-0.029675082579620482,-0.015167928994225921,0.03641054787163056,-0.005321240092236779,-0.001980041296792745,-0.0027850579574875134,-0.0008866319040962134,-0.002799269783066438,-0.0026717795983769443,-0.010369865406224532,-0.0013780772720273227,-0.0037777095572453234,-0.007352961800915048,0.013658937325755183,-0.0012040173744891636,0.0,0.004669320789865594,0.028782028478138377
2021-06-16,0.0039337297283081885,-0.0037932621759957375,0.001223108485993496,0.0094941835711142,-0.005328669272092301,-0.016837335268174214,0.009193155632698069,0.00702419047922942,-0.0035752121081101818,-0.000364984387309808,-0.005392212396457374,-0.0048409312561106255,-0.0026587033205862642,-0.0047243306634841,-0.003602224778189167,-0.008112485951888737,-0.007728424670661926,-0.016891711518855712,-0.015204654793315897,-0.0046957848996710405,-0.0008508178495347796,-0.0028042607246159257,-0.05096256237308472,-0.09317467829181958
2021-06-17,0.012601158076763097,0.013676414784737467,0.047556658656743744,0.02166464377780497,0.008039868709384113,0.016400886741307463,0.019392614586788648,-0.028860153404219102,-0.03291730386992153,0.004804514969664275,-0.0003835849751272491,-0.0007483638580433327,0.003555575258175514,-0.0038864573450863027,-0.011958911557833019,0.00047692741759686186,-0.004728670952547476,-0.030740427140865334,-0.047901859891426146,-0.014564083784054493,0.014972107376165722,0.003397579305778775,-0.007655308506355651,0.0018323460112703582
2021-06-18,-0.010091698046169828,-0.005634255720194936,-0.0009914527672557627,-0.0006706583139327593,-0.013409274994962472,-0.02035599989836301,0.010882243306208794,-0.0253032042343746,-0.025649433814875944,-0.019610135220189284,-0.01309884002289663,-0.012918810598807062,0.0035423863196799577,-0.01308655156341576,-0.01726413372790192,-0.016622455244854284,-0.015941296967686425,-0.005547261946798776,-0.007068610465150393,0.006661109257406039,0.01880629367216735,0.003152236232855765,-0.0595545108824469,-0.05913519533292433
2021-06-19,,,,,,,,,,,,,,,,,,,,,,,-0.004788717174578294,-0.023853268817950024
2021-06-20,,,,,,,,,,,,,,,,,,,,,,,0.002314299179515533,0.03115240254206708
2021-06-21,,,,,,,,,,,,,,,,,,,,,,,-0.11265533282181261,-0.1593316631723415
2021-06-22,0.012698350026621563,0.010966239425543645,0.024935922480777695,0.01490466106187549,0.004252326917089766,0.020283427052794956,0.004638983624974058,-0.0014624103229180507,0.019172513993387374,-0.001342519795399011,0.005138570531690201,0.005330145262446795,0.0008857444833736405,0.004889129935676584,0.0023374511879548088,-0.005363554404750781,0.0008502275605364318,-0.0041928539145718036,-0.009551476036754436,0.0012155096809534083,0.002442680962575716,0.0014012302096559903,0.02616961270137308,-0.0071473718245484985
2021-06-23,-0.002089717787710055,-0.0009038358888338038,0.009027512215741273,-0.0004621896804161141,-0.0016634945572336912,0.0046013579267689675,0.05268476618207507,0.006057961960374225,0.00736800303303542,-0.006050634589292114,-0.001093708158749651,-0.00022386685476960544,-0.0008849606343738214,0.00013374504855767633,0.0021135810486878626,-0.002247600339435829,-0.0036817124942285506,-0.0006616578066259704,0.003354294441362482,0.006070478811679214,-0.0025758809939473437,-0.0006994265618245343,0.0374509295196066,0.06122096610515215
2021-06-24,-0.0021689581175380335,0.005352742814938916,0.00777888446914532,-0.015622946391951387,0.0030542548150493953,0.00760451500977144,0.035411302984154513,0.00919806691996694,0.004045813865634074,0.004550058047466221,0.005906453647992915,0.006718727238214539,0.0,0.006871163236891853,0.009705191983100159,-0.0022734951185664487,0.009096050104609343,-0.0006019387497473438,0.004596765940189762,0.002413494145989681,0.0016056385268359286,0.0004674093687295766,0.027856637741157764,-0.0006433160408149119
2021-06-25,-0.0022489341770587368,-0.006261915730620515,-0.009085825304259387,-0.013806561613952328,6.938904920228417e-05,-0.005274265574046089,-0.011694312026312215,0.010097939156703761,0.0021699919738669138,0.005141605801029403,0.003341360478906541,0.0035224721658018154,-0.0017718833759574615,0.005903305391879776,0.007116381854717302,0.0073884390062455285,0.00394374390099661,0.0033124733437563947,0.0058236016770703,0.008226321150820004,-0.010383530678755859,-0.0018669939398444635,-0.0872604012088013,-0.08812816946248714
2021-06-26,,,,,,,,,,,,,,,,,,,,,,,0.017336806155961115,0.008836212177885328
2021-06-27,,,,,,,,,,,,,,,,,,,,,,,0.07653470332064805,0.0818129147779052
2021-06-28,,,,,,,,,,,,,,,,,,,,,,,-0.006213875976586625,0.05091873749506903
2021-06-29,0.01150042023198572,0.009973038788225086,0.002089258726871268,0.0012340341405479016,-0.0021504913278813653,-0.01054417968131105,-0.011557681931348984,-0.0012311454903434216,-0.006189438711916795,6.111150326093551e-05,0.0003788348996953683,0.0,0.0008846650892437857,-0.0005429824337664924,-0.002588343468507448,-0.0019947586444795107,-0.0014079720983795063,-0.010505462725200698,-0.013217666539667605,0.007064967049917659,0.0016724935904466331,0.00046649807262633125,0.04162825758718758,0.03900201883549914
2021-06-30,0.0046208727621805945,-0.0018420975406782114,-0.0012106965127587355,-0.0023143032508132766,-0.0014966222037735566,-0.011878907618780965,-0.0015570796861552605,0.0090824376850287,0.007345830174581236,0.004328218556300278,0.0013374498312119787,0.0005533111036060134,0.0015053573358463357,-0.0018676484813417993,0.0003709180795505862,-0.005721909247737522,-0.006204186932654676,0.004853503869870712,0.013813308168146854,-0.00020040732923476412,0.004453641901176919,0.000699316842835529,-0.02305527321430456,0.052656870391718735
2021-07-01,0.0022637248596819592,0.00258411764423383,0.010473564013741665,-0.0020900020900020966,0.002907757367400343,0.01921142286474753,-0.0026188230779431443,0.009901225954062287,0.002853566192535295,0.007405635232184515,0.005294516588080889,0.004885254444752407,0.0,0.004694772779316958,0.006948171070118692,0.004159688270825246,-0.0002838147799847368,0.0034413575356286863,-0.004541647651586822,0.014835562308008088,5.47763718785621e-05,-9.362738358853484e-05,-0.04191448950075438,-0.07075786769497328
2021-07-02,0.019596398434466478,0.022275342571538737,0.013605618474993753,0.022723749230608936,0.022973662678432705,0.000874743788767951,0.0014456370513082906,-0.0009605971111322775,-0.0014228312369259921,0.018197111648746267,0.007623491817414951,0.005686979781098778,0.0017681558579609735,0.0026071816012391835,-0.0038641090992219684,0.00400517008386525,0.0031226602139278192,0.006558341503640763,0.018249631504367203,0.0061240888943550065,0.006034916373087951,0.00174988402004006,0.00967855812266083,0.017238228700587443
2021-07-03,,,,,,,,,,,,,,,,,,,,,,,0.022760094790705843,0.035382581063104546
2021-07-04,,,,,,,,,,,,,,,,,,,,,,,0.017861561294527206,0.0429492165308718
2021-07-05,,,,,,,,,,,,,,,,,,,,,,,-0.043691535402215154,-0.05303886040710504
2021-07-06,,,,,,,,,,,,,,,,,,,,,,,0.014496276584600176,0.057353737104673064
2021-07-07,0.01795538403834196,0.008175572362060679,-0.01578630135366832,0.005669564076709488,0.0022504945930950093,-0.006491346687434119,-0.02263562857139878,0.0011731935540448823,-0.01564275714158936,0.00857263126727914,0.003341516606085726,0.001554755981917566,0.0017588248457398592,0.0005086737159132326,-0.004481741097269953,0.002526179102025461,0.0022810186696804458,0.003806801143447114,0.0004127209686655142,-0.02484973227553333,0.008859178573308979,0.0020879740077781594,-0.011095808977648836,-0.004094146464876158
2021-07-08,-0.009199861312972346,-0.008966437889482592,-0.0230219802442716,0.009422227593882448,-0.01130664024866146,-0.013809132257404988,0.012658037290573132,-0.01725370061604825,-0.00446956936655718,-0.0019479811316515105,-0.008350955764749757,-0.008673593468411234,0.0017559319916697902,-0.01053990880561384,-0.011161123882499235,-0.00272437411534443,-0.014509156511675392,-0.0006518168637834609,-0.009488430049837349,0.017673666523804865,0.003918142701080152,0.000925607865345901,-0.028886355129662422,-0.08428589852706492
2021-07-09,0.013055104531787043,0.0018742955807709016,0.007411062400519253,-0.003234704202571881,0.003794735243933367,0.013800057643355013,0.006341837079579804,0.031999443436369734,0.018124518763391162,0.003962952267757558,0.011278658334416658,0.012709626549465058,-0.004382183957035268,0.015275984821812694,0.02115154556797516,0.016458605284882744,0.015588899666718836,0.003320562334123478,0.007496888940436541,0.017972523857457068,-0.014062376460501347,-0.0031222872836151883,0.02800225791699673,0.012578152818153887
2021-07-10,,,,,,,,,,,,,,,,,,,,,,,-0.008210311003178261,-0.016438693611583566
2021-07-11,,,,,,,,,,,,,,,,,,,,,,,0.021469475378479208,0.013385044405790802
2021-07-12,,,,,,,,,,,,,,,,,,,,,,,-0.031668630428790756,-0.04811208084100682
2021-07-13,0.00788885810272566,0.013197801110200302,-0.01279707001328445,-0.011076947823728367,0.002882439028438988,-0.003029896341663618,-0.0250255268170938,-0.014873605459891137,-0.0047408437040219464,-0.0012390092665528485,-0.0035070043348420787,-0.00571467381332591,-0.0026410006272021835,-0.011261593728359776,-0.016332704403137055,-0.014920518784782288,-0.0028346152271246927,0.001301782371024407,-0.008237263479545898,0.016696484389957522,-0.007653642386423298,-0.0031326396938987644,-0.013687548281983153,-0.04744738315710828
2021-07-14,0.024100840097901255,0.0054456064970551665,-0.020172824963014202,0.0011747744165069296,0.007032221531288352,-0.012667186782454931,-0.022676262535623493,-0.0034052254821331784,-0.022175019791511486,0.0067937577566383744,0.0012890437510379993,-0.0014599094141833913,0.0035308548543957485,-0.00535364126731197,-0.01132050807005136,0.007911075660817168,0.002274075507721296,0.010755182911599048,0.010382059833558444,-0.02834801015999655,0.011362510883971888,0.003375491094168792,0.003679352094793975,0.02796132275201524
2021-07-15,-0.004492024007094253,-0.0052389898099991505,-0.04411225290577936,-0.013711143174944485,-0.009607151508011391,-0.009119001164703877,-0.004254796226577984,0.00219212214358544,-0.009742901767335166,-0.012028899196693477,-0.003242941463767357,-0.0033801381117278817,0.0017588248457398592,-0.0027426496707526615,-0.004961988408742513,0.0016773451143565765,-0.00623931428433544,0.00017547964957964624,0.002055044686285923,-0.013279674794376639,0.011029514760316106,0.002436483163761771,-0.031734999531688124,-0.04169600090882597
2021-07-16,-0.014076176957653175,-0.0009962978682228618,-0.04245700227869054,-0.01585423166667732,-0.0002756454106159767,-0.009580086463738091,-0.009806316575730722,-0.022835218172411853,-0.027650539560592824,-0.0016036471304237132,-0.007549710433669032,-0.0074260834845572,-0.0008780147906992664,-0.0060163492878722025,-0.01112390512250161,0.0,-0.007134854981293404,-0.00970365108457183,-0.025020456275673952,0.0020391205598333517,-0.0018857372343835666,-0.0009258101767332105,-0.011302175908234458,-0.016111927996504405
2021-07-17,,,,,,,,,,,,,,,,,,,,,,,0.003549453661488622,0.009807715440898646
2021-07-18,,,,,,,,,,,,,,,,,,,,,,,0.008363987433579023,-0.001723734916274866
2021-07-19,,,,,,,,,,,,,,,,,,,,,,,-0.030788575922789052,-0.04128374639361532
2021-07-20,0.025973720842885628,0.008338738962465175,-0.008932563315544706,0.0066486136498793424,0.013096147482540621,0.01397819192479055,0.02209778342837665,0.01864333860850853,0.011020678045332799,0.009407996383592465,0.015179059876725187,0.017344842167724916,-0.0008738860236534585,0.022578048517681637,0.02779149822796345,0.02361915324924957,0.007023814765301006,-0.001297100524211059,-0.006440597680651083,0.014616015853295972,-0.009638886661317292,-0.0010364124034419886,-0.03278895069501786,-0.01639021839697663
2021-07-21,-0.005131805627029751,0.007446868331384193,0.04287539518025674,0.003361110852517335,0.010613320750031852,0.013375893540187977,-0.007888019850240235,0.02104042480774182,0.03216579155621835,0.00617404382506459,0.008239943842457409,0.009215955993832736,-0.0034995739556077377,0.00964909067857489,0.015054095108385068,0.0002672760609740976,0.011333639705349619,-0.0037192566567244567,0.01210028928396456,0.03784137174254898,-0.012666894652962779,-0.003228687109503414,0.07727442675168827,0.1138231386284283
2021-07-22,0.009628690328381317,0.016844320805137425,0.00947979700135071,0.014735635895966048,0.0068404549021319205,0.014325847038525463,-0.009202007847976312,-0.012625876712530903,-0.011253442075374376,0.0028907132757993725,0.0020867511853464027,0.000639163281491939,0.002633654013182385,-0.0014285084431903128,-0.00982414479113769,-0.008467589310739099,0.002298780758011265,0.001955450591350383,0.005977770674311156,0.01864507359947387,0.009453084945647783,0.002197678483668808,0.006303573302191001,0.01719358875607435
2021-07-23,0.01198923551258102,0.012336668059462541,-0.0018370793823377918,0.005115384934792466,0.03576888245056775,0.052962767920067266,-0.009056424875986235,-0.0019211844460250704,-0.0012256141964891443,0.010648280464509607,0.010188390683166126,0.010129573783981938,-0.001750735621401156,0.009536454428624719,0.006487450979840714,0.00880858729287759,0.0011471671438219033,-0.0031344183025339145,-0.00891337390632052,0.006101343561718764,-0.0066891609704800015,-0.0011536762616732865,0.03925482537500802,0.04916734984036908
2021-07-24,,,,,,,,,,,,,,,,,,,,,,,0.021169199000986128,0.03032890061397775
2021-07-25,,,,,,,,,,,,,,,,,,,,,,,0.030844758309330533,0.0009843828063664795
2021-07-26,,,,,,,,,,,,,,,,,,,,,,,0.05621887171744144,0.01916282850447759
2021-07-27,-0.014900302326648185,-0.008683095818569964,-0.0044575701506486265,-0.019846876786293155,-0.01592897153652617,-0.012484499044033703,-0.01952494819687245,-0.0013186015331694279,-0.011114657545158724,0.004596432159114094,-0.004700316470716226,-0.0055903618781456554,0.002633654013182385,-0.00313745915412611,-0.007662533081221001,0.006131221513604679,-0.007771886061915478,0.0016650735799190741,-0.017123352543991444,-0.004026514105394674,0.010671896947687998,0.002543828644503865,0.055424286615063156,0.029089175950248514
2021-07-28,-0.012196062786056672,-0.0011171105726852648,0.015358537730656652,0.0010837371680696428,0.03179706667344728,0.01487186618648595,0.0034120354402995545,0.0016503145077295667,0.00674415844992704,-0.0027799921476119316,-0.00019677140750085087,0.001994814296284897,0.0008759031443259513,0.00392583683802239,0.009532757778750067,-0.0038417316767279663,0.010153484353021769,0.005046252863966982,0.009146385025917025,0.005053567694180083,6.639917684236885e-05,0.0009224011291653067,0.014945713184850051,-0.0007779923760146135
2021-07-29,0.004552079007125176,0.0009785649163136512,0.008152564135363694,-0.008373940689987869,-0.002325585338819103,-0.04007704426988601,0.04694118807422987,0.008569675165304158,0.012194617367492278,0.0,0.004329983546158989,0.0041625776585576535,-0.0017497869778039243,0.007079255555195285,0.007648786837355592,6.653211581997276e-05,0.007466920043746272,0.011105233370970247,0.023737558707359385,0.018503582991913348,-0.005545824126261922,-0.0017284987671918328,0.00031292265067750513,0.03675580573317805
2021-07-30,0.0015108059836894672,-0.005549784758946519,-0.008290137707447909,-0.07564890713277761,-0.007740749314504858,-0.005637592695215354,0.014541928508582602,-0.007973668038066761,-0.02307817965369674,0.00011632917851223112,-0.005315668910724436,-0.0055871928859296816,0.003335810040610898,-0.0034145538146798105,-0.002998823724344901,0.0017950291631316784,-0.008266653613368646,-0.007886842666167015,-0.0037942729845367174,0.0003949537520682167,0.004703554489595474,0.001500962134112882,0.055666404612466414,0.03612188139554173
2021-07-31,,,,,,,,,,,,,,,,,,,,,,,-0.014427457617713135,0.028070376144742504
2021-08-01,,,,,,,,,,,,,,,,,,,,,,,-0.039669750474507826,0.010110397103823221
2021-08-02,,,,,,,,,,,,,,,,,,,,,,,-0.019335866368471732,0.01885404331468732
2021-08-03,0.012643990947251993,0.008075214633489924,0.00329134942228837,0.01043374884144277,0.005750692582716654,-0.002017408174501245,9.862621233169833e-05,0.011377960202704651,0.010767689592169338,0.012305999316581051,0.008191035528174684,0.007262948824307003,0.0,0.006685524433208467,0.005002587478613263,0.0020635485862579017,0.005998633877965842,-0.0007074766626713469,0.0063748242308978575,-0.006710081923687161,0.0005309695935937775,0.0002304577419507403,-0.02675797936526192,-0.04130167760589376
2021-08-04,-0.0027822515382512902,-0.0021246105939659587,0.02316405634950769,-0.0034222398904129037,-0.0037196910179081444,0.02186559064223026,0.001662548831768751,-0.010792258758393736,-0.023367878546276533,-0.005906169194093591,-0.004624992162417851,-0.00459661623473695,0.0,-0.0053730976440232725,-0.009109657918670355,-0.0035208530590766784,-0.000567888893327595,0.0002359625041987723,-0.005912136310988081,-0.033776822164196085,0.0020564450416105107,0.0,0.041792893187100555,0.0888246242008488
2021-08-05,0.0007488284920940114,0.010505795896380343,0.017904842189433,0.006340362999381677,0.008332921552718808,0.011283758469502914,0.005218642492307302,0.01262919559875586,0.00633375243767631,0.0019034955842467394,0.006072267786431551,0.007334194670907568,-0.002617698629298615,0.007951988757028072,0.012131332119540428,0.012066658916983997,0.0031250062945782364,-0.0039520921003340925,-0.010195482970796643,0.0190677478100445,-0.005097358017528308,-0.0023028170630159384,0.02822946527400849,0.03769662894668069
2021-08-06,-0.004767391332553328,-0.00020713795190319129,-0.013131816637753646,-0.009197334693852421,-0.003765392355306152,0.0014877310698784285,-0.021731523084098314,0.028403175641574796,0.011538357739244276,-0.003339090177352233,0.001808324465987221,0.0010787178872671,-0.0043742168699264505,0.0006994363866867914,0.0025283982761798995,-0.0015806880945499202,-0.005380848569062402,-0.024991124040327772,-0.033476343555248866,-0.011018685989814037,-0.016700904357436763,-0.0047315787365959094,0.04763803587748594,0.02249925501300054
2021-08-07,,,,,,,,,,,,,,,,,,,,,,,0.04062220829002827,0.09211431822037741
2021-08-08,,,,,,,,,,,,,,,,,,,,,,,-0.017005273846830926,-0.045453041087839874
2021-08-09,,,,,,,,,,,,,,,,,,,,,,,0.058616336068955555,0.0511404136452529
2021-08-10,-0.003353815032745011,-0.006555186169554195,-0.017688692574978515,-0.006340816609805455,-0.0007738917879709373,-0.0013273823689666786,-0.005281893495678203,0.012267262949701596,0.017132872226794937,0.00034521000509868394,0.0010007794908017953,0.000359394516976419,-0.0017601366609297786,0.0008988236492479817,0.0020620731295997174,-0.01034901381201736,0.00199197861636935,0.00030919522248562537,-0.005976972908809275,0.023176005717134407,-0.0046176382948515116,-0.0015105610585959273,-0.016830892309838696,-0.008259541279942217
2021-08-11,0.0017852463892065185,0.0017807125841269311,-0.011888205567934795,-0.008603643493863333,-0.0038595232499164522,-0.003239826909436805,-0.0030563570472872392,0.01193008883630342,0.002921940011002988,0.00017274642292308684,0.0025123037926879643,0.002425261221988828,0.0,0.005157152339914983,0.00598642769981006,0.006703428785489685,0.005396131192106246,0.01378497662510525,0.010175731027505908,0.013003333219724578,-0.0006143866256186348,0.00069834823974535,0.00018877838873909702,0.007178921769949609
2021-08-12,0.02077344938400194,0.009966649563878827,0.010457530294259332,0.003459810192938395,0.006714066541205321,0.007473087996850092,0.020386528392057013,0.003909090676034621,-0.0022616285989101037,0.008055284579965516,0.0032112221892595105,0.0028673888038168727,0.0,0.0014564609747327317,-0.0011157661650172956,0.0022638514088593187,-0.0028248193287943035,0.0002438615008097944,-0.015567772445624461,-0.004140802610737793,-0.0016385956347200192,0.00011565497699672633,-0.02555943636254754,-0.03818629912409377
2021-08-13,0.0014107983392204204,0.010489744776696508,0.014217300770074992,-0.0028848279463596915,0.0038887829168070542,0.0014613103042815379,-0.007033557040173943,-0.011187159807813374,-0.010113341668755771,0.005993186611279455,0.0016491506577289705,0.0005360572074188941,0.0035274590629195135,-0.0007602024472921354,-0.004561204211578462,0.005447755765321416,0.002266407872195897,0.014325811995228088,0.02186043317927866,-0.013929276303528138,0.0157960953368792,0.003952915456162165,0.07574073458615982,0.09160677291715547
2021-08-14,,,,,,,,,,,,,,,,,,,,,,,-0.01457055076832292,-0.017087505609842735
2021-08-15,,,,,,,,,,,,,,,,,,,,,,,-0.0010603958689597848,0.013799287280931383
2021-08-16,,,,,,,,,,,,,,,,,,,,,,,-0.02215910567498447,-0.04651697201106941
2021-08-17,-0.006154000363744583,-0.00515991570425145,-0.02466145101416406,-0.01728702615047184,-0.011915416659714406,-0.022124677187635333,-0.02981764971635026,-0.012080833800988677,-0.006792928701633283,0.009165585403248189,-0.007002598123188042,-0.0074974898324839945,0.0,-0.007227783729929493,-0.01205047695596273,-0.0009929283417914325,-0.011660992579574647,-0.0014950364679763295,-0.00904980812159395,-0.009778891911560672,-0.0004022712296291031,-0.0010415842126343389,-0.028456465011732934,-0.04487981843695865
2021-08-18,-0.025501148055428136,-0.006118845061904632,-0.021482016462308295,-0.012566487390164305,-0.008872058919054071,-0.008369490435836457,0.03497015710402862,-0.009107530633085559,-0.02105830107921547,-0.01270387296730302,-0.01055364343452847,-0.00998214995199187,0.0,-0.009184163456012806,-0.008385843052473141,-0.009340824300140826,-0.00057569734680607,0.0007786122169375354,-0.006392666305344519,-0.025332766397383022,0.003358773343351107,-0.0002314297225419759,0.002367765389513554,0.0017393580222999638
2021-08-19,0.0023232271069195676,0.020775095506223806,0.03981071186271867,-0.0042078187123096855,0.0017052433535491573,-0.0009283796905932284,-0.02252568828990298,-0.008356065148517389,-0.030520578503767548,0.0077882267745252864,0.0013271898893880696,-0.0006356478892971529,0.0008780910153225463,-0.0017865560056545826,-0.009705803815222125,0.004948604378126831,-0.013244646946686034,-0.002932408589264246,-0.011488970467388948,-0.013876675042755693,0.007364637543796793,0.0022006372695937415,0.04277544261522093,0.05384353217968729
2021-08-20,0.010156713556471075,0.025575445113974915,0.05141939591146549,0.003827154714335368,0.0128942679102646,0.011967730718047465,0.010082056516856674,0.002852007585715244,0.00018979361241977522,0.004871658967247727,0.008173049269494914,0.009089319297386211,0.0,0.008374384072678875,0.01310048943058506,0.005456577909730864,0.0017507001216463536,0.0005401616803368814,-0.007438393570878499,-0.029930760305710846,0.0006653389310229407,-0.00023066648731651096,0.056115872471717454,0.03274989283808627
2021-08-21,,,,,,,,,,,,,,,,,,,,,,,-0.008789842693618932,-0.01851308673728791
2021-08-22,,,,,,,,,,,,,,,,,,,,,,,0.00850947690403503,0.004969335646024975
2021-08-23,,,,,,,,,,,,,,,,,,,,,,,0.004551674225862445,0.023793676139643116
2021-08-24,-0.0006010329380027324,-0.006663710885055574,-0.007514448451445999,0.012220318769066596,0.008711645819710734,0.00594478575696078,0.0031006472789958384,0.006189819974055988,0.008195343902912544,-0.012499434336235238,0.0014965475649786342,0.0032111834738850487,-0.0017543492450730058,0.008103404958245353,0.010299430705266843,-0.004313094603123457,0.008923293124971643,-0.00047414113127741686,0.009140803044365597,0.03315159233040332,-0.0077762233057802055,-0.0019648300965982024,-0.037137725293038826,-0.04422706980850821
2021-08-25,-0.008421400246966249,-0.0020154962663766485,0.01927235772536018,-0.0019965141547840792,0.0057869752704962085,0.007879230295087192,0.0038250458739306215,0.020613095357675304,0.001806311572864594,-0.006613874835118327,0.0022413882211362868,0.0027561574088073026,-0.0017580175234177542,0.006918657951839879,0.005611549606640898,-0.00013311262689896797,0.0019974099477677587,-0.006937433805443538,0.0004529089183147317,0.009288631018103732,-0.008306602263255636,-0.0016211415070134239,0.02630002081428562,0.01653576265002532
2021-08-26,-0.005527146753377621,-0.009668522191849105,-0.006527707038766373,0.005098257262930783,-0.004493684380475482,-0.010885074486053359,-0.01411697599720807,0.005157668711919028,-0.013523233741226104,-0.00533774570239387,-0.005795598108236377,-0.006295407430420563,0.0,-0.007361844216121849,-0.009300545395065862,-0.00013337462409757084,-0.007688045291457057,0.0011344784228162208,-0.01086463419920114,-0.0069023597903312695,0.002769836127575198,0.00011600596419270026,-0.04122830434622349,-0.03863352454525626
2021-08-27,0.007184475740619201,0.0021062043288211374,0.02573853822733496,0.01014175672465778,0.0181241843388269,0.022641192500908458,0.015346011908018431,0.008037214822711025,0.01937485963945207,-0.0021350165044569103,0.008828388778785445,0.010618445526412446,0.0026412307689902548,0.011602315789951856,0.02177981115880878,0.010998461162132545,0.01004309122870306,0.015029547921398434,0.02196794205291641,0.014111246632312335,0.006803767945002148,0.0028998127092496606,0.04508626296557394,0.05492177964873113
2021-08-28,,,,,,,,,,,,,,,,,,,,,,,-0.003185280633781984,-0.008009999118418598
2021-08-29,,,,,,,,,,,,,,,,,,,,,,,-0.0014839825657210204,-0.005363277326429605
2021-08-30,,,,,,,,,,,,,,,,,,,,,,,-0.0363476092875793,-0.0008145075244350153
2021-08-31,-0.008424618304261666,-0.005632742595680806,-0.013181063239797508,0.01438520002272603,0.000740034774718179,-0.0033625438982627376,0.00658083407543808,-0.003054416511166891,-0.011602570014148661,-0.0030518409108221123,-0.0012414720863953566,-0.0013196987662528192,0.000702576910365238,-3.263547977416792e-05,-0.000645065898411401,0.005159574480817053,0.003117605727034345,0.0020076547129428413,-0.005390873225495252,-0.007438028905000671,-0.00680708446468381,-0.0012708614240986016,0.0023738850726162664,0.0649299309148601
2021-09-01,0.004478437683303804,-0.00016575574443322694,0.0025016590632671587,0.0023654092095504176,0.0035798426438586883,0.007037852800645394,-0.0022155233598404322,-0.001437876420118167,-0.01375639156242181,0.0035235190711810915,0.0003822502039771969,0.0012333512845283945,0.0,0.001988582131523753,0.0049775583377913435,0.015398317228553005,0.008477103400063468,5.8898619200498104e-05,0.010388502977669356,-0.002289771195986945,0.0016749402840561256,0.00017329995216752714,0.03562556399047523,0.11681033382537342
2021-09-02,0.007474814227827586,-0.0022528681022374597,-0.0020051570916483907,-0.004564478889317991,-0.01328024625083335,-0.01772034992768201,-0.002315788147756681,0.004632942880669733,0.024363211954563146,0.006849140557705136,0.0029865727823785715,0.0035196020246108795,0.0008782612062452344,0.00676809410060053,0.007979479920942723,0.005503068139310896,0.0025216296887036194,-0.0026517204262498373,-0.010281691593930331,0.021281044257650983,0.004366028470550232,0.0013902750711496381,0.009840830417728652,-0.011431577462321041
2021-09-03,0.00423055739994882,-3.3021184983050844e-05,0.019958976491279756,0.004311086264728647,0.003158002899238177,0.002611498461163153,0.0016111325842673718,-0.006044884163411979,-0.0038128458463418946,0.0006289596523076924,-0.00030990447229628515,-0.0003507686947556987,-0.001754592294451185,-0.0020683520392663635,-0.0027298063963447916,0.0001907893969608221,0.005030574132324217,0.01069422486613747,0.03342365815349346,-0.0059244312769635155,-0.009094944850484676,-0.002082209087699627,0.014143210068944922,0.039468517786860335
2021-09-04,,,,,,,,,,,,,,,,,,,,,,,-0.0016141808032423821,-0.013395467548673934
2021-09-05,,,,,,,,,,,,,,,,,,,,,,,0.03621581213694158,0.016540127206146282
2021-09-06,,,,,,,,,,,,,,,,,,,,,,,0.017006125728580734,-0.0060104624807395535
2021-09-07,,,,,,,,,,,,,,,,,,,,,,,-0.1106216071695616,-0.1277842736169259
2021-09-08,-0.01008331838386256,9.97001504785544e-05,-0.01425270243417287,0.004619174430729789,-0.004085813928640714,-0.0120622773828859,0.0012617502122473923,-0.004458997207328452,-0.00916574689312255,-0.002437287742197536,-0.001291002638658334,-0.002642330371031787,0.0017617357363202135,-0.002744594535325051,-0.007180488034354449,0.005469139932232414,-0.00917171986636145,-0.0025044029033459703,-0.015104404670402749,0.011448776573248942,0.006805775605124298,0.0016271086608503627,-0.015375366885328479,0.02069840552335589
2021-09-09,-0.006705175449070566,-0.009859625633191094,-0.007252191961522936,-0.011726004336084506,-0.0010440332338980118,0.0011387371007209879,0.001313231087076927,0.004352872675487562,0.0007397207817552154,-0.022280526748326257,-0.004524428318694151,-0.003620574404356147,0.0026387358470174593,-0.0009497136718659149,-0.0015762402773964457,-0.020989161440880477,-0.0008415899181741793,0.004423489287242344,0.004510617100838665,-0.017287510803663864,0.012100671245833805,0.00359801010453209,0.006509485739778498,-0.020008233157088995
2021-09-10,-0.03310198047319157,-0.00518074819226233,0.013572987581063733,-0.004308001431212238,-0.018565829116644283,0.001825407435512405,-0.024627038366134335,-0.011495749422184676,-0.0020335785525591454,-0.006544868853185393,-0.007671346505136345,-0.007799411767767439,-0.001754592294451185,-0.006067606785326585,-0.00937951047696961,-0.014183844972741277,-0.0022456739425996686,-0.005058656845151166,-0.012572998692862436,0.02198951281802186,-0.008815984614119365,-0.002428527374118916,-0.032495484247323514,-0.06297426662682348
2021-09-11,,,,,,,,,,,,,,,,,,,,,,,0.0070748487352050304,0.01830051675767863
2021-09-12,,,,,,,,,,,,,,,,,,,,,,,0.019066033632592516,0.04276591838826538
2021-09-13,,,,,,,,,,,,,,,,,,,,,,,-0.023884438158555232,-0.036544834800279036
2021-09-14,-0.00956238575650925,0.009427905136156545,0.004062805663871627,-0.002073980962099431,0.0014892816685834198,5.326181654652373e-05,0.0020053498586631857,-0.017453002841942844,-0.01426802641054492,-0.00603129299279026,-0.005512702915630663,-0.006240014482748801,0.0026337135175762416,-0.006297488709190113,-0.010260280943738986,-0.002831257043976687,-0.005038170599296454,0.006438546534438316,0.005002301568735712,-0.0034356946345603934,0.012123788000842906,0.002431188472269641,0.0473592610325122,0.043724683179346746
2021-09-15,0.006143799532103866,0.016778706764820406,0.004450951110005041,0.007475391332653958,0.013224189652094598,-0.006931754253591271,0.015231899000174076,0.006939911312578317,0.0337122811354742,0.003762081400634054,0.00850954961537842,0.008700975120254917,-0.0008753720355407779,0.007731068497828897,0.0110265286073159,0.003499684418477811,0.0019691924684168693,-0.005864266379652205,-0.001357497109849004,0.027986153214050624,-0.0035078097544272158,-0.0009238573150739393,0.023015462091804384,0.054273499009923176
2021-09-16,-0.00161055670144572,0.0013121128934494575,-0.004431227931126269,0.0035819053548502566,-0.005674207314793289,-0.0023000346790150727,0.0015347617076681974,-0.00044288430553640623,-0.01063472681398503,-0.0012090295756276292,-0.0015189426006667617,-0.0007113017779933895,-0.0017529577459590717,0.0013827620704776056,-0.00018641631205329467,0.0013819554449461258,-0.004491845513905246,-0.02264197706190263,-0.03715449506854873,0.00019731971792169567,-0.0045817397899355905,-0.0018490125697948612,-0.008157286726135138,-0.012167179288121388
2021-09-17,-0.018348087524719503,-0.0175284976087835,-0.015376380105071807,-0.007373319866162298,-0.019566713714483153,-0.022355800187414787,0.0033025333532406,-0.0025935837495175695,-0.0118236385336985,-0.002844727073785025,-0.009102302156493214,-0.007653297855430452,-0.0017558414390252963,-0.008022887881366625,-0.002610620381193973,-0.009528890451780847,-0.009724300084147597,-0.0015850424237688898,-0.024000010770909963,-0.007495089988105219,-0.00480359119648921,-0.0012737695225956136,-0.010795386730801604,-0.04837351921216426
2021-09-18,,,,,,,,,,,,,,,,,,,,,,,0.021385589090024082,0.009851143087328929
2021-09-19,,,,,,,,,,,,,,,,,,,,,,,-0.021089044077959085,-0.029886295240556526
2021-09-20,,,,,,,,,,,,,,,,,,,,,,,-0.09344895316951951,-0.11126606874805267
2021-09-21,0.003427723272880767,0.0016988505237520712,0.0062994174693293825,-0.0036057473697842513,0.0022597212097377195,0.005004227042644693,0.012613531089680885,0.00013088841723041256,-0.0009314150038691738,0.004395540579005708,-0.0007684162631766966,0.0,0.0,-0.000505596282916243,-9.513049695653031e-05,0.00020037873352807267,0.009648976393277442,0.006669036185550814,0.012141816325755395,-0.0004031581387414773,-0.0008608898591471181,-0.00023107837808855614,-0.050185206746199196,-0.06575285207462656
2021-09-22,0.016872660030326614,0.012822202749066758,0.032711725267137615,0.01089234819407503,0.00899449306814426,-0.03991836317494668,0.0169871810945057,0.019153007327666893,0.029269415335910542,-0.003646709278254834,0.009525552202698018,0.01004260657713063,0.000877004557546579,0.011967848522318913,0.013532839689940346,0.009935119990229335,0.005213151408557382,-0.0037340107339023376,0.007197678379654349,0.018152434004508722,0.005964666926636886,0.0010407093958462177,0.07079311406361999,0.11338201253895797
2021-09-23,0.0067192018202821835,0.0032825984416249288,0.024657175764058126,0.01063594079605279,0.006647323057465959,0.008012645158677056,0.00226081461648886,0.033801346369727314,0.033870654013159474,0.005673230440597088,0.012163074721862177,0.012513926315708801,-0.00613481799819815,0.012821351038836859,0.016225207915725015,-0.0023849506185820157,0.011523889537024656,-0.011546389089901132,-0.0038113351395140382,0.017828873495251862,-0.022597016197773434,-0.005313788214210247,0.0303064775724482,0.0252303749670717
2021-09-24,0.0006128218670837793,-0.0007013541293889869,-0.01783632552344061,0.0027868730462519142,0.007074292050578412,0.020233464211175,0.027533059916662994,0.011539655691150452,0.00893481565832488,-0.0030328936762434866,0.0014807100023082054,0.0005370616987487864,-0.0017639736258925343,-0.0003296755610340263,-0.002875836922951458,-0.010987430989724434,-0.008544404752922063,-0.00128427290155253,-0.009564838086988603,0.00856361653487836,-0.009773911992993267,-0.0020901563026310965,-0.04578111561282838,-0.07094052042452526
2021-09-25,,,,,,,,,,,,,,,,,,,,,,,-0.002874812528084303,-0.002081925084507441
2021-09-26,,,,,,,,,,,,,,,,,,,,,,,0.011516492054097771,0.046725906122755845
2021-09-27,,,,,,,,,,,,,,,,,,,,,,,-0.02251426719942695,-0.04184041841853481
2021-09-28,-0.02380148747748667,-0.03620375794154784,-0.044367249905578166,-0.0263784679831095,-0.037158155050412756,-0.036568708792895976,-0.01743835612317879,-0.005389773513015839,0.010455237373216741,-0.002206283812911214,-0.02036875904321922,-0.021160446129173338,-0.0035396525810105217,-0.02020251111531568,-0.019455916096046466,-0.006073690029092305,-0.019534998218622923,-0.009716428402719801,-0.007640871219266709,-0.009638977943753457,-0.015577248070935745,-0.004310700842867887,-0.02844007873591181,-0.04322981589722885
2021-09-29,0.006482749422603851,0.0016930721658465764,-0.008792867897365886,-0.004475351789266391,-0.010870463957332266,-0.003053043906624975,0.004822778775393388,-0.000782891361981175,-0.0006675544434555647,0.00743199167311559,0.0016676482555577632,0.0008244883848866902,0.000887810544260681,0.00010130401578178905,-0.0009404478525736337,0.007003195172628374,-0.002343816695775769,-0.004504756024632184,-0.039942247174200696,-0.0015267524565848456,0.0017351817808151093,0.00011621754510704463,0.012911568502261384,0.01633125590773976
2021-09-30,-0.009311457285432256,-0.007323539323349282,0.009699254452435913,-0.0048710792439015105,-0.0050424760040092,-0.0006475458014126856,-0.0074618094773734045,-0.013618335567423201,-0.017702047263442156,-0.015363845257242992,-0.011853893933166937,-0.010800003452691276,0.001510751049542236,-0.010561613665841962,-0.013177818089141424,-0.016090697844511226,-0.0014683026508093278,0.01797665363761114,0.02857141218175241,0.004587188070846571,-0.0001385120060605205,-0.00023334353323478663,0.05356827518164842,0.0520603518169509
2021-10-01,0.00812716433578542,0.025467970246178195,0.0012550011593213117,-0.0005418778291703674,0.021447319749681615,0.010666054044844664,-0.0003352887910832436,0.021015198969116522,0.035872199445811104,-0.0063778334520723234,0.011493120500738474,0.01184317057170059,0.0026618652631835715,0.011970283339836518,0.01554767647682076,0.013789946967178945,0.0026468181558592097,0.0022530453929923144,0.015107186112420123,0.013318054222842823,0.00841600290499489,0.003398357980126887,0.09878873042688929,0.10188869721917504
2021-10-02,,,,,,,,,,,,,,,,,,,,,,,-0.008426411013467638,0.02545058580916182
2021-10-03,,,,,,,,,,,,,,,,,,,,,,,0.010237887379882071,0.00786164789618482
2021-10-04,,,,,,,,,,,,,,,,,,,,,,,0.018940873580984396,-0.01119529436534994
2021-10-05,0.014158186184486166,0.01995711354395624,0.03643818700532431,0.00978753803838428,0.01768280372287001,0.02062966233791208,-0.001202850103416031,0.016330298652067032,-0.0016203962793753801,0.0022609091565239936,0.01062977900166251,0.010011189193380954,-0.0026573450695406287,0.009342439468700947,0.004362231769762692,-0.00737855836245116,0.007414080628772357,-0.004656532835140448,-0.0028598411464020312,0.02092125811218204,-0.009656906378610386,-0.002455029658807062,0.048905889117254686,0.040954376881792376
2021-10-06,0.006307243885040004,0.015064449587971929,0.012175694500586198,0.012732016728672857,0.01133641786206585,0.002042311099155869,0.0027671424905384434,0.002134534627520779,-0.018338121606486624,0.002068051524735104,0.0041123447298339055,0.0036711234503308265,0.0,0.0038512613558296938,-0.002360279985272995,0.010048765255556091,-0.006770397109992721,0.0026733243283083574,0.0019119984719329075,-0.02642461248388628,0.005641410453595563,0.00046907747334690164,0.0746704982911468,0.01763340339603814
2021-10-07,0.00908445965302751,0.005936351960345698,0.018115637583830724,0.012391203105561077,0.012067136398377087,-0.013247735211231237,0.013874260399496352,0.006330738889923859,0.002810353598649673,0.008942301993047463,0.008538677149103169,0.009784187038494707,-0.0026643271105109,0.010196404950934213,0.013723171251995403,0.002589587625033918,0.010966142821998925,-0.005271739220885419,-0.0028625700650355412,0.022156587265883987,-0.010457855677178274,-0.002810963557831947,-0.02809653406297008,0.0020703011908782543
2021-10-08,-0.0027217491559514695,0.0,-0.011577753068639174,-0.004181805261295635,0.004025766407862896,0.002521047500141149,-0.010231834522373306,0.0007640805098403369,0.025057760382799943,-0.002541183133894842,-0.001895085334092661,-0.0028072474544825754,-0.0026713461939548155,-0.004130373452282288,-0.005881832152739741,-0.009379418458725253,0.0005859906178178331,0.00042636491147840516,0.002392399297694192,0.001987005222882754,-0.006999210985961901,-0.002466435268628331,0.0030082765538104184,-0.00674909305681104
2021-10-09,,,,,,,,,,,,,,,,,,,,,,,0.01853649985027972,0.003355310670748457
2021-10-10,,,,,,,,,,,,,,,,,,,,,,,-0.003577422040362044,-0.041911600438504726
2021-10-11,,,,,,,,,,,,,,,,,,,,,,,0.04953684064585273,0.03488218212091221
2021-10-12,-0.009103026020502392,-0.0045881059279198055,-0.0011596664748975138,0.0003172745113595443,-0.01774479358174108,-0.00516230977071841,0.01740026730336086,-0.0076813171399015,-0.0051983078137406435,-0.015974769336563055,-0.0024084156974125692,-0.00045697972230529516,0.0035745928059860432,0.004877281724795068,0.0054753086019943,0.01300288724536558,-0.0011746291749354931,0.004514430828637339,0.002394690920444642,-0.0012459895771443907,0.017100386699598014,0.003655701132285083,-0.025114999851183484,-0.014887303682677766
2021-10-13,-0.004239916996018667,0.01171128463725557,0.012964951854860463,0.011378601203982708,0.00830362504620008,0.00237852634722846,0.006652379022320076,-0.02636680005339609,-0.002775862303869059,0.009575356850776373,0.0030363116801674916,0.004207280766405308,0.001781028821475683,0.0060922155084937035,0.004037072602430358,0.006823389503817001,0.01029098338770873,0.017794197805277356,0.01911130495451352,0.000891093147685984,0.009725934810575598,0.00270211259201969,0.02426861834211813,0.03253429780547168
2021-10-14,0.020225719755039062,0.021733877014260994,0.03854071969757489,0.004743759227551214,0.025941042394195035,0.012294294278356821,0.008926471099504285,0.015341650838451626,0.015228354061141758,0.005716391773036733,0.01717130917971943,0.016759281337798138,0.001777567365377708,0.017268051202596668,0.01627079217517191,0.012145335601955187,0.009604430696409816,0.0024464685904206362,0.02203466080804506,0.011574101275729554,0.0037153562000922236,0.0017580271181452112,-0.001386283921372633,0.049862020193349066
2021-10-15,0.00751231612710912,0.004822288031783861,0.005334216040847606,0.03308023939004423,0.0015372801890427557,-0.011475595541803774,0.030195999501915205,0.019208581688732185,0.009516114071818293,0.007432417487816645,0.007464849132660767,0.006091710907637271,-0.002661570754764253,0.0017005870414046331,-0.000919973641601568,-0.0002653939188931309,0.008359850986513928,-0.015892846243722114,-0.010091711974947626,0.005984864361361142,-0.005826341214655306,-0.0024565451114689774,0.07453440740995654,0.020237802139014605
2021-10-16,,,,,,,,,,,,,,,,,,,,,,,-0.01139348166745524,-0.008349918515181298
2021-10-17,,,,,,,,,,,,,,,,,,,,,,,0.01086243756414218,0.004365729517258554
2021-10-18,,,,,,,,,,,,,,,,,,,,,,,0.007675599893030238,-0.02556318355297138
2021-10-19,0.015080010860489157,0.003059180923193905,0.0030600846419566174,-0.0007514424560826072,0.0032147328164158218,0.01386635912662193,-0.006711860640270406,0.01212841896470973,0.015025557429896086,0.02342012819420325,0.007408787591409505,0.006920511569639576,-0.002669165775697979,0.005395193164428713,0.003768248830694265,0.0005294836037801343,0.007736381035332807,0.003213671993580469,0.018613290962797402,0.008075826753270565,-0.013794232792542882,-0.0028165337807649626,0.036047967727284025,0.03438220005285597
2021-10-20,0.003361119060121265,-0.002660643751463465,-0.008389324187517366,-0.008446195751808605,-0.010248831608063003,0.002323674274892218,0.0017703140411262641,0.01346635102389837,0.005511667736193937,-0.0005493736600012955,0.0036651865885892754,0.0037887175491617686,-0.0017842061925712471,0.005980798960998568,0.006592920373838185,0.015207447551872866,0.002274695878963895,0.008763958748792211,0.02923715462960308,0.012190887935590977,-0.006750124923306733,-0.0011766356111679865,0.026934175102288238,0.0717809099596558
2021-10-21,0.0014739466742665908,0.010897510918218334,0.026647862155751767,0.005841756945129006,0.0008254101304063788,0.0032277859453446744,0.03257101073349511,-0.007843643168423231,-0.01816758829856513,-0.00232016962994408,0.0030788515892115065,0.003598924461981179,-0.0017872964029930216,0.004177544043843628,0.0033656644568209604,0.0015629387091022906,-0.005390157410503527,-0.0008987052245035265,-0.007989360838434156,-0.012216089083290527,-0.001191160580184758,-0.0014134379739280112,-0.057319313661295834,-0.02446333607159845
2021-10-22,-0.005285047168333001,-0.005148539754074699,0.0014983096846414856,-0.028954833317208384,-0.030443639570052028,-0.05051480393044161,0.01753910755951127,0.013451420417863957,0.0068591426422317525,0.0019584043583367183,-0.0010706943975741234,-0.0019239969985191951,0.0017904965510382453,0.0012481541953390796,0.00018135157798826462,0.004682209841025964,0.002281832818813445,0.006116967151190034,0.008501142318330546,0.010799493703756102,0.011012980777319825,0.0021238380600947515,-0.024399647264276236,-0.02075337220243678
2021-10-23,,,,,,,,,,,,,,,,,,,,,,,0.011555863919028075,0.050748730234816186
2021-10-24,,,,,,,,,,,,,,,,,,,,,,,-0.007537937512081094,-0.02007844030485162
2021-10-25,,,,,,,,,,,,,,,,,,,,,,,0.0346128236844363,0.031794755044642464
2021-10-26,0.004574760734886496,0.006425441607786908,0.06695145129931968,0.01677526160393561,0.01354337399983363,-0.039185806590465666,-0.006274050392506725,0.002691065608125376,0.023154594328417932,0.01017780584491712,0.0018016903400457362,0.0005230858135780725,0.0017860956587039123,-0.003252360774679386,-0.00702517932793334,0.0027747219166360804,-0.0005685435830474761,-0.00739951491266011,-0.01627084149555258,0.010721060215354017,0.008269133355494285,0.0020001970452399043,-0.04244985266320056,-0.02057312323429894
2021-10-27,-0.003147715255281014,0.04211453391781261,-0.010762100887059423,0.004863638245470758,0.04959500309446252,-0.011367482203004764,0.019078438805710585,-0.02082831250425543,-0.025972116513834576,-0.012126865769339967,-0.005016765669452639,-0.007494304788894457,0.0044557496150139375,-0.01375563412141223,-0.01804988652051942,-0.008172906971619764,-0.005688168606790445,0.002624060476058121,-0.003576214604594341,-0.026518378388855957,0.01819442142519523,0.003640351594427216,-0.03116779376295975,-0.04861771122902114
2021-10-28,0.024991612250331974,0.0036510906919284825,0.020040305433259853,0.01594115275917063,-0.002520317581269582,0.015053444604633981,0.03775074872979922,0.015074566345332885,0.002806894041778474,-0.005435442917194555,0.009870388470886171,0.01097544051816235,-0.002661570754764253,0.013298918366532186,0.017457904723994666,0.014209681311463607,0.008008816027214705,-0.00023788536339730548,-0.000897283846665986,0.008787345985792117,-0.003384512865559075,-0.0012871962938543202,0.03658793903693369,0.09084940093801008
2021-10-29,-0.018155630333433925,0.0224142602648707,0.025099163271815605,-0.021511245053778105,0.015063594883042208,0.020983067214351836,0.03431629436179362,-0.002758685666325311,0.002488010029326082,0.00018452031274440728,0.0020723748864484026,0.0018238919679764987,0.002494843668209512,0.0006400602251821486,-0.001452417585294019,-0.011579446310933994,-0.009647974214362587,-0.008507900517562339,-0.00808263589922964,-0.004355400581083413,0.0030563391608278145,0.00023453571073783763,0.02648913766352501,0.029722010166018054
2021-10-30,,,,,,,,,,,,,,,,,,,,,,,-0.005449845794435637,-0.020181496208386274
2021-10-31,,,,,,,,,,,,,,,,,,,,,,,-0.009208042570786446,-0.008686825906328188
2021-11-01,,,,,,,,,,,,,,,,,,,,,,,-0.005129747739996526,0.008524277451908313
2021-11-02,0.007116197610559372,0.011415832012675153,0.022224771355114026,-0.0016154097805501921,0.013487854573088542,-0.005758070979111629,-0.03027499529203259,0.003945843139155691,-0.0123418564860448,0.015764878139683525,0.00368309941238798,0.002847602837878549,0.0017795430383487076,0.002128634944722929,-0.000267100153106381,0.00457317502339083,-0.004256348842608393,-0.0021490007233168074,-0.019343243995970094,0.0,0.004438667398733331,0.0018779227525178577,0.03642353446805324,0.0601605358843722
2021-11-03,0.009798596435272922,0.002611408630073697,0.007462139799772949,0.021507811127532195,0.008014124713647153,0.01079009792705743,0.03571673801973452,0.00035192831824448767,-0.013730263909121465,-0.00320099097162041,0.006474913266522275,0.007400570380032168,-0.002664965232631711,0.004184403934404557,0.012375553268284323,0.004038909830649029,0.007124552030365328,-0.008315382622616663,0.0004587261115511776,-0.038067072365332466,-0.010333465953124787,-0.001757239623849216,-0.004054563588107407,0.004884624248695513
2021-11-04,-0.0034986754719759094,0.007305301862366553,0.12042228587102666,0.02748232410840923,0.011388236706570076,0.012755621381845605,0.013222297879683653,-0.01313527254614344,0.007508255010806764,-0.0027866976806897314,0.004296647131186049,0.00333124783107408,0.0035624537947245294,0.0013891614609282676,-0.0031662199762556575,-0.010153303827449278,-0.0011318767719290523,0.011340951773961994,0.008711624883545488,-0.007589482878288978,0.010510256964469056,0.004578030009346978,-0.024103783966732184,-0.015165333002385761
2021-11-05,0.0035822335120949678,-0.0011293040420273792,-0.0016441814352771145,0.01207642928374364,0.003942428548022292,0.01572131472273819,-0.006358169933862068,-0.001425948252028797,0.009470387610201803,-0.00710818201856378,0.0038389418566173727,0.004086554950424537,0.004436720643321124,0.004066860940023176,0.009528109714316724,0.00619352591897715,0.0005663611567279236,0.0130629437586407,0.015909108248624015,0.02967955430553748,0.014956049775516789,0.0030376975010451,-0.005313959884109654,-0.011257968843489952
2021-11-06,,,,,,,,,,,,,,,,,,,,,,,0.006573419146120196,0.007876944992210255
2021-11-07,,,,,,,,,,,,,,,,,,,,,,,0.029247220896912562,0.021889164788917004
2021-11-08,,,,,,,,,,,,,,,,,,,,,,,0.06695154718111462,0.04145232072718552
2021-11-09,0.0024593592108324014,-0.0030864438278406237,-0.004772185225740411,0.025007238016599764,-0.0007547357578338021,-0.009597980072490131,-0.11990303254359846,-0.00757116298051308,0.009738453831811045,-0.002210135072336694,-0.003429332939141605,-0.0028778441920371822,0.0035429323723754624,0.0016856754377314598,-0.0021801132388155064,0.0017981368845882972,-0.0019742810645089204,0.0049281100201232775,-0.0052979661768556285,0.015414276856948739,0.01301888014741337,0.002802150397098746,-0.008806096371717143,-0.01600522772092372
2021-11-10,-0.019162967945983156,-0.015329543133158596,-0.03907741464218761,-0.026334994227121156,-0.020313294363782153,-0.023048863083493076,0.043429451929624774,-0.0009536918409628337,-0.01970086845731711,0.010830106641075421,-0.008014208474619311,-0.009932157735714542,-0.00706084863554346,-0.012216521507586786,-0.014245634744212365,-0.00474346396148817,-0.009610167984824391,0.010858781500706183,0.015090996104115684,-0.02846302382497856,-0.018283421333918803,-0.006753078186112815,-0.029513867421399387,-0.020885552973311183
2021-11-11,-0.00033828693352222494,0.00492758970592333,0.031603282495971774,-0.0027425987825921982,-0.0008706197471237687,0.0003050923002776429,-0.004157528824601631,-5.961797739273411e-05,0.0018694081526882123,-0.007365937776673159,0.0005588018294946373,0.001629175961529894,-0.001778353805217625,0.004133175035077485,0.006649426233348743,0.0017390671956045711,0.0057077125101261394,0.005602086369596027,0.020988173354715922,-0.0017755410984188202,-0.0014839794872586465,-0.0016406528103964924,-0.0006965054346836919,0.020320625262970626
2021-11-12,0.014337400231428932,0.012904865025223478,0.0,0.015162029225161966,0.01997394308429956,0.040123260988137455,-0.02829310201599211,-0.004474779734682133,-0.00761923063528136,0.011958997055203646,0.007306547881543279,0.007275974238377225,0.0,0.007383439261407165,0.002818392250306223,-0.000578799791945861,0.0059590760079895055,0.0018952552280546708,0.0029978455537744697,-0.0042689731991399915,-0.004392593478520834,0.00011718895820056474,-0.01222509636324598,-0.013375032398906361
2021-11-13,,,,,,,,,,,,,,,,,,,,,,,0.0048878705639170406,-0.0033542744008004943
2021-11-14,,,,,,,,,,,,,,,,,,,,,,,0.015469517787564335,-0.005396490580547919
2021-11-15,,,,,,,,,,,,,,,,,,,,,,,-0.02915932332393234,-0.01488319046462594
2021-11-16,0.006666722803113201,0.010235989112370225,0.005928431663823064,-0.001404486161877938,-0.0038799071425610343,-0.01323520145895174,0.04079376842602822,-0.007204413178222291,0.010097724730194102,-0.005198054540717867,0.0039037387901754705,0.004164961933775357,-0.0008936486976449665,0.006415988257746363,0.0015827913653727599,-0.006899784172293533,-0.000847954070899215,-0.007233864736584827,-0.012048222435590672,0.0023185494707116394,-0.002543340284294482,-0.0007072050138684505,-0.05344145330150951,-0.07485208546001998
2021-11-17,0.01649002860418225,0.0006785259774053642,-0.03118898981917473,0.0023441312596286235,0.0011562916351861574,-0.006385481401552262,0.032501208284666294,-0.005382139009875164,-0.010919688510718228,0.0037496609116445256,-0.0023929650645067024,-0.003978654880302801,0.0017894888476075455,-0.00643678212155574,-0.009569801392737776,0.003473860977133647,-0.0036785215515287017,0.009137183945092442,0.009146385025917025,-0.021352326452827808,0.00792537759978984,0.0021236388892429403,0.003436857419438999,0.016893345729229292
2021-11-18,0.028536056910581475,0.006339925412751857,0.08249886927986916,0.04143700734081479,0.012100748258628613,-0.00610384708349887,0.006767610267700563,-0.00863382121159817,-0.010884762681269922,-0.005389517652363396,0.003459718413860502,0.0015299914814672633,0.0008927516495489396,-0.004827992445287976,-0.00540724954599292,-0.00012820746349595513,-0.00198817585585076,-0.0032091550635745536,-0.009063486885187766,0.009999986128373495,0.003759645252004118,0.0011769053820824826,-0.05674983989800575,-0.06692398763146579
2021-11-19,0.016975997316506897,0.005391556898779903,0.04135769529771349,-0.005273114275827329,-0.006086667241655519,0.01951637423889463,0.03710391800920432,-0.013063572386136313,-0.04621908705527522,0.0030174797689146438,-0.0013789963598683785,-0.0025457913341122573,0.0026758660648036336,-0.004788607914374077,-0.00784317950587532,-0.006219326401768699,-0.006260534734565115,-0.007646325240812324,-0.009146301953238067,-0.03186319499682022,0.010558362789809594,0.002116751640097281,0.020677857806173483,0.07440183378363852
2021-11-20,,,,,,,,,,,,,,,,,,,,,,,0.027144333086984274,0.02596941564469657
2021-11-21,,,,,,,,,,,,,,,,,,,,,,,-0.01619370466132397,-0.031791480942506056
2021-11-22,,,,,,,,,,,,,,,,,,,,,,,-0.041565940596482776,-0.04245585152485365
2021-11-23,0.0024219152876805428,-0.006326586407053192,-0.006571522699829524,0.0020909577736383245,-0.0035543579635968214,-0.01102603910506239,-0.041352932727292124,0.023912071344943442,0.026337091776049038,0.006199214396121366,0.001685382707925287,0.00042743659018507074,-0.004471844894631372,0.0004751911731839531,-0.0018014449813337219,0.00810296808173172,-0.0008655147962587373,-0.008652404091134991,-0.018800361388775166,0.032139577143791564,-0.014458956304408521,-0.004008441263950724,0.022735855747423095,0.06171175606728707
2021-11-24,0.0032836015841355426,0.0006812381927763234,0.02923209530098747,0.00010331533981333685,0.002318468183670319,0.011297349803615298,0.006284772484400847,-0.007843692735333363,0.005544142905711924,-0.0028004933195682202,0.0023279382740140075,0.002906341594132611,0.002695595949410823,0.0055414020727857505,0.0017144170215677157,0.012345256838398155,-0.0034651855331081505,-0.0009565020521100642,-0.005930618627469464,-0.005693944670464135,0.01605517866965167,0.0023675010392743,-0.02238438701660228,-0.023217625786793206
2021-11-25,,,,,,,,,,,,,,,,,,,,,,,0.017666069374003168,0.008198554450852713
2021-11-26,,,,,,,,,,,,,,,,,,,,,,,-0.06468677053655503,-0.05704067335916796
2021-11-27,,,,,,,,,,,,,,,,,,,,,,,0.02324655494514305,0.016374265676426303
2021-11-28,,,,,,,,,,,,,,,,,,,,,,,0.044392510044424904,0.048217169085520206
2021-11-29,,,,,,,,,,,,,,,,,,,,,,,0.009748898117819094,0.03508045044929298
2021-11-30,0.03157772941746506,-0.017942578340253035,-0.020972852839892697,-0.015302274022490625,-0.024963776412349925,-0.04014432700776682,0.006833823403773698,-0.014885581736549303,-0.028413841913782045,-0.023912257020866634,-0.018833312895519816,-0.01966866227707187,0.005173712163805577,-0.026482797596426022,-0.02365949939487544,-0.02073428604404759,-0.01067590746357272,-0.006721853018899604,-0.004725915982554119,-0.0450468089299656,0.015202229266000344,0.001876681061445007,-0.013858989986877734,0.041927923919998555
2021-12-01,-0.0032063282461679554,-0.0015427811963525384,-0.03786114633481785,-0.0180634873037836,-0.005962269355230032,-0.04271701879237144,-0.04346763456194869,-0.005918218628366945,-0.0008354811498587633,0.0137880812764819,-0.011739251334147549,-0.014695377042788338,0.0008873504320843217,-0.020870432833741348,-0.020526291604998304,-0.015218696760200157,-0.0005994952321498603,0.003987937535404162,-0.023266846322127277,-0.01815902597903596,0.00616840470112523,0.0006448824276692466,0.003936508510805847,-0.009605737064494413
2021-12-02,-0.0061296858689778855,-0.0017874650089646504,0.02198198846697208,-0.0018468889124809706,0.013573257491267254,-0.0006761404225223977,-0.00949773919092467,0.021027555512397544,0.024920451876133454,-0.0062626357619925965,0.014369355473512035,0.01616483155824966,-0.0017729319419588219,0.024465518609024572,0.026001628182438452,0.029362307592808223,0.011997691808279365,-0.005536820827328315,0.005833779339510237,0.026573128734514784,0.0012472152733882247,0.00011749604124333679,-0.013140205787574133,-0.016500577593133392
2021-12-03,-0.011724516846571609,-0.019666717803874745,-0.044605636091890166,-0.013839076006382012,-0.006746323452263225,-0.01143725921963723,-0.06419876077133224,-0.01811326610697306,-0.006364051297545692,0.014577628526001751,-0.0084049964468349,-0.01089830582109974,0.004439908204809662,-0.011580842822591197,-0.016075500500382645,-0.003394417189773291,-0.007409748399612726,0.008412002804647267,0.007733196872022008,-0.006005402982589225,0.011932293881098177,0.003866243053759044,-0.05098586481791345,-0.0644151456839035
2021-12-04,,,,,,,,,,,,,,,,,,,,,,,-0.08204639683653359,-0.023957757548988323
2021-12-05,,,,,,,,,,,,,,,,,,,,,,,0.003417522933012007,0.019112436240023678
2021-12-06,,,,,,,,,,,,,,,,,,,,,,,0.02458589579002135,0.03820919928845279
2021-12-07,0.035446260474557345,0.026763748810757937,0.07956846778858284,0.027986504263362688,0.028741627664818692,0.015540699475164788,0.04235837141187604,0.01504753015628002,0.011204935617227463,0.002577545463744446,0.020709905353558655,0.021506335585789405,-0.001774798719311077,0.02258200122186671,0.02150771346625402,0.014417372446736909,0.01924206681339169,0.003549490636251651,0.0048286038575782175,0.021381941535212112,-0.008079970442136375,-0.002223962272526858,0.002322159783127109,-0.01002028298494384
2021-12-08,0.022783326563534434,0.0001494141887790068,-0.018533946890070485,-3.689871657430732e-05,0.006226482367580166,0.024008062904067096,0.016363195584229162,-0.011441297865615208,0.0028905012941291552,0.005998880923976824,0.0031355040661482647,0.00455429247322936,-0.003555712402154687,0.008012898197538698,0.0065563831603872025,0.007233172335525229,0.002614146207314816,0.0005395140531609943,-0.0024026544134407857,0.016088350724995815,-0.017285100693965272,-0.0030490520922252795,-0.00385184874717448,0.028805240908762686
2021-12-09,-0.002970131686704014,-0.005582612711822921,-0.04197809777282857,-0.011279643604146683,-0.0036979047110027308,-0.0022385775230403526,-0.06095644581905246,-0.0015555984294525205,0.002562086729910318,0.009492574291194655,-0.007079309171536763,-0.009751714661136002,0.0008922969099767197,-0.014849065296332786,-0.01807351474114227,-0.013984432677266345,-0.006373424321627685,-0.006111378376110088,-0.022158043677731998,-0.026707320871503404,0.005593527869932613,0.00047061560036620875,-0.05608726213196957,-0.07197932643737959
2021-12-10,0.028013110440480382,0.028339858508069193,-0.00957691951615458,-0.011247564604614624,0.0024585458409434047,-0.00021224629410598883,0.013179927022311633,-0.003988259274497086,0.006388777345428975,-0.002471158212341451,0.00958352447486499,0.0070835793250898504,0.0,0.00261433778791087,-0.00177520943151932,0.0025556051224733256,0.0014581150476675742,0.004219899491422874,0.009852254702272356,0.019796125293438882,-0.002412507489913507,0.0003526916916256617,-0.00899511908452133,-0.05129351127002291
2021-12-11,,,,,,,,,,,,,,,,,,,,,,,0.044857216044006165,0.0450189266171952
2021-12-12,,,,,,,,,,,,,,,,,,,,,,,0.014906619570362878,0.01224172241858712
2021-12-13,,,,,,,,,,,,,,,,,,,,,,,-0.0670851717099511,-0.08470922459893049
2021-12-14,-0.00802290377138326,-0.03258709203963439,0.006249893112596494,-0.0028071293797337082,-0.013162882454452185,-0.002242252459144556,-0.008174578197676419,0.007662179715838491,-0.001460402473246969,0.01092294911742675,-0.007335083893953875,-0.007794945590506641,-0.0017765705225236683,-0.010281682334325803,-0.007477471912514244,-0.012440363186654979,-0.004716914622961643,-0.009341302746070368,-0.014556095852733764,-0.010108873865592893,-0.002382944359431205,-0.0016397939349792612,-0.00267125345649466,-0.010249485280602655
2021-12-15,0.02850884058502512,0.019218201213876407,0.07488427537856879,0.024977573145925636,0.017608492479298743,0.023731065981988486,0.018236618133556703,-0.007478319647544196,-0.004387399326415298,0.004991634022593505,0.016387270762393547,0.015974172437205558,-0.0026691569902693724,0.014616221593158452,0.012301944527292275,0.01387543955778403,0.008886668632603234,0.004291534360497673,0.004923701826650362,0.01374706968010786,-0.009621548059102647,-0.0012908518127850988,0.04900151967252708,0.07287480532970947
2021-12-16,-0.03926386343851018,-0.029135085764248503,-0.06802582153305736,-0.025641174633125208,-0.013630000899302441,-0.0197856709849229,-0.050277132790258694,0.015638779788177848,0.0016320351943392986,0.010926607605121319,-0.008715236990720743,-0.010567716581085018,0.0017844954410219938,-0.009205566777314655,-0.014319255202362324,0.00031553314418952816,0.0005870449051172955,0.012097561477355745,0.01861837682293843,0.0048430841761522014,0.00038905308463044186,0.0012925202649121115,-0.025181582897818466,-0.013915763227156375
2021-12-17,-0.006501620630078642,-0.0033856658398313533,-0.020643373840819823,0.00678920370502567,-0.018830832769981876,-0.0033144890837683016,0.006095449446181567,-0.022754110951692663,-0.02183476348804314,-0.027628297879657704,-0.010226394820951112,-0.006947022782684997,0.0017807274673848905,-0.002314449939014529,0.003727330260571149,-0.0008826859097630368,-0.009470698766616104,-0.002140821851282393,-0.005291034415944029,-0.021014077020114597,0.011331308739999546,0.0017597336825685428,-0.030699007215741814,-0.020942280956898096
2021-12-18,,,,,,,,,,,,,,,,,,,,,,,0.013995731563123393,0.020975336205050432
2021-12-19,,,,,,,,,,,,,,,,,,,,,,,-0.0030259427628138713,-0.009661431377819718
2021-12-20,,,,,,,,,,,,,,,,,,,,,,,0.003709543768351198,0.0028684990961875823
2021-12-21,0.01908685257866205,0.023069126548719954,0.04891953575386632,0.019978649621920752,0.013173977068499099,0.026885612461972963,0.04288056302579579,0.013966379535822027,0.022650429874460754,-0.003219095256473792,0.017845903681742215,0.02009567373735477,-0.001781316689510426,0.023966246648837286,0.02926655284912827,0.012226114518561815,0.014857483817302564,-0.0004188884251822289,0.009722934657591553,0.03346689614987741,-0.003807275331915383,-0.0010565459578817382,0.04386356169401262,0.021967194618366825
2021-12-22,0.015318890251217132,0.01805754390899339,0.01117798937514225,0.0036381058820253998,0.020509163062853553,-0.011220623985635614,0.07494705523716627,0.003908070825657584,0.008099125968072718,0.004305678968287374,0.01030529729514007,0.009806328089429828,0.0015192658413198945,0.006992735007952611,0.00828520815493472,0.010128365886544533,0.007768178166897899,0.009400024100517657,0.015888296409868552,0.017645915315051663,0.004626471395863474,0.0010576634279013675,-0.006295931447672265,-0.009492022978098258
2021-12-23,0.0036437411585430457,0.004471788379498021,0.008163196321237853,0.0001841364158221559,0.0034249965166854857,0.01449533008298487,0.05761886305530961,0.003573339174784973,0.0004920543384749898,0.0019059101907348275,0.006230563855517568,0.006597853463497616,-0.0017843424027828014,0.0060722470902982995,0.00781701011604552,-0.0015590505863992687,0.006226010349751565,0.0022540179789249937,0.0028435765335377283,0.012385699915179682,-0.0086768874584352,-0.0015190441786434583,0.04433669194360079,0.03162050877094025
2021-12-24,,,,,,,,,,,,,,,,,,,,,,,0.0007414904357732066,-0.01461355562486455
2021-12-25,,,,,,,,,,,,,,,,,,,,,,,-0.007719775485643066,0.011190288276532456
2021-12-26,,,,,,,,,,,,,,,,,,,,,,,0.0075284019171428795,-0.0063403613927860425
2021-12-27,,,,,,,,,,,,,,,,,,,,,,,-0.003328070621613999,-0.007321887161027885
2021-12-28,-0.005767322070902359,-0.003504136607417885,-0.020132596328857,0.005843719029521299,-0.008245176539998678,0.00011550113142244633,-0.005000275342793459,0.003034774293936282,-0.0032315863409281276,0.004007736553834462,-0.0009953710443021402,-0.0021990145892866186,-0.0008927223075180235,-0.0021856527816652704,-0.00313292213652272,0.0037141705838046324,0.0005862272802719115,-0.004310065233419702,-0.002812914493998675,0.0027512419281405798,-0.003962777279254315,-0.00011818643026606512,-0.06025942562091624,-0.058613436676413055
2021-12-29,0.0005016624962927985,0.002051236730949535,-0.010586562965641866,-0.0085549217086347,-0.00021784104525945924,-0.009473730125106106,-0.0020947102761840197,-0.000504265384031255,-0.008753535165678561,0.0070442626602142955,0.001403848971572641,0.0011866784883534098,-0.002681150349889805,0.0023808638726350306,0.0020336442767192597,0.00659825580567297,-0.0005858838191941107,-0.0002965076609273698,-0.007522324587149187,0.007499609947714925,-0.010924967731991586,-0.0032990167866380204,-0.02404227880624954,-0.045347586768066606
2021-12-30,-0.006577889341522591,-0.007691252382571512,-0.013832740196747295,-0.0032890070546229833,-0.0030991152488597518,0.004140553341944964,-0.014592268383646134,-0.0005045197958999381,-0.005886958724116154,0.004430490905831919,-0.002894220004703185,-0.0018627270007749441,0.0017924361680188294,0.00022178808092054858,0.0003690576156523129,0.004288349438686501,0.0011721999835034858,0.0071772153754725565,0.010895288279790138,0.0003630472476696678,0.008386559251940318,0.0022460505494241723,0.01579112126431248,0.02351372914831229
2021-12-31,-0.00353530478867059,-0.008840964283521657,-0.005914956225977819,-0.011429400216389607,-0.009223753364251741,-0.023260367023379303,-0.012668840823859995,-0.0008202720016342591,0.006579905436112865,-0.0071965416244079705,-0.0025853189817227618,-0.0027146710994634393,0.002508525579101084,-0.0011401944465301295,-0.0006455750823758377,0.0020741505520263104,0.0011711453881995126,0.00683158799329231,0.007966264061780137,-0.013430088643597515,0.001960812096980513,-0.00023581992341470404,-0.018476352917798256,-0.008406161003285728
2022-01-01,,,,,,,,,,,,,,,,,,,,,,,0.029809396471367267,0.023641838167751006
2022-01-02,,,,,,,,,,,,,,,,,,,,,,,-0.007163274962024402,0.01588136117589123
2022-01-03,,,,,,,,,,,,,,,,,,,,,,,-0.0187368774698079,-0.017804782359288618
2022-01-04,-0.012691523448878583,-0.017146975573811063,-0.027588883130541975,-0.016915587005979504,-0.004082967893965672,-0.005937274630045786,-0.041832696836128,0.03790972026743589,0.03761403027738841,-0.002681673501802262,-0.0005647679983453724,-0.0016912150673931148,0.0,-0.00028681616591130776,0.002568338615417387,-0.000735888092786241,0.0032078531670345356,0.007366515057776857,0.006609980530275283,0.013860993911234187,-0.004157894434348108,-0.00011884104952042396,-0.012065555013512697,0.008687307931515731
2022-01-05,-0.026599822180755406,-0.038388006021663035,-0.05756219089858228,-0.018893091563845,-0.04587635802323786,-0.036727516967201446,-0.05347121367683638,-0.018282159511589402,0.01243731042742402,0.006663489160186664,-0.019304860005908142,-0.021940005160610232,-0.002703191495262214,-0.025472818321320645,-0.028087808795752345,-0.029148389708448574,-0.010174369149658857,-0.00300766493835114,-0.015009366763823362,-0.002878212753605447,-0.005427893171317533,-0.003445124565982227,-0.050734060615097554,-0.06422404850925867
2022-01-06,-0.01669334516244403,-0.007901802347929254,0.020793931742488114,-0.006710981961323137,-0.00019954870948268866,0.025572751393659887,-0.02152337383085412,0.010623901587198059,0.023520658608679135,-0.0034257549799575626,-0.0008988021824423154,-8.665321565526352e-05,-0.0018070785718676818,0.00336983337032426,0.0047067673821235,0.0010111589014658584,-0.0020558539733989134,-0.012244126909514819,-0.023333322434198278,0.026339510669934674,0.002588646494853908,-0.0010733945474709072,-0.009366159015892994,-0.0371730634280415
2022-01-07,0.000988371449972325,0.0005101146725698946,-0.03303989019010145,-0.004287778294336242,-0.005303113223773748,-0.0020152232944751214,-0.035446567451716815,0.009908374918815799,0.008196515795654502,0.013517298039645631,-0.003876000011069358,-0.0048504744622070994,-0.0027143311251162094,-0.006814231786185676,-0.008151268337231454,-0.00618786119165915,0.003825889102066604,0.004551137683908024,0.005363267144027795,-0.0038671334692114145,-0.007187947181259369,-0.0027446995015844022,-0.03714070469186992,-0.06587795854818668
2022-01-08,,,,,,,,,,,,,,,,,,,,,,,0.004235994902819673,-0.031704077942472875
2022-01-09,,,,,,,,,,,,,,,,,,,,,,,0.004256970472081845,0.021274058960640163
2022-01-10,,,,,,,,,,,,,,,,,,,,,,,-0.0021554853640055605,-0.02364136800640171
2022-01-11,0.016783681740251133,0.0022590202382382074,0.015219076370614815,0.024002125643924677,0.00769103778085567,0.01920312335055918,0.005935024657598653,0.0010158809033400384,0.042062178980081244,-0.010630139170160202,0.009161850741070232,0.010112479610170588,0.001816226695926293,0.011397669923358666,0.011761303792551914,0.0007676333040507188,0.01356512412913391,0.0120646549718888,0.013969123554018914,0.03561253570929557,0.006661052944371582,0.002036044727107722,0.021869109453241498,0.05027854349203764
2022-01-12,0.00257023090484898,0.010445269821082848,0.006542707673772297,-0.0009373300985386912,0.012126500247173988,-0.0033197428390506767,0.039289748931841784,0.00567211034352777,-0.002943202695614655,-0.008525731379791401,0.002826737909581878,0.0014671929777214654,0.0,0.0003584378653165299,-0.0035622998630353564,0.001660642687622449,0.011056226895773014,0.002642622730480104,0.01900244847394883,0.012895460831631622,-0.003831028491973809,-0.0003584232034037349,0.028389418684672707,0.04142745718356022
2022-01-13,-0.019027964198562564,-0.042322456508792405,-0.0508588659150222,-0.024169655027437842,-0.020105058180789337,-0.02034427682872375,-0.06749107331435766,-0.0012467397543358683,-0.0071689574312509,-0.006066269027177551,-0.014140509940440138,-0.014650155506842566,0.0009069155223988545,-0.012990681618386235,-0.007526607251744588,-0.001402785341854007,-0.007769808791189714,-0.0033969884760131075,-0.005594444520521047,-0.010864019543475711,0.008880552410842402,0.001673979105140555,-0.030888714484173407,-0.03676163434271329
2022-01-14,0.0051105497221088925,0.017716408648951187,0.013809733219755316,0.005731487003565627,0.006446943929438564,0.016601067999497676,0.017497758575059086,-0.06146346484357068,0.017556533080585135,-0.0054513909718229,0.0008369292526859695,0.0004371558062261638,-0.004529074715841186,-0.0032329056362111475,-0.001990731237953236,-0.009770606850867058,-0.0008701283659768855,-0.0028796749096049457,-0.006094662973820331,0.02917454521339291,-0.015109435801122562,-0.005491025198299582,0.011930269358978673,0.018998586244709736
2022-01-15,,,,,,,,,,,,,,,,,,,,,,,0.001802778677309158,0.006202201749167191
2022-01-16,,,,,,,,,,,,,,,,,,,,,,,-0.0014711291913973579,0.006122481592311324
2022-01-17,,,,,,,,,,,,,,,,,,,,,,,-0.020024366790964976,-0.04136680845756069
2022-01-18,,,,,,,,,,,,,,,,,,,,,,,0.0029604828561313745,-0.015029639521672689
2022-01-19,-0.021024813528216724,0.0022466300288439545,-0.032274277275436414,-0.016477101806013472,-0.006481664263683018,0.004526116965194893,-0.0338278969185718,-0.015469011769555618,0.00041034833698083695,-0.0031118935827554317,-0.009677847702026066,-0.010078520639702715,0.002747246939021508,-0.010510570759035942,-0.013443884218817037,-0.013351562712083154,-0.0008838400232927812,0.015880526897095182,0.03135086622556993,0.0013120881541044405,0.0069235482944720594,0.0024153419299930423,-0.014897823244158781,-0.021554575451392277
2022-01-20,-0.010346954730279023,-0.00570293861519533,-0.036581838287407464,-0.02963230963415675,-0.013388581652255094,-0.009480901537362363,0.0006227038828787723,-0.008527313282996163,0.0021885147414764106,-0.007984113976832519,-0.010967339737099846,-0.011442258578226894,0.0009132400836493471,-0.012432673249788584,-0.016490453712607378,-0.0126741242689139,-0.0023583515047438386,-0.0024988838330701757,0.011175681297317608,-0.006388196470470842,0.006167177484792452,0.0010848000543781655,-0.02548634039729203,-0.030591452089873683
2022-01-21,-0.012765289498885113,-0.018468071779354944,-0.03213274547570655,-0.05950180896147472,-0.02217413508062771,-0.0422984433948973,-0.05256606712507206,-0.01747247541979191,-0.015012910427573134,-0.002299490444689911,-0.01889183433506092,-0.019686823623538574,0.0027373208200387467,-0.017430926577645,-0.018373690395837583,-0.0028750249040346842,-0.012706666294475588,-0.0032624385581478954,-0.010610153384721599,0.0019782217637094313,0.011906731244000435,0.003731364660345182,-0.10381165615712484,-0.14767435465989753
2022-01-22,,,,,,,,,,,,,,,,,,,,,,,-0.039143484680769114,-0.05971640752836038
2022-01-23,,,,,,,,,,,,,,,,,,,,,,,0.03558509252717301,0.053990906269038685
2022-01-24,,,,,,,,,,,,,,,,,,,,,,,0.010406744495611076,-0.03735120652726631
2022-01-25,-0.011384904118846073,-0.026588551671968275,-0.04483982616512938,-0.031533745543573244,-0.029578630035093645,-0.027728283347168703,-0.012473124842489969,0.010900124224827001,0.029399609993259856,0.028594141820170504,-0.012155291394468026,-0.013504745132218332,-0.0009111746064897064,-0.017964441758501093,-0.014976566232499877,-0.004216417439517506,-0.004238484630471939,0.0031971345443269072,-0.004070563098300117,0.014307113651957915,-0.0016148919632519299,-0.0013211668825384715,0.008175727030871549,0.006385456601614825
2022-01-26,-0.0005629183216054878,0.028493099468724692,0.02006780785838691,-0.007954330670553511,0.018103547484701332,-0.01839091013240035,0.02069905258271132,0.009486062680356566,-0.010142710001396438,0.004474217690938254,-0.0014915275545370754,-0.00337561325843716,-0.005474340714339498,-0.007870247243916051,-0.010816333165687086,-0.01478808026940015,-0.004864808476474192,-0.016166464916677392,-0.013624029889763523,0.011645056097383977,-0.012093783632684874,-0.005532285001189852,-0.002757016878562668,0.0049248919678990255
2022-01-27,-0.0029434126165895913,0.01054912581953249,-0.03636038463972291,0.005508645722495764,-0.0017637529395881923,3.403184921757507e-05,-0.11554175561970448,-0.017644384919432543,0.012808253599160269,0.01312482741271892,-0.005327658116904388,-0.007150228501221045,0.0027521866100932435,-0.008718336676931893,-0.01681451114564425,-0.016783828010573654,-0.008554801217974362,-0.012898211138547944,-0.032228309287304024,0.0029182928710309586,0.018363321823027245,0.0032653539802964815,0.007763821260712289,-0.018244935331225953
2022-01-28,0.06977764776154727,0.028081798586294893,0.04083125481019989,0.031084056738273746,0.033688343009840915,0.023995290820440385,0.020805692766870276,0.008946118555122062,0.002129956326114124,0.007034352152939016,0.024478190777911024,0.024542955507429687,0.0009144082312231294,0.02072678913422288,0.019620456107615647,0.031920168995500875,0.004930437711942792,-0.0029832934474428585,-0.014747924193147077,0.0017782187078276834,0.0003489051962006773,0.0012052495075784986,0.017397102127314046,0.05121368460412512
2022-01-29,,,,,,,,,,,,,,,,,,,,,,,0.00936493083845824,0.019627353458854913
2022-01-30,,,,,,,,,,,,,,,,,,,,,,,-0.005783656346668664,0.0024573075711489256
2022-01-31,,,,,,,,,,,,,,,,,,,,,,,0.01491453610450133,0.03257666428258821
2022-02-01,-0.0009728291252050214,-0.007138673401778206,0.006207676088778591,0.010830762802234384,0.01729807382129156,0.01832335818496622,-0.0058395266373975074,0.01716003356138751,0.06411275416327333,-0.008183975636163243,0.006881653027035695,0.007875256072873427,0.0,0.008635771428956218,0.01182374789817131,-0.005104446512429028,0.007824085634162481,0.0008328835308379912,0.006730831833283046,0.0008002438768706099,-0.0033193276495170343,-0.0003983351692573578,0.00676006528835682,0.03862634283851252
2022-02-02,0.007044429532574892,0.01522231195588164,0.02451500713325183,-0.0038427158906232384,0.0752375291336731,0.012539240566620258,-0.02747919159891432,-0.008004821888999314,-0.002598178350930569,0.011060511816002538,0.009430413115107505,0.006197264713783346,0.0009144099806253081,0.004434285383691616,-0.004357371951338784,0.012992893189976762,0.005374518413984397,0.0036259919505645666,-0.00047756583700042654,-0.00015989639738345218,0.0033870616156539413,0.0014492812130362243,-0.046209029430310355,-0.039132735575322264
2022-02-03,-0.016719870123086733,-0.03895236467253704,-0.05126366079621125,-0.0781276325178123,-0.033175676174364566,-0.26390093064396625,-0.016032495024879134,-0.008270550283992817,-0.011659614325613354,-5.779758268353863e-05,-0.024346559816688762,-0.02463630836968922,-0.0036562046021847427,-0.019628708503687586,-0.01840053847978418,-0.011313363768158058,-0.013958563069481733,-0.0014214062993387344,-0.01051128607240015,0.015834898536802422,-0.0078054903713310475,-0.004219662180913075,0.005456046132945147,-0.0013759251322007504
2022-02-04,-0.0016793859946188094,0.015568529621729388,0.015491874435087372,0.13535901735711864,0.0014188217521846624,-0.0028179528830671874,0.03611110968421327,0.02595850176622183,0.02171192488780349,-0.006540988092310962,0.005319715180213569,0.006863889023575265,-0.006421409653028842,0.005715194107465793,0.004559698831249737,-0.00997955363726477,0.0030116405755711284,0.0015420788696549614,0.0038629567644292706,0.02204385730713354,-0.014742712606352959,-0.006174410531717522,0.116978066100073,0.11362666703116964
2022-02-05,,,,,,,,,,,,,,,,,,,,,,,-0.001438787435204647,0.010410717097086852
2022-02-06,,,,,,,,,,,,,,,,,,,,,,,0.023437312952531153,0.014206593311191451
2022-02-07,,,,,,,,,,,,,,,,,,,,,,,0.033665872045371525,0.027798951436755814
2022-02-08,0.018466885014243983,0.011995121910228113,0.015367078427267256,0.022021627828944013,0.0014219877368202294,-0.021030660448153826,0.0161571905234128,0.01881493553576541,-0.025852689514793692,0.0026307222342254466,0.00842541439707123,0.009294822887961462,-0.002770079452928287,0.010556527268944516,0.01549760946047063,-0.004778300841223548,0.005402199983394196,0.003056870675416823,0.008462637578838361,-0.016388394685987517,-0.0066859006964520296,-0.0032865618221386006,0.0063448528050995545,-0.00632052369720526
2022-02-09,0.008293665138136896,0.021834764588868127,0.06360538607290911,-0.0013877341505965646,0.015731896338984308,0.053683356870026566,0.010845920427172029,0.0041682586493057006,-0.0047869905040006655,-0.00011654493636892305,0.014627493721433682,0.01616092449033979,0.000925721448393757,0.02181090402030228,0.019621412883811917,0.02326074674866563,0.01522387140581416,0.0033991784238243117,0.003729600040121017,0.008645068316480264,0.0018814147341630338,0.0007323135531305258,0.004994545046617338,0.037420119536786256
2022-02-10,-0.02359887139865624,-0.028372995033458692,-0.03299016187100434,-0.013561706274733853,-0.02098984636718082,-0.01693965218665161,-0.029452771017468238,-0.004150956389432636,-0.009620475329328193,-0.012070595241938431,-0.017979252178888405,-0.017325481420326305,-0.009250988069654187,-0.016383759765536965,-0.014384342736779021,-0.024185566913201062,-0.010585198357698666,-0.0037965605384254753,-0.00510917820916712,-0.0032725430959149593,-0.01589229164027761,-0.009151462191630655,-0.01744935921313273,-0.05000061799033162
2022-02-11,-0.02021837809979421,-0.02427416441940733,-0.07260670384462875,-0.03591110674363196,-0.0312904440568067,-0.037356812830714015,-0.04925102969626416,-0.013016864454262533,0.02517884050364616,-0.010093369161780719,-0.018933203220966588,-0.01871633076971191,0.006535839872742866,-0.016520835371599762,-0.011833119654625968,-0.007855491075566046,-0.01129253617360304,0.019054878321533186,0.019140982537430906,0.02782987499649603,0.014827682480712756,0.006526970773141905,-0.026561982607033352,-0.04877319319619966
2022-02-12,,,,,,,,,,,,,,,,,,,,,,,-0.0038546734323026133,-0.0034231086563658586
2022-02-13,,,,,,,,,,,,,,,,,,,,,,,-0.001111462077505676,-0.011619882910758439
2022-02-14,,,,,,,,,,,,,,,,,,,,,,,0.009228086961576842,0.01734567720397817
2022-02-15,0.023152378604798685,0.018542313842016434,0.0918120024162028,0.008658352201907249,0.00798737748926559,0.015158486127920812,0.053290764282768466,0.014623658312813648,-0.012534817706318258,0.010325887892115526,0.01585583721732564,0.01776141017516575,-0.0018654657244733253,0.019794952690321388,0.024402756032187334,0.008618938212104466,0.016646472772419596,-0.009499848975192515,-0.019954586935742702,-0.03134421054737346,-0.01135260129481619,-0.002091350039807649,0.04668769779745485,0.08399521286202116
2022-02-16,-0.001389088302194641,-0.0011671832755493217,0.0006039642647623911,0.010159039538768955,0.008268365432966274,-0.02018094896261713,0.0010407532409399955,0.0018096915960543747,0.004616006564368336,-0.0005975591302128658,0.001040415701851538,0.00036353041119285834,0.0009345786723218286,0.0006808946622633982,0.001960480130786868,0.004512035826889305,0.004167821988637188,0.010284254451501385,0.012031477165127535,-0.011512101397361363,0.0059266734480252214,0.0013559603773556361,-0.013759752216496501,-0.01636765067071777
2022-02-17,-0.02126893169314692,-0.029281934391142017,-0.07559118601684456,-0.021808901106176726,-0.03774560883334521,-0.04077768185429842,-0.05094269900666093,-0.023032134150878236,-0.0015314127349529416,-0.00610015022688748,-0.021079396775414594,-0.022351608801172818,0.0018672071387570988,-0.02351539700727867,-0.02377459840882401,-0.009663829558623771,-0.012451827559078477,0.013668073780773726,0.007773208494303185,0.009914970795412925,0.0074389374483097015,0.002216420844953104,-0.07788223029977337,-0.07876007915331673
2022-02-18,-0.00935597187859849,-0.00963124150782968,-0.03529612595678211,-0.013261957754408193,-0.016115964087228707,-0.0074623379232992,-0.022103035296720752,0.004688851781152525,-0.011121226257138295,-0.01071906827925384,-0.007013305057234631,-0.007899347559773284,0.0018643409151841706,-0.007771615801088094,-0.007215789596301203,-0.006391055919166444,-0.006904800073067041,-0.0007334549100845855,0.0036297604529451633,0.008882650944192605,0.010526746148495691,0.0017202386602745978,-0.012507647384577658,-0.03323095432766643
2022-02-19,,,,,,,,,,,,,,,,,,,,,,,0.0022777282826873524,-0.00790686342387692
2022-02-20,,,,,,,,,,,,,,,,,,,,,,,-0.04214073972532317,-0.048866619788482835
2022-02-21,,,,,,,,,,,,,,,,,,,,,,,-0.03528620868790788,-0.02085949365019457
2022-02-22,,,,,,,,,,,,,,,,,,,,,,,0.03265642371222732,0.02544204798341476
2022-02-23,-0.025864126261541553,-0.02589330521476685,-0.04288174742356787,-0.03575624663287669,-0.017143849286300084,-0.01796308254051726,-0.06997917599526948,-0.020938740483536167,0.004054284005772235,0.0004965249105239877,-0.018415262199738547,-0.018943055201636416,-0.00465528528632253,-0.020594885104152305,-0.018226335642221647,-0.015626951285450885,-0.008259301711891598,0.0045072272703239324,0.01882564259739672,0.010680453745253837,-0.013781491178987193,-0.00503179050074587,-0.025843815613622922,-0.01854268553832039
2022-02-24,0.016679929260544624,0.05109356774316498,0.06079422334593865,0.04509522427819257,0.0399958278392849,0.04610730968069454,0.04807345500262783,-0.02784331746310109,-0.01263505852949709,-0.01910433051616367,0.015049453752638886,0.01737784712227919,0.0009352473887973556,0.02110091743119269,0.02065060848260103,0.016651240894126174,-0.015422371347001307,-0.006450131470019049,-0.018477786394738405,0.0015096388488229362,0.0006585164478605243,0.0022204650309591845,0.027778400368163814,0.002975463126547284
2022-02-25,0.012965608080291569,0.009233258922117571,0.01722269358871742,0.01605793012842116,0.01332814980324648,0.01387268027513655,0.011364031324829549,0.02365967571689298,0.026912601617329557,0.04970281601466797,0.022491670236176153,0.022679976475924235,0.0009345786723218286,0.02559963607111526,0.025751184892381263,0.024567871281006903,0.021303084317392695,-0.003330678220184624,0.004034072377513187,-0.008139784684075835,0.000731073209350841,0.000861221964798986,0.022998939789759643,0.0640739815309288
2022-02-26,,,,,,,,,,,,,,,,,,,,,,,-0.002781397053842838,0.005996005841990337
2022-02-27,,,,,,,,,,,,,,,,,,,,,,,-0.03568234201898368,-0.05728286710874153
2022-02-28,,,,,,,,,,,,,,,,,,,,,,,0.1454118392886461,0.1134332194172587
2022-03-01,-0.011628241472876,-0.012851728473700641,-0.037236126964401706,-0.015765550251120253,-0.007371041797145761,-0.035729310706054895,-0.006962143345558558,-0.0377291621283673,0.00956390342132285,-0.0034634201047054614,-0.015448732526959885,-0.015698941546220424,0.005560504342242867,-0.017756756710807453,-0.019173710808068734,-0.0044740999682856275,-0.01705404736426619,0.018163415997793697,0.04067197357032115,0.06431529522804458,0.011562079628461008,0.005244838812000552,0.026888524570001016,0.018252916606172453
2022-03-02,0.020588476667245503,0.017765446900993798,0.031823847241104763,0.0060241839623909055,0.003804295123788881,0.02270367993431721,0.01795529711451649,0.02073996296526448,0.017178349557532835,0.01243885740939743,0.01867894115525126,0.019063810084554156,-0.0119816263952911,0.020518728503481798,0.024308735937828008,0.019083243299889974,0.008517102056230907,-0.010406339832951472,-0.007221753172567236,0.05012529225032192,-0.034182589538657715,-0.012284203642518587,-0.009706302725009275,-0.0075245790678323266
2022-03-03,-0.0019813909512209626,-0.014224056849147404,-0.020891697071891424,-0.027319556126581324,-0.004993606368365766,-0.02469846482922855,-0.04614210448825773,-0.007107883037547613,0.006332858027406019,0.014695393214883001,-0.005151092727579076,-0.007501448169776714,0.00279876530892631,-0.007938784599678228,-0.010382385725642207,0.007598700006518966,-0.014701212552017284,0.005953415398956663,-0.00342318873911851,-0.011800575593422624,0.0101854361440199,0.004433433585044444,-0.03351981142193561,-0.03920161771843611
2022-03-04,-0.018408309451694915,-0.020478536107044087,-0.03280779715484783,-0.0152637929917393,-0.01488445884816647,-0.014337031621343699,-0.0011915196265851469,-0.02812916911307939,0.03763594671986259,0.005935301209365695,-0.007853062337723093,-0.00998427156529258,0.005580990727027224,-0.009014755002314856,-0.016487145708125706,0.0047810161443813115,-0.024126936636467256,0.015929145881701023,0.015027842866581986,0.06614786510026405,0.017264079524448084,0.0035548954265121058,-0.07806935036049167,-0.07666797157791327
2022-03-05,,,,,,,,,,,,,,,,,,,,,,,0.00671938064683042,0.018216357267732075
2022-03-06,,,,,,,,,,,,,,,,,,,,,,,-0.024887994408395286,-0.04120099883208184
2022-03-07,,,,,,,,,,,,,,,,,,,,,,,-0.009316643885282638,-0.02241302390450539
2022-03-08,-0.011676008555419504,-0.010971189740346166,0.007587264685570361,-0.010465446730283379,0.005744572414743132,0.015042364174150169,0.02463394210323222,-0.0070428482334298215,0.007575791075760119,-0.020266090894653033,-0.007229996377494885,-0.005347500073253464,-0.005581704291386269,-0.004086547701400267,0.003989316312250413,-0.004789103715092002,0.0,0.027358997610294145,0.03164556860153356,0.03714941673618832,-0.010059405282571321,-0.004664762337202255,0.017740259990833174,0.031618715552175436
2022-03-09,0.03499730844720261,0.04585838910962048,0.06972215109414814,0.024001199930983708,0.04968748328116046,0.043144665280344,0.04193357517885765,0.040062308525707024,-0.05684640834006527,0.0037933361074753424,0.02586441349252877,0.02697936498961573,-0.0028063122754327097,0.025900599617079578,0.027711071730603276,0.01581102972819659,0.03484069613299701,-0.029711176156992036,-0.02658492865424189,-0.1165866680193518,-0.009799221820426918,-0.00271319475838383,0.08378639716414904,0.0593911064983772
2022-03-10,-0.02718630844383485,-0.01008676619992388,-0.01546906572937301,0.05412515560997311,-0.007423890164109492,-0.016574261187436545,-0.024063755330148706,-0.011840390201644513,0.03104209647759859,0.0017714194070950207,-0.004193657286840957,-0.004283240920600284,-0.004690486776266933,-0.0032853852130759753,-0.001119208017872908,0.0029098009924459767,-0.008416992890080022,0.0031212277978962533,0.008823571367778893,-0.018682968587558246,-0.014367282938526404,-0.005317721991423996,-0.060630954045771346,-0.04459506244101141
2022-03-11,-0.023908431996378376,-0.01932837919669106,-0.02462681085506524,-0.008806846762653975,-0.01932338470986117,-0.038932633351899004,-0.0512345859010529,-0.02252414254647972,-0.005154559338155118,-0.0018273747033242804,-0.012912844672392731,-0.014052299931913037,0.0,-0.015298002008088396,-0.014159070174638244,-0.00890685439581096,-0.011426721652601057,-0.007027884128157469,-0.00583087831377993,0.03159605785071529,0.0033470153767718447,-0.0007461803724740923,-0.016291319622939393,-0.018590756322895086
2022-03-12,,,,,,,,,,,,,,,,,,,,,,,0.002810649293818468,0.005935060859578956
2022-03-13,,,,,,,,,,,,,,,,,,,,,,,-0.027101257933814904,-0.021675689037740864
2022-03-14,,,,,,,,,,,,,,,,,,,,,,,0.0480080837903738,0.02848473341224711
2022-03-15,0.029677348377973756,0.03874294465505557,0.07702768316739439,0.038867730338306705,0.02577992262169393,0.028934182065385228,0.046348355546253384,0.01774603048286516,-0.05691273729591173,0.02591885159009366,0.02143510748732358,0.020751787402224275,0.0009524337311825892,0.017373210533437655,0.015726478391825394,0.0072041721246540735,0.0036422946528218425,-0.01870545038411886,-0.006908456324104306,-0.05779790357131931,-0.0017454989616103589,0.0016328017616031865,-0.008268101563720931,0.011368996119395458
2022-03-16,0.02901559149221944,0.025213134309468588,0.06629525442958162,0.038933563723705156,0.0315988412559467,0.06040720474148564,0.047812040425278646,0.04468589776428966,-0.003755298746941138,-0.009197093557325786,0.022404687089559783,0.024741127564350096,0.0009513189332173155,0.025885379702125233,0.02962420240983099,0.011716544038950838,0.04091075533924671,0.006260803404375848,0.004782635232676524,-0.0050997885491488315,0.009807708067433252,0.0015043464343398316,0.04588714481344902,0.057976079871540964
2022-03-17,0.006453989574001673,0.002819588553533592,0.011022245589182855,0.027007748989816838,0.004190430852984983,0.02067473412124876,0.037335010469022656,0.012644519615363725,0.0266474916171755,0.013064126719289693,0.012394861106802768,0.013569013547634734,0.0009505189520979673,0.016188065260530626,0.015137817303368273,0.01380278788068745,0.00982569434626801,0.004888644573449508,0.009519658483087667,0.0790861397542415,-0.007453578099155811,0.0008764830865930495,-0.00467993171076464,0.015439382650158429
2022-03-18,0.020918695969989853,0.017647574258642384,0.06811745862813301,0.025512151358369817,0.01708387489535168,0.04161859642185717,0.03876779427650434,-0.00035645576650333854,-0.003925036089801104,-0.011085765074712706,0.011679586522283847,0.012556596571960954,0.002849161173981818,0.01291717633721956,0.010468107765948309,0.0019926326040495823,0.011034377840947407,-0.008789852082788041,-0.013287589668073085,0.013029303481221888,0.012212541176376934,0.002876707406285206,0.020750884742987363,0.04635711215367966
2022-03-19,,,,,,,,,,,,,,,,,,,,,,,0.009317830622209256,0.00031034161201071164
2022-03-20,,,,,,,,,,,,,,,,,,,,,,,-0.022346848712323064,-0.029120965764543816
2022-03-21,,,,,,,,,,,,,,,,,,,,,,,-0.004117262624553253,0.013115842942408973
2022-03-22,0.020800354676915767,0.016378990627817114,-0.007855066907338393,0.02103830044237709,0.02767409191930814,0.024398191137621428,0.07905243778179138,0.021267572043949023,-0.00437959127720311,-0.004720390402425112,0.011307302225823879,0.01192995526359275,-0.0028679137909828345,0.0099594527350928,0.009620486622584634,0.002528536990844099,0.010971772665718582,-0.007250775291250955,-0.017182195622028718,-0.012320886920461183,-0.012811945817042703,-0.0025205818549768333,0.031180014163224357,0.025933453702879916
2022-03-23,0.008233852632340222,-0.01502979855755937,-0.03355456470068352,-0.008981816492546923,-0.01138578303313631,-0.014724278509785194,0.005161136057840299,-0.019913196303824154,0.01576279190286045,-0.0037713870075257727,-0.01226968722853472,-0.012676531236565647,0.0047931837000445565,-0.012820964819676983,-0.016190374835206356,-0.011306646765527617,-0.008682347687991365,0.013659661796972422,0.015734292987600762,0.04315172473267981,0.021915026065159937,0.00454791290675205,0.012610091153007819,0.019486538985025836
2022-03-24,0.022677860468231392,0.015392810445605809,0.09815072096716748,0.0014779010051912955,0.023840144890722836,0.028623695533583016,0.014823128420135223,0.006510397890504782,0.0030072020340110583,0.005162358737931028,0.014421206088087501,0.014031415985701567,-0.003816275861838192,0.01319490896120401,0.010211150676837422,0.00642853946568156,0.005317560679238831,0.007260367097212672,0.015920862430180538,-0.026845601344337555,-0.007832805289429534,-0.001257644974436145,0.024898646221148013,0.02540190286930155
2022-03-25,0.0037340176288647164,-0.0013811697617809315,-0.016269678492559336,0.006868294014676479,0.0007134312423984213,0.010247311611061072,-0.003234937980317265,0.008742563504380962,0.021827784505284553,0.009586781514554277,0.0050821799978062465,0.0037985250121481684,-0.0067047233577358645,0.0031703893043422138,0.003630729986911607,0.011900732094259237,-0.0009334017166847675,-0.004095451209537915,-0.005506186563088766,0.01241376631685931,-0.013872746946497427,-0.008813715470082362,0.008821397620525806,-0.0004474251140281771
2022-03-26,,,,,,,,,,,,,,,,,,,,,,,0.003429583093865096,0.011751345351635134
2022-03-27,,,,,,,,,,,,,,,,,,,,,,,0.052126312256127294,0.047212927981994834
2022-03-28,,,,,,,,,,,,,,,,,,,,,,,0.0065678873583499,0.013688537758611341
2022-03-29,0.019134350011321022,0.015159302539275998,0.015485919687410643,0.00192027764251268,0.007422422928125005,0.028042454903323355,0.007079858095940583,0.0022004322258180053,-0.005313179650221711,-0.0005062008886124181,0.012268043327786415,0.014763792116337937,0.0038496461120525183,0.01913877544423892,0.024435642362477195,0.0293229123590224,0.01779025475927387,0.00044678784846130526,-0.0008722397513076796,0.02173625081330388,0.007552310705781329,0.004433482900321195,0.0071661546110000085,0.0195865837458582
2022-03-30,-0.006649679799290431,-0.004914498370302112,-0.033710100867577975,-0.01780118433038691,-0.003978437346764174,-0.008744407669596388,-0.00507475414515135,-0.004533009044391578,0.017117929942351617,0.010408549900935649,-0.006200106503969405,-0.00793567885228208,0.002876162376728164,-0.009887264067287682,-0.014979709393436624,-0.00664285566913414,-0.0015331372389195685,0.008038419372069505,0.0013095018265090186,0.02311230598770697,0.007801607557807344,0.0022697754476703746,-0.008491735032190584,-0.004947058898670642
2022-03-31,-0.017775931055224126,-0.017683120254062823,-0.014590144386036341,-0.019864567358571672,-0.02022701261273918,-0.024094855133692694,-0.014981813142339484,-0.030027177999466637,-0.014204006592690721,-0.01314082966348884,-0.015561177857670638,-0.015198837290095746,0.002587984452188108,-0.012834284378193339,-0.013172997902352379,-0.012217200731199696,-0.015049346803574393,0.000387595883929448,-0.0026155785481318805,-0.04864588290823768,0.0024287139844030303,0.0007549889515159336,-0.03238210822970233,-0.030579115649246424
2022-04-01,-0.001717905641038131,0.0036004930264748047,-0.0210363309542958,0.003450973226124532,0.00778739758518987,0.011198263351766213,0.006486599368272561,-0.007409019805945216,0.0064172450700019645,0.005416691000408758,0.0033955379839782918,0.00433219085226022,-0.002867720888124037,0.005159620659497266,0.00834321533783644,0.019073111764972506,0.009666520033182913,-0.006365867342034592,-0.006118854667114704,0.0006745199745097352,0.0038068900690380048,-0.00216804443010965,0.016315115388267687,0.051166270347545506
2022-04-02,,,,,,,,,,,,,,,,,,,,,,,-0.008917040798352427,-0.0013024646682661123
2022-04-03,,,,,,,,,,,,,,,,,,,,,,,0.012745379989237415,0.022575567663241758
2022-04-04,,,,,,,,,,,,,,,,,,,,,,,0.003640395949819908,-0.0004519898990444915
2022-04-05,-0.018941967934962944,-0.012985389646322898,-0.052229466178252526,-0.025492089193307588,-0.016650105768078127,-0.008764888109665026,-0.047308971544201106,-0.011637220005578097,-0.0051706860184591585,0.006459932763251741,-0.012412045345442935,-0.01426409670392459,-0.008620482975278954,-0.01380661950975115,-0.020023149032792342,-0.004493770792920682,-0.011948474954187605,-0.006264842571455875,-0.011931001344583914,-0.026801945644485348,-0.022592361351330692,-0.01009663251272963,-0.02287907280900814,-0.031082429152761826
2022-04-06,-0.01845063751667586,-0.0366055471511092,-0.05877121911661276,-0.032300120131985244,-0.028757162890686305,-0.03683571045880152,-0.041694894294368345,-0.013874414697466086,0.011120500843752934,0.026012054265420748,-0.009695237183212524,-0.011033668150156273,-0.002898410225265158,-0.008856476242182665,-0.012795193837980001,0.011543031311163965,-0.011162884002288709,0.002343216670796844,0.009391729818443606,-0.02339572097061393,-0.008093946924408013,-0.0030601412854247556,-0.05156849392240015,-0.07037373677091652
2022-04-07,0.001803976361238968,0.006243732778306699,-0.008153577173929727,-0.0061194323502751224,-0.004830062233429189,-0.0015673981191222097,0.010996816105212748,-0.0030421325926029974,0.01673625233424869,-0.002579258261069528,0.004375567713468698,0.0032007412538317404,-0.0019381727140656002,0.0013059529081449472,-0.0021098635878383787,-0.009690221127455212,-0.0034493258905234914,0.003784886240234764,0.0057599056213122335,0.0008213217807977458,-0.00753292873722744,-0.0020469914728676875,0.006876459247305178,0.019416376407197067
2022-04-08,-0.011908923554830864,-0.014599946802703268,-0.044985049212646566,-0.021066740550443774,-0.01914048728198059,-0.00278082754089104,-0.03004944796541842,0.018307977214655713,0.021046388715138864,0.0019810237684196874,-0.002647670940036373,-0.003281668242091196,-0.005825278983588311,3.4149087326573735e-05,-0.0033225682676487622,0.0016094682759038026,0.0015733146407563847,0.006265969312183373,0.0052862963811295405,0.01367801930859791,-0.010830660716848128,-0.005382198301340901,-0.02795577079433975,-0.012742710703286475
2022-04-09,,,,,,,,,,,,,,,,,,,,,,,0.011693070951357853,0.02187990808226714
2022-04-10,,,,,,,,,,,,,,,,,,,,,,,-0.013427680050824398,-0.015343531967263346
2022-04-11,,,,,,,,,,,,,,,,,,,,,,,-0.06363225953812457,-0.07186309437345806
2022-04-12,0.011523538762292285,-0.011217982391047765,-0.018843784307079003,-0.002213363562407644,-0.008608660037197735,-0.010717939995734449,0.011291813566499442,-0.010977446596664664,0.020870813346168582,0.00033350491367079016,-0.0033871870643178426,-0.002879103960742424,0.002944456487613323,-0.0036413535163158928,0.000812394030863306,-0.001818665249843865,-0.0063532323639915456,0.007676751619003053,0.01382288121370312,0.05089903388442951,-0.0013810265229060592,0.003235875872060312,0.015315083892861292,0.016545908853034197
2022-04-13,0.01634245163061787,0.019712430634219347,0.03250582314469974,0.03152445706895657,0.017065546583318936,0.003969448040396895,0.03588835603591267,-0.03223344010103468,0.014135420265804832,0.0042246700307047025,0.01135403929967671,0.013040353582037145,0.0009780336529134903,0.014793388607465596,0.01806183479490242,0.007548448205855429,0.011828643770050551,0.004788537865617837,0.011930153167332591,0.0321136444354877,0.0020331353033311572,0.0011611262879760442,0.025906300465151855,0.0290286617712483
2022-04-14,-0.029988264948937915,-0.027084571598672724,-0.042561916649031306,-0.024652684274885983,-0.024358479787818355,-0.022373155018008406,-0.03655231880843268,-0.00926948200086164,0.011749656550285259,-0.004206897277852617,-0.01215212639785257,-0.012228856013238087,-0.007820150116367941,-0.010461770640684431,-0.007973656004987006,-0.004779518805135385,-0.00473933064917853,-0.003303550666205468,-0.004631604646381571,0.014664646171010931,-0.020045365364139034,-0.0068305915260183925,-0.029908006531745968,-0.03156637206525337
2022-04-15,,,,,,,,,,,,,,,,,,,,,,,0.015473675726454417,0.0069561954118133595
2022-04-16,,,,,,,,,,,,,,,,,,,,,,,-0.0031805042860567623,0.007035312808044258
2022-04-17,,,,,,,,,,,,,,,,,,,,,,,-0.017502542356175654,-0.022501632953508044
2022-04-18,,,,,,,,,,,,,,,,,,,,,,,0.027929174608607443,0.021448285536718847
2022-04-19,0.014115033798812071,0.017039778601296574,0.019051543924719416,0.03488883060861969,0.018268928073186252,0.031028997911052958,0.023758093445249484,0.02070647419302607,-0.00892137724224662,0.030507888971798458,0.01607652457247366,0.017437416932003513,-0.005922929410494104,0.020226362026887656,0.021918991630906604,0.022022234332858437,0.0022365716347108044,-0.015112904376299419,-0.026393005696076388,-0.04414877366098957,-0.007490629507176605,-0.006248572349830561,0.016571096753378534,0.015207893160284813
2022-04-20,-0.0010153552715442826,0.0037155089159166543,-0.0322552432879587,-0.026041044919075107,-0.015145268381672516,-0.07772305152944248,-0.04955503671370076,0.003508305642706766,0.0022787799603045666,0.0044240411371709865,-0.0006066053647093561,-0.0010998045014045665,0.005958219524147879,0.0035487553339226263,0.0044478814449568915,0.016001414944805337,0.004462815526337982,0.004894947496407287,0.0017212098072847404,0.004944018350252044,0.020125543286311443,0.0062878625136730815,-0.003093074404708074,-0.00849216873439762
2022-04-21,-0.004843810779870061,-0.019381279664605677,-0.060469285339298406,-0.037026427673936824,-0.02519133802522433,-0.06162063273890184,0.03231684066245499,-0.007751869347702223,-0.010572767558477691,-0.0028818548540406885,-0.01466622613484092,-0.016515453339146502,-0.004936206099039775,-0.019211330718417186,-0.021452316215627376,-0.006776720008062287,-0.012059635233722443,-0.0035576001936850066,-0.02104809951312636,0.01139312412157989,-0.007398195339920144,-0.005337158199726577,-0.020471984048854197,-0.029328327006015287
2022-04-22,-0.027821022232786374,-0.024144329883009186,-0.03309688933642718,-0.026608937569704394,-0.0414936143118696,-0.021056005678126932,-0.003697576672395231,-0.02872235274551771,-0.021831753835096723,-0.009926251477685444,-0.02774839255416961,-0.02733439937026272,-0.0019836700172408683,-0.026347585502588866,-0.025744244269133687,-0.01730992526411279,-0.01574052129276904,-0.0097220932450649,-0.021061932000973504,-0.02316954844279595,-0.00629405450228937,-0.0013096456890494546,-0.019420038833716236,-0.007579971791462747
2022-04-23,,,,,,,,,,,,,,,,,,,,,,,-0.0063811726165236005,-0.00901287034129783
2022-04-24,,,,,,,,,,,,,,,,,,,,,,,-0.0004416040475622163,-0.005235109183876596
2022-04-25,,,,,,,,,,,,,,,,,,,,,,,0.025057850055308917,0.029650638144067543
2022-04-26,-0.0373281074518339,-0.037403364667718764,-0.05597451777739504,-0.0457507730510871,-0.03594583795149808,-0.03230108532186193,-0.12184121881948873,-0.029581252631330823,0.00036444234786014995,-0.0071503924263235374,-0.028150908007380626,-0.028969084129019662,0.003956648332473556,-0.026057563704188436,-0.030663367140013387,-0.016242200736367063,-0.022712312046226146,0.001525017044941901,-0.008245547677731002,0.02424645038977369,0.010066883456602671,0.002604388114895384,-0.057858267871623625,-0.06682250466394446
2022-04-27,-0.001466681101396361,0.04810852498150764,-0.019852793106885147,-0.008781047317448887,-0.03670877967704278,-0.0331583889181436,0.005807678470473254,-0.013006066647547776,0.02855744472581012,-0.013969799111703596,0.0021003748933723365,0.0013740904615628935,-0.003941054963922275,0.0006920152307261507,-0.0011638517093396361,-0.007010600377671983,0.005052346126456664,-0.00755702425744631,-0.007390293313223162,-0.0011770381764090176,-0.01282596188366647,-0.003116760399827001,0.029478882606909007,0.028711816872254436
2022-04-28,0.045155225376765085,0.022632991968280836,0.0742327221162038,0.04653418536434306,0.0369921055366238,0.17593593459496182,-0.004537702888526063,0.01581295808883687,0.030245888072825133,0.007468323709419966,0.024817114561716203,0.024108005460011128,-0.0009889999165382246,0.01826025835583156,0.019277706809150086,0.01887033729608989,0.013404662503941678,0.005398323510093839,-0.0032573148240929717,0.022390978433599606,0.00148968971141894,-0.0003915982587867628,0.013575224570606004,0.01661903738138304
2022-04-29,-0.036604570463058206,-0.04181212601322326,-0.06243040406405487,-0.140494377749234,-0.0372334836289302,-0.02556754728377142,-0.007692220213591394,-0.032268587668860094,-0.022362420498370006,-0.01635219197591442,-0.03621034639839682,-0.0353108913180451,-0.0040670519230352475,-0.03232943936767341,-0.0284734449663826,-0.046820177273513286,-0.006283018378232086,-0.00011297696546286318,-0.01774039026205032,-0.011782763157920484,-0.012972984871748361,-0.00677859484423271,-0.02926557389929385,-0.041314794787239206
2022-04-30,,,,,,,,,,,,,,,,,,,,,,,-0.023179313474195662,-0.030336334797430475
2022-05-01,,,,,,,,,,,,,,,,,,,,,,,0.019997911964443782,0.03573723860073175
2022-05-02,,,,,,,,,,,,,,,,,,,,,,,0.001565786170879102,0.010486865128902734
2022-05-03,0.009622396033598601,-0.009455936542268728,0.003532372878255474,-0.0019799044812061073,0.006441751268482898,0.0042627657900717875,0.006988279761963367,0.021419656592733594,0.02059942493580258,-0.0019593132417631276,0.004845873868546846,0.004631918180640904,0.0020040399994709635,0.0064296594751656055,0.008912500965487347,0.012941711106051468,0.007011648559032357,0.00264926246698316,-0.0019166705279736185,-0.021561557428327438,0.006741760887483128,0.002379066160168586,-0.020215120218891713,-0.02587450581867512
2022-05-04,0.04100848072837815,0.029100654087667266,0.037343094684403555,0.01348046853293483,0.041991304868888024,0.05367152900368555,0.04769864576468552,0.03308123738476665,0.03980021559782121,0.010712844667885246,0.029867710364212874,0.02923276257837526,0.0050002432810254405,0.026833841286987292,0.02681657337636989,0.011127961168100331,0.012931119691841353,0.009822544372671826,0.02160349325912958,0.046029451909248786,0.005510000622951372,0.006461417830163629,0.051599856624237495,0.05646480841047263
2022-05-05,-0.05571634367656486,-0.04355494797851234,-0.07327634448423936,-0.07561036490424522,-0.047075454680500006,-0.06772308922026893,-0.08328615317548016,-0.025019639324559972,-0.015158004931376312,-0.01909001137737787,-0.035546824698469925,-0.0369803828628823,-0.007960323866599284,-0.03473678965853766,-0.03809911105782693,-0.026902193027959043,-0.028150650419774492,-0.003811138551277793,-0.023496239843346478,0.003241113591049949,-0.02739836181985933,-0.009957152293867289,-0.07867402068901796,-0.0650985260875554
2022-05-06,0.00472751779139724,-0.009446288417027549,-0.008968206075872898,-0.014041240035030156,-0.006514835198174973,-0.02165340057713061,-0.008737180698190294,-0.0016139167723081549,0.015280783364223227,-0.002206137339126557,-0.005507809752199555,-0.008115535116098527,-0.004011990122177234,-0.013738674933117423,-0.015545059335140499,-0.011239779669449002,-0.01313560336936015,0.0016558743678838361,-0.005774823641392812,0.020501911377495352,-0.014735449308569848,-0.0042346806956067296,-0.014606061408683924,-0.01972688030319758
2022-05-07,,,,,,,,,,,,,,,,,,,,,,,-0.014954355270636377,-0.02185052375578611
2022-05-08,,,,,,,,,,,,,,,,,,,,,,,-0.040636848764922684,-0.04500336515045189
2022-05-09,,,,,,,,,,,,,,,,,,,,,,,-0.11046369999353145,-0.10805714698013369
2022-05-10,0.016112011347581667,0.018595885564038017,0.03805283875807253,0.0006434445934944133,0.01674493170010405,0.007338916715228239,0.016427173986372612,-0.024372261997503863,0.0066303189030072485,-0.0013538681927657281,0.002467533025069857,0.0016544222940042541,0.002005502658100733,-0.0005836460332276916,-0.004516420183882652,-0.01794953639383612,0.0042164540359734826,-0.008445202872691127,-0.02396412546830262,-0.026642300165311883,0.009069555367750004,0.0029108266131925298,0.02396125848050934,0.04368007377831029
2022-05-11,-0.05184139886268335,-0.033209737101262515,-0.054845183302539735,-0.03203225709010704,-0.006927678578092955,-0.04507953032640777,-0.08254582843646041,-0.006308137565628091,0.020818394457984946,-0.005420782443241179,-0.01644494975656774,-0.01796035411213548,0.004004287781047111,-0.015454135545328151,-0.020984787063859422,-0.002858367495772951,-0.004198750198752044,0.008167128516088473,0.016368369036364516,0.04897358896633741,0.019272437649212604,0.003429244245062524,-0.06725839173272163,-0.11581014355526464
2022-05-12,-0.026894022825134534,-0.0199577087973003,-0.02735990451179038,0.014790404884573283,-0.006676779038314429,0.013245711932572402,-0.008174386751047313,-0.000846510121605637,0.004539796891982917,0.009879259761874204,-0.0009351483006230232,0.0014714690345534187,0.0019943762418626054,0.007037817009815761,0.011470476934360985,0.00807135316334251,-0.005973379715419669,-0.015333925720196762,-0.03774534314659528,0.01343058387898588,-0.0018654956514235765,0.00197192751659947,0.003849706798608521,-0.053282488294059016
2022-05-13,0.031916271070739466,0.02259655693574647,0.09465184019419381,0.05727556035084924,0.02841545618014485,0.03859019291276744,0.05712909369145702,0.008895171533849,0.02966389654331958,-0.00573459305613544,0.023974887813246415,0.02665798389720897,-0.003980270485144266,0.030663469120535636,0.032531443452857634,0.026264495757682305,0.025804355214911867,-0.00810956630229509,0.015690335977651237,0.025873978739190395,-0.014780766027431946,-0.0036733887220412598,0.008102229834508146,0.026872933410718503
2022-05-14,,,,,,,,,,,,,,,,,,,,,,,0.027939733537411415,0.020778065161833226
2022-05-15,,,,,,,,,,,,,,,,,,,,,,,0.03999325713567892,0.04349267877534668
2022-05-16,,,,,,,,,,,,,,,,,,,,,,,-0.046069001557128786,-0.057314837096923754
2022-05-17,0.02542285410224565,0.020344047995968673,0.05288427854823197,0.04113327357999652,0.017720431801640846,0.012897472904982221,0.05141017778952928,0.03314715823422376,0.012754226426493487,0.004155451192140891,0.020239470079668642,0.02147775449224043,-0.004989610965385416,0.020861397611022126,0.0296808229455352,0.013794125483386876,0.018919825782056865,-0.006279296383541522,-0.0005017676231163781,-0.024064492664086168,-0.012083992751425354,-0.0059166725034074386,0.018850785235190015,0.033461392764142284
2022-05-18,-0.056419157205417125,-0.04552964991262032,-0.06816294620401164,-0.07156196640827217,-0.039266745475873166,-0.05122891267426555,-0.06801379812405906,-0.017105858026021714,-0.015850493614281036,-0.018566229758770314,-0.04017882249493043,-0.039838924154787736,0.004011990122177123,-0.038875737976061364,-0.03641097708271712,-0.029673493577034638,-0.01991905252143822,0.0005314848929158789,-0.009538179384031675,-0.022438659611992984,0.02131776746789793,0.004231977968123024,-0.05605711989808215,-0.08311915841461581
2022-05-19,-0.024641375446813996,-0.003699507644839839,0.010981414107228415,0.0019278532990965047,-0.01354331230468464,-0.004941625731108346,-0.0005494634476534976,-0.014822383699574782,0.00540552891942192,-0.00888878256594472,-0.005731790869419551,-0.0037722463532413597,0.001997815709865458,0.005364476703009435,0.0012372401348994533,-0.004102323239941863,0.007234082151414745,0.014697234801531733,0.027369535127020894,0.0162694022024501,0.002395252446761864,0.002107590332088849,0.05550304428240649,0.053050754503766395
2022-05-20,0.0017473244130306043,-0.0022910703769648544,-0.025110940109748348,0.0025345295167615856,-0.01337161254003838,0.011762176787751155,-0.06416505716141863,-0.008198695909493181,0.00789976050813923,0.017477312497697017,0.00016640350790764202,-0.00010515307842007271,0.0029912380577803432,0.001635776026773117,-0.0017969760357970932,0.006740330645202519,0.0064979692919122645,0.0006980112537449124,-0.009866835639998683,0.01327872512422612,0.011349694991982906,0.0030233323588189087,-0.036734890846488066,-0.02825124393605738
2022-05-21,,,,,,,,,,,,,,,,,,,,,,,0.007927413013061102,0.006731520527228918
2022-05-22,,,,,,,,,,,,,,,,,,,,,,,0.030289794482822652,0.03476891305694485
2022-05-23,,,,,,,,,,,,,,,,,,,,,,,-0.04039123144227663,-0.03474418451813721
2022-05-24,-0.019215972250067104,-0.0039517821478509685,-0.044028944336396814,-0.03214110432537598,-0.04949400986726993,-0.07618608001021943,-0.06925464690507588,0.014125159858731529,0.005431761534185453,0.010922859245886096,-0.008106839680089961,-0.010649205862269251,0.006985977960700662,-0.013185534422180623,-0.014913536244185899,0.008681689834761253,-0.008372321855725118,0.007521859850632806,0.014427811078355113,0.00036597265890114805,0.01973211225223248,0.008151921983745147,0.019130468401079792,0.0034484158752532412
2022-05-25,0.001139939071037821,0.011169916593252394,0.05082330085189701,0.025696475417555487,-0.0015570734945222764,0.01406667418287344,0.04877737911795821,0.006964042331435882,0.02012685819399307,-0.009812503731114974,0.009462196808907919,0.011391066151837492,0.0029733432747516275,0.013985146837518725,0.019658745759600915,0.008096158861601754,0.0020261641107994777,-0.006029994959596108,-0.002452145098441272,0.005853699474799967,0.0039544254720460525,0.004043630269734644,-0.003143576713387941,-0.017258819749310206
2022-05-26,0.023199549368595918,0.012875446949235814,0.05160511796155065,0.04029499229486544,0.018784616667562037,0.042430458845424734,0.07427138936829314,0.017290329943235205,0.0035309723259571157,-0.0008905962046287241,0.019915160010180344,0.02066511691015327,0.0009885355745602453,0.02297427546695796,0.022603772337532746,0.001664110741106839,0.01179648733803984,-0.0018488983177334939,-0.001474960001005221,0.025581873121731213,-0.004525208570483885,-0.0010391939173349796,-0.009983529917456657,-0.07245605236746355
2022-05-27,0.04075657327625826,0.02760432584401329,0.05377874568282892,0.036632083603781895,0.04196945013845954,0.018264204036361198,0.07333306253742577,0.014137809318182537,0.009830035475154153,0.009082880585609576,0.024934010991210176,0.02551149841821898,0.0009869131695183775,0.027416091946724563,0.025355053671332728,0.02665412755350216,0.012325116612998288,0.00052102106703944,0.002461897869225682,0.01028493656752083,0.0024411716220813506,0.002861125851657542,-0.02185551924250806,-0.04378840002928741
2022-05-28,,,,,,,,,,,,,,,,,,,,,,,0.006543557286537771,0.019142259532667127
2022-05-29,,,,,,,,,,,,,,,,,,,,,,,0.02190035821988534,0.030768501122035552
2022-05-30,,,,,,,,,,,,,,,,,,,,,,,0.07744470968730455,0.10176993535099799
2022-05-31,,,,,,,,,,,,,,,,,,,,,,,0.0020777630413166825,-0.02710486988964189
2022-06-01,-0.000873346385642515,0.0020229055796028295,-0.01885185774944753,0.012266042992872705,0.0011428256131691406,-0.02582106660332273,-0.02359349020027357,-0.017545077186157942,0.01916659128370779,-0.01013777725930709,-0.0073752003900898755,-0.007459396831878906,-0.0029759011207485253,-0.010184551228065719,-0.007061790624595554,-0.008404946805270819,-0.008199400080664332,0.006369033199590923,0.014616885380461353,0.0008189972367433906,-0.0011429382380604425,-0.004468391568407837,-0.06269536357891181,-0.061142436711543735
2022-06-02,0.016810953864069278,0.007928791073097186,0.06943227437473021,0.03145034300738625,0.03275471771516947,0.05417728404083633,0.04677398003874078,0.016087815881162815,-0.0017374315245231031,-0.0031511154755240467,0.018601387480122744,0.02034251840706447,0.0009951806602321867,0.02274842789445608,0.023599091146540907,0.014079521367688752,0.01521166534293239,0.012309182073779512,0.02285151569791566,0.01999063673334911,0.0005158548659276452,0.0009182243994672046,0.02243049790035867,0.00580245376432198
2022-06-03,-0.038555548116634974,-0.016606962815497006,-0.044508032286169064,-0.025185068024527135,-0.026198249386552797,-0.040631771027392016,-0.09219359988526965,-0.013939028884346838,0.014538757122787738,-0.004120990948621839,-0.016269950456304194,-0.015812313172633985,-0.0019883825206347128,-0.01284045475366602,-0.010211701468346046,-0.013388531699229822,-0.012703525437877006,-0.010152017266979896,-0.017484245152194156,0.025444140065365328,-0.0021496442170255703,-0.0014421891325089309,-0.02504629358369581,-0.03220668042518249
2022-06-04,,,,,,,,,,,,,,,,,,,,,,,0.004326748833952898,0.014946314822654516
2022-06-05,,,,,,,,,,,,,,,,,,,,,,,0.00247203631266113,0.0019956927348694364
2022-06-06,,,,,,,,,,,,,,,,,,,,,,,0.048952630028413324,0.029960430041737984
2022-06-07,0.017585859889650557,0.013953725861459487,0.007452672933137006,-0.014344105316090427,0.0028162071245010356,0.007207286946558922,0.0025460558898939833,0.0026209132543764113,0.04583179811550964,0.010997681274578897,0.009567311585190419,0.01034419495625416,0.0030063738967227582,0.012671449722985617,0.012382269519366274,0.013319996733683004,0.0022981070564704886,0.006518420844169315,0.007363751219949366,0.018667287445101488,0.010799648242603821,0.003434634680814286,-0.006859698773187373,-0.024332589842456676
2022-06-08,-0.0050432547878921374,-0.007669822713744612,-0.014480281064171763,-0.014796745486375773,0.0003797979283284292,0.0050600202903865465,0.012474516432601446,-0.015914461529834112,0.011802066026004976,-0.005943609748310541,-0.01077485296588876,-0.010927259172772041,-0.002997362703731299,-0.014518875112919494,-0.015471535787656254,-0.022665931630266645,-0.006878655637297726,-0.0009251975242893229,-0.008284603923077727,0.021657007201406175,-0.008860249047829782,-0.004080903143347081,-0.03020730515832104,-0.01128750197501005
2022-06-09,-0.03595573307839994,-0.020783357670826286,-0.03217507647609619,-0.04150848957443054,-0.020124667417353637,-0.0642799024232763,-0.008930555308462429,-0.021015691939135994,-0.02160804261614724,-0.020137662635778986,-0.023700793531925224,-0.02418611702269613,-0.0010016154595309246,-0.024172887645886654,-0.022934647796592378,-0.023700792707464502,-0.021108112064136986,-0.0031832564859568535,-0.018673270810415032,-0.00989233670885048,0.003330473338569284,-0.0013221347351777268,-0.003387708269364409,-0.0020886896458599535
2022-06-10,-0.038628894205725794,-0.044563442471625914,-0.05950819887305714,-0.05596211721574329,-0.031993650732831114,-0.04581523813615196,-0.031190911234383223,-0.04596588989022865,-0.018274350711221632,-0.0066775024313817655,-0.029088337145132592,-0.029477985663566075,-0.008024234126334906,-0.029778942838525224,-0.02868954600550977,-0.022414002651381493,-0.01987863797534195,0.013412283666592417,0.011016586292819985,-0.010430440914997896,-0.006201869287757011,-0.008471200472327411,-0.03414563715680452,-0.06971840279684127
2022-06-11,,,,,,,,,,,,,,,,,,,,,,,-0.024858994495164377,-0.08130651657115606
2022-06-12,,,,,,,,,,,,,,,,,,,,,,,-0.056351073137826724,-0.05520619538595595
2022-06-13,,,,,,,,,,,,,,,,,,,,,,,-0.15974726027617203,-0.16650362093294369
2022-06-14,0.006672870624370386,0.009205204542490186,0.012078838565889205,-0.013118555361940287,0.003035840311676141,-0.003226440068749281,0.023887157055640484,-0.01663926221305656,0.00260817247267231,-0.015338674866804736,-0.0034277411830626603,-0.0033972731541785928,-0.006166343092196103,-0.00422287012399869,-0.003880136309947324,-0.008339392585892336,-0.004271915758327527,-0.008003209616781914,-0.006666623629056456,-0.02113771192129199,-0.012613342984368447,-0.005427401822251765,-0.012477914053041661,0.0058776186564533095
2022-06-15,0.020111516682639996,0.029735337882432766,0.04363487474857619,0.052389802934770247,0.0285713255946638,0.03432484929545976,0.05482367080362738,0.01183578276084618,-0.012591094786014834,0.010702150310776926,0.014625501880408232,0.015174666245614477,0.010341755377847983,0.011816575508371896,0.013692032936434062,0.024015620463143428,0.015730995511941126,0.013050939388113303,0.03045938150112182,-0.017184812837877872,0.018656387471735147,0.011459919107714489,0.01648355417709846,0.017780176430609806
2022-06-16,-0.03965153324865367,-0.026970157588604438,-0.05602954760432588,-0.037243378610853584,-0.03399095865630941,-0.05007380514442972,-0.08540769912654234,-0.01715615078809196,-0.03688483901146611,0.0005295715688879987,-0.032418785044853515,-0.03487855062212453,0.0030699892915384552,-0.0406918010370797,-0.047624324756245784,-0.026058116110923457,-0.022175172415056177,0.011243181594596585,0.01402809115674386,0.008397599843216863,0.007939281945422705,0.002158194083672571,-0.09707194434960298,-0.13418330070586004
2022-06-17,0.011533467813337639,0.010940103604069717,0.017883483760900543,0.02469609751257895,0.010468440551455682,0.017840510857460856,0.017174980283869212,-0.0035264920439579406,-0.05766478789946716,-0.003645272133500299,0.002207984973258581,0.004264814208711609,0.0,0.0059808840103912075,0.010514660857709357,0.007864445723022806,-0.0038593601130828548,-0.008222816311715064,-0.012845861256028712,-0.04928139566215939,0.0032223340813195556,0.0005382984481234754,0.004407495444594733,0.01759673482453694
2022-06-18,,,,,,,,,,,,,,,,,,,,,,,-0.07101780974085614,-0.08548629410097963
2022-06-19,,,,,,,,,,,,,,,,,,,,,,,0.0807475952890373,0.13487797259723666
2022-06-20,,,,,,,,,,,,,,,,,,,,,,,0.002251010260589048,-1.2448902667161477e-05
2022-06-21,,,,,,,,,,,,,,,,,,,,,,,0.0053914098304885805,-0.0024989047535589615
2022-06-22,-0.0038270890099779686,-0.0024039855478059646,-0.012435010524247336,0.0024843268523027096,-0.0005064671105333707,-0.00764089301045956,-0.004007805884153504,-0.005611467039564277,-0.03957142436228134,0.01577959681941743,-0.0012904636515080892,-0.001184263895058768,0.008197112713423715,-0.00010788286073604159,-0.002488153914869784,0.012199244190801428,-0.01044285249933985,0.003985188163408093,-0.011010976896642544,-0.037715713066515444,0.0275007268504166,0.008243366248672057,-0.034937106663198714,-0.06525702846678672
2022-06-23,0.021573801915978574,0.022636327154708757,-0.008252044268894698,0.0320330939965241,0.006767632385719535,0.018607580210369568,-0.004306310889948484,-0.010939503157115782,-0.030161803282585775,0.02230584481071607,0.009589304924756181,0.010976788967600903,0.0030489248865837038,0.012284098328213755,0.012353294513870683,0.019403751037923245,-0.0032749358745496338,-0.006129257292171064,-0.019736810988412956,-0.023491517816589425,0.00821463207057449,0.004825142698265061,0.05497803800296652,0.0874671204172921
2022-06-24,0.02451694445181718,0.03414986327470659,0.05553162709404136,0.03575237064906034,0.0510770610316309,0.07187417870155977,0.04524889345059324,0.029845437131726715,0.019833417922880736,0.014638535975809885,0.030571040213716483,0.031161939970528074,-0.0020268794309027394,0.03164962388848047,0.0347112361460582,0.02120084524419763,0.02519156453191629,-0.0009984622015154487,0.007227639833906174,0.028994595958468983,-0.01384271205825427,-0.0018677313597196266,0.006913598955313738,0.07299193391343572
2022-06-25,,,,,,,,,,,,,,,,,,,,,,,0.012748964915301864,0.013532415710079349
2022-06-26,,,,,,,,,,,,,,,,,,,,,,,-0.02209261947079333,-0.035076073128295526
2022-06-27,,,,,,,,,,,,,,,,,,,,,,,-0.013877981325425726,-0.005126553295592751
2022-06-28,-0.029789394981095008,-0.03174917662720311,-0.052581391224422735,-0.05140434227234392,-0.03303018699469795,-0.051979596793781835,-0.0500435578248114,-0.0048119582330584665,0.02774343870633933,-0.02844247709340897,-0.02022029446702578,-0.020166649637681777,0.0,-0.01692847851475099,-0.016112441981572356,-0.011538151286344833,-0.0035562366704013915,-0.0016480211262837052,-0.01539247001455124,0.021584479789464428,0.004659575966217355,0.0005368351067416288,-0.02193553187871977,-0.04113448588718749
2022-06-29,0.01302353999422956,0.014738155006699172,-0.027531009912844184,0.014152668728781626,-0.0027319422695456508,0.020288886330266598,-0.01793718238090891,-0.004489430184006826,-0.03693981681926051,0.000282340170828288,-0.000595659208817434,-0.0020475703413483926,0.006116610195830319,-0.0060630627714802765,-0.010104404358594166,-0.00668096891233283,-0.00571027050018702,-0.0007663579045243951,-0.0026055832734573903,-0.020892401404125516,0.01560849968414102,0.005771249794942701,-0.008708372798288844,-0.03987087571947978
2022-06-30,-0.018027412156518707,-0.01317946657163116,-0.024642809313941805,-0.024880638358707907,-0.024516277338825,-0.016408519222131823,-0.017579227799377373,-0.023330733056845854,-0.028143633716535832,0.002937856324991772,-0.008598094343591156,-0.009070372583010244,0.005988738087725487,-0.008093253389777844,-0.009738214564919967,-0.002319322560141779,-0.008255477947447631,-0.006077047294322124,-0.026123302818411687,-0.03134416600091494,0.008781568195461942,0.004270076390002986,-0.01588223750298734,-0.0287958475755975
2022-07-01,0.01616417477550236,0.01070745093368064,-0.04195551396161512,0.03154127203651247,-0.002069407356551478,-0.007565760987949366,0.012429131666979787,0.012787503480426565,0.022302698857095793,0.011323436537187925,0.01056160889390112,0.01122394947438976,0.006054529145975485,0.013653329618937171,0.013388242569400077,0.018907552140272843,-0.0014478148174870142,-0.0008310541616338707,-0.017703859147619738,0.0164281234585133,0.010266947570044094,0.007975192877580861,-0.02604834458398897,-0.007056593656957433
2022-07-02,,,,,,,,,,,,,,,,,,,,,,,-0.0014069651515379311,0.006365060690327828
2022-07-03,,,,,,,,,,,,,,,,,,,,,,,0.002848954556089245,0.0068017470323764595
2022-07-04,,,,,,,,,,,,,,,,,,,,,,,0.04841073013105235,0.0719822052433643
2022-07-05,,,,,,,,,,,,,,,,,,,,,,,-0.0020338071321012174,-0.014350320208673328
2022-07-06,0.009607290362049659,0.012783064366020502,0.011093482346925754,0.007312791463036872,0.011557185134333237,0.009394172305035253,-0.005720802000385383,-0.006481983933655844,-0.018040315817936414,0.0008981864509667314,0.00359080673397294,0.0018258096079883934,-0.007000223990648258,-0.0004849481983876247,-0.007101401375058214,-0.0016783615350033365,-0.002208096268831672,-0.015842188833696924,-0.0022560072877286785,-0.01484354945802524,-0.01679073903674322,-0.006065421810609761,0.017737930428710857,0.046215150158809504
2022-07-07,0.02399934367316492,0.008226537043121374,0.04811612407282273,0.01749322109655349,0.03675426499963308,0.014254831438078819,0.055279044880592876,0.02529258454744343,0.03194065376764654,0.0011217971673833649,0.015100600854103918,0.016723735289777997,-0.002014147958391832,0.01750828819623873,0.02333210565184385,0.0026746870033715897,0.016967966940308665,0.000555053276362516,0.0033917164573775693,0.039093320950108756,-0.008800450129961779,-0.0027850049682278666,0.053013857820514154,0.04264574018240608
2022-07-08,0.004714640462177178,-0.002757211427681594,-0.0012610828133133856,-0.006791033294013538,0.004802771129388761,-0.007608169491585937,0.02543516968760029,-0.003138080120831388,0.0016287779889174736,-0.0012327181697965317,-0.0007492514854392507,-0.0010545193188312707,-0.004036316208115287,-0.0032187484561478907,-0.003093552970441227,-0.00541133946109329,0.0010882629707347213,0.0004315313201161963,0.0022535727057657606,0.025996052050109464,-0.011075698899921771,-0.0033266955523544306,0.004322538045727464,-0.012190723060375164
2022-07-09,,,,,,,,,,,,,,,,,,,,,,,-0.006392223420980114,-0.00452182081846908
2022-07-10,,,,,,,,,,,,,,,,,,,,,,,-0.03388990349346599,-0.03991579906928
2022-07-11,,,,,,,,,,,,,,,,,,,,,,,-0.04265931997884009,-0.06090802885970559
2022-07-12,0.006833772401662719,-0.04098160424605635,-0.004620015177933423,-0.022639810105564928,-0.014315788297689647,0.002394397939684767,-0.005433611636988744,0.0009747344616011233,-0.013311467347001726,-0.014017339398714634,-0.009216355234592744,-0.008660357575918654,0.001008144033347369,-0.007419924898106056,-0.0035029896310336817,-0.003685945578987604,-0.003685928052542753,-0.0037167247224720867,-0.007963560310353168,-0.0692829549502948,0.005941970021281051,0.0017289050067448297,-0.03237979740682695,-0.05381238956798651
2022-07-13,-0.0025365684531782895,-0.003744818344516676,0.005437128389583767,0.010803884746268588,-0.023390429625133935,0.0013473992839050375,0.017033448479672808,-0.00938296117244164,0.0040235412393745396,-0.0023315932237394366,-0.004452566277127201,-0.004098241189202212,0.0030209483207919163,-0.005362716614557117,-0.0021093147642944343,-0.00470166240343306,-0.000739897015534563,0.004787690503602615,0.014334861946350808,0.005219130552870821,0.011466293639855962,0.00318556838046935,0.04596171114078618,0.07262195547819328
2022-07-14,0.02048224798090681,0.005381324971627022,0.01371673123858086,0.002083294604712016,-0.008854779583833183,-0.033274311277132096,0.005371861218914864,-0.03493898667838358,-0.02003749477224559,0.0013678685029401283,-0.002877287708692333,-0.004440035392053621,-0.004015945060859005,-0.009231275243268167,-0.011507541654997233,-0.009293163778747227,-0.012217657776857571,-0.014047055610919013,-0.03900511663237072,-0.004645497416909561,-0.008158701488594433,-0.003175452758567898,0.017704551212910147,0.0699892112978604
2022-07-15,0.011450088646827394,0.010390530905453055,0.02537075698173208,0.02639434033114041,0.012775460766491387,0.04207539460946652,0.0073572315408600986,0.0458333268763782,0.016838930343526348,0.014514937220601931,0.01919837539689162,0.01958009331804056,0.0030242129859294753,0.020283542602622884,0.02031365862956669,0.017431516677214987,0.01161909163188879,-0.0020084561635671516,0.011176502003389155,0.01221687588592868,0.00562840548470156,0.003583822263328873,0.012951348577769028,0.034915643229785465
2022-07-16,,,,,,,,,,,,,,,,,,,,,,,0.01698899533192111,0.09690575753178088
2022-07-17,,,,,,,,,,,,,,,,,,,,,,,-0.01939436147960416,-0.010343374922703541
2022-07-18,,,,,,,,,,,,,,,,,,,,,,,0.08211740099467768,0.17934838115706353
2022-07-19,0.026721903777038314,0.020767103399963904,0.05533827717133355,0.03911741266419111,0.04384111768082066,0.05112739279742451,0.020716718219316865,0.024778564977541162,0.025203229036323105,-0.01457827207803486,0.02767329241255201,0.028264536454859268,-0.002014147958391832,0.02999847036087666,0.033228569046698464,0.02656227227502761,0.02169899416650467,0.0023874693093759447,0.004065133853899949,0.016143803314381477,-0.005394409731699579,-0.0007958540673703718,0.0401919693193753,-0.02264031837667424
2022-07-20,0.013509705843279152,0.010557489457457159,0.04796371106239872,0.03857539627705431,0.0007908064759345468,0.041586072570250376,0.008023464466653252,-0.00017443518027415728,0.010988955962289992,-0.005708103549364019,0.005913782690993852,0.00794316360045122,0.0,0.010036150555591039,0.014669176122558802,-0.002791236205648584,-0.0032395696644054173,-0.009402031234323593,-0.005783711750987908,-0.005253089635851582,0.002624606822757114,-0.0009293130823609941,-0.006742410894342465,-0.014760143806359038
2022-07-21,0.015094330420001967,0.009799111405947691,0.013646498621016967,0.01515028639903937,0.003862974947258735,0.0004368547499533637,0.09780470722853529,0.00680993060023849,-0.016696379830477115,0.0035149220109222945,0.009953395053769798,0.009643333050854741,0.008072961419046232,0.008105143409185223,0.006338802468779825,0.00794319433788604,0.010473021565190699,0.014110421925231709,0.012216351247726687,-0.027691931256835667,0.01727593449548559,0.008239691179214192,-0.0028884421706671937,0.037198265160175215
2022-07-22,-0.00811052488328412,-0.016915916749577042,-0.04049851622499867,-0.017732481209791984,-0.056323159952209156,-0.07588583767954349,0.0019752262198982073,-0.004856131630839089,-0.007635460584952014,0.00472812674838563,-0.009340926068945099,-0.010680951334135824,0.008007549110777612,-0.010552463598940576,-0.012045254973283681,0.00517861317600965,-0.004646193801448706,0.00249575020790771,-0.014942542217354249,-0.012716904379903249,0.01681112442531818,0.00817338727277317,-0.01941107679491816,-0.02495282862569259
2022-07-23,,,,,,,,,,,,,,,,,,,,,,,-0.010983941711781742,0.00773532856566761
2022-07-24,,,,,,,,,,,,,,,,,,,,,,,0.006395837363315726,0.03238835646038862
2022-07-25,,,,,,,,,,,,,,,,,,,,,,,-0.05517510011323534,-0.09633979863866915
2022-07-26,-0.008826269179706303,-0.02677427366643148,-0.028841530205496624,-0.052253606265046715,-0.02316063943439195,-0.045004607099963234,-0.0356637312112531,-0.015622454611235792,-0.003889842286327605,0.007073824952056551,-0.011545380293038199,-0.01192217985274524,0.0,-0.010091186577384281,-0.008683078430210323,0.0004468544753004622,-0.010353374489287748,-0.0011858106875901608,0.010600724972226638,-0.013907078740715506,0.0007662491079234446,0.0002623188367680829,-0.005708686992848544,-0.0024745407341075776
2022-07-27,0.03423466579954382,0.0668518757416614,0.07602969309920393,0.0536538959419941,0.07655681130238068,0.06553574453409805,0.061655036992220635,0.016046503717923155,0.021644621469564695,-0.002763656127846237,0.02617712362864122,0.026125292259453037,0.0019941750238572364,0.024245413714340858,0.021336225765784755,0.00662857894095592,0.019480494373695256,0.010184984698782484,0.025641056991266398,0.03605639904776714,-0.005617639238361005,0.002755225938015471,0.0796052030234431,0.13484879413164408
2022-07-28,0.0035720452718925877,0.02854055707590253,0.010904733334672123,0.010829110898360028,0.010260094811881615,-0.05224656436076347,0.02212352234272652,-0.003731349244558757,0.01168496562627408,0.005773753335851284,0.012270221837934248,0.01278126943649971,0.005970077913696414,0.016946466903315915,0.015832950609530272,0.0322581240930071,0.0067234677316405644,0.012185323455280006,0.04715908555206205,-0.009503088057827846,0.007960775597468217,0.006934635189189242,0.0398306162434614,0.054537154456223425
2022-07-29,0.03279298834982436,0.015665340289431562,0.009953525991886814,0.10361464095050721,0.018385510606147237,-0.010079768946966827,0.05784976985791013,0.004790531155289601,0.04630816457944453,0.0018369047885515855,0.014301308259745182,0.013528641835164334,0.0029729674528002903,0.010202516710617449,0.010066057078534696,0.0050886494414088546,0.006678187893850884,0.0028110896821249565,0.014650051725058733,0.011927989512524828,-0.002717587576065328,-0.0007798643728902377,-0.0016462880701044735,0.0011236618798609044
2022-07-30,,,,,,,,,,,,,,,,,,,,,,,-0.006235163651508224,-0.018199243328242076
2022-07-31,,,,,,,,,,,,,,,,,,,,,,,-0.013497960448739299,-0.008521467271251915
2022-08-01,,,,,,,,,,,,,,,,,,,,,,,-0.0009725914343493569,-0.027547461014490793
2022-08-02,-0.009287325936054969,-0.011474157475347968,0.004609096965699333,-0.009084834427092181,0.0023507317171505004,0.0016258375472122388,0.011134400598203698,-0.015585202717980584,-0.004339628889629021,-0.005692709231834736,-0.0066754098859842514,-0.005491115216082365,-0.010815632657984686,-0.0028886745931756552,-0.005040328519834381,-0.012581933643931786,-0.012220764574489729,-0.005938288400823777,-0.020223579010111514,0.010648250778704904,-0.02115977803265945,-0.01011957518475326,-0.014415336683737068,-0.0013762059625289647
2022-08-03,0.038247736241248775,0.027836181791133452,0.01980972549430482,0.039952299225118226,0.025623218494007505,0.0537485296123803,0.02265568716125621,0.010495285353595785,-0.032422723794774067,0.009657507930090459,0.015663203070615195,0.016062735339083645,0.003975705007303043,0.010422598242136427,0.0123947906628743,0.0025484901202190713,0.006009243906517803,0.002438243761313297,0.0043454603133687986,-0.031608080024139174,0.01574450525747162,0.0049803881119419025,-0.0057275961266136655,-0.008616897144064772
2022-08-04,-0.0019265052431065577,0.004177334891314777,0.017043599953890265,0.021860686341448332,0.000931524026466457,0.010485734727082585,0.004023022853486102,-0.011002716925741729,-0.04207865310832071,-0.016037430390980822,-0.000703499311717648,-0.000691617236671993,0.0029702395060324793,-0.002308913896053477,-0.004045374668734447,-0.0009439630780228025,0.005270703605301685,0.016539989487255546,0.008112472708873497,-0.02719978285329605,-0.0003351182918820417,0.0024783070167968546,-0.009434736504108754,-0.006590196519029812
2022-08-05,-0.0013888870652588592,-0.002608863923646121,-0.011761867056829911,-0.012414983387324718,-0.006091804483516539,-0.020284929742190316,-0.0663030068235908,0.03026015422510331,0.014451133366579771,-0.003958467903037888,-0.0014856794030032594,-0.00019779849558621,-0.011845880314132695,0.005150846878187565,0.007161771573125808,0.0026895217143929617,-0.0045438082726591,-0.011246066300201418,-0.01663087318095824,0.00013983134910056094,-0.023803443868560037,-0.011318202726242399,0.029091011085651708,0.07713492098552788
2022-08-06,,,,,,,,,,,,,,,,,,,,,,,-0.014085221654344782,-0.023435675512644583
2022-08-07,,,,,,,,,,,,,,,,,,,,,,,0.009346662498644243,0.00454746092581626
2022-08-08,,,,,,,,,,,,,,,,,,,,,,,0.02733856978257987,0.044820223025767714
2022-08-09,0.00030376461849557224,0.007063228747382633,-0.03973470825842995,-0.011333489631663474,-0.005711956337831947,-0.01010294989588667,-0.024412625864385085,0.009007447820506442,0.01843730339579097,-0.00011744843573491259,-0.004182281307674174,-0.006129030411212266,-0.001988391596916106,-0.0072424485755425705,-0.012836750910058314,0.005461406144394276,-0.004554728240982464,0.0030595386607856767,-0.0052548806022851835,-0.001223877701450382,-0.0038866839343618675,-0.002226319807012822,-0.02709709734425869,-0.04082817853633558
2022-08-10,0.02619407272958063,0.02430057375812744,0.05917128403063865,0.0352608325167747,0.0263225898875159,0.05820929734709579,0.03890581776676605,0.026087606745862635,0.009493184965086554,0.0028794255196402663,0.021313919794544223,0.023175006260595987,0.000995960520682404,0.026129801666509245,0.027392956837410054,0.015580327984168418,0.019007288028440206,-0.0025119508170524663,0.0010565482008049187,0.01184483026180505,-0.006531348122956193,0.002756571503204297,0.033815983988709775,0.08732558197044393
2022-08-11,-0.004431382527301131,-0.007400661469561309,-0.008564944743364666,-0.014366830308238487,-0.007184634067766482,-0.00476610341662298,-0.026249292544206493,0.014781820298466641,0.028928202533430536,-0.020683333464691533,-0.0004111868294484067,-0.0003888659081188184,-0.0049750637033071365,0.0020674397870803496,0.0040460677219082974,-0.0025333258548806414,0.0027633045301533876,-0.0026382206776995876,-0.014775761233377094,0.026372431277191577,-0.023309616081295004,-0.005629602102373954,0.00041284726535173455,0.015920919087778707
2022-08-12,0.0214254805465679,0.017037031594850927,0.04274875647715293,0.020691152408548463,0.023897736222313615,0.01695866728288231,0.046750143628413676,0.016563894731299156,0.008691885427524637,-0.011008681397067455,0.017432605807277124,0.01760175638950745,0.0030001584682401994,0.01715842390475264,0.017359094787212648,0.01714392964426703,0.007578368249196998,0.00919802099904432,0.02678093186699404,-0.017042415353526574,0.010141057251978447,0.004608205759530026,0.018586602023192844,0.040411101481618195
2022-08-13,,,,,,,,,,,,,,,,,,,,,,,0.0008708010561344626,0.012308152490466462
2022-08-14,,,,,,,,,,,,,,,,,,,,,,,-0.004288162539464846,-0.02247702236489202
2022-08-15,,,,,,,,,,,,,,,,,,,,,,,-0.007498615226969818,-0.016818369924346488
2022-08-16,-0.000924004673015788,-0.0025895605511668807,-0.008038771281779655,0.0111747882760318,-0.0031127078239242545,-0.007850285594000361,-0.008912075793144236,0.00955415514351654,-0.009315371818548024,0.008910865307648841,0.001938160802457789,0.001713554440771814,0.0,0.0013155055607860788,0.0034473828850383192,-0.0029717433944521643,0.0,-0.001750096754401964,-0.005888683541460327,-0.022502736710401372,0.00415741741956821,-0.0013089741409010314,-0.010510085263709001,-0.01370043034245405
2022-08-17,0.00878450250021623,-0.002636390380610476,-0.02881523071684411,-0.01851079360669594,-0.017666468234729837,-0.025742313967679786,-0.008372333511224461,-0.008412143095306357,0.008090961731392454,5.944265952750882e-05,-0.0070591267762830645,-0.008743474025261655,-0.005969925347602545,-0.01164695271702565,-0.015258350021851719,-0.005544670426305021,-0.005841754849750358,-0.006468335614034371,-0.017232078625903702,0.011370090009508838,-0.010437352577537196,-0.005899073123312171,-0.02291530796119967,-0.02403430246154259
2022-08-18,-0.002291435630329408,-0.003947627870983683,0.02388891800563475,0.0014074379989574837,0.005186082679534021,-0.0010867437144154168,-0.0037062197211366055,-0.007749351973718066,0.02364415334170622,-0.004833264614252264,0.002428751756604619,0.0026846635528887663,0.001000836563866736,0.0025506680304394624,0.006156837222413447,-0.006690789239859329,-0.003802392651760189,-0.0026164156896926194,-0.01150679914918662,0.029979124791475575,0.001481945394327333,0.0018457628074952659,-0.005281958173694035,0.007642215771740624
2022-08-19,-0.015101888569823751,-0.013853760331115184,-0.04921992744221071,-0.02860159688639219,-0.024631719964808174,-0.03836013379834624,-0.020481852686155544,-0.02474518537098236,-0.003178617456467636,0.01523038648587427,-0.012871974533209984,-0.014343299731183312,-0.006000100005282283,-0.01508756040681769,-0.019480033102031613,-0.010805608700234948,-0.012838156505345033,-0.007320625681104476,-0.027161954190647708,-0.002021311517712898,-0.016102561387476122,-0.0063180605185376715,-0.10059931398792521,-0.12670250024321428
2022-08-20,,,,,,,,,,,,,,,,,,,,,,,0.013819043648011897,-0.022308619790894157
2022-08-21,,,,,,,,,,,,,,,,,,,,,,,0.01738918520335342,0.02683264680235764
2022-08-22,,,,,,,,,,,,,,,,,,,,,,,-0.006279006699941081,0.0019680431761850414
2022-08-23,-0.0020289804841066017,-0.004716617369391218,0.008629965499428405,0.003002506326521548,-0.003326325463159807,-0.011898202319805207,0.0225584954757323,-0.009856805060779128,0.042442516837395416,-0.008711717947913145,-0.002246719781551665,-0.0016850227456541855,-0.0010099353402538425,-0.0006319525242955981,0.0006377656702278856,-0.01290618090372353,0.0021397376340708263,0.0069908740848763085,0.006857190813337022,0.028789522189248018,-0.005503136164747291,-0.0003991079145448939,0.006036741981122917,0.024815958508431768
2022-08-24,0.001794080592663283,-0.002351193160942011,0.0023864374032198654,0.001347163157822573,-0.0014928869144074097,0.013345084310364852,0.002170125887066332,0.0024238988413949336,0.005918242921839845,-0.0033106976593604287,0.0029325962966026964,0.0037731795147661895,-0.003033307710302302,0.006172605495135208,0.007646336699147049,0.006023338965070124,0.0007116466943062338,0.0029489200401788818,0.0005674416036882679,0.01574904406657951,-0.007318817237212394,-0.002529310083761671,-0.006181150878381003,-0.0034344459615821554
2022-08-25,0.014922413811482738,0.011095270485794728,0.04012309113562784,0.026008936084948253,0.02603558487318791,0.03381100722591235,-0.003455684406709514,0.02374773089908433,0.00517336556093273,0.00936088913022659,0.01412377920009189,0.014739498145368346,0.00507071109091406,0.01566935141328818,0.01591499671476493,0.014967733284383167,0.013157968959844224,0.003062787136294043,0.005672171652297386,-0.019733481515387008,0.01393604468259535,0.0054713789571720906,0.009623023027591993,0.023775751072091955
2022-08-26,-0.037699157671290395,-0.038586951686005344,-0.09227935628329809,-0.04756700784791723,-0.05409352820524793,-0.041474199638452336,-0.026953121859416895,-0.032728927824632215,-0.012311947719049088,-0.017112340161294926,-0.03367228382326348,-0.03353504931103657,0.0,-0.03292923319069774,-0.031227502229817405,-0.02532194437038826,-0.020709093307164195,-0.012152705301765265,-0.020868524615770934,-0.008496751972273286,0.007537700227124633,-0.0019902768115726,-0.06207539958496022,-0.11121660664574373
2022-08-27,,,,,,,,,,,,,,,,,,,,,,,-0.010773990107132536,-0.010868818096081423
2022-08-28,,,,,,,,,,,,,,,,,,,,,,,-0.021201944769558057,-0.040799154786720804
2022-08-29,,,,,,,,,,,,,,,,,,,,,,,0.03472427641744291,0.08562456118434225
2022-08-30,-0.015305372758006919,-0.008520914066642571,-0.021074500720411504,-0.008167020675137082,-0.004386848313119751,-0.012628039306127437,-0.0249982267189629,0.00017476755878109707,-0.03805434932078777,-0.003497126437676079,-0.010968624587833986,-0.011173065221819378,0.0,-0.0110238200820999,-0.01348593733043535,-0.014369614580655443,-0.00719693264916299,-0.008340578885610683,-0.019086281872797817,-0.04092008032533467,0.0024847649718238163,0.0008014149889001843,-0.024691382971281484,-0.018800891209749815
2022-08-31,-0.010635022065413335,-0.00570414976567013,-0.024179042705322784,-0.015225659516225343,-0.006609125094840462,0.03671414480636903,-0.007526203685978228,-0.005943472391038762,-0.007476038310184507,-0.006710581969041285,-0.007591960320322166,-0.007293360567960927,-0.001931699463205372,-0.006358686123193236,-0.006014660779829484,-0.004607899548840444,-0.003986836253724202,-0.007725314789180926,-0.02240561210374714,-0.03127071117237723,-0.009560817668466615,-0.004138411877911863,0.012777568511970205,0.019586105840063928
2022-09-01,0.004706664408042016,-0.004092241617264847,-0.07665293699153675,0.008282741023605045,0.014045441191805397,0.014914525630795428,0.005623955563764049,0.006858358813351506,-0.017993324731090055,0.024792456216417458,0.0031694602024909813,0.0008278692795573583,-0.006109305302251844,-0.004857331166549295,-0.009022092949558136,0.0020489937164192007,-0.013100367533235513,-0.008790162100319021,-0.012062772247272036,-0.02954457179697445,-0.01830835738685177,-0.005426573915679023,0.0038592451457939436,0.020912747832753542
2022-09-02,-0.013611053926903427,-0.016666592290594417,-0.020807813068326686,-0.002425266463259912,-0.01722256791756982,-0.030478806530705116,-0.02507581222110289,-0.006986299617982361,0.018323016721004226,-0.01572512718281227,-0.010676707797704577,-0.010028925674821498,0.00409838610729496,-0.006469542648241622,-0.006106325447752914,-0.013859361647121426,-0.0040560079400252524,0.008804709144487166,0.01159954479806724,0.006765375300632481,0.005657371221442942,0.002565994993186216,-0.007818752974256604,-0.005646469590486647
2022-09-03,,,,,,,,,,,,,,,,,,,,,,,-0.006894600364241943,-0.01290103625298844
2022-09-04,,,,,,,,,,,,,,,,,,,,,,,0.007796708085036963,0.013340153730219573
2022-09-05,,,,,,,,,,,,,,,,,,,,,,,-0.008722884940063236,0.025063757153335864
2022-09-06,,,,,,,,,,,,,,,,,,,,,,,-0.04919669232863699,-0.0342785476863805
2022-09-07,0.009254108057416222,0.019111457250785557,0.018794872278719676,0.026722663554652915,0.024716599684509344,0.011668923717188973,0.03381677109982606,0.01899070844347861,-0.008530773040739459,0.005454301786042004,0.018381680807299405,0.01909378468654155,0.0051496708430807114,0.023115026336101963,0.02328221532627861,0.020094279024274186,0.006336085953329018,0.010168638866495439,0.027811309492783653,-0.05320632203566178,0.01581578229328362,0.007205078415319255,0.024029314602578067,0.04364200470163615
2022-09-08,-0.009618123793253774,0.001665927201049966,0.020125422854054387,0.0026259778181887405,-0.009775986222321897,0.010412030367015657,0.01959815762903916,0.02329583401624391,0.00817928935152401,0.00804527223253304,0.006731539240435014,0.007617585625070866,-0.0030743717848455976,0.009594915427203032,0.010221879596442385,0.002462281656683496,0.0022223164330266165,-0.006002292729855863,0.001764746273265061,0.006950511272085791,-0.01025733903761994,-0.003104453347404168,0.0020481649337233954,0.0033384029125402837
2022-09-09,0.018839936845644223,0.022976950521762296,0.02837751630232299,0.02657523304266962,0.020944788882385046,0.043749298970038764,0.03602289482946186,0.004806078286686555,0.016752749220002583,0.0019347255366999327,0.015341000203397792,0.01634655851307265,0.0,0.016774060826092896,0.018605286126675447,0.010346308051456532,0.020325086039465923,0.005283756568463582,0.01702871382771698,0.04420623143073166,0.002220454917308823,-0.0004056992937565562,0.10612188190716765,0.05120488762662756
2022-09-10,,,,,,,,,,,,,,,,,,,,,,,0.014002365912589188,0.03322597265817717
2022-09-11,,,,,,,,,,,,,,,,,,,,,,,0.004092001431295067,-0.008109253593359123
2022-09-12,,,,,,,,,,,,,,,,,,,,,,,0.027616624254801714,-0.02726460932443109
2022-09-13,-0.05867970195498917,-0.05497839332152288,-0.09472598362203377,-0.0705752837581286,-0.058993185247727675,-0.09369090605915642,-0.04037188096320543,-0.03474869578922324,-0.023358569648254446,-0.02602040347457424,-0.04322340617516374,-0.04256573611601999,-0.005144371217844945,-0.03865170437944343,-0.03907486874716137,-0.03772349069218661,-0.030378800357004687,-0.01301133993119441,-0.01871217122511093,-0.00497444516635126,0.0023273314404468337,-0.005018004326498904,-0.09270006906083372,-0.07759364606085906
2022-09-14,0.009555443395750318,0.0009127028911544155,-0.00022835003500520923,0.01364140798846103,0.0065183052981387934,-0.010840294832398789,0.03587437200418364,-0.002319718360997869,0.024546522485942468,0.02064107723973363,0.0036798208499198015,0.003635367037712278,0.0,0.0,0.0014287893551951925,-0.011070749788832601,0.0018431615530152268,-0.003847613448870524,0.009534496748254018,0.009998627959224349,0.003436197852835887,0.0012268825544705653,-0.0027402074343571003,0.03413932940354747
2022-09-15,-0.018929902238350116,-0.027119216655442147,-0.015158558764719499,-0.0176585314552421,-0.0199046956485045,-0.012675638068947004,0.003767273730617582,0.015070421043156923,-0.029077522982985826,0.00255046280165927,-0.011218353328198094,-0.010556727026659773,-0.0020683218912828094,-0.010598785575010705,-0.006365360465391601,-0.018938959455733095,-0.00883007848205053,-0.018679143196684067,-0.02055560217963326,-0.0408359835503842,-0.0006478058751497873,-0.0029947543659964992,-0.026672422800232853,-0.09974676508128455
2022-09-16,-0.010960023807970787,-0.0026081034363814037,0.02080590081425271,-0.021777003694830932,-0.0010687656272775348,-0.021799052444024136,-0.0013168523341049454,-0.006702309611419377,-0.01708331639978644,0.015265383771307484,-0.007194800121730238,-0.008891105747345751,-0.0010359117958567143,-0.013157327731954105,-0.01579408481883915,0.00023474178403759538,-0.007166444486491619,0.005549107201315628,0.02041977467320022,0.0020068719231838283,-0.0083356818889736,-0.0010925635063646633,0.003622774615297697,-0.026667052639602784
2022-09-17,,,,,,,,,,,,,,,,,,,,,,,0.017953757980268437,0.026035117309375133
2022-09-18,,,,,,,,,,,,,,,,,,,,,,,-0.035179114785287124,-0.09145321094699688
2022-09-19,,,,,,,,,,,,,,,,,,,,,,,0.006417415961943007,0.031611892696747024
2022-09-20,0.01566530920222564,-0.00846565712431735,-0.015393829466619935,-0.019813903001303146,-0.018725114468779003,-0.013038919982915509,-0.0011000625419275156,-0.01971919322673399,-0.00815439999329537,-0.007878129250469046,-0.011267124023003783,-0.012053384404624001,-0.004158367651679984,-0.017094660504331394,-0.016444350164895982,-0.02480446969463379,-0.012368585230152829,-0.005706587274526553,-0.014452486503043205,-0.011848705137691762,-0.009969990026731157,-0.004924090815643933,-0.033428956945789956,-0.03858555462874502
2022-09-21,-0.020267634722736516,-0.014435926226840978,0.006451106516384364,-0.02987152347123645,-0.018390388467255936,-0.0271748112500666,-0.025685948599634356,-0.028835189179566845,-0.016118730004563764,-0.010244298231584459,-0.017050431047843873,-0.016762101640871663,0.004175731880052158,-0.015446306804834498,-0.014460307104572467,-0.01604752029447598,-0.014041782482139276,0.004642973675810236,0.018612517328042255,-0.0078012266108691275,0.016752882787280488,0.002749090023349332,-0.018177571658806957,-0.054198909652784066
2022-09-22,-0.006375235231198428,0.008495544327792093,-0.05278644598473892,-0.010376272544574294,0.008662375847066528,0.00492530614223563,-0.040591728559117746,-0.011379102025160903,-0.004178254315852725,0.017760603362684257,-0.008402523965729491,-0.010889036070344305,-0.011434835982436331,-0.018990979714440748,-0.02302090687236713,-0.011876594214583203,-0.004619029742819691,-0.0005776772692025478,0.0016611676374678197,0.0042224943832083195,-0.02554843431629883,-0.010281077459630028,0.04669928789927913,0.05993287636350053
2022-09-23,-0.015123837584952282,-0.01269819941313921,-0.003582280313263464,-0.03009120154088929,-0.013980611550645006,-0.016874497212385542,-0.04594757245188685,-0.018613239116110014,-0.05321832460668485,0.0032498574606065755,-0.017206215075515896,-0.017964639330879995,-0.002103233961219253,-0.01729473101890211,-0.022609451031688432,-0.013512297561456221,-0.029775652368461025,-0.01727683040546535,-0.04035376097727106,-0.052921581285738206,0.004084542457790219,-0.0027700321618925328,-0.005970680514919002,0.00043635938360231386
2022-09-24,,,,,,,,,,,,,,,,,,,,,,,-0.01868762076318642,-0.0077290884691642026
2022-09-25,,,,,,,,,,,,,,,,,,,,,,,-0.007124358610731463,-0.018039916825051683
2022-09-26,,,,,,,,,,,,,,,,,,,,,,,0.022368473265013344,0.031759279939756135
2022-09-27,0.006566202565752688,-0.004379823198705335,0.015129171002146391,-0.006426381710496365,-0.00682494451044835,-0.014446143396653621,0.02510775852537339,-0.008802180077019828,0.02095723648942216,-0.004586720517286036,-0.0020736408650967597,-0.0011279830149233394,-0.004268970187901955,-0.001792769317645826,0.0028174480235365618,-0.012881694993487125,-0.0028373382129617264,0.002049841746687875,-0.0011820601461872693,0.0193037561911118,-0.02633110000267269,-0.004361497976071771,-0.005832956039052206,-0.003888584116399585
2022-09-28,-0.012651651696515942,0.01971131546069027,0.026021145743710505,0.0314657666190894,0.026154019605731493,0.05364613697307208,0.017212112374233923,0.020217239926837216,0.03638909147152414,0.00860917128945915,0.01973652252017133,0.021343885245870498,0.013933026347752397,0.024801175852716906,0.029314550415835194,0.020809335773468662,0.016259965331647086,0.02078665233491006,0.032544447149343236,0.04206766782832738,0.03348219829356469,0.015543605920869119,0.016544467837213528,0.005475566897929385
2022-09-29,-0.04911907748422384,-0.014808893309173232,-0.04051517656475223,-0.027201076403397084,-0.02628703611084482,-0.03672059522867055,-0.06810050474193607,-0.01694580731100903,-0.0020253931443803275,-0.0110002044530505,-0.020986790609395456,-0.02122955024715434,-0.005285305226805925,-0.020779509293155418,-0.021953445932546667,-0.02954141637637564,-0.014000024728698435,-0.00019392836526865853,-0.004584522648042544,-0.0053627383447156785,-0.005175751952448127,-0.0051482661406369035,0.007532412719634118,-0.0013148875463555587
2022-09-30,-0.030039216464179286,-0.01936854081955086,-0.006628523327324332,-0.015679468675155683,-0.018168699049450843,-0.005351651531838364,-0.011036096899372572,-0.01563687446018691,-0.015449025754990298,-0.007111268003940463,-0.01500581748412777,-0.013669334798615984,1.1502084862335948e-07,-0.00779784715663745,-0.006430311047422421,0.011304121304202885,-0.002433952951820917,6.462244018679009e-05,0.007484119429227221,-0.022315380240838456,-0.012910965548297737,-0.0023778785444402706,-0.0072171538473359,-0.005745287005705868
2022-10-01,,,,,,,,,,,,,,,,,,,,,,,-0.0061596674907298254,-0.012300068730000668
2022-10-02,,,,,,,,,,,,,,,,,,,,,,,-0.013876706359042923,-0.027104071096941795
2022-10-03,,,,,,,,,,,,,,,,,,,,,,,0.030427924155919772,0.037102064157215064
2022-10-04,0.025623127597489193,0.03381240419794884,0.052349602010348883,0.04496029692750958,0.03041357065763295,0.012048310402926088,0.029042940273044104,0.04678353942249469,0.03644473844256968,0.014828956131112792,0.030642422177874273,0.03248883155611271,0.002114309246298296,0.03641734861886792,0.04084995560681026,0.020143713833331578,0.03588511622047941,0.014328122056449066,0.013612577156494776,0.035203997807265575,-0.0027931556107849698,0.0025081080533271294,0.036347275524413414,0.02923245561039156
2022-10-05,0.0020532344368136,0.0012855864526761795,0.003189827942350343,-0.001156159830559278,-0.0020660031157306857,-0.009267351384725453,-0.034597517632881325,-0.012346695909778549,0.04041136815915025,-0.003079680673969798,-0.0019153462399650323,-0.0024871851152096225,-0.005273880398404596,-0.005514126578646361,-0.005476287696316806,-0.01974595692761627,-0.008083055885484303,-0.005538266375543777,-0.019111612994245686,0.023619859006007493,-0.00956135255611179,-0.005282089108032739,-0.008660486125090072,-0.006819798394790189
2022-10-06,-0.006625368606402615,-0.009671014362248154,-0.005980697200021923,-0.00537407121029132,-9.866784006318241e-05,0.0006475404693428999,-0.011129075632041241,-0.020382265145259648,0.02966082467691944,-0.019380886801722452,-0.009996297429659906,-0.009214172481153304,-0.0031819525497138734,-0.009996756629047754,-0.007112349786725591,-0.02783773967144043,-0.013581788327667987,-0.00112629171222689,0.0026330250137878153,0.014595432120237728,-0.005558221793494189,-0.0037721027125493523,-0.01018185214187517,-0.0008335707960394068
2022-10-07,-0.036718761679199186,-0.050852771323864454,-0.08027434343825168,-0.04771409266460691,-0.027016418628961203,-0.04041114106019772,-0.06324275500689214,-0.019974183810349988,-0.010091996812221504,-0.010561383004972114,-0.027977077796370375,-0.028555945848330877,-0.004254805772729631,-0.0270635094376257,-0.02715213297330521,-0.02418849840681625,-0.017309299241782594,-0.010962851258976669,-0.028361391258493462,0.02890807880676638,-0.009707955835423054,-0.0051892473116973425,-0.02047530303595302,-0.01419869082155445
2022-10-08,,,,,,,,,,,,,,,,,,,,,,,-0.006665076603316944,-0.012770178469562854
2022-10-09,,,,,,,,,,,,,,,,,,,,,,,0.0015377290838616275,0.005400043427506773
2022-10-10,,,,,,,,,,,,,,,,,,,,,,,-0.01568110303046133,-0.023640179296771646
2022-10-11,-0.010255219842867813,-0.016750339361269906,-0.0071980222008980466,-0.012844190270001499,-0.006948674467123217,-0.039240889722625516,-0.02897383620084637,-0.028859891154878303,-0.00849828171621525,0.014462992474014058,-0.006507611994602258,-0.006130689827656743,0.0,-0.006444602706834446,-0.000239291305014544,0.010762576786873979,-0.012111579830104469,-0.002058091550185215,-0.022664446874173017,-0.02751421540910226,0.0044255400134227685,0.0002826641407978059,-0.00470529894576166,-0.009108355915005362
2022-10-12,-0.004604903173787478,0.0015083374465270083,-0.007422633237206155,0.006149206372302096,0.003910184027517971,-0.008090601044876689,0.003418039229395209,0.016182913287193568,0.0043876855072810805,-0.00024591077201430167,-0.0032601744789200193,-0.00308461954467798,0.0010727446491110015,-0.005974070224655015,-0.004784275780398195,-0.011193934597809707,-0.0024519440313828245,0.00534932850905423,-0.005090506280225782,-0.011428567175250426,0.004906713387896167,0.0011327276835360056,0.005565325579645286,0.011981072064065401
2022-10-13,0.03361329822182024,0.03760809957466216,0.0399998903912393,-0.00327726077574253,0.015375204522934283,0.021882144233026146,0.020622332969329804,0.05559305909877987,0.03494849141116574,0.015120890819325439,0.02610546783299128,0.024751016143092386,-0.005359017350649253,0.020606091267833637,0.02079118430180693,0.018315542893968306,0.0151578507213046,-0.006923532232980256,-0.0113701399206656,0.022416415212881402,-0.00956611414130959,-0.003535286771277568,0.011768739552548313,-0.005237807805579919
2022-10-14,-0.03224031662655402,-0.024248827557911468,-0.06128757571632337,-0.05003107895219994,-0.025237234382911033,-0.027093146312208494,-0.07545550981161053,0.01664087033609052,-0.026307862548203054,-0.004178112087736996,-0.023611434511945695,-0.024153199902400835,-0.00323292090644689,-0.028770905582579,-0.025665415815464887,-0.024764864140447984,-0.015334994197813923,-0.012458897998479546,-0.033352498220977855,-0.032404834292636076,-0.008250491119583092,-0.004825352709134756,-0.010176392755898878,0.007218418789969316
2022-10-15,,,,,,,,,,,,,,,,,,,,,,,-0.0061515479500473536,-0.017380939253601735
2022-10-16,,,,,,,,,,,,,,,,,,,,,,,0.010513049302600663,0.024649481713894028
2022-10-17,,,,,,,,,,,,,,,,,,,,,,,0.014670058500208416,0.019457289858260562
2022-10-18,0.009409663587433892,0.004083624894899662,0.0066455969466177045,0.022585461588422673,0.00800239645603984,-0.009250867968013443,0.003829479437051919,0.02572065731833395,0.0017889302826459286,-0.003481664936985207,0.011425945375673097,0.011933894304005266,0.0010802788803729868,0.015000789429306938,0.014557397102620495,0.011256008897956082,0.005997636370068005,0.0021509701146735782,0.006425157570719708,-0.020390708130337054,0.0023446346285158626,0.0022769989527171575,-0.011065647631146036,-0.01596935046278447
2022-10-19,0.0007651707828131293,-0.008469500271632624,0.007019219866265747,-0.01108629175628062,-0.011313025983875402,0.0032377131570731077,0.008401793106927569,-0.01960614351187573,0.02966274706289429,-0.007951357599177977,-0.006667635735579269,-0.008597324019330221,-0.007551345256317954,-0.014613083884658762,-0.019440083564945865,-0.02553002322065856,-0.013910994949382416,-0.013398358104674823,-0.01276838764941357,0.01950515322867763,-0.018205668480491433,-0.008235484536651572,-0.010079479991405349,-0.01885063522910002
2022-10-20,-0.0032673275876957675,-0.0013954963484678062,0.011866314322026783,0.0015642678860967596,0.0034127682205271626,-0.012759807811620782,-0.0664744863679374,-0.003261578650480823,0.0013488293509236193,0.0025502040615121846,-0.00785509011360952,-0.008115548583886634,-0.006521712843887362,-0.009858416360776112,-0.01274487144887182,-0.003626088228283253,0.00040324323386120575,-0.0015822103586343728,0.009406222531404884,0.001998849055089069,-0.017093435080858255,-0.006728583152137535,-0.004482602172654282,-0.001978103293734268
2022-10-21,0.027059300561039556,0.02528044852346456,0.02230595934466817,0.03531453097461368,0.011603467166497738,-0.011556289191696933,0.03454266549727758,0.05252750117396676,0.018570107043305972,0.02180372813532183,0.0237524112248908,0.022977048450278925,0.0,0.020381202885941585,0.02008113935722622,0.007915626572981171,0.015713190006209743,0.017827646105301076,0.0343622684895899,0.005557130064869353,-0.018022174520824996,0.0017294223452299917,0.006231244583192241,0.013049775009127629
2022-10-22,,,,,,,,,,,,,,,,,,,,,,,0.0018631248583989013,0.011041057600688076
2022-10-23,,,,,,,,,,,,,,,,,,,,,,,0.018680488353712166,0.03739470233280473
2022-10-24,,,,,,,,,,,,,,,,,,,,,,,-0.011316781236911488,-0.013530768733529763
2022-10-25,0.01933756367541828,0.013791874814822025,0.05254367820299821,0.006509754475742646,0.01911835436151965,0.06005238801750057,0.05287573097725584,0.0026149372120936043,-0.006754061527575295,-0.0015791624938817916,0.016255693591429976,0.018323774031106188,0.009857397312567517,0.02430252080879458,0.026689854241399136,0.039360919286508755,0.01681353193234658,0.002277944142005106,0.010181012560451563,0.003268021681009925,0.029112642677280087,0.009509955411927118,0.03878330120960949,0.0867412618435559
2022-10-26,-0.019627297256274212,-0.07715615717884583,-0.027524320486384535,-0.040961814879887926,-0.09140498921120499,-0.05592312858258819,0.009981122376490958,0.011491492322398988,0.011900163277237974,0.008786913000367047,-0.00735231368888567,-0.006281952748845798,0.004338574444968435,0.0006456037388344882,0.002270571900468754,-0.0008686655525763642,0.010629797878320746,0.006363608620383543,0.006718864937508062,0.033423036254804694,0.014407338027736083,0.003996770745684941,0.03356831063305088,0.07176830260791678
2022-10-27,-0.03046530302940509,-0.01975653352178497,0.021712176907550784,-0.04063638620803933,-0.028547475254789623,-0.2455706463603391,0.00200319154854367,0.003947990008164259,0.0038269527421126437,0.000580442904453804,-0.006078260778186961,-0.004928723875591956,0.005399644867940534,0.002096874686105199,0.0010192466109069098,0.0012171737674475658,-0.005843182213592812,-0.001548523944967184,0.0,0.00890779107859574,0.010470846932372435,0.0052599475340899815,-0.0233314959115013,-0.03331602421634816
2022-10-28,0.07555222759797964,0.04022065792239293,0.049939400387434496,-0.06804249715805744,0.044133750893365464,0.012864718955183374,0.015238384603380561,0.011878070896326642,0.029288531290921682,0.014857098546397163,0.024717205932268005,0.02379651565684182,-0.0032223871743956023,0.020884398781730873,0.01923512016120843,0.022488540209006258,0.003526548813760799,-0.010210687443231947,-0.013348152237400601,-0.010866653381033098,-0.006874075023812876,-0.0019796479310162374,0.015257721000682789,0.027141910462713303
2022-10-29,,,,,,,,,,,,,,,,,,,,,,,0.01083375534148523,0.04128672020153079
2022-10-30,,,,,,,,,,,,,,,,,,,,,,,-0.008784170461560437,-0.017852187537918507
2022-10-31,,,,,,,,,,,,,,,,,,,,,,,-0.006776156462742766,-0.011358459301194612
2022-11-01,-0.01754261061543605,-0.01705936106173478,0.0034082123115619645,-0.05515425020719422,-0.04274686350095158,0.0218976523720551,0.0012306146011606955,0.018033010257081372,0.00992716941200511,-0.005058264982736649,-0.004111043425601313,-0.0029649379861018677,0.002164649837187671,0.0032450264234580306,0.0032219977656093857,-0.000255342903991429,0.011403831662625041,0.010203429757038585,0.02440399417403527,0.02222849146399475,0.009345565684450996,0.0010403070998374897,-0.0005123007449325812,0.004444616238050703
2022-11-02,-0.037304819391739796,-0.03536847347421268,-0.02392381810864097,-0.048248766657425834,-0.03868690098019878,-0.04894929235320167,-0.05636033352596026,-0.009207805389882084,-0.020552338586779628,-0.01536783256524954,-0.024990873775383005,-0.02633825567555026,-0.0010801616821196625,-0.027849068244112263,-0.03167237481033147,-0.02773038896690938,-0.011663895153331438,-0.006972548399621914,-0.01772851569806111,0.013129089830587137,-0.004339977477314516,-0.00156566304880279,-0.015902620594443806,-0.03797722576567086
2022-11-03,-0.04240510571482603,-0.02657877517886431,0.015280964914042405,-0.030612240672440172,-0.040703658129286224,-0.018003274434392313,0.0015350350619269815,0.0018113949217186676,0.013593635718659902,0.001701659164824454,-0.010454197409171528,-0.009707550241129126,-0.00432415379718909,-0.0016636274585455357,-0.00446028474051241,-0.001137511829467086,-0.005507332767317519,-0.003806036048150885,0.011844387887378405,-0.010664158963292203,-0.00539716844917093,-0.0038490229817643717,0.0025042468919260763,0.007784341818641627
2022-11-04,-0.0019472997946026194,0.033325512782935274,0.0547649907061849,0.01881299269611514,0.03775635627659524,0.021145092672477883,-0.03641259777431871,0.0273584225319492,0.010891164760745697,0.004451750151553746,0.013824591685622778,0.012556507947375728,-0.0010854408186121711,0.011014628584191444,0.011257957610333769,0.013488839495936489,0.035996789843803834,0.030696289684813083,0.0735785761164447,0.048164807411661625,-0.016800545130436384,0.0002863770033023627,0.0463751969796804,0.074142044046136
2022-11-05,,,,,,,,,,,,,,,,,,,,,,,0.006405611254872046,-0.010409966011469485
2022-11-06,,,,,,,,,,,,,,,,,,,,,,,-0.01673684363155281,-0.034234871794410315
2022-11-07,,,,,,,,,,,,,,,,,,,,,,,-0.015466997985227438,-0.002317359184151657
2022-11-08,0.0041754054179830025,0.004388434325440116,0.021047409907300585,-0.006075283660437414,0.004633204230439336,-0.002584554113137849,-0.02932818513088775,0.0006090606147579614,0.0031678609811993663,0.004971838405914086,0.005601311412797294,0.005174175749451226,0.004357007695811266,0.006273615970968427,0.002142119232202644,0.0036295197586480032,0.008732223494224867,0.023099074133724695,0.028720686964242903,-0.027298803612044065,0.01093467799245662,0.004452268218220423,-0.10006131594948431,-0.1502977455077471
2022-11-09,-0.03319000117915338,-0.01905019365949545,-0.05656763009757082,-0.042676192754212194,-0.017772850993840517,0.05182964981362281,-0.07166757185130745,-0.013008813983500178,-0.04473675135756772,-0.007995814074629237,-0.020583445575757864,-0.021447574014270554,0.001084614290471242,-0.01985540183952783,-0.023964706718792694,-0.01136563606982366,-0.013549064209383732,-0.0050172660211307285,-0.01725889032590877,-0.03759907353109315,0.00328744043829321,0.001429915224734124,-0.14349022466876316,-0.17456449729905577
2022-11-10,0.0889744713908116,0.08226803261293947,0.1432927471727954,0.12177847617944293,0.07581311429167203,0.10249334662996956,0.07393437216942544,0.041159348060577416,0.014692246674313125,0.011713434686109414,0.05551381413772871,0.05731506734831404,0.01950167168360495,0.060205734085623464,0.062478077493115736,0.07429020641298467,0.0442577378022877,0.030444387121793204,0.03150819647581882,0.007953114404727346,0.03847399831942466,0.020702469598869566,0.10742489862358795,0.18114912792558768
2022-11-11,0.01926877663324622,0.016997391598828404,0.036634982762543844,0.0430508514990382,0.026293626147654514,0.010279640562779635,0.027527264924482875,0.0016286535949896486,0.03122169376362316,-0.02991924483357622,0.009244401488127885,0.009950169032731937,-0.002125314419764157,0.009209693954918441,0.010198869037861158,-0.000567573212975625,0.02228723242679931,0.006606324071935177,-0.0010014296996828653,0.02962346972495844,-0.003663969122862598,0.0,-0.03141443647663533,-0.009421980619647496
2022-11-12,,,,,,,,,,,,,,,,,,,,,,,-0.013802006476365758,-0.02482305452438449
2022-11-13,,,,,,,,,,,,,,,,,,,,,,,-0.026538209918333333,-0.026646969734394843
2022-11-14,,,,,,,,,,,,,,,,,,,,,,,0.016194463988263186,0.016193094653558227
2022-11-15,0.01186944706065396,0.001738978704808325,0.022767822870962906,0.004569038353104293,0.028631110233709123,0.025039188527362866,0.018172303095892017,-0.007243614772561746,0.006703717267404485,0.002792070398071944,0.008775291719121725,0.010050828935457501,0.006389752525764791,0.012002731616454598,0.015990511454161638,0.011564336109051832,0.011167139560293471,0.0035168677995043307,-0.017786591621669512,0.01863435224098997,0.01618017571212893,0.0070162909290962805,0.016031463998783302,0.008160376403149927
2022-11-16,-0.008331209061703593,0.0018233127818281236,-0.04536196266430992,-0.018394983322363,0.004164973230753821,-0.032883437661869186,-0.03857627852399581,0.001353843458637094,-0.010689543005417912,0.0062069040623020655,-0.008021609097982552,-0.009950814996162793,0.006349410882635409,-0.012883439936271945,-0.018094325992109805,-0.00954037808508923,-0.007481142405463714,-0.0022961020109516506,-0.007042223116625057,-0.016518758832391178,0.02186824670515297,0.005713524186229169,-0.0127437818409466,-0.028866838569826303
2022-11-17,0.01297138883959792,-0.0002066482298441752,-0.014644862768108169,-0.02337318995330062,-0.0049570203248805456,-0.015720179968085723,-0.020062058831236462,-0.004356908764851397,0.0013283932037850832,0.008071054531661792,-0.002895611865977088,-0.004040965940678931,-0.005257810740116109,-0.009136267441910206,-0.007850691075161342,-0.006393585496114795,-0.00035925072923304047,-0.007267423593311895,-0.022796294873783096,-0.026374257381073796,-0.01055236571772733,-0.0041567777706355,0.0010845070736082985,-0.012170051342529575
2022-11-18,0.00378205924732411,-0.001903435676450571,-0.017095025533900854,-0.007485493894513584,-0.009455005141726591,0.005383659195165258,-0.016269016527425406,0.009808443091994024,-0.008667874278618592,0.007663349634765337,0.004794439366922143,0.004681737755847681,-0.0010570975041449548,0.007322069160005329,0.005824574987477016,0.012702562265738404,-0.0003589205653447003,-0.006893636502166456,-0.0020736606339476493,-0.015825500713012253,-0.0068772516681803175,-0.001669843801329951,0.0006148167681003791,0.009569967502366605
2022-11-19,,,,,,,,,,,,,,,,,,,,,,,0.0008246325823211276,0.005053586870582327
2022-11-20,,,,,,,,,,,,,,,,,,,,,,,-0.025115259939095247,-0.062342756772829966
2022-11-21,,,,,,,,,,,,,,,,,,,,,,,-0.030969374751391165,-0.0298596433605115
2022-11-22,0.014660795295640794,0.01231153156984699,0.047071743431501334,0.008003437930963697,0.015167405764253017,0.014381923603016933,0.012152311933396831,0.014956642381213747,0.02892673909253629,0.00483042100421871,0.013603074091089296,0.013520542208017572,0.00423297859906091,0.01268764433730829,0.014371833379109633,0.006240275484396207,0.011598481897722168,0.00117372396636517,0.011979142348800487,0.013762198963295447,0.014191456131311453,0.005156975860064916,0.025494274188105903,0.024198458350936924
2022-11-23,0.005926588144449463,0.010406835553055993,0.029991123567701727,0.009978544373689724,0.01452854707791884,0.007178810633874599,0.07821783885404354,0.010663918702989994,-0.004992120158099467,0.0010742330894775165,0.005967701364168354,0.005951727742898205,0.005268891635315187,0.005673893328297153,0.0029202698084829226,8.16214658410086e-05,0.009315613327843142,0.006231840940288613,0.0195573419865247,-0.03672477238556149,0.017441707489504354,0.006101137000675605,0.02600021570334854,0.04230729897957275
2022-11-24,,,,,,,,,,,,,,,,,,,,,,,-0.0003757930043709612,0.01756556510001106
2022-11-25,,,,,,,,,,,,,,,,,,,,,,,-0.004975953615638518,-0.004200433335394882
2022-11-26,,,,,,,,,,,,,,,,,,,,,,,-0.0034839061881034583,0.005815243360018485
2022-11-27,,,,,,,,,,,,,,,,,,,,,,,-0.0011937537130568554,-0.008931930020055212
2022-11-28,,,,,,,,,,,,,,,,,,,,,,,-0.013822428939733733,-0.02095239457105269
2022-11-29,-0.02114834965667023,-0.005914717974709771,-0.011878488089745454,-0.016285245651894598,-0.00895375695554168,0.006251009490001236,-0.011425739989130657,0.01644941946275824,0.006647870076954554,-0.006992806194456858,-0.001499853186893052,-0.0010363322323565516,-0.004193156283685662,0.0021145050278148503,0.0041639421451438174,0.017244075325111963,0.007152989979851698,0.004940425418036076,0.015576284189793288,0.02183013074806972,-0.011725719030860948,-0.0037255653196395233,0.014038085481754337,0.040009927654150346
2022-11-30,0.04859386381954067,0.06162355605576142,0.0823792632735112,0.04457912603558589,0.06093086183583818,0.07893299730784342,0.07670184691003823,0.011862994118579273,0.007237072990971205,0.010846608235180577,0.03121751639709469,0.031019916924307944,0.008651551887929543,0.029042825183764887,0.025753204546814068,0.022684476202584403,0.023792636728873662,0.012781920270785507,0.044478571727378347,0.027655942644454923,0.007354362041499529,0.007755989471065705,0.044000289316970864,0.06474424595402373
2022-12-01,0.0018916698033908386,-0.0017638007063549566,0.012527342070384861,-0.010772746070691896,0.0,0.019813760895595722,0.0,-0.01403966885915442,-0.004849802646008761,0.004157611602340294,-0.0007151194464197763,-0.000302027842501551,0.009414375337516878,0.002945429474337402,-0.00031942493235770364,-0.002882842818953235,0.004162488255960772,0.01838479961277617,0.026921156575862026,0.0031324730285218205,0.03194543901554203,0.00833424162960461,-0.011732697360023692,-0.014984057799110495
2022-12-02,-0.0033713350281824317,0.0012957679695504432,-0.015115099331918569,-0.01434557849824114,-0.005446185404146986,0.025323821899646992,0.0008217959148295595,-0.007927096017500745,-0.008483790301385241,0.00078308211681688,-0.0011131946648529345,-0.000704622027005386,0.0031085600711240335,-0.0015613774111692402,0.00244767959580261,-0.0025697152862286243,0.0,-0.0034556830535615868,0.014776042900617403,-0.008658632175665204,0.012576011172804158,0.004097941773948843,0.007162515027905547,0.014126606037395906
2022-12-03,,,,,,,,,,,,,,,,,,,,,,,-0.010558102652595158,-0.03937910387625765
2022-12-04,,,,,,,,,,,,,,,,,,,,,,,0.013144481522908036,0.029695743878074943
2022-12-05,,,,,,,,,,,,,,,,,,,,,,,-0.00908673304822849,-0.016074772913678648
2022-12-06,-0.025369964105052323,-0.020303913747092284,-0.037507290865112175,-0.03032636052572657,-0.025130761228654874,-0.06787555762562159,-0.01441485156488942,0.0016745852333199807,-0.02779598686140905,-0.014990381682474685,-0.014372621210634984,-0.01458794217063708,0.004162596328842527,-0.012306269893203936,-0.013851117866193197,-0.008615757953352565,-0.005252131261780368,0.0027373742314797944,0.0,-0.036769016817564615,0.012880046312881088,0.003291107520386971,0.006755753090715411,0.009508035062938625
2022-12-07,-0.013784872115011448,-0.0030596653265059226,0.008319402571875134,0.0023795930251859776,-0.021035262173158098,-0.0016649969083248894,-0.032143331123685615,-0.0006838034574020435,-0.0022140383523475693,0.006076011069293452,-0.0018368405639606067,-0.00198075714228807,0.007253566789143351,-0.0006942204775237659,-0.0032072100753314237,0.0016553658779112634,-0.002463820445680276,0.009039101712364994,0.023483342940062046,-0.024222010574015074,0.023562306972429337,0.008748440282081216,-0.01412428087141393,-0.030838824473082838
2022-12-08,0.012132731512948691,0.01239919228228703,0.06507415060381172,0.021365582288144003,-0.01295546926102309,0.012288383194218433,-0.003447430865732959,0.01049441050138622,0.0074288162822433446,0.00016940551563870976,0.007661749262178219,0.007834489813012713,-0.0020576338792078763,0.007449982866117422,0.007211820787588641,0.007106149381907345,0.006351498104901099,0.0008416965556858891,0.013862285235234362,-0.014768301946136875,-0.0027405028611328097,-0.0028460078281565826,0.022871839541696026,0.0394980134958669
2022-12-09,-0.0034350016737020317,-0.008003318195826559,-0.009785019168682019,-0.01394579034322141,-0.00939068416352451,0.00494231817517532,0.0323454827685834,-0.005418505271262974,-0.008427667663299054,-0.008239338364438242,-0.007303604662018071,-0.007669719581767542,-0.006185407726844061,-0.007624746222204104,-0.009583562482475716,-0.0018048924243876385,0.00035063810753799274,0.003544160110315664,0.016501668862680674,0.002232489103689117,-0.026014240495442875,-0.005843190770082329,-0.005821360340788395,-0.013138184671514397
2022-12-10,,,,,,,,,,,,,,,,,,,,,,,-0.00025843080632004245,0.0016605160885547754
2022-12-11,,,,,,,,,,,,,,,,,,,,,,,-0.0014321702613265819,-0.0019864627881867047
2022-12-12,,,,,,,,,,,,,,,,,,,,,,,0.005977723618808328,0.00850601785212901
2022-12-13,0.006782410390389515,0.017464885859275636,0.030624697085564367,0.02142456926150338,0.024863411786557155,0.047424022162460666,-0.04093677795344208,-0.0009685097747985649,0.01093421245362447,0.0077032901395599485,0.00733505748093477,0.007517263184968703,0.00622390511765003,0.008323401658998586,0.007463363061795292,0.018681706864521308,0.010865747147702054,0.017081132038632596,0.017241419152767445,0.02251198363298923,0.009655956502918395,0.006834424433898034,0.033410801008343594,0.03603443469196854
2022-12-14,-0.015535773320711987,0.0011676797366180214,-0.022023366850337345,-0.009838858835905628,-0.005855931802554615,0.01198482242052834,-0.025784367661833008,-0.004997188833846367,-0.007365950443720348,0.0030690701605435855,-0.005857605200285332,-0.005621467291386906,0.0020618764660791378,-0.007123967798080999,-0.004684507012114869,-0.007207401815388481,0.0010400947623825374,-0.0024330212847030186,0.007329356297356648,0.022775584362266788,0.004270838950706457,0.002443621361905457,0.0019307922256450727,-0.008496812562910572
2022-12-15,-0.0468543719737442,-0.031918256204442,-0.040850982828601334,-0.034177820705733164,-0.044283259252929974,-0.044740478864444766,0.005548438139381551,-0.024810655572344742,-0.009581152502463386,-0.012627804897338724,-0.02486527703161434,-0.025182308153330557,0.0010288722434226294,-0.023689485423623036,-0.023752259835383316,-0.013390337594209045,-0.023900203844950285,-0.01635930934057528,-0.034106412360451976,-0.017963169143539348,0.0039022299460418353,0.0005415087023097342,-0.02530276169357326,-0.03282205022719986
2022-12-16,-0.014578724407613652,-0.017348768183754193,-0.02247520938551717,-0.006670394101153776,-0.006603436052320832,0.02823950155281474,-0.047187179094365206,-0.006225988575944363,-0.007018200952783382,-0.01025413014627341,-0.011059237566662161,-0.010755116734074477,-0.0020554085187964866,-0.011781928947724896,-0.009418209344344564,-0.02591770849897901,-0.005889867095585477,0.008708721678036602,0.006120577660834403,-0.018896447031992558,-0.011170536770199635,-0.0025713284049538876,-0.04131220425223303,-0.07746214058242495
2022-12-17,,,,,,,,,,,,,,,,,,,,,,,0.008866650272798315,0.017025445486444024
2022-12-18,,,,,,,,,,,,,,,,,,,,,,,-0.0022098857704312413,-0.0028904831146532306
2022-12-19,,,,,,,,,,,,,,,,,,,,,,,-0.01899375344110854,-0.014438361671959554
2022-12-20,-0.0005289244737781695,0.005614609329005482,-0.010397292639442779,0.0031795134041781026,0.006557979630487543,0.022798661981641155,-0.08053641461716088,0.004844144271857642,0.014453042044940911,0.001082723587065404,0.0010796261682242125,0.0016149606156601326,-0.007253901018955289,0.002108581511212737,0.004472980788192915,-0.002719763389056551,0.003620554868050574,0.016594482836064905,0.052556754682554274,0.002270342463625896,-0.017756778620682034,-0.006552681443098396,0.028384068842582266,0.04290281503722926
2022-12-21,0.023809744227647034,0.010876781169086858,0.02586261643869281,0.018546709195681466,0.006290752734333216,0.022803086923261384,-0.0016690545895901021,0.01124783693612863,0.012840651325541907,0.011441823597494905,0.015015360816230672,0.015349119360464902,0.002087478607300186,0.015376836808580707,0.017383101599087514,0.008721430435167932,0.00901862036673573,-0.0016560135809358112,-0.0071974741658502595,0.027786111506675093,0.0025135568412806286,0.0023359919722041322,-0.005250676176186131,-0.0033699807166168716
2022-12-22,-0.023772578054509275,-0.025528779825597425,-0.07042003518334605,-0.034343619255829294,-0.020317071901495454,-0.022044104388596053,-0.08882756559936855,-0.011349849009033686,-0.020174006558774216,-0.0036582466179733153,-0.014457617056921834,-0.014361723013264216,-0.0010415090637606594,-0.012895208395361513,-0.012301122783832441,-0.0038560171842899615,-0.007507987172327146,-0.012085358459954287,-0.017217905121028054,-0.005289459642451977,-0.00019298854226101891,-0.00013672263668362827,0.0007615052090579333,0.003775670247603724
2022-12-23,-0.0027979662921506776,0.002266876315964783,-0.00867067169091329,0.01742450254827599,0.016750454438437812,0.00785523695375323,-0.017550833466474902,0.004744964053802647,0.0264451382342501,0.0025420481186479993,0.005902054207713503,0.005504484380170593,-0.0031283453424201246,0.006173234618020773,0.005255807640001553,0.00868824588867012,0.002161453423015658,0.002998321039039853,0.00737666406051396,0.02392914061459339,-0.014660632586787625,-0.003133704776527191,-0.001983838015767403,0.0016231521337866095
2022-12-24,,,,,,,,,,,,,,,,,,,,,,,0.003024520816182319,0.0008106610684399662
2022-12-25,,,,,,,,,,,,,,,,,,,,,,,-0.000342451024228807,-0.0017905466295349282
2022-12-26,,,,,,,,,,,,,,,,,,,,,,,0.004620497716771643,0.006573075177125132
2022-12-27,,,,,,,,,,,,,,,,,,,,,,,-0.011975957353969946,-0.011559116196452335
2022-12-28,-0.03068510296944804,-0.01025485304564755,-0.006019402982854638,-0.01469172937442731,-0.015676792729044098,-0.010780235533120464,0.03308891531476843,0.0054652683577778305,-0.01642639560959247,-0.004339462523038962,-0.01200797719675728,-0.01239775389433262,-0.0021053968164870263,-0.013713972266607644,-0.01664940949809479,-0.017063440448614298,-0.008595815603618107,-0.004505807286929064,-0.02306649546825712,-0.013663123326920878,-0.005891683405606529,-0.0013896136520386015,-0.009846255365429935,-0.018804171717317075
2022-12-29,0.02832447957588058,0.02762956789081117,0.04039613124450803,0.02884381103830358,0.028249325211397114,0.0401313572944213,0.0808269069678893,0.005737617205450407,0.0075659352059851415,0.005094458422113313,0.017629269976657813,0.01877552128555493,0.0031648717045817953,0.019410198772575438,0.022961834748391308,0.022307328812208205,0.01408951872885078,0.005598251568726287,0.01712957987733099,-0.0007291200119969865,0.011350924063854073,0.003756657424381693,0.0054232979508825885,0.009755788816300015
2022-12-30,0.002468702525382671,-0.004937404168091519,0.0007531928650323927,-0.002138278742257471,-0.0024872402721588527,0.0006652820530559378,0.011164017515666869,0.006605570843346564,0.010073476360286548,-0.005125233320064315,-0.002535543471728019,-0.0024645436776178364,-0.0007383296769188918,-0.00473064458829997,-0.003060933708205704,-0.007726304931235495,-0.007481164268946072,0.0046786689817972515,0.0022758828389579655,0.023055623219010002,-0.011124527362706194,-0.004158541295164353,-0.002388838052975517,-0.001966176761464933
2022-12-31,,,,,,,,,,,,,,,,,,,,,,,-0.0033181483870876605,-0.002052602193683639
2023-01-01,,,,,,,,,,,,,,,,,,,,,,,0.0046885633896178724,0.003504097838116227
2023-01-02,,,,,,,,,,,,,,,,,,,,,,,0.0038129515588565255,0.011400643850810077
2023-01-03,,,,,,,,,,,,,,,,,,,,,,,-0.000516121662866742,0.00010059829352737637
2023-01-04,0.010314208573187766,-0.043743338045450164,0.03031776495740912,-0.007923564525679994,-0.011669702819543715,0.0210837758842346,0.05124885285593783,0.009324865245403435,0.002910442224771881,0.01088702467348357,0.007569967605982164,0.008629920008516923,0.005251898599985649,0.014885524719107535,0.01566804978341385,0.022647582771336827,0.015357137725562575,0.0094119059589024,-0.00725622915864732,-0.049379011946025786,0.013699853527143091,0.005677094080331679,0.010994150293785143,0.03436658792451519
2023-01-05,-0.010604596470271233,-0.02963771786107061,-0.0328157361220619,-0.023725589118479662,-0.021344454898422183,-0.0033759240309937377,-0.029039097760312105,-0.00022148980170821897,0.022374130321834107,-0.007383508438561948,-0.011480947758174098,-0.011871633708237073,-0.0010448248111318836,-0.01317697189749234,-0.01080981098379985,-0.02724388162445779,-0.0063314707220323285,-0.012451461859522062,-0.022841480764793642,0.007464940976016576,0.004181131952719186,-0.0011013050263291024,-0.0015715814888571655,-0.004845112423745301
2023-01-06,0.03679410307247166,0.011785202773517689,0.041640543728326485,0.035611152390083056,0.013225217786984933,0.02426322462498476,0.024651090365942707,0.019135739274662722,0.012086844960312648,0.008109498864869336,0.022858074086986147,0.022621589381974117,0.01046041017292021,0.022930475270112716,0.022652315874527318,0.02740544612281548,0.021593049602948167,0.01870749684189077,0.024777966422102837,0.000771890285582888,0.018396489640043034,0.011026496137686248,0.006844106816741524,0.015147028977039678
2023-01-07,,,,,,,,,,,,,,,,,,,,,,,0.00018342264818071996,-0.00402452101708739
2023-01-08,,,,,,,,,,,,,,,,,,,,,,,0.008025112314249405,0.018262795354943462
2023-01-09,,,,,,,,,,,,,,,,,,,,,,,0.006167530562816603,0.026550037838815266
2023-01-10,0.0044560435626859185,0.007616933109365398,0.01798053045371817,0.028731709234134817,0.004544594505428767,0.02718794271778946,-0.007681374256751861,0.008954143629620548,0.014935077780436234,-0.00239219680982361,0.006989373175812608,0.007725790498328111,-0.004127433670632286,0.008094145678580134,0.011991871255651265,0.002760489105681385,0.002407182447740963,0.0036760446135073455,-0.00045999213372216463,0.0003036471356243631,-0.01655020985626543,-0.003943023393799039,0.014522576515372032,0.011386058087499595
2023-01-11,0.021112510360460357,0.030238168747088512,0.0057827516836679305,0.058083825879343465,0.03505981093726973,-0.0007519856850973783,0.036769060182475055,0.007431256422898436,0.011627098458503848,-0.0015986540720011044,0.012858571238700156,0.013232529054023834,0.005181147327721458,0.01509827568904809,0.014264028848131938,0.035869181040861786,0.005488763638991312,-0.000686793935011365,-0.008283493279690024,0.032625212080376054,0.016252047875161324,0.005323366365757032,0.02800615102017323,0.03841629150614301
2023-01-12,-0.0005995127246053444,0.01162168148719589,0.03187306737709572,0.0018929468094222024,-0.004261191353354565,0.028745665566673795,0.0027592625752506095,-0.001002629810016864,0.016611081047151366,-0.005031960855159445,0.0035489307841380935,0.004871521359950837,0.007216416992076313,0.003330174122772256,0.012007874424885046,0.01240127012940806,0.011258890522063414,0.011568000967502767,0.015313222059819775,0.008229206957828028,0.01968214897886722,0.00773967240018103,0.052115795988246116,0.021619013988194213
2023-01-13,0.010119156357740522,0.0030185341515993613,0.023499680944339962,0.029915043601747016,0.010863549956612317,0.0019748771241936414,-0.009388119582672827,0.025234801500330972,-0.0006181944555477825,-0.0032760887820929563,0.004026529664354905,0.004332024941478441,-0.0030703091912996916,0.00286679701232484,0.004703098105976133,-0.00588602495196433,0.006410417673124558,0.012001783992939385,0.02056676326324358,0.020988229537910685,-0.00937294787121934,-0.003368456858865887,0.05511441660269112,0.02375024880007759
2023-01-14,,,,,,,,,,,,,,,,,,,,,,,0.05357847423830919,0.0682633136301174
2023-01-15,,,,,,,,,,,,,,,,,,,,,,,-0.004552757413617381,0.0011430806152468165
2023-01-16,,,,,,,,,,,,,,,,,,,,,,,0.013832516023570829,0.015687166258109064
2023-01-17,,,,,,,,,,,,,,,,,,,,,,,-0.00038325091993141047,-0.0056996675806778585
2023-01-18,-0.005369879611370587,-0.018889178815061913,-0.01835950894186633,-0.006142675153973931,-0.001862316335255354,-0.017287102300872048,-0.020609982513142944,-0.030042496837121013,-0.020543660358286697,-0.015084738739485348,-0.015584756118206644,-0.015428901148846985,0.00924945214579953,-0.01500025713277875,-0.013417063319103972,-0.014446473159461681,-0.004352146067716833,-0.0028717524486322477,-0.01999093727769441,-0.019051629445285045,0.0242313113451309,0.009205001730390405,-0.022339524368838015,-0.033382812478710555
2023-01-19,0.0004439721379965178,-0.01645388978279161,-0.03521885464911412,-0.01864654092151996,0.021180919680233057,0.02353000749966383,-0.012501946153228194,-0.01332677346685529,0.00641903813502176,-0.001354905973267373,-0.007501949115141793,-0.008148854869650113,-0.003054348531245643,-0.011374241810152452,-0.0113330560905186,-0.0052639848985471804,0.0006724931463422124,0.015868520044824974,0.018080639553371025,0.015537248863026987,-0.006259571923720619,-0.0020118521878056406,0.019238045679950355,0.024446974889233086
2023-01-20,0.019220551188863455,0.03574355443380939,0.06406171273733485,0.03810845093076898,0.05341206722003822,0.02365063944321455,0.0491468120625187,0.0024491840890101813,0.018235612719907035,-0.004659837049932336,0.01895238345938033,0.01927536315849876,-0.004086146605668639,0.019457840570629825,0.018449745270323614,0.012049169515851776,0.010416532482557805,-0.003335405556458948,0.002732303087090715,0.013599755824776683,-0.01621154376976386,-0.0044356446079896195,0.07539125404137925,0.0690458804911851
2023-01-21,,,,,,,,,,,,,,,,,,,,,,,0.004457126566322689,-0.019663144882297257
2023-01-22,,,,,,,,,,,,,,,,,,,,,,,-0.002511630794474806,0.0007767819470894111
2023-01-23,,,,,,,,,,,,,,,,,,,,,,,0.009419529327844067,-8.043655534839544e-05
2023-01-24,0.010063145571009624,-0.002225917524468879,0.0037514728336065506,-0.012305137300550828,-0.020944063110933664,-0.0009072335452287028,0.0009739087975544347,0.008596420243470293,0.0093118777922796,0.0,-0.0006738634260474718,-0.001326585389547441,0.004110683909207102,-0.0025412175393447756,-0.004228288660966362,0.002723201293294286,0.0006623196476258641,0.003618515163479552,0.008341070704919185,-0.017902080829326872,0.014380206094471548,0.004466375797710587,-0.012991945703908492,-0.04400233517182761
2023-01-25,-0.004700645102763135,-0.00590813356936537,0.003010675573913435,0.008928577793566816,-0.025383908037651004,-0.011457616862964759,0.003752820129427681,0.004839177739401901,-0.0052720023576099395,0.007129632671204478,-0.00018881587243857467,0.00010199884330708286,0.0010237657234102304,0.0017981088398997258,0.0018046065354375695,0.0002398056212882249,0.004301810052900423,0.004603959599926544,0.009650693118740339,0.004129890493961508,0.0024249421412965155,0.0012123386039475381,0.021266153759075257,0.035401940854640435
2023-01-26,0.01480316722993269,0.030713544993282937,0.02478908639495958,0.02099198301215366,0.02415455736975991,0.04098949944990493,0.10967259156647335,0.00618164059725923,0.04019092613480857,-0.0036574061681799996,0.011087004459391148,0.010934105773580338,-0.00204488908228595,0.010695977980129667,0.008901335836597246,0.011100574478742242,0.003624406972952965,-0.009055266877154966,0.0009103531355831862,0.005956575751250748,-0.004652112922099105,-0.0018836536632307332,-0.003680359408276712,-0.005339109940311948
2023-01-27,0.01368454743531311,0.0006453767071605832,0.028431276882632917,0.03043737760442866,0.018970587098483094,0.030142654944459224,0.11000180416824756,0.002429021209970017,-0.018257515414343506,-0.003908044924805232,0.002508051992256455,0.003436628811292586,-0.0010245945549458568,0.003773833290501516,0.005881643197521269,0.010978567172278408,-0.0019698601576316754,-0.0013929904624704337,-0.014097292822601082,-0.020160726054183176,-0.002523796035517001,-0.0010789017322946348,0.0019950339114214177,-0.0030874209336673175
2023-01-28,,,,,,,,,,,,,,,,,,,,,,,-0.0020641809553220147,-0.01609444108957936
2023-01-29,,,,,,,,,,,,,,,,,,,,,,,0.03228143207915801,0.046883068812149764
2023-01-30,,,,,,,,,,,,,,,,,,,,,,,-0.03930367092328346,-0.04788678522483769
2023-01-31,0.00902107443459732,0.021012752392101763,0.019570107702253647,0.025658817736008643,0.019599722709888745,0.012987990814290473,0.03936155894904236,0.005965320119199813,0.021574496695926593,0.008765421879042279,0.014666617251979819,0.016028396396150058,0.006496934917772812,0.0173570121852189,0.024434147906542636,0.021045860046430942,0.003987885139835612,0.0036362115419990015,0.007848572368030604,0.0179148494572543,0.007994854369107074,0.0046022264948157865,0.013097316769725253,0.012255813857491304
2023-02-01,0.007900553382566011,0.01993443213835011,0.07196582402759599,0.019586971068148662,0.01608675068540566,0.027857989362932045,0.047280928205116535,-0.002643374973822721,-0.010947376085291394,0.009178740334886859,0.010442341023366275,0.011555464346474142,0.006147381484076009,0.011998181422540943,0.016417157155449447,0.006276570480326038,0.00959955053027306,0.012596814339808304,0.011452130136222038,-0.028274655122639825,0.012020940552585735,0.0064283837385352705,0.025259482888651652,0.034828926102213
2023-02-02,0.03706262999744259,0.046884266231556726,0.03657553734354879,0.07379935352944922,0.07278691528124548,0.2328237654564944,0.03781489703913388,-0.004656804689055605,-0.03128820879683569,0.0037594015608231057,0.01475234617121357,0.015695024475394614,0.0010182128811284663,0.014900708317418188,0.01645686466988483,0.022408960959144464,-0.000983569445479393,-0.02075193653580043,-0.023097836532792626,-0.011728041988852689,0.0012943029862715338,0.0006713683170100904,-0.01061797692681965,0.0008824820072261819
2023-02-03,0.024399941694906113,-0.02362046893072378,-0.02805289816768497,-0.08431497620839845,-0.02747356157081371,-0.011866163982409028,0.009082654784473565,0.015474421931322091,0.006927623945489181,-0.005617880574863232,-0.010313698017844541,-0.01066026850451407,-0.008138397050675983,-0.01400343917556146,-0.009694363258722527,-0.01875442592491061,-0.011158556004764675,-0.024957770292002968,-0.046360686794073236,-0.032597238679483276,-0.014955901599348786,-0.008851123298532326,-0.0009606745041729203,0.013086346292204398
2023-02-04,,,,,,,,,,,,,,,,,,,,,,,-0.005009723012217249,0.0013897610693263118
2023-02-05,,,,,,,,,,,,,,,,,,,,,,,-0.01612309690031044,-0.02124299484445158
2023-02-06,,,,,,,,,,,,,,,,,,,,,,,-0.008518883333286542,-0.009437589342205732
2023-02-07,0.019244730293296985,0.04202212630678415,0.051401192660425865,-0.0006850625818668465,0.046064178518698595,0.029882839313998044,0.010525791279409002,0.012190138500041137,0.028550808578091447,0.0002451402715677453,0.012908828729395028,0.012443970823759587,-0.0010327180280755854,0.010403995104112607,0.008383658446454945,-0.00255088338773668,0.007056468023225015,0.000920425708082595,-0.004882831235591301,0.0345038494080987,-0.008025804802075376,-0.0013614798492923574,0.022151986720186922,0.03449749159686455
2023-02-08,-0.017652814285055496,-0.0031020057866026907,0.0014431509274606125,-0.02017429777965274,-0.07683017842070206,-0.042740717543967466,0.022763049555982517,-0.007031082893140805,-0.00870162927433149,0.0012850511984143775,-0.01105376591691365,-0.011209470743137162,0.0020676819224274556,-0.008598606891112914,-0.012876439056345723,-0.004572209209185885,-0.004337624125896777,0.002471594120761589,0.004906790264360694,0.013577304308457272,0.004759219602465947,0.0017725590180519557,-0.013965290320121615,-0.01273127876485547
2023-02-09,-0.0069116622053680965,-0.011659706404408055,0.0059444296306399025,-0.01809100582487666,-0.043876388494409224,-0.030038816476013253,0.029956849516678652,-0.015563297229805317,0.003774572936969811,-0.013507818480638978,-0.008678575964003343,-0.009447149291071377,-0.004127714229936519,-0.010932635266042157,-0.013249718813176603,-0.011054889950090185,0.001675422132612292,-0.007912418174625069,-0.01464840057451433,-0.011065843518541674,-0.00947318878467307,-0.004082887806044377,-0.04883996317743455,-0.0631716867790626
2023-02-10,0.002456387913634339,-0.0019727043299345715,-0.04799193481244113,-0.006412838631079665,-0.004631096738986984,-0.021189219053684316,-0.05030873801899527,0.004415034852977007,0.042151243639281466,0.004646860953280152,0.002387605368380674,0.001706944468564453,-0.004144933751799806,0.0023214565430245138,0.00031223173444350216,0.0036213168530725426,-0.004349163802858769,0.0019071943211166342,0.0029732143228458074,0.028710315521302654,-0.011189557576507636,-0.004236077131865357,-0.007693073387383564,-0.02041406577709526
2023-02-11,,,,,,,,,,,,,,,,,,,,,,,0.010146854341645195,0.01654111006391079
2023-02-12,,,,,,,,,,,,,,,,,,,,,,,-0.003779998514005456,-0.016165097645040705
2023-02-13,,,,,,,,,,,,,,,,,,,,,,,0.0009132665684197239,-0.005193150420476522
2023-02-14,-0.004224986067134728,0.0031330079739220196,0.0542961336742398,0.0016073541414833858,0.0007398119744166376,0.0002788071271775383,0.0750616556523096,0.004418793367617413,-0.01171476140849137,-0.0043627717168237545,-0.00015704162287244472,0.0005944232108441305,-0.004153653629686005,0.0008364394300630629,0.001131321832906096,-0.008084538266480923,0.00033351970717143686,0.0007537389032514774,-0.003960392113094846,-0.001438826965771134,-0.0023022634047392687,-0.0034211073164031047,0.018924303145655852,0.03298192238041198
2023-02-15,0.013903366158957375,-0.007993204441415824,-0.00901142699213886,0.014643999584324163,0.023869836051988225,-0.012926430086257046,0.02384709913101113,0.004189959069764271,-0.003006355435826835,-0.016477300245363757,0.003035418698499548,0.004852098572692531,-0.00208515450103397,0.009627696557645615,0.009963986137191405,0.003996903512433203,-0.005334957555558684,-0.00996466725346834,-0.011431483100958206,-0.005475574559905438,-0.009325126947594242,-0.0021974254792032077,0.09392266116037784,0.0750675811775845
2023-02-16,-0.010429188253375576,-0.026622570821344116,-0.033473795474719625,-0.02975486385196624,-0.014751272103300739,-0.026642638795030038,-0.05694553722096751,-0.013769012347842002,-0.0029292264613026697,-0.007090604179706861,-0.013696135140170096,-0.013401562669874245,-0.003135329324178482,-0.011227133321139338,-0.01057787876219396,-0.009366935874484561,-0.0026819272168973063,-0.0008192368783922488,-0.002513787762435493,-0.008258471784227228,-0.01416755017083704,-0.0038534025776167935,-0.028154173176657027,-0.020121538929091298
2023-02-17,-0.007546762798589457,-0.01560197235100147,-0.027906681687923207,-0.009679109147912035,-0.012145389978100107,0.0025517627567848145,0.031033480898909227,0.0029614410070524233,-0.03845167044704667,0.020877432433063836,-0.0025920440966377134,-0.0027967883194476295,0.002096980614845867,-0.005677189680093342,-0.0012333926494143554,-0.004176314995461117,-0.0016805616032455895,0.002986790669610162,0.00856855216665764,-0.02089116682148373,0.007776248656553797,0.002210309745594552,0.03988096453648349,0.03336185492779764
2023-02-18,,,,,,,,,,,,,,,,,,,,,,,0.0030805588480080637,-0.0017488177653378623
2023-02-19,,,,,,,,,,,,,,,,,,,,,,,-0.012728023845912761,-0.006137357465717308
2023-02-20,,,,,,,,,,,,,,,,,,,,,,,0.020614650916729094,0.0126314719596059
2023-02-21,,,,,,,,,,,,,,,,,,,,,,,-0.01581991113645098,-0.026216858452078218
2023-02-22,0.0028960068925338867,-0.004590903184255146,0.004793047132801043,0.012793392483054111,-0.001525248988516914,-0.00557882910095997,0.017682553475729224,-0.007663006946000417,-0.012953220979202928,-0.0013924505651536911,-0.0015425245945586141,-0.0006138050423044605,0.0021118029685909256,-0.0009366327349350501,0.0028552980140579276,-0.00928617918105945,-0.006802703055312831,-0.005626488586046308,-0.015944180353263393,-0.02654077384411646,0.009164217162125121,0.0022248753711904268,-0.01012875204423358,-0.008929048666112882
2023-02-23,0.003290571360199168,0.012961847364616252,0.14021367661726014,0.000313172345862478,-0.008292571316532937,0.005376285622284538,0.006024129792842503,0.008010842903863669,0.009204473375600708,-0.0003168207942726431,0.0054209212065112755,0.0051192174251726286,0.003161761837468191,0.004425087284245954,0.00474539338992952,0.007254139650658908,0.004452078979785945,-0.0005304511136865475,-0.006075991859918917,0.022489204030369914,0.00977186123595053,0.00360772380707286,-0.00997780485063493,0.004772402538407272
2023-02-24,-0.018005317440417112,-0.021784453758096012,-0.015973396096555792,-0.024212061179431754,-0.019364007109995862,-0.00959066675653275,-0.025684180003413215,0.009021084211287,9.034301120114385e-05,-0.011158143891111139,-0.010513247310644624,-0.01049185657992191,-0.005252507315285926,-0.009371991953384451,-0.008396223934144964,-0.01683133039439,-0.01602446918030187,-0.00719467575637045,-0.027508865576417185,0.010846659392804492,-0.013000667698512935,-0.005530305519180545,-0.03129201289670536,-0.025862370437327087
2023-02-25,,,,,,,,,,,,,,,,,,,,,,,-0.0009807668166905703,-0.00836761779727413
2023-02-26,,,,,,,,,,,,,,,,,,,,,,,0.016648614774302573,0.028780357616977614
2023-02-27,,,,,,,,,,,,,,,,,,,,,,,-0.0016273269569350157,-0.003955786725572508
2023-02-28,-0.0034476984820498435,-0.002958186949098107,-0.012127017022574127,0.005012811540044737,0.0021140329831257354,0.03185081462954331,-0.009247209573726933,0.00837103018922214,-0.005789366515214556,-0.015228263677970366,-0.00293310529530999,-0.0024629365075339305,0.0033832663079564895,-0.0025201064711920518,-0.0005279703382966572,-0.0016434386992862926,-0.005153034972258719,0.00455596886271592,0.015319545879744156,0.0144905522184553,0.004543145722437636,0.00027765838255655595,-0.01596393470118429,-0.01739632556596371
2023-03-01,-0.014245952174303467,-0.012629260603141068,-0.02231212332552568,-0.02186145722806776,0.0033312603175668087,-0.008688686844303684,-0.014291975817664837,-0.005580880204226757,0.008916322201986793,-0.004502072658274958,-0.004657310695604822,-0.004012430299770164,-0.006322347009629747,-0.0029034072368138153,0.0017963011726118694,-0.012759441828739004,0.008287343851781648,0.005772150633673867,0.0036421230319301223,0.012795724178937595,-0.010743094817193266,-0.005924492170231166,0.02156606219747892,0.035829596047825873
2023-03-02,0.004129094938822631,0.019653147367304058,0.027138618203989218,-0.00043399062951077205,0.018149534903004083,0.006400687147848805,-0.05853928157947319,-0.010382312365521118,0.004599356003291533,-0.0007868381605681263,0.007744044623626989,0.007230868106834709,-0.0031816263061834604,0.009303299613899085,0.004957230273605173,0.011756778668170265,0.0027397187149984514,-0.0005855636445488699,-0.0025920757924345894,0.0033789240188741854,-0.008867216656472166,-0.0020984582229297555,-0.007235050302163204,-0.009687419299942324
2023-03-03,0.03509005331640114,0.016646147507046516,0.024706472690451564,0.030066258059702422,0.017934782563253426,0.06142214024097581,0.03609219282314147,0.018359895839352047,0.012656824121996646,0.010298677968409331,0.01621086965389318,0.016100640304224978,0.007447187011291767,0.014800315278683751,0.013958894530229582,0.015576069895286038,0.011953556064769888,0.010723085619275707,0.01611223854626731,0.02284037319019716,0.024225897844170063,0.007710427042405321,-0.047402129167592566,-0.04744176292568125
2023-03-04,,,,,,,,,,,,,,,,,,,,,,,-0.0004172164631153219,-0.0014298360099453955
2023-03-05,,,,,,,,,,,,,,,,,,,,,,,0.0036756935285233716,-0.001566891740346743
2023-03-06,,,,,,,,,,,,,,,,,,,,,,,-0.00025655126328649747,0.0018727965263767299
2023-03-07,-0.014496390870927578,-0.010589130124389556,-0.011125268339280403,-0.0021333007812499583,-0.013350158126641976,-0.0021091629694559577,-0.03147407730028162,-0.02940774634807064,-0.01933056300686098,-0.009449670366821317,-0.015299926488271831,-0.014754883652432937,-0.0021147708637136997,-0.015150518809895486,-0.012473852497204008,-0.02322929504815552,-0.01588373656942521,-0.017480480627863337,-0.04503100132645632,-0.037452113344513926,0.006132290685858521,-0.0011149715742821975,-0.00936203961743065,-0.0034870363462051746
2023-03-08,0.008377085668668904,-0.0017706727425551572,0.03834592198261788,0.003955051898638651,0.004154956086399597,0.0024931875544158544,-0.03041929843714275,-0.005915520630317306,-0.014604308355001039,-0.007333391010635237,0.0015184186858989701,0.00123087726723492,0.0,0.002299847245879727,0.00042452824978034265,0.011765608310063236,0.002747172861904623,-0.00047445044105887124,-0.002710089015801942,-0.011053795384919018,0.0009831360129812783,-0.0008381628216567183,-0.022578517406286358,-0.017827171045494916
2023-03-09,-0.014914704404530799,-0.005439346103723985,-0.030809226946941992,-0.017781071140368643,-0.020477348279135166,-0.01773274213661724,-0.04989011995084991,-0.054136468335547194,-0.007728916829918608,-0.011244534399265205,-0.0183027231550561,-0.01977264645749921,0.0031783700311607266,-0.02366151588267451,-0.02663107102963791,-0.023175235661063498,-0.009931516409782626,0.009849316056938173,0.002173962845469779,-0.012816700892821054,0.002455511154308976,0.0033534904721537195,-0.06239311158608585,-0.0622046937711358
2023-03-10,-0.013878613707275611,-0.014782867140161637,-0.02009750946270905,-0.0164769283801236,-0.01830590092336082,-0.011998455121456031,0.0030071956856769777,0.025395237798353065,-0.01237058818655945,0.002446362063791785,-0.01459013991017477,-0.01714027195314949,0.01161574733137205,-0.02697088839013362,-0.029540090347000336,-0.033265748052165645,-0.008647613099513785,0.021562856843419187,0.02277657614587536,0.013586979995528825,0.03448591278413571,0.011975910157014491,-0.008632183779056501,-0.0066052302026157195
2023-03-11,,,,,,,,,,,,,,,,,,,,,,,0.022051846825845045,0.0374056718236595
2023-03-12,,,,,,,,,,,,,,,,,,,,,,,0.07422977009964415,0.07262583079496476
2023-03-13,,,,,,,,,,,,,,,,,,,,,,,0.09175187888693825,0.05660340137307651
2023-03-14,0.014089055347824786,0.027055791585691047,0.047766415489353564,0.0265065123894086,0.03139061877326066,0.07252623042924466,0.050320947926932424,0.02567607993918286,0.0037544346870490575,0.005618537882944308,0.017044780403147497,0.017068604460810155,-0.0062177403832326394,0.014209284609145945,0.017048132125542903,0.009825113371737748,0.005958512786039982,-0.005791064746217711,-0.005500030517578081,-0.03555555087853213,-0.016441282835362947,-0.006279265908139653,0.022669294883089997,0.013805865867504874
2023-03-15,0.002621601603598034,0.0178304711769377,0.0068569203565884695,0.01391230747297123,0.022773157513998443,0.019224909894257403,-0.015333393227232373,-0.04724404536855065,-0.049747493144300936,0.0027936815448021957,-0.006946360215907332,-0.008181250065845691,0.00938507515584841,-0.01711937717574763,-0.019349856981432434,-0.0016216361052439066,-0.023693463975009488,0.007804133170404848,0.00553044815118553,-0.04624185338153841,0.019310211460153326,0.010303692418078159,-0.014956444322371198,-0.027781826468116
2023-03-16,0.01869399256817772,0.04053635291457791,0.05419355469067022,0.03991688242309577,0.043803911088359015,0.036308343640772955,0.020393505108375454,0.019413734552011785,-0.005805861239891463,-0.002073101193130422,0.017709048196755894,0.017554969929033604,-0.005165501494533875,0.014654791138996481,0.014339955400642035,-0.0016242700802507892,0.01106361053601157,0.002020092008242713,-0.003999996185302779,0.000499813046785702,-0.007822937189117196,-0.004759863008309773,0.027766213062754286,0.012700856927151394
2023-03-17,-0.00545414941759137,0.01169441288430395,0.007204202766784684,-0.010895681300578386,0.012958621787489077,-0.045478900273891454,-0.02172378153438792,-0.037781945903487824,-0.011778892636556959,-0.010712223332286608,-0.011018795130752213,-0.012679516852115547,0.008307649400235206,-0.017521039179050235,-0.023637374533650335,-0.022690322826139697,-0.005943105212063093,0.02912021467748982,0.035642524184404945,-0.023147367315711542,0.015008657795833047,0.007241943984890087,0.0946457745317153,0.06872680134113085
2023-03-18,,,,,,,,,,,,,,,,,,,,,,,-0.01670259464889101,-0.017197040759496796
2023-03-19,,,,,,,,,,,,,,,,,,,,,,,0.039783493752593824,0.013576328363562151
2023-03-20,,,,,,,,,,,,,,,,,,,,,,,-0.00968089417783835,-0.028145110529571027
2023-03-21,0.011943868949658265,0.005693897659255764,0.011544293825429541,0.029679680207260972,0.03655411889314708,0.021990890739799873,0.07819919143822474,0.026820816570201522,0.04480234354805912,0.0,0.01306567674598269,0.014188905966187049,-0.004136806717271568,0.01544137417714575,0.018859042090336064,-0.004503552450982551,0.010930688144302092,-0.018875115806276432,-0.007249860544148445,0.024084271695252957,-0.008592380263267696,-0.0027252598506289916,0.014714466837708162,0.04116785380048826
2023-03-22,-0.00910335071414492,-0.005442346556807198,0.010267660890442398,-0.018984232685839597,-0.014773143431741076,-0.0116244236283507,-0.03254381959196684,-0.02581387827918158,-0.02288871193881714,-0.018454556148799206,-0.016404444761120907,-0.017866450435627512,0.009345870019123792,-0.02407060555312912,-0.026052195094921626,-0.03697588964495313,0.0,0.01702060989813825,0.027263848149054803,0.006206125607646218,0.013333283796686635,0.008880041392252958,-0.030820008681536337,-0.03821408090164813
2023-03-23,0.006969411737474562,0.01972157373323591,0.0273160076023935,0.00010133876939955044,0.021572872265494203,0.02237118007312988,0.0055977366381618765,-0.00267348920638133,-0.011281989881708254,0.0005295427761540239,0.003082048293530537,0.0021031196608958247,0.003086261458028483,-0.0028141328259889686,-0.004394676632113792,-0.006733655423270202,0.00488315677820883,0.012538176085624908,0.008530819996281025,-0.010063283975695891,0.0,0.002301967833644447,0.03759177902540278,0.04528246457522944
2023-03-24,0.008305721942499122,0.010480450852121015,-0.015152170430095424,-0.005875816395847999,-0.0015150343006155031,0.008468807656323074,-0.009416281069083654,-0.01521589315179983,0.0011604709377694977,0.010057533285632747,0.005656377261837875,0.0055613038239139545,0.0010257710609060666,0.006087720154735354,0.007318047445101783,0.02590491191111788,-0.0045122473095546844,-0.011252350246951037,-0.0028196133155516945,-0.0004919264333244078,0.00422902846002704,0.0020266804438229258,-0.02967065403073854,-0.035432817130064076
2023-03-25,,,,,,,,,,,,,,,,,,,,,,,5.17171735541222e-05,-0.0047259232742210555
2023-03-26,,,,,,,,,,,,,,,,,,,,,,,0.018171608313816145,0.01830062623377482
2023-03-27,,,,,,,,,,,,,,,,,,,,,,,-0.03052194511765327,-0.03391154505901961
2023-03-28,-0.003980280311568607,-0.004160888753449221,-0.004560721426216441,-0.00815996577200262,-0.013956626616017265,-0.010648897604030316,-0.013659325116185062,0.003035112263975792,0.012476338714993762,-0.00965417500458754,-0.0015538100122858278,-0.0013528442825905262,-0.001035327669770103,0.00163198759355776,0.0015977547350933818,-0.001973341966447051,0.006606428495373962,0.008189093257242153,0.009896371282591243,0.006235409452290286,0.00182118626190797,-0.001771401411617246,0.004725228944394866,0.033416577391890856
2023-03-29,0.019790833064125657,0.019184011254359534,0.021734254364853323,0.0309543624265336,0.003563364501351751,0.023271028101840008,0.024789906342217005,0.002017541018553448,0.01717682544493071,0.009814446041647384,0.014251823288803811,0.014276694690851244,0.0,0.015498359292658748,0.013104074789158426,0.02255576087360245,0.010017283043929792,-0.00496077000653139,0.00046664623142445016,-0.006196770053723655,-0.0020092832735294497,0.0010917580212850275,0.0396180637553154,0.011403627159211949
2023-03-30,0.009889787597715527,0.01261962488487156,0.014786476710971996,0.0174563591022443,-0.004931544472478344,0.01212556160470224,0.007220929756684091,-0.003020026851908608,0.00486415186843292,0.0007826049480743613,0.005841514951359095,0.005445394270579884,0.0010364006840752893,0.005478557668080919,0.0021367663166640405,0.01230357888654221,0.010601937554834961,0.009039576549164652,0.023320894941478487,0.01823847453025107,0.004601537851334214,0.0013637343286365677,-0.0111074503792854,-0.00014760076254038967
2023-03-31,0.015644311371422193,0.014962238338449563,0.014388366327660274,0.012647067799287592,0.028149538083124037,0.019726755804537532,0.06237201971890638,0.012116316484780842,0.0015529021643854168,0.010232678518900418,0.014478298745705498,0.015430364480845116,0.007679370877931024,0.016774201822598256,0.019640818274063054,0.02257108502094818,0.003384147707591989,-0.005212246135594234,0.008204206964187,0.01714639852747535,0.014980755100202359,0.005173082027953413,0.015871042968584437,0.016335306922469428
2023-04-01,,,,,,,,,,,,,,,,,,,,,,,-0.0023684272611504964,-0.004479363366151845
2023-04-02,,,,,,,,,,,,,,,,,,,,,,,-0.00745226498561502,-0.010007641085160612
2023-04-03,,,,,,,,,,,,,,,,,,,,,,,-0.014507018470504951,0.008124365544173617
2023-04-04,-0.00324958454448665,-0.0001741312146680274,-0.018308530867319983,0.015037527888523972,0.0034495144564050673,0.007743830777979577,-0.011244043709844997,-0.013368246383951954,-0.009558198099609339,0.010455804885396436,-0.00570364060727635,-0.007024740342306823,0.004102829015662834,-0.010622342811710483,-0.016411359627117372,-0.0016261656951189751,0.0,0.018640958960437715,0.04125112735460501,0.0,0.0049715326644110824,0.004055596722322363,0.0135971982612757,0.03353483092395293
2023-04-05,-0.011290201986594028,-0.009889351397833979,-0.0208355064076835,-0.027417013542964663,-0.0023872898248006313,-0.015089397750517097,-0.036660076287605925,0.0014912964219784275,0.017127448193805517,0.04492418835955725,-0.0023790451912791832,-0.003739082439409014,0.0020431954467359237,-0.006744103396895795,-0.00884661659170305,-0.005229479761916234,-0.006036171214352182,-0.0007979247786651378,-0.0013059982670280412,-0.0004269073677241053,0.01045484652132278,0.002693346734532698,0.000351267384649967,0.020368135912491647
2023-04-06,0.005495930680245342,0.02553301545886022,0.005803242145649312,0.009495540049077267,0.03780986839847822,0.021846053673464372,-0.002479553165553039,-0.0010971059078493939,-0.016582560915397226,-0.0027777279634018104,0.003789256663686791,0.003550453524967745,0.0,0.0007802826932985507,0.0006777893545273361,0.006894348032672637,0.002361710424066299,-0.007134091065472581,-0.0021796487901099004,0.0002847988762717524,0.0025868281687566608,-0.00026888640323441404,-0.004749940528704033,-0.018957173846517184
2023-04-07,,,,,,,,,,,,,,,,,,,,,,,-0.004217681389550476,-0.00389044320067633
2023-04-08,,,,,,,,,,,,,,,,,,,,,,,0.0007854922772632111,-0.008650100295806706
2023-04-09,,,,,,,,,,,,,,,,,,,,,,,0.013784839213681899,0.005347206395527104
2023-04-10,,,,,,,,,,,,,,,,,,,,,,,0.04658621825410658,0.02786922752961596
2023-04-11,-0.007591076050339929,-0.022668558996795873,-0.014866386784388008,-0.022022120390757682,-0.010240629757644393,-0.004190766564183712,0.012357047570192181,0.004926424921699368,0.007071760665533278,-0.0003044142503235703,-2.6469051187527626e-05,0.001008708258328328,0.0010265688929946837,0.007393313949060287,0.008598525468452856,0.004347695875333679,0.00708259937266309,0.006320556237305208,0.006993083943600098,0.01877863415249803,0.002060279993038927,0.00040587728788055166,0.019629666758571807,-0.009950684094362172
2023-04-12,-0.004353224611179596,0.00233360564439411,-0.024807645311036963,-0.020916697119598093,-0.006739420395826534,0.0007013645434441607,-0.03346003653646468,-0.000155792209423411,-0.0010404959042743522,-0.002130634495781991,-0.004113952281571187,-0.004534453033553154,0.001026062198263178,-0.004418639000426716,-0.006864351418633841,-0.00560173850787038,0.00267907054791916,0.004885138866613126,0.016927056169759425,0.01913607170664733,-0.0010282644223500448,0.0010812847250758484,-0.003175315803583212,0.015057915008098277
2023-04-13,0.034103612653132886,0.022399142916870618,-0.0012077478298618827,0.046713683014299345,0.02666290277583272,0.0296728044972574,0.029688716127604264,0.003813212716583081,0.004686375186175873,0.01336003950145992,0.013425471959809698,0.013159263279951094,-0.002049475439025228,0.007989010564983579,0.00981036337464336,-0.002390067479589031,0.01336019332228311,0.013515672558895409,0.013230877588759737,-0.008698015335683373,-0.007858496423378214,-0.0005398278085343433,0.00862713483952482,0.04787492592582243
2023-04-14,-0.00211403285848466,-0.012765473562584062,0.011147338944707874,0.001074224694457282,0.013404184369938177,0.005173635744079252,-0.004841279860318459,0.07550988677978654,0.002418602532814118,-0.0016255006427472463,-0.0020901912893535046,-0.0026976778502670884,-0.004106931526542956,-0.004862748162895114,-0.006403202560752885,-0.015657051493390806,-0.0032960995520294745,-0.017710313033589165,-0.018112902667291264,0.004038903534917315,-0.009146567678664952,-0.004459272668459691,0.002849851088919886,0.044221068526871576
2023-04-15,,,,,,,,,,,,,,,,,,,,,,,-0.005484641300179338,-0.004362650507376609
2023-04-16,,,,,,,,,,,,,,,,,,,,,,,-0.00010358775680330279,0.013161051129283452
2023-04-17,,,,,,,,,,,,,,,,,,,,,,,-0.028708571396173888,-0.020642838914618267
2023-04-18,0.007504769353297025,-0.0014887819420691395,0.02462793677426167,-0.004282604839014548,-0.013871818951479042,-0.0044320612960225825,-0.014595786064655836,0.011227795737847268,0.019529393026815445,-0.02812797760493635,0.0008613618569472958,0.0005984528638749431,0.0010364741121473564,0.000955274687005403,-0.0009911308410377462,-0.0027231086335756105,0.0033069997524319827,0.003880780603893852,0.0056472266803435645,-0.001552696028277456,0.003563312018864062,0.0015007660536294765,0.032348662229154,0.013627708647316883
2023-04-19,0.006968115258493945,0.00027744353709846514,0.009542010542172852,0.019550341547772243,-0.003062257986843675,-0.010050921582682393,-0.020183393575926356,-0.0012729668724728027,-0.0031641650325585635,0.009440272728431509,-7.818552597071982e-05,0.00019936497741657178,-0.0010354009458711788,-0.000801835894014058,0.0017637780325867602,0.005973088404133131,-0.005273648445742962,-0.004778520212877502,0.00345572030342578,-0.02021773274856775,-0.0009597163123392649,-0.0013621719645255936,-0.0518092051895368,-0.07989115082796949
2023-04-20,-0.005846197575214984,-0.008112403972244664,-0.029608766683910992,-0.0046980391066805405,0.010654687570030852,-0.012192816136493478,-0.09745828230593856,-0.0029034306203179483,-0.007978071791773012,0.006460333484650249,-0.005867272011319202,-0.0059815778516253415,0.004145234376336182,-0.005157023674240757,-0.0053923998364099335,-0.010942346482073706,-0.0013253321739549184,0.00393825919904689,-0.0025828440432507094,-0.024531089506115045,0.008549472786941514,0.004365967771660317,-0.020008250880993006,0.0034570346864029045
2023-04-21,-0.009780866130124855,-0.0012233626005693221,0.0005535390755693204,0.03034391291745231,0.0011396575474824644,-0.0008448195958304927,0.012822849668400638,-0.0019177413351230133,0.0031996634102278154,-0.005440802181216786,0.0009440873809485328,0.0008024969545012972,-0.002064171060704112,3.832949024906718e-05,0.0006640303652520885,0.0015437723033335793,0.00033165071963181525,-0.00988766926809792,-0.00820028197807443,0.009023677871606628,-0.005619761226447806,-0.0017660295072839949,-0.034308522518338824,-0.04791204292839435
2023-04-22,,,,,,,,,,,,,,,,,,,,,,,0.01981858797984626,0.013096627764505042
2023-04-23,,,,,,,,,,,,,,,,,,,,,,,-0.008128524647254443,-0.006491537762182253
2023-04-24,,,,,,,,,,,,,,,,,,,,,,,-0.002393679129772508,-0.010367305335802768
2023-04-25,-0.009435748300147706,-0.022536205676581766,-0.029620641545719972,-0.03427172037496595,-0.020005672248152084,-0.02462509271457658,-0.011565701922588656,-0.021743582456345667,-0.014213280125692118,0.009164263267218642,-0.015762998281528273,-0.01692889796042385,0.007209061014813223,-0.01974617571064663,-0.022251898128140546,-0.009888814792074041,-0.014243072488112074,0.005086318131183543,-0.0038994866934747296,-0.023537866475349722,0.014704475746019297,0.006506458427899542,0.02841955147295372,0.013021906854120191
2023-04-26,-6.0966601361567285e-05,0.0724346763416075,0.027247483626301916,0.023496184744855597,-0.0013480493099089497,0.008913323623852998,-0.04306963495243776,-0.017723763470644083,-0.00918290499864205,-0.01549823660992744,-0.0038573770984966504,-0.0040757846415399035,-0.004090025194511626,-0.009152611347385986,-0.008265442432190073,-0.009466838208112338,0.0003360973971979764,-0.0054373863086726315,-0.006959541061549501,-0.03342209471212576,-0.010658206802260706,-0.003500926113739755,0.004066170397882152,-0.00010148801571707722
2023-04-27,0.028395247982827776,0.03202773201900633,0.010016353866741934,0.046103983455159314,0.03741204322874059,0.13925518986943897,0.041886194740853755,0.013458535795926041,0.011953290547270123,0.0023368309531195397,0.019602402382022932,0.01872318417699481,-0.005133281768016196,0.014448052809148626,0.014956114052032898,0.022797003757647483,0.011420859912689263,5.410039265330013e-05,0.0026280975095440695,0.006884898164626341,-0.009922628972481529,-0.004325239351912202,0.036980508331842854,0.022620260136523074
2023-04-28,0.007541012025671812,0.007971743022611166,0.019209570623745176,-0.039792412663683385,-0.002323822216375282,0.0073775820650847646,0.025719427270091355,0.008683128572818166,0.012924684157058497,0.00429426482466666,0.00835567295115669,0.0084363504010192,0.007655476839009578,0.008950102472205845,0.010011205676633939,0.012601775064456922,0.001992654812044581,0.0002706525128974846,0.004805618754245566,0.025680025894265768,0.01613067759492659,0.005565427732592942,-0.00453030993708059,-0.00852560546680392
2023-04-29,,,,,,,,,,,,,,,,,,,,,,,-0.0031279011203009244,0.008667933265241068
2023-04-30,,,,,,,,,,,,,,,,,,,,,,,0.000694680667924441,-0.016759595054255505
2023-05-01,,,,,,,,,,,,,,,,,,,,,,,-0.04022160164248023,-0.023959134648528724
2023-05-02,-0.006191481074820926,-0.0004908516639319238,-0.024213076819302293,0.015482549283793778,-0.017537212596849927,-0.01620184619556464,-0.00939259874721976,-0.016147012002070693,-0.039853348801948685,0.008740914449346437,-0.01156414664675487,-0.012452699202843753,0.009326296205914852,-0.015365508569777031,-0.018258797754833744,-0.016982244472510843,-0.008637869810503296,0.019296640909943763,0.0200961557049808,-0.052592090972185424,0.0249198070987926,0.009844057826954744,0.020966033026897257,0.02119837887694409
2023-05-03,-0.0064672943960830676,-0.0033072296908458476,-0.014462936593300335,0.00019303553981586674,0.0008545545272984345,-0.00923759663970991,0.0018713932775662467,-0.021163455212486637,-0.01970933546054887,-0.013088599767828724,-0.006966953174094459,-0.00585092169058421,0.004107010861658766,-0.004744358947051164,-0.0003401630268831113,-0.003733017171490216,0.001340433194256363,0.008479075840785555,0.0034261208736228177,-0.043457539998810524,0.0055819965393024695,0.004197672287971299,0.01135862564681589,0.018100674783592785
2023-05-04,-0.009913479270042824,0.003318203752817439,-0.008632278727947584,0.0033767339022539034,-0.006830380169544847,-0.014808170611323113,0.003673471985857102,-0.013678314706190298,-0.01751131444190024,-0.004543352133352219,-0.007121960621795154,-0.00750883915386813,-0.00204499754869647,-0.006933799279603359,-0.014407305736501397,0.008278046560194596,0.0010039615437640315,0.00703295344911492,0.021766974914173343,0.0064665790211895224,-0.009878715371810842,-0.0013483609009329323,-0.005467695268338013,-0.014148388236346676
2023-05-05,0.04692692988037872,0.017156944476552027,0.04056298093449717,0.015961573674128537,0.008405705242836126,-0.0031690888905659964,0.05496278398315546,0.019534649944700888,0.02489628374558328,0.003392244548692913,0.018532241273685246,0.018914202160275506,-0.0030741631103256006,0.0167810442242331,0.022445020396262727,0.016679589456402688,0.01303918296968587,-0.015647950479605433,-0.015455339639906307,0.038385469309252684,-0.003325759353990154,-0.0036452138988886107,0.023803407820215394,0.06250016252602375
2023-05-06,,,,,,,,,,,,,,,,,,,,,,,-0.021323001096775096,-0.04753695022846638
2023-05-07,,,,,,,,,,,,,,,,,,,,,,,-0.015556145829018653,-0.014285377484394957
2023-05-08,,,,,,,,,,,,,,,,,,,,,,,-0.026733637409259936,-0.012831132355707098
2023-05-09,-0.00997125031550783,-0.005345921084581207,-0.019896331375485854,0.00746481056277859,-0.0038970474817087153,0.00042851827346956917,-0.015367597024416146,-0.004815091039924502,0.00027484558812429505,-0.007762887012303654,-0.004501027759053033,-0.004110967130655285,-0.001033116684247437,-0.0032020951763307437,-0.0031559797399707268,-0.004532286113833828,-0.0042835663293515625,0.007086162362163639,-0.0004257228173383254,0.009492695145860264,-0.0035776073157094412,-0.0010895409978066706,-0.0012817829272578907,-0.0002377312267921594
2023-05-10,0.010421071262622705,0.017296438443594297,0.01099017625334553,0.03348339526223332,0.04098732805741778,-0.001242500188467277,-0.0036062703657255835,0.0005132250059272092,-0.012827558206891854,0.0037255880277269338,0.0044949944384504725,0.004530800947845748,0.006204451642426667,0.0027030854805192295,0.0026005196170866274,0.00953524475151002,-0.00033077283445337446,-0.001428442843921074,-0.007240207819772082,-0.007399465648379122,0.009703939370173886,0.006133205268979758,-0.0013384371045779275,-0.0033547817757508813
2023-05-11,0.0010946307527648358,-0.007044195648205354,-0.010628283687465157,0.01805969525073481,0.04313197259656154,0.011626930324785345,0.021003967520705658,-0.0031504350388423807,-0.018098877148237325,-0.0040828219570275825,-0.0014916820398190866,-0.0022050816682470664,0.0020555070974981327,-0.005039981990511033,-0.006202578415929971,-0.010636592339601902,-0.004634299941866038,-0.008582755587748347,-0.04761899306882089,-0.01770460320631262,0.010571845201586827,0.0032512031205274017,-0.022481076150133283,-0.02491904665707234
2023-05-12,-0.005417722822671944,-0.003676181703229031,-0.008328272049716978,-0.01711533396079623,0.008063909446967,-0.00839730836887842,-0.023826162598143963,-0.014333145293412786,-9.48098288159338e-05,-0.001304509007869492,-0.0013364946363735308,-0.0016070150630442814,-0.0041022544805323635,-0.00039271820546626923,-0.001021545563148929,-0.00025802566081489786,-0.00399061164122938,-0.0017100802429794726,-0.008108121576115956,-0.018656131307126955,-0.008369049601385958,-0.005265523323050525,-0.007251596524522896,0.006417609310578776
2023-05-13,,,,,,,,,,,,,,,,,,,,,,,-0.0007801573211611013,-0.006584500561665818
2023-05-14,,,,,,,,,,,,,,,,,,,,,,,0.005471927993601522,0.0024419977119396474
2023-05-15,,,,,,,,,,,,,,,,,,,,,,,0.009730726801279843,0.009469003581360047
2023-05-16,0.0,0.0073676050498510115,0.00897991828585587,0.01978421437062372,0.025748949426700696,-0.00016739587960190594,0.001021930644472091,-0.006728996058386505,-0.0242697461620055,-0.0013162827639323638,-0.00633129979620306,-0.00771314675882151,-0.0020661236375670855,-0.016159949968336806,-0.015605639088119516,-0.02506677605007701,-0.007610765779449857,-0.0124993937971285,-0.013122213145774553,-0.007144003031409496,-0.003004242232096277,-0.002449771285133684,-0.005738415341494774,0.003615599828306948
2023-05-17,0.0036033211392922926,0.009451557149426693,0.033033279514159686,0.018518504813616277,0.011128790468080352,0.015367003182277683,0.04407876621166107,0.03074716785596343,0.022434882581711113,-0.00219655646292527,0.012111452695243718,0.013022476593561594,-0.0020705113008352427,0.012219920618908198,0.0187045289516532,0.0136949375475941,0.0033344973938989053,-0.0034618889303412725,0.0004585157783911775,0.032938879572070645,-0.00291604315864602,-0.0017737210646137092,0.013394867282656264,-0.0012399617404649232
2023-05-18,0.013666088126919718,0.014394782774785897,0.049705186650175426,0.022943736154795724,0.016468045803568643,0.01798030756304958,0.01742780840135616,0.007583999339157099,0.00906299187741677,-0.0032077965186377844,0.009625041965576342,0.009666110603721023,-0.005186797659026854,0.00917174874166049,0.008844546736172187,-0.005229481830522742,-0.002326320982563135,-0.012972911279784505,-0.011915684350055633,-0.00866869306224649,-0.00740888041520138,-0.004099553296637248,-0.02067950762275983,-0.011049755592651422
2023-05-19,0.0006283173211762971,-0.0005649781652038444,-0.0130690516030596,-0.01608126535201726,-0.0005699039843303222,-0.004902003843978431,0.018373000232992265,-0.002293901403231491,0.004632803917172135,0.002713192658471808,-0.0014429563295171866,-0.0021714264666062855,-0.0020854034056051463,-0.0032624695287047922,-0.007657415681491808,-0.0017523746577923216,0.0033310948204376967,0.0098988291245512,0.01391471019668078,-0.002186124104418763,-0.00707104017980309,-0.0027451819642936304,0.0021585968530852817,0.0060280790473556944
2023-05-20,,,,,,,,,,,,,,,,,,,,,,,0.008905016115201336,0.004352088491321071
2023-05-21,,,,,,,,,,,,,,,,,,,,,,,-0.013850552916312875,-0.00875959777262747
2023-05-22,,,,,,,,,,,,,,,,,,,,,,,0.0036425134576618667,0.0072059805498594365
2023-05-23,-0.015154884572666671,-0.01843202266585675,-0.01565311127531399,-0.00017393506729301844,-0.019911976947128318,-0.006362719344747636,-0.01641335799687571,-0.010432726321058627,0.013622946608325082,-0.0003824616171317352,-0.011221191664023467,-0.010860950371770484,0.0010458623937081857,-0.012141740470437035,-0.008425715093652308,-0.009768670779857103,-0.012251777880545767,0.001200731149241463,-0.007383472397267887,0.015021168854044253,0.002878583963750403,0.0006879343259533766,0.013945303754316907,0.020272418111193735
2023-05-24,0.001631986797053786,-0.004472431639487517,-0.004887988394487897,0.015305697616548875,-0.013544325081878195,0.010010568144336984,-0.015449266889003499,-0.00915123837046572,0.011184251757228258,-0.0009564670723247737,-0.007304632225204277,-0.007486615672107955,-0.00209020537000304,-0.01048460873784185,-0.011180545706053424,-0.021051873901584917,-0.01240353444576825,-0.008068450017086337,-0.016271519188538863,0.012178216156603527,-0.00494898031489277,-0.0027505485164048826,-0.03272302765106416,-0.02927157413235626
2023-05-25,0.006692190282668431,0.03845800107704567,0.2436966857530798,-0.01498929336188437,0.02133990146028042,0.013964158597889575,0.008583965973816943,0.002438169343699448,-0.0179382940809788,-0.0143623272572595,0.008803780556937868,0.006638025937974579,-0.005235457676834199,-0.000357077132278949,-0.003731513501515571,-0.0002699356043976975,-0.0030548950805487918,-0.009618027091793824,-0.01417765780831215,-0.023911167174131,-0.002486840166917248,-0.003724034259235509,0.005368887301425707,0.0032519081412238915
2023-05-26,0.014105010860422373,0.021385419791022597,0.025434320942354427,0.04443478791610045,0.009151325424628265,0.037001955043493684,0.047162123329924865,0.009361116038531847,-0.006530605643309095,-0.000388554803493979,0.013103830800564209,0.013188030224717817,0.0010529154588383438,0.010400974797288631,0.010328195041293675,0.011430101048584662,0.010554938060808317,0.003995567330169925,0.02492802182167697,0.01107827671145345,0.00807724303927082,0.0012457883157437344,0.009181223884829448,0.012589448704585227
2023-05-27,,,,,,,,,,,,,,,,,,,,,,,0.005578834405180588,0.001328048640957924
2023-05-28,,,,,,,,,,,,,,,,,,,,,,,0.0453058267244435,0.04357768640169235
2023-05-29,,,,,,,,,,,,,,,,,,,,,,,-0.0120973437068298,-0.009333783648857619
2023-05-30,,,,,,,,,,,,,,,,,,,,,,,-0.0015690671469931194,0.004198710144688311
2023-05-31,-0.00028179221242108365,-0.00851410817389775,-0.056767379705104704,-0.00887721353399118,-0.006468762842652964,0.008380515962346458,0.013770078361723614,-0.01273095212512565,-0.017877725354085383,0.004469698765732,-0.005913603517666788,-0.005915373080836783,0.0057558117488545335,-0.007548725720156524,-0.010567698373705858,0.005764604486902414,-0.009517412607980225,0.0015382006614657051,0.014554055605393357,-0.02680574942851488,0.00871688043727925,0.0032966376004577302,-0.01742420455507676,-0.014148207081263298
2023-06-01,0.016022553917544924,0.012759233179720608,0.051170706773564056,0.01816217265513176,0.0069179471454037245,0.029804791650884566,0.017604137329555458,0.013779265212601421,0.01154843205574907,-0.0033535368594828086,0.010035514909500609,0.01001708522649647,0.002081144574395122,0.008953129463605602,0.009317196716386755,0.00035268478157957084,0.014413260135853978,0.00789813034647624,0.015733463349604238,0.03166746058256331,0.003923349671481224,0.002704160313911075,-0.014683709247646393,-0.006365126223573547
2023-06-02,0.0047753076627927715,0.008479128447009598,-0.011139138912343194,0.01205508998453797,0.0076785853849281605,0.0,0.031081326211682914,0.021006021297799604,0.023219694802276036,0.0157241431927877,0.014596203875901326,0.016790948330811295,-0.005191835991096849,0.021712584746039543,0.03140815558632104,0.023710809055239812,0.01353179809374394,-0.014747450675273721,-0.01184511252140008,0.0255795732747246,-0.010957997679064801,-0.00561295008120255,0.01601855426947596,0.024194577124557304
2023-06-03,,,,,,,,,,,,,,,,,,,,,,,-0.0064023326039167605,-0.007782967574883282
2023-06-04,,,,,,,,,,,,,,,,,,,,,,,0.001622799291266075,-0.0010034418002142775
2023-06-05,,,,,,,,,,,,,,,,,,,,,,,-0.05011119223804861,-0.041621061468822385
2023-06-06,-0.0020601816124163896,-0.0067274273336520585,-0.013198677773401335,0.010454888481148839,0.01031665111408997,-0.0009950513760438318,0.017002881015874438,0.0017974443916375371,0.008167797115862685,-0.000884376575181367,0.0023772568637527858,0.004648291431654794,0.0010436094266561557,0.007936276103033268,0.020057243646290024,0.009798756142563425,0.006352490939995459,0.0010980396887689814,0.00046211779870097835,-0.003748209719584339,0.005893714058957666,0.001376789876536666,0.057402171630208665,0.040106725970251
2023-06-07,-0.007756315791834445,-0.030867882979630723,-0.030401075627489726,-0.04249267220189956,-0.03778177281184025,-0.027736720331575482,0.014730512862447087,0.009688573606144057,0.022421263491692267,0.0021498223609164313,-0.003784621036229341,-0.0023133541223675502,-0.005213711924271225,0.004777710101058208,0.014152873464798654,0.01820528316876846,-0.005647859437881375,-0.012010543410059138,-0.006466484624258917,0.014422294336750463,-0.014843607581165874,-0.005635746199211034,-0.03277624957004588,-0.027646069882318547
2023-06-08,0.015464981785320964,0.0058136665457233505,0.02761860733491628,0.024911297199049942,-0.0029388303191588694,0.0037178009072866836,0.045820870777622646,0.0002841671516011779,-0.0031327963883805987,0.010976144443967328,0.006306164262897207,0.005314032752056663,0.004193051847233731,0.0009889448958346758,-0.0033023769996436414,-0.005903714949597405,0.0076847182712367346,0.013211240429905624,0.03672705717213187,-0.019316952830863876,0.011696837456348641,0.004976343139968531,0.0061572444403654725,0.0075889075389308225
2023-06-09,0.002160007122690155,0.004703902460295728,0.006751274203623314,-0.006599595129369917,0.0007368731248704741,0.0013984710050345406,0.0406199151040636,0.0019897659230034836,-0.0073945420227177205,-0.00155979464236633,0.0012582373980609685,0.00038439753527685916,-0.0020877717882634705,-0.0014438361067599104,-0.006199167626542601,-0.005938702734143986,0.0006630706379637807,-0.0026845203333208945,-0.0013452367857941239,-0.00835169850209716,-0.0013716070678263526,-0.002063179858428632,-0.0010503081775867784,-0.003291260341800495
2023-06-10,,,,,,,,,,,,,,,,,,,,,,,-0.02375852931180167,-0.04773353454780638
2023-06-11,,,,,,,,,,,,,,,,,,,,,,,0.0034399794195076883,0.0005880658165602348
2023-06-12,,,,,,,,,,,,,,,,,,,,,,,-0.001452109670044499,-0.006208795362955821
2023-06-13,-0.002611680218509438,0.007352814088666726,0.03900497829941063,0.0007111003199982147,0.0015366859745284955,0.0009961861468963384,0.035544128242966044,0.007234212616002322,0.00018797760421596088,0.005253412475938024,0.006973584991635029,0.007711930668075517,-0.005219595351144135,0.011032259183572313,0.012717919527310828,0.006656915840403954,0.00791809378283781,-0.007367558613950331,-0.01539855768852838,0.03154046577426994,-0.009881096116223897,-0.004401551638391066,0.0006265231396582749,-0.0020034613456795247
2023-06-14,0.0034914148232914055,0.009123744544477619,0.048145090816703595,-0.001894879884926648,-0.0012921181599815368,0.007481928299500229,-0.007421371317580694,-0.0037322829301233984,-0.012025551019913427,0.0051013002051707446,0.0010633988729353838,0.0,0.001049529895982948,-0.0021676461683168835,-0.007914908798400622,0.0037303525360914414,0.004255179212385496,0.0005539277015322863,0.010579555872023638,-0.004988695874454607,0.008002974150592479,0.0008287561603601556,-0.030636253390914137,-0.050900745714856144
2023-06-15,0.011198581603195867,0.03189670443258308,-0.008000460284399602,0.005458016543269828,0.01148213646261298,0.03102238114902134,-0.0034659239799892383,0.011308309426735885,0.0069416386154577125,0.013431445334341374,0.012353431798327152,0.012282801377202945,0.006289355669476304,0.011722102697363734,0.009679919434084416,0.005490398022217402,0.009778374295435377,0.007030581691497284,-0.001365442887321322,0.025553905378729258,0.009606195319310284,0.006212107388034571,0.017979087727655774,0.00908834473998854
2023-06-16,-0.005859938397181574,-0.01657577402028476,0.0009142988281221065,-0.012744888197649074,-0.012470947295727064,-0.002944964683341822,0.01813214052015355,0.0011880535139037196,-0.00717724130270847,0.0030538785947222813,-0.0036608680377421265,-0.0040135592697774225,-0.0031251889857035753,-0.0019619669503250226,-0.004951730934420473,-0.0005879537761852571,-0.0016638340217524084,-0.0015392159510752013,0.010938913640663461,0.014824138605440185,-0.0038836730471955017,-0.00219498092605519,0.029365685552642073,0.030710561716126294
2023-06-17,,,,,,,,,,,,,,,,,,,,,,,0.006959002900740696,0.006137047622508218
2023-06-18,,,,,,,,,,,,,,,,,,,,,,,-0.006580854145875503,-0.003836597486115201
2023-06-19,,,,,,,,,,,,,,,,,,,,,,,0.019547852547670663,0.009928009075009792
2023-06-20,,,,,,,,,,,,,,,,,,,,,,,0.05498705349618893,0.03134133797581806
2023-06-21,-0.0056753725977697345,-0.01328216570488383,-0.017417027486190673,-0.00755284590127181,-0.020714754385197542,-0.00946066691330305,-0.054618400747766804,-0.0014731055359583634,0.011195600050889043,-0.0015231172082883493,-0.005193104451599817,-0.0051798317108094905,0.0010428528565551431,-0.001010369483896989,-0.002877629371805912,-0.005447291096965401,-0.00099344722814243,-0.0014464228474878604,-0.019755412595121813,0.017521945848962384,0.0024200853091729257,0.0016479708833592177,0.06000562340273241,0.05517889834423939
2023-06-22,0.01652532962047859,0.018437416972935106,-0.0004645604582244056,0.04261789623803569,0.02156770556551857,0.01150397480725518,0.019848894111198723,-0.019252554501856034,-0.005487594400947149,0.01061745483625609,0.003809742193116694,0.0025658895678957183,-0.0052088322371978135,-0.0037931070221844942,-0.006716887009172168,-0.014291789711765479,-0.004971693267071697,-0.009916979914319946,-0.014875214187744956,-0.03874539394666676,-0.012070299449485566,-0.004798479578949522,-0.0038303689299371557,-0.00955269179506646
2023-06-23,-0.0017113428668241726,-0.013805911394779269,-0.01896568001805865,-0.006300361919969633,-0.006577280563675902,0.013514407872028622,-0.030270888067223778,-0.005229780120748817,-0.00871261656815503,-0.0008451961253962414,-0.0076646228820478335,-0.00834132379656427,0.003141996545057424,-0.008641466663675823,-0.013071262877896506,-0.013978146301522831,-0.01499008839058158,0.0027572461643308177,0.00243542305836697,-0.0015995247614548624,0.009969689527226766,0.0028927355723042947,0.02618280743799839,0.010635170133588723
2023-06-24,,,,,,,,,,,,,,,,,,,,,,,-0.0047815994828226405,-0.008876699741769856
2023-06-25,,,,,,,,,,,,,,,,,,,,,,,-0.002240147837737516,0.01303072137420247
2023-06-26,,,,,,,,,,,,,,,,,,,,,,,-0.006861189753050945,-0.021611739163331922
2023-06-27,0.015058880581018563,0.018167785281376192,0.03061622466730829,0.014529104045574393,-8.443885505593496e-05,0.03081107439869535,0.03800042956291749,7.148457858141555e-05,0.0024930566801100174,-0.0020778133036523094,0.011450780605734678,0.012181054047442963,-0.0031251889857035753,0.014680289007543701,0.016875167806126967,0.012479504557984633,0.007427420166711496,-0.004593535884055422,0.0038277476156087786,-0.022796115345305457,-0.0026100645118797283,-0.0019207085995351925,0.013776598074988877,0.016279430380120807
2023-06-28,0.006327893415331243,0.0038260590538914396,-0.018124769634187077,-0.001083754432466999,0.015634208854229836,-0.006131269732794431,0.0240996896954786,-0.004382078770844178,0.008130099540776481,-0.0020210881159532512,-0.0003516068346164358,0.00037907062407294134,0.0031349864107046432,0.00026111109724547,0.0025695925650695006,0.0013325639767953756,0.0,-0.002307409851291853,-0.0066729929791750076,0.01990214087907427,0.004264742201887106,0.003161455486141662,-0.01961401038928634,-0.03266765501002877
2023-06-29,0.0017965308347553943,-0.0023822073816128775,-0.007174825770877802,-0.008834406537251538,-0.008986495581641218,-0.013179536141736281,0.004917303362650394,0.03492316147631258,0.012334007318461238,0.0069955076930767746,0.004582371357976678,0.005020314217914379,-0.007291923705616266,0.006598314686843576,0.011640399763902742,0.011160658481482066,-0.002010795228223672,-0.001071764681377263,-0.005758197617791172,0.007037725903508818,-0.0180481835081453,-0.007535670917966808,0.011935868224670187,0.013269412357076016
2023-06-30,0.023102573138457316,0.016385732727040025,0.0362549557495393,0.019233769000189582,0.005037683320596509,0.019358498926731027,0.016582481606492783,0.014013821654882852,0.00515456268771497,0.008653464912904862,0.012303562135173252,0.011498684294697137,0.004734501508317113,0.0097770561132835,0.006122760390029569,0.005179029639875932,0.01074547651036517,0.006663323502016594,0.008204637158669037,0.009371031784741524,0.011794377792288868,0.0034516007748510713,0.0010477918298796851,0.04371043993566137
2023-07-01,,,,,,,,,,,,,,,,,,,,,,,0.0037019798257575953,-0.004460529742211228
2023-07-02,,,,,,,,,,,,,,,,,,,,,,,0.0010033124506771962,0.0066884882472737495
2023-07-03,,,,,,,,,,,,,,,,,,,,,,,0.01749367929268808,0.009265226747700916
2023-07-04,,,,,,,,,,,,,,,,,,,,,,,-0.012159843310882601,-0.009591755757138554
2023-07-05,,,,,,,,,,,,,,,,,,,,,,,-0.0085586975402272,-0.013448869712526457
2023-07-06,0.0025086775601175226,0.009226735242017226,-0.00505715917854177,-0.015493205988729275,-0.013470162731848423,-0.008085104604521498,-0.021028045208104085,-0.009887034488731627,-0.03732103695526734,-0.007431997195150308,-0.00784786422174677,-0.008768756775934694,-0.00632238683659081,-0.008448047510711265,-0.013192657255961526,-0.007179932726739446,-0.016689001865107023,-0.002980200124891419,-0.017916038527544753,-0.002939731085965236,-0.014142959944019706,-0.006388543790512458,-0.019821224171432172,-0.0324253777759973
2023-07-07,-0.005891237562851148,-0.011867557600470757,0.009500447389238165,0.011062622017709689,-0.005245033818350842,-0.0050000900622946265,-0.007630056425625198,0.007890827147137625,0.002331872247033129,-0.01454182133991222,-0.0027022462290619,-0.0010351523750996572,-0.0010601181447383867,0.004000672524811177,0.009732738316093004,-0.002522554310527725,0.006449570034546381,0.007500997402107412,0.016802706805169043,0.021880756972300297,-0.006019245542907781,-0.0005589583167998624,0.014474667943441766,0.01188230609685803
2023-07-08,,,,,,,,,,,,,,,,,,,,,,,-0.0016387902600796256,-0.0027066082588487195
2023-07-09,,,,,,,,,,,,,,,,,,,,,,,-0.004004505286051452,-0.0013560608539179286
2023-07-10,,,,,,,,,,,,,,,,,,,,,,,0.008061862007427312,0.009418432035694924
2023-07-11,-0.002809832536996959,0.0019287785464063845,0.005334251941671919,0.012978852839820476,0.005925202419809317,0.014246658032518678,0.000667717084456676,0.015638914706809004,0.012226732148394204,-0.005516458951611125,0.006757492205046622,0.007786843941477217,0.005307674153361086,0.01263290753889823,0.011897428331291593,0.014266156726717716,0.009757747771795167,0.0037476125602418087,-0.0018831924957504187,0.022734175205306295,0.005140991815107965,0.002090756771752522,0.006788889103658935,-0.0011806808443571848
2023-07-12,0.008985353585166278,0.014226657994558467,0.03530252847324422,0.01568569880112225,0.015280950496568302,0.03704448396356508,0.008154422401772665,0.004951781031927949,0.004906906950587153,-0.003467433890134042,0.007419984301592297,0.0073543500964619035,0.007392047651872735,0.0043986559483617516,0.0080443463782216,0.004881840081869759,0.0166611972619346,0.013541420874312982,0.04481126516049705,0.012531761637814665,0.011131097334878826,0.007927545311876116,-0.007488490028050299,-0.0033126606963430616
2023-07-13,0.004057469935744296,0.01619241760479717,0.04726436623283625,0.026758409161619312,0.04717064545508576,0.01315701296720495,0.02172875427149612,0.004859911844478537,-0.01831152243911971,0.004617996284274506,0.008576510256749437,0.008964119107142343,0.006289026053254876,0.007000208809471387,0.0070594833549659786,0.007081065194791902,0.015732627729072357,0.0007146999149643118,0.028442486634996822,0.017975446322934463,0.01051225884235829,0.0060719785946063976,0.03568093437476372,0.07178928293005193
2023-07-14,0.0007875265912933305,0.007529311332648003,-0.01104899112618174,0.002829408900884234,0.007066011163257446,-0.014485586789132254,0.012522529912772917,0.006045754412400184,-0.03443660741616861,0.006674453946705627,-0.0009847953735518944,-0.002198314627867126,-0.004166480928394223,-0.006808838833128217,-0.010464160106394171,-0.0018804648922453593,-0.004195038877869539,-0.0031866482531699436,0.003511849047175497,-0.02344760751274,-0.005888353424137294,-0.00466367106352894,-0.036280934592069825,-0.03347323429785665
2023-07-15,,,,,,,,,,,,,,,,,,,,,,,-0.001261344778969442,-0.004063477540406812
2023-07-16,,,,,,,,,,,,,,,,,,,,,,,-0.001540603578530031,-0.0040304440984128
2023-07-17,,,,,,,,,,,,,,,,,,,,,,,-0.0034131272874816654,-0.0062566304215256885
2023-07-18,-0.0013404133550782849,0.039799787016288724,0.022233766131320998,-0.005465676406731013,-0.00714000162180195,0.004603657953947238,0.010193509901870401,0.0018255854918003411,-0.0045374310795850414,-6.28793517013504e-05,0.007114165882258439,0.007583440613330383,0.0010452720843125984,0.0062489330173927105,0.009173414018490034,-0.006017154089789423,0.0035679564207364844,0.011456278139590825,0.008775728282422124,0.02072690320615611,0.004539216873130636,0.0012390531641637281,-0.009597533349379406,-0.007348051957174251
2023-07-19,0.007071810402134782,-0.012267169180972481,-0.008780003314968088,0.019046892602732513,-0.013978742580103787,0.012690480912187274,-0.007090702250741598,0.003839774705620025,0.006936363885386321,-0.0020116411158122016,0.0023784423392536613,0.0026296548603101932,0.0031313286285827857,0.0029097313695642946,0.005049899371812883,0.011360893851593001,0.0,0.00016335645500209495,0.0047847155914177986,-0.0039728759079411535,0.011296721585159819,0.0023369937809474273,0.0019212301525000086,-0.004527462068031229
2023-07-20,-0.010097442191016381,-0.02312171306700117,-0.03307360432148598,-0.03989357175040831,-0.023191011524935412,-0.0426885725272812,-0.09737009860008494,0.012317367890580355,0.01761455051100702,0.06072823980460207,-0.006667499991554138,-0.0072353348591498445,-0.006243547844604902,-0.005449024324998497,-0.0076373944839958074,-0.00295180714059462,-0.0054945102951247105,-0.005063389149303599,-0.018181821184334646,0.005318371951060108,-0.01214211000348664,-0.00466367106352894,-0.0040752996439197275,0.0010382072011101418
2023-07-21,-0.006161613897809115,-0.008937089532655818,-0.026603742047304535,0.00030773533446226686,0.006879323374017643,-0.02730405996874674,-0.010954754468143868,-0.0076849095631670306,0.004641807586301283,0.010749616095676817,0.000334433676813628,0.0,0.0010473503949139928,0.001387721083710547,-0.0025316380358407775,0.0039473014391209205,0.0003250597407091771,-0.0030645332195952113,-0.004850115029604307,0.013813295662849168,0.0002952502667796786,0.0006891608036816432,0.0039181140710413676,0.0005875092853386832
2023-07-22,,,,,,,,,,,,,,,,,,,,,,,-0.004578641136054662,-0.014358654754347167
2023-07-23,,,,,,,,,,,,,,,,,,,,,,,0.010504447141318263,0.013019001578937539
2023-07-24,,,,,,,,,,,,,,,,,,,,,,,-0.03016908602087709,-0.020744097184215993
2023-07-25,0.004513550435651936,0.017008969298443644,0.023917144760823517,0.002562125956798944,0.005595304142359314,0.009807538681799066,-0.014048906614123058,-0.007468195621167184,0.0015162503309529285,0.0076573857115243005,0.002830201457428405,0.002542199367635112,-0.0010487801852427925,0.002948053993385935,0.001115559910487729,-0.007471766675746339,0.005188004565859439,0.005567859975791123,0.012987054031266432,0.0066487650936595255,-0.0018746103378479706,-0.0011033478073708691,0.0017299501204297574,0.00418370782813593
2023-07-26,0.004544925792266286,-0.03763741397416276,-0.00496927695089755,-0.007589335934878205,0.057769674997858234,0.013923455670843854,-0.0035057022016762307,0.005994118977606933,-0.005582742992162548,0.0019142080887419866,-0.00014227002174793668,0.000633812885943108,0.0031484242079184988,0.00038991658110676397,0.005368059602917974,0.004909498774070986,0.001613038897668062,0.0048791150253855164,0.01282046849776064,-0.007026418975105142,0.0009885034429293338,0.003313816594450625,0.004365152978824893,0.007761018047494739
2023-07-27,-0.006580775884603707,-0.020872246226870228,0.009856569936508297,0.0007803832093540297,0.0010053086054631066,0.04400968172204123,-0.032683938680391544,-0.011029459789852814,0.0031399274094059404,0.005616024428052313,-0.006356607472865594,-0.007330334078708534,-0.008368710466337137,-0.011258487169420905,-0.012492573612750912,-0.021985122081327857,-0.004186798855848051,-0.01571197400361901,-0.034919216167123346,0.010897206384936853,-0.019453024936567198,-0.008532933084227201,-0.004915119656712763,-0.006304340937255626
2023-07-28,0.013507953203470535,0.023131600648439665,0.018518404539561217,0.030877245332297854,0.02457506632510742,0.0441756749316351,0.04196157931177735,0.0057044178036742554,-0.011952147228928567,0.004548197363010376,0.009977738963249383,0.010575197268102965,0.003165029963346333,0.006051365734424108,0.012140627216853161,-0.0006660212274682831,0.009378983007806152,0.007981390400291666,0.009497923051812851,0.009239759623338895,0.005135986089544575,0.003470684502122179,0.0037163327075591113,0.007733834924120275
2023-07-29,,,,,,,,,,,,,,,,,,,,,,,0.001284885528077373,0.0033732454481110175
2023-07-30,,,,,,,,,,,,,,,,,,,,,,,-0.002779902682116475,-0.010326601736203367
2023-07-31,,,,,,,,,,,,,,,,,,,,,,,-0.0015438698273756435,-0.002944411447533879
2023-08-01,-0.004275962801799094,0.0012502453303713246,-0.004750918676791671,-0.014886223394710907,-0.008815369324642996,0.012900203850019887,-0.023781870118334214,-0.004937973570454113,-0.005781497785381395,0.008117969639706901,-0.0026434800269858894,-0.002789130688671926,-0.00525217526069921,-0.0034006800456856112,-0.0036988033138609655,-0.0019031291815254647,-0.009916768670573117,-0.010364679607279714,-0.01762889418754643,-0.0028700162597760093,-0.01638677814417122,-0.006188731806683556,0.015245275282999904,0.008420470716144157
2023-08-02,-0.015489837962324504,-0.02628279522117183,-0.04812170933738591,-0.026425663778747666,-0.024097398647649038,-0.026029657773223303,-0.02665954157355066,-0.011324637580316765,-0.012474155402684706,0.006039302087178733,-0.013818811147256693,-0.014254716905050535,-0.0031676098978906664,-0.011516119077387255,-0.014148198095493725,-0.005389455795639986,-0.02003239351557251,-0.004765602229612864,-0.024226150441796324,-0.02028502941489252,-0.010699315251146757,-0.0032045878187515475,-0.01764989082843693,-0.017471166978973995
2023-08-03,-0.007321778578768701,-0.002564873051300376,0.005556931534105303,0.005459768439170398,0.000545266463931382,-0.0035632244083758646,0.020502958173047814,0.006113214285154989,0.017380566882148285,0.004296565554495091,-0.0025192416341727197,-0.002562690010729063,-0.006356020899155768,-0.0036316313058147864,-0.003053393893551748,-0.011003553242564523,-0.0019782411301383362,-0.0003341470787491252,-0.0055172799647539295,0.023223222646278963,-0.023070991937921392,-0.0061492541544465595,0.0009166006009861949,-0.0021495672689105794
2023-08-04,-0.0480199710706698,0.003428688340150421,0.003706703772868858,0.08269337801006271,-0.002646933906840676,-0.007854693184579098,-0.02105509239416581,-0.002110563820269973,0.0028004562686974044,-0.009376796567515222,-0.005219942348882012,-0.004863372838090685,0.007462229611023163,-0.006568515457302859,-0.0015313728312275066,-0.008428884712229134,0.0023126601052563256,0.003620414278603157,0.0013869943508793003,0.008887086837614966,0.017712190169267172,0.008297076039238016,-0.0035843942133476636,-0.00404524899760117
2023-08-05,,,,,,,,,,,,,,,,,,,,,,,-0.0010994270766331304,0.0039803978247232585
2023-08-06,,,,,,,,,,,,,,,,,,,,,,,-9.347950838400898e-06,-0.004101323417211589
2023-08-07,,,,,,,,,,,,,,,,,,,,,,,0.004776645775930843,-0.00028629506333388566
2023-08-08,0.005311626544960424,-0.012298794134033342,-0.016579506533605626,-0.016031491771390738,-0.0009882692013021277,-0.012383079728767288,-0.006959634206558429,-0.005613621253070078,0.004944067829722343,0.0004622630877757494,-0.004217716227903123,-0.004755912659979433,0.0031776755343655427,-0.007535496599591629,-0.007732110792148417,-0.006379714482064092,-0.00819672857636955,-0.006341080194621318,-0.01461572274038081,0.0032511225245419606,0.011613362335186173,0.0036321734924762428,0.020044635853149417,0.015801585470487156
2023-08-09,-0.008954216807804727,-0.011716062964588603,-0.047241722037709044,-0.01493494570121734,-0.013242021482427813,-0.02376539869864891,-0.03007606967809695,-0.01340817527688376,0.01698706798077576,-0.0006351268159492385,-0.006954907885675765,-0.007167704751219528,0.0,-0.004032802940467706,-0.0063571649316420675,0.000337869770301813,0.000991736423446632,-0.00475820704444585,-0.0047847073346865,0.014042680931828588,0.0051711989648046686,0.00027864920182696373,-0.006853508270246889,-0.000813535740253668
2023-08-10,-0.0012348377984943149,0.0021725605926066205,-0.0039009334088004888,0.005150463718840648,0.00023126001825168885,0.0017364272528079816,0.013006292021680244,-0.0014952138595805131,0.005111376925377886,-0.005200403555143174,0.00038767984729592975,9.262090359341002e-05,-0.0052794611145949855,-0.0018235511662182402,-0.00247652391700226,-0.004138135949778299,0.003302444182279096,-0.0010686044760203073,0.0014423407570156588,-0.01198404186637958,-0.01646275758297866,-0.005565669633628367,-0.004461964714047806,-0.0019113379853046286
2023-08-11,0.0003377114800882097,-0.005945710675801297,-0.03616599752807348,-0.0010825194798443905,-0.0010022904751443296,-0.013410117016482093,-0.01096438608281991,0.0057956952694500075,0.015528491088197871,0.009757941943847603,-0.0009205361183958205,-0.0009255375669636745,-0.004246455283283157,-0.0010601393206163268,0.000930940498844679,0.0017808562609340495,-0.007899941737450566,0.0,-0.0014402634064037967,0.000673895603967356,-0.0023014681637696377,-0.003218369383950148,-0.001083159880198692,-0.0019608383726750223
2023-08-12,,,,,,,,,,,,,,,,,,,,,,,0.0006207965516027425,0.0009558116061818556
2023-08-13,,,,,,,,,,,,,,,,,,,,,,,-0.004523080645381872,-0.005197573554549306
2023-08-14,,,,,,,,,,,,,,,,,,,,,,,0.004286776125049352,0.0026671519533285615
2023-08-15,-0.01120022861366321,-0.006727544269336527,0.004273936447990678,-0.020630355012962953,-0.011802199784683998,-0.013847459862577072,-0.028361644764614224,-0.025457301138785193,-0.025673289502117114,-0.002882621699130339,-0.01140288993219285,-0.011612810844699117,-0.002134164549654205,-0.013375370834334599,-0.013121301697460952,-0.01210048286128329,-0.011336915363055144,-0.002654474343068869,-0.002413090671693263,-0.016122406874042317,-0.006095330296936541,-0.0022492241566389737,-0.008096168172366025,-0.009355376145865901
2023-08-16,-0.0049592632259995995,-0.0024285147436268195,-0.010332408280349314,-0.018885675014943426,-0.008321870921646601,-0.025368386977300594,-0.03159340830287438,-0.004243176018487005,-0.016826981616384296,-0.0031802326878548337,-0.007388753977577545,-0.007646408135554061,-0.003209051484136971,-0.007334533225583084,-0.010678430870075029,-0.011903790479538268,-0.0074200448092157645,-0.005776029417432049,-0.005321751811589004,-0.01721288836027801,-0.007824371945731934,-0.002817034876446578,-0.016063173634291772,-0.011644479943617059
2023-08-17,-0.014555092892366117,-0.010986036535721833,-0.0032652107348378756,-0.008069975106044458,0.009479287969465844,-0.03126196017854954,-0.028280162722535862,-0.010386443235798293,0.019371863853124394,0.009397169984502574,-0.007517519996480426,-0.00836317047339219,-0.0010728637059412849,-0.01007465438007249,-0.012592428859824145,-0.00820594699985211,-0.004417194698405402,-0.0015378724223797935,0.01167314092180427,0.00854701677002212,-0.004262275353016709,-0.0009885624972542084,-0.07097917151940503,-0.06685956876976196
2023-08-18,0.0028162116266545745,-0.0012620977621692342,-0.001038358581356813,-0.005672447612115605,-0.01893455269442479,-0.006453816550903713,-0.017014851321818125,0.00228733070330156,0.015129150358119237,-0.008735258911555244,-9.891684101115406e-05,0.0006634672916097095,0.002148258352008048,0.0021862534911483156,0.0038580208164251673,0.0028166556669551035,-0.002730377751935076,0.00017112823031739666,0.0033654617663698705,0.011253091425644124,0.003531451979889244,0.0021207516924397485,-0.02306411031148714,-0.014237003254733094
2023-08-19,,,,,,,,,,,,,,,,,,,,,,,0.0017907574452629138,0.005133737190461396
2023-08-20,,,,,,,,,,,,,,,,,,,,,,,0.00357825614760654,0.009212569995102449
2023-08-21,,,,,,,,,,,,,,,,,,,,,,,-0.002498831574187843,-0.010435935786971329
2023-08-22,0.007904930133902699,0.0018017450370351185,-0.02765762831476304,-0.0031926989840012077,0.005530930430628134,-0.007933922070999744,0.008258403978685713,-0.02073846125789003,-0.005611087837310569,-0.00794749497808167,-0.002753512873958197,-0.0028236203038567442,0.0,-0.0021064983162338846,-0.003950872671666383,0.003365245442584097,-0.0003415303457062757,0.0016495566176504273,0.004681576370022755,-0.004133412016937288,0.007674285530397729,0.0012763705256184643,-0.0035401882238949023,-0.020018643652328416
2023-08-23,0.021948886798369482,0.014079443277746684,0.03170701347565008,0.009459994580714559,0.025487947381444,0.02308780009530831,0.01573823118710882,0.00676305442768399,-0.008788260756040223,-0.008974817425964177,0.011044774582603223,0.011138295776829121,0.009688088297936881,0.009498561808708006,0.011256364874365321,0.016063589412766754,0.010249339812762548,0.01016464068195777,0.03867669461622825,-0.012728253797492095,0.02477712726389747,0.00906238260949288,0.015365306423789304,0.027775287399602888
2023-08-24,-0.026170474162876767,-0.021498442354858427,0.0009974452114120957,-0.027154721211281152,-0.019566268230564066,-0.02545527488759569,-0.02879341090367582,-0.0009499079105736996,-0.007466247878933241,0.003403483439886612,-0.013386815169028732,-0.01344302361285532,-0.003198114455084111,-0.010902393567678859,-0.011555252970968266,-0.004517047711284139,-0.00980717570779599,-0.00022482031744353037,-0.008075383480598775,0.0007007154054110565,-0.006593879138602987,-0.0023858154218292515,-0.01018731988472621,-0.011510825045927042
2023-08-25,0.012643124843549458,0.009407229624053048,-0.02427747162016025,0.010770617478674804,0.0007704305460833893,-0.004359404200100281,0.037167463490241914,-0.001222597364180178,0.01786559194559234,0.014338127019715818,0.0068460821317155585,0.0066238341708282356,0.0,0.005058142986972269,0.004611874499294899,0.0014833149726916073,0.00341523243806785,-0.0012932863561120334,0.004975065579664983,0.014563691819058588,0.003266359811235242,0.0,-0.004384352975912553,-0.004222744282248891
2023-08-26,,,,,,,,,,,,,,,,,,,,,,,-0.0015051281432193475,-0.004010015919243992
2023-08-27,,,,,,,,,,,,,,,,,,,,,,,0.0031232321991347956,0.006806932390764242
2023-08-28,,,,,,,,,,,,,,,,,,,,,,,0.0006307866874213364,-0.0030501503607176517
2023-08-29,0.021810141226042523,0.014550479495265112,0.04161404977728922,0.013294308852149106,0.027173535853657782,0.026631257787680385,0.07687791972402569,0.008132165308464945,0.005954615552074438,0.00012178590777933707,0.014539089805077676,0.014756781225487625,0.006403168483602784,0.012860607797442913,0.015141806845921923,0.01183083057137968,0.013823201527985773,0.009768091768254772,0.022052195601269364,0.012567269530342928,0.010386120627994266,0.006178338318192811,0.062101924766441385,0.046759638502996026
2023-08-30,0.019172428943103448,0.001157073373474038,0.009839462432118085,0.0011860029483812262,0.009734777641462689,-0.00969819389059512,-0.0010887269121663268,-0.00403333786742055,0.009744041379657897,-0.0035298603795035355,0.003991355410708053,0.004141628024941113,-0.0010599018909034363,0.0041586918912781545,0.004589657633461197,0.00409661479350798,-0.0006650461770391081,0.0025018747942815445,-0.006164658533348799,0.004637260893348927,-0.0010381960564006532,-0.0004191407943933134,-0.015512708305083889,-0.014229727451396501
2023-08-31,0.0011724855195733852,-0.0031325784277542734,0.0018471541187250473,0.021766395374215985,0.002134049272443983,0.002677042285698983,0.004593198535678855,-0.012351301122366598,0.002795749333960096,-0.012520678770766014,-0.0013650205416116945,-0.000916557652788752,0.004896675219169477,-0.002492100696148025,0.00020764893574565235,-0.006629974842311204,-0.005657381032899145,-0.0016637258183913595,-0.007975201932194032,0.019006161103471753,0.004468873726261258,0.001675732391094309,-0.0500340578984273,-0.03487924317662894
2023-09-01,0.008463201745065874,0.002745716526573183,-0.017141151875566973,0.0007970481467276525,-0.0037451626300830654,0.0016560936335299203,-0.05064318329763218,0.003348583840790287,0.020955021771276394,-0.007422368058060291,0.001846594131797552,0.0030275384291706953,-0.005296871630519728,0.00466628371403166,0.009965739267199236,0.0002568186442903908,0.0030121207203313016,0.0004999240959600026,-0.009825784696367856,0.024780184796830085,-0.015578199391568015,-0.004808066054959426,-0.005042060225742162,-0.01042023648557433
2023-09-02,,,,,,,,,,,,,,,,,,,,,,,0.0026384615075991658,0.0052405439035725365
2023-09-03,,,,,,,,,,,,,,,,,,,,,,,0.0038953327054152,-0.0005544903878390572
2023-09-04,,,,,,,,,,,,,,,,,,,,,,,-0.006051329012069284,-0.003949839574139524
2023-09-05,,,,,,,,,,,,,,,,,,,,,,,-0.0012565113521479931,0.0024386268424532176
2023-09-06,-0.035793380395414576,-0.002008596547019459,-0.030549765236507653,-0.013914209970579572,-0.009648736538919622,-0.0032649726901050613,-0.017817428513501543,-0.001652287610916181,0.008632138502989717,-0.016616992564181254,-0.006946640510098745,-0.006439138786835441,-0.0010710990822349054,-0.0014425737864643962,-0.0030424314788422002,-0.0012977233967071955,-0.0033578915828846867,-0.004534245193468567,-0.01621122644724826,0.009773591640397372,0.002459295481118673,-0.0011293845021074223,-0.0010374752516241204,-0.0008429544668591138
2023-09-07,-0.029249351659740075,-0.008922033548595443,-0.017424204693360812,0.018395430569861038,0.005949606950415021,-0.0016714520351455153,-0.0017068620153485314,-0.008554399409408386,-0.004890425289297173,0.012783940010186345,-0.0030740184554455263,-0.003518228426462433,0.0021439319168417015,-0.0035186750090135943,-0.00841816985457089,0.005803862677247196,-0.006064695125796105,0.0010684498647577367,-0.008945411304381312,-0.00725929341815057,0.002773260816081091,0.00339258007293175,0.018908652030005024,0.009401700388986578
2023-09-08,0.003491895816080559,0.013215576169250731,-0.014467697982305405,0.0027565441218631026,0.008280618103252646,-0.002611369373759498,-0.01188916230408743,0.0007654966498231719,0.014567863461207864,0.003311953947012336,0.0015053347773894554,0.0012079235966091506,0.001069279246439736,-0.0015983246912908422,-0.0018043133768761432,-0.004822906838485408,-0.0006779666751677293,0.0003370270596214642,-0.0019001904811610792,0.00449013620549632,0.003829545223584585,0.0002815315315314315,-0.012749181613965876,-0.006955851709160243
2023-09-09,,,,,,,,,,,,,,,,,,,,,,,-0.0003851113886439439,-0.0005961990834902897
2023-09-10,,,,,,,,,,,,,,,,,,,,,,,-0.0024502611024840304,-0.011212034116571123
2023-09-11,,,,,,,,,,,,,,,,,,,,,,,-0.02592003689674205,-0.04032038506124014
2023-09-12,-0.01706064893417958,-0.018257847149140916,-0.0068176516052103064,-0.013067856717097759,-0.011539688036609097,-0.019183259904140715,-0.022296863386701782,0.01301372486535124,0.029169396367223266,0.005656066864494269,-0.005659325001638238,-0.005071317638113637,0.0010705364710981158,-0.0020429680400708694,-0.00021238439636539486,0.0003462766638557824,-0.002688104611296649,-0.005156651253074851,-0.001417801836571253,0.016970705053575674,0.005763389389729756,0.0007053764115849681,0.026654161568650414,0.02628947992827646
2023-09-13,-0.011854653136554982,0.012930812614321052,0.013706356912489337,0.025632022130484877,0.01012273024638688,0.011270790786545026,0.014281354305895722,0.0004784632226999541,-0.008936946820042646,0.002506291357149193,0.0012351813108846255,0.0,0.001069279246439736,-0.005248558808559678,-0.00743250303106302,-0.01124479310208193,-0.001684707596807944,-0.0023100098564432514,-0.009465161549185974,-0.00025089891884677584,-0.00021227590182404388,0.0015509005832807787,0.01528956036711282,0.009770657090104162
2023-09-14,0.008782275233666592,0.007855620018617948,0.0021106497803493607,-0.0008975138235036706,0.010167472730088223,0.021831909510956038,0.017471511114000693,0.01939747563165728,0.017863454285254488,-0.0015243569278989844,0.008708004155816296,0.008897058575558559,-0.002136386501028542,0.009990994151028554,0.012301956955342863,0.018458643973058075,0.011137441124161596,0.0005082241752882855,-0.00955569804220191,0.01807231972754786,-0.0072180981853664505,-0.0016894226271838564,0.011870739692642074,0.011807198586281986
2023-09-15,-0.004153767946098563,-0.025036846308646443,-0.03687938724520723,-0.029919857618376344,-0.005068662790101763,-0.0366034860303136,-0.005977372284481253,-0.00294799044683669,-0.01535618129745675,-0.013985752085974634,-0.012109967644435393,-0.01175825308943812,-0.00214186059778787,-0.009039926568678691,-0.009193846026789187,-0.004208943148476418,-0.0021473856573878125,0.006603816566220333,0.018330973299878872,0.0020956381063790275,-0.006093911852006029,-0.0019735363849456844,0.0026006171627044328,0.009014288078772026
2023-09-16,,,,,,,,,,,,,,,,,,,,,,,-0.001518755875352329,-0.003909931338625383
2023-09-17,,,,,,,,,,,,,,,,,,,,,,,-0.0012832501161511578,-0.007537174515831024
2023-09-18,,,,,,,,,,,,,,,,,,,,,,,0.008294723552398242,0.008904027674040194
2023-09-19,0.006180857860220046,-0.0012459154439349307,-0.01014415793608403,-0.016788047695762587,-0.0012303691118467075,0.00832936522620642,0.004598918977371191,-0.0012741326479923654,-0.002635237253990952,-0.0016617683190174315,-0.002158840431998321,-0.0023240220472867668,-0.003214827767911488,-0.0019483791480977564,-0.0033184669843864256,-0.004439929418331268,-0.00033766786667377424,-0.0009476457412548323,-0.001408393444666367,0.000613911032919745,-0.007380528987180002,-0.002116787131761222,0.017075246134672373,0.0037851668963293505
2023-09-20,-0.019992430766949565,-0.02397687846171659,-0.029434673849488058,-0.01700219075536713,-0.03115008977501077,-0.0177009119543714,-0.014671683535119606,-0.004230300219915439,-0.007926246146821025,0.004377334194758387,-0.0093104276559004,-0.009014797514963924,0.0,-0.004117764880884001,-0.006662273146716191,0.0014865023132923927,-0.0033772603531556644,0.0007253927124595272,0.0032910057977300067,-0.016687124053393454,0.0031252935621397526,-0.0012725042301587886,-0.00290724465500225,-0.012566772911124402
2023-09-21,-0.008889232162112903,-0.003865764189548093,-0.0289306886972871,-0.04405345369833069,-0.02467474172713524,-0.013147830963526341,-0.026238620989897266,-0.007821980062687861,-0.014089346024233285,-0.007672917410098012,-0.016391054975268382,-0.016891587587878898,-0.006452200535332797,-0.018878061061831874,-0.018775683280232824,-0.03466338339768382,-0.014910315543789299,-0.007248413758109917,0.004686053456171013,0.0033691574060057405,-0.025673813207170437,-0.006230516954128573,-0.02080107760178318,-0.02377462631781635
2023-09-22,0.00494442174221299,-0.007886530224592625,0.014457443131339343,-0.0016238050792075631,-0.0014565176007572678,0.011327893307007786,-0.042315182614647506,-0.009582852830561595,0.001568547154195521,-0.007175548157999367,-0.0022701196965028148,-0.0021119124451367544,0.0032470508911646156,-0.0020048913618168074,-0.0028760149038534744,-0.007326310588158802,0.0020640547211463467,0.0032013033173832195,0.006529822115724615,0.0027358982873950666,0.008047972404694681,0.0041321028755809674,0.0004492514240630463,0.005656292418244391
2023-09-23,,,,,,,,,,,,,,,,,,,,,,,-6.686879658768241e-06,0.00036998008129596194
2023-09-24,,,,,,,,,,,,,,,,,,,,,,,-0.01213588594546644,-0.008159068286052618
2023-09-25,,,,,,,,,,,,,,,,,,,,,,,0.0015864178176880905,0.0047249684583838825
2023-09-26,-0.023398577596678627,-0.01700569883598768,-0.0073656653021724194,-0.040298626825268746,-0.01937299628690059,-0.006216029253923172,-0.011619945391094011,-0.010378897571210355,0.0015487091326371605,-0.0077374215222048015,-0.014667690974274117,-0.014467838557360668,-0.001085533612858569,-0.014296294764301165,-0.014254130198878334,-0.018423916268086038,-0.0130900237344862,-0.007990985893820302,-0.011320833482532322,0.0060952589562106585,-0.0034761647466602374,-0.0010007132891062254,-0.0030887894396227633,0.0032073833529786544
2023-09-27,-0.008897457362740502,0.002082289655609415,0.013290050860548908,0.0,0.015322378426579464,-0.004080845724566684,-0.014828753029631048,0.005864706338106096,0.03255718308121969,-0.012011085565337587,0.00026380719604301994,0.001361079889151906,-0.004347652748443287,0.0033228992884468678,0.007958821844254116,-0.006942717026465428,-0.001047084279670707,-0.012366647894697436,-0.012404500614974334,0.024975325680733462,-0.005176430162680656,-0.0035774355317750306,0.005167086436411061,0.0025567531946391053
2023-09-28,0.001525826826943355,0.0027176112786586604,0.014622714776657109,0.0,0.01355896127516254,0.0208905065484013,0.02444908475181906,0.012416260339973118,-0.006073184164180567,-0.001463758376479718,0.006010963298659799,0.006504896732353771,0.0021832613190206906,0.007714822083056516,0.010453736126381452,0.010675584990109233,0.00524098135028539,-0.004997187509914736,0.0019323191644671223,-0.016043447606445493,0.003054134350458426,0.002585330491757576,0.02537992888096885,0.03467404334555346
2023-09-29,0.0030462809135514135,0.006727463636517772,0.00951528438789051,0.009049050319664742,-0.010959083784874646,-0.012336928134137892,0.015585665483353939,-0.01741335158120083,-0.015819814233346885,-0.007203030233800645,-0.002672476661125467,-0.0025080025406194473,0.002840333746656709,-0.0027838789696000843,-0.0031917242974409676,0.0025238988794478168,-0.0010426450526632713,-0.01027534966921384,-0.019286384905717324,-0.008704169267242379,0.00011273247947785059,-0.00043003887976444943,-0.004064392478456136,0.009112054541902781
2023-09-30,,,,,,,,,,,,,,,,,,,,,,,0.0020881352448591795,0.001929332083119517
2023-10-01,,,,,,,,,,,,,,,,,,,,,,,0.037668241913332734,0.037488026069531166
2023-10-02,,,,,,,,,,,,,,,,,,,,,,,-0.016186709920936293,-0.04047897066718298
2023-10-03,-0.007769719612882309,-0.02613412071504262,-0.028248088632552903,-0.03661366636292884,-0.012968748136657604,-0.01916427232303164,-0.020151062008054166,-0.007372960754178592,0.001729637222425362,0.0012245410487754516,-0.013674834917609568,-0.014433823760719777,-0.007683741020402701,-0.013773708661457551,-0.018015014253040307,-0.020317091968392376,-0.013023497823045904,-0.0028882419805683623,0.0010298896851235195,0.006801875798952972,-0.02151131780015847,-0.0081027293519349,-0.003661597010505724,-0.00417274556135816
2023-10-04,0.007308601089569766,0.017773335896822173,0.012041406529337273,0.018280939360016735,0.021218805433079302,0.015418186813136225,0.05934371052307452,0.004484492570114629,-0.037382383126655316,0.0011589066313908436,0.008123819320325909,0.007764817004985547,0.006637524899702818,0.008236432975882835,0.004899720979345545,0.012016554267202384,-0.0007132420829059072,-0.00011825651470720455,-0.006687297558839123,-0.05429755974871586,0.014107876351153514,0.006564378506734858,0.013467601347721292,-0.005340502634588518
2023-10-05,0.007198057523655654,0.001254062610872797,0.014690885867638004,-0.008188983586829512,-0.001257048000804506,-0.0025851317482139535,-0.00425032873937603,0.0042164580529833184,-0.022511167239802288,0.01041660610152051,-0.001118421332023889,-0.00107271911694784,0.0,-0.002683652773282308,-0.0009073211748288346,0.005841321873034655,0.006423981920863353,-0.0018327868021307259,-0.00310717077171363,-0.021166801847284478,-0.004984712090686849,0.0007248961760721873,-0.01379463216164356,-0.022066302247040315
2023-10-06,0.014750508335394263,0.02473708043249978,0.024033217084585168,0.015878056641289273,0.018582962407621695,0.03490930454964203,0.001845841218459432,0.015395582296044097,-0.016698913424411987,0.0031819261822001454,0.011960966564370734,0.012009209402628729,-0.004395647170341688,0.011515136701169437,0.008512300549080809,0.002094498088794472,0.010638222956684151,0.005153083621109555,0.024935041155133897,0.002297686217708206,-0.012117237382418322,-0.003909972761529379,0.01935684447622399,0.021319022529365572
2023-10-07,,,,,,,,,,,,,,,,,,,,,,,0.0007958817661306572,-0.006878172039150754
2023-10-08,,,,,,,,,,,,,,,,,,,,,,,-0.001206700034343422,-0.0005889506700414993
2023-10-09,,,,,,,,,,,,,,,,,,,,,,,-0.012579594744121514,-0.032898895010697204
2023-10-10,-0.003352133200763663,-0.0043356601278562446,0.011596364881522492,0.009511938819224852,-0.0026008290865165984,0.01093094992818422,0.015211543440507347,0.006078753081768529,-0.004237432242059858,-0.0011352039639119793,0.005222975483563319,0.005943106418158983,0.0,0.007800693305945128,0.011057630189917234,0.004317052968666468,0.013708295630000533,-0.0016780958953311886,-0.003988032195209046,-0.005445328457167831,-0.001382551243071295,-0.0010078551369281374,-0.006984500217130485,-0.007655131722261288
2023-10-11,0.007903826579488848,0.012272203881622756,0.0220097370395842,0.01814956889912689,0.01803575346753772,0.018580673794194258,-0.002389822071472425,0.0034326948396330437,-0.03585319290734357,-0.013766248273768489,0.004326011960026355,0.004002381284295087,0.004376295859064294,0.0031961408562046767,0.0023200959750360184,0.01728815993015731,0.004507544181364009,0.007303045938392039,0.010010048424508922,-0.013557566522482967,0.020886293302563086,0.0046101263666133985,-0.018900326735168282,-0.000930177871406368
2023-10-12,0.005061271800375744,-0.0037904528162688855,0.0029696595917998447,0.0037927633547389927,-0.011241542544813021,-0.01116465904148145,-0.015665976919941982,-0.0023261898826060223,-0.00018780914969973583,0.0009605613004430857,-0.006139018495158632,-0.007972702553304178,-0.007625604487094817,-0.013319972156086823,-0.02039030548308196,-0.014881480827302451,-0.006903740997320829,-0.0030496507265770356,-0.010901943378400225,-0.0033038192949580436,-0.027128097906622517,-0.008604312401725878,-0.0043359541366684295,-0.01701021740023334
2023-10-13,-0.010292740630026609,-0.010357710101531303,-0.031611554959240507,-0.019194502454286222,-0.011585340269621658,-0.029213993591835297,-0.02993780718577166,0.015019277294771483,0.03193386502593487,0.0033263997407027013,-0.005006319429228245,-0.005453473648393881,0.004390824190911635,-0.0042407539381694725,-0.00708800571733692,-0.0020516086242583498,-0.008689451755358846,0.03214825984540237,0.04108224648220293,0.04733492152608121,0.01789242749971809,0.004628676676651455,0.003945769916393171,0.008104020573232784
2023-10-14,,,,,,,,,,,,,,,,,,,,,,,-2.4866332556272575e-05,0.002040706057397923
2023-10-15,,,,,,,,,,,,,,,,,,,,,,,0.011091823470242623,0.0018086969407560272
2023-10-16,,,,,,,,,,,,,,,,,,,,,,,0.05006744695824206,0.027254540765113022
2023-10-17,-0.008784635840440091,-0.0017437438152594353,-0.04679462271235546,-0.008147882355257097,0.004457419428336218,0.008874392891521365,0.0036626021631882555,-0.0021642392287835044,0.013096727110483597,-0.009141108584322155,-9.907279109833134e-05,0.001141372881535041,-0.006593758662398419,0.004900395350108333,0.011478813526441867,-0.0015702664233758767,0.0003487845716292348,0.001854273768354009,0.011605404621686466,0.005230305718863404,-0.01102070034808178,-0.006513315250151419,-0.0036367703063566736,-0.02192688186935865
2023-10-18,-0.007394892192897795,-0.00587249980351312,-0.03964679516613112,-0.025405007278304192,-0.012596746113115564,-0.021697590649092713,-0.04775363208267347,-0.010980818615376586,0.014004705233649384,-0.021526235751537115,-0.01340098122232336,-0.014535557654901443,-0.004424591533585209,-0.01858463131639121,-0.02214621479618395,-0.021833708169535893,-0.014993012315289378,0.014470816805260078,0.0014340672340391603,0.013197883830660784,-0.008797570596606574,-0.004370657360654895,-0.0030759792019486865,-0.0010793755903444335
2023-10-19,-0.0021611257238577375,0.0036655502914442195,-0.0022513730471582782,0.002107149015711185,-0.001522097342859019,-0.013124224996528544,-0.09300310180733784,-0.004249137918472146,0.0006199209352530932,-0.002684232009961929,-0.008410902239989637,-0.009254873175479905,-0.004444488433780425,-0.013302579333707376,-0.014648061911562094,-0.023550430443281756,-0.007433663751747033,0.012274016037125302,0.007637223942022375,0.023046142931896885,-0.0204734869963501,-0.004389720876844638,0.013818840741083749,0.0023706817647977108
2023-10-20,-0.014704096801757993,-0.014034727658479018,-0.01695912334355476,-0.02515573116103942,-0.01560805322293879,-0.013298662602039268,-0.036890623300491754,-0.01610597907851352,-0.01716507514724197,0.0044642818594795575,-0.01255875794110628,-0.012552121549443518,0.0033480428891019542,-0.013561259868538733,-0.012578545791121831,-0.0062960048599707275,-0.010342379069576135,0.0027308974274993236,0.013737517754334183,-0.011998082189912718,0.005678344595202001,0.0036744457495332394,0.033535830870205396,0.023738984945261166
2023-10-21,,,,,,,,,,,,,,,,,,,,,,,0.007932597562652743,0.015353699699918621
2023-10-22,,,,,,,,,,,,,,,,,,,,,,,0.002523007395046406,0.020944819993793384
2023-10-23,,,,,,,,,,,,,,,,,,,,,,,0.10309890521346299,0.061290684296216424
2023-10-24,0.002543548133641327,0.0036742484386640406,0.016009304155016224,0.015802781594350668,0.01692294080419643,-0.004649458017063179,0.02093550737020089,0.0012055764278677827,-0.009684840517802273,-0.0010571978230521362,0.007294624438732633,0.007508333681154111,0.0033256554965275242,0.006876168716817288,0.007593549512989517,0.012400525066305512,0.005048658179478194,-0.0001093308866343401,-0.001425120208273456,-0.02484470908399883,0.01317646602820588,0.0033555409431169636,0.02464145540134477,0.010793585817743923
2023-10-25,-0.013491712474088535,0.03067799152743511,-0.043148646244381084,-0.055771610960691276,-0.09509402125645927,-0.04165739182085548,-0.018935922882932887,-0.0054545608065319495,0.001845246586991367,0.0022485016692812554,-0.014330799987300469,-0.015198768615778624,-0.007734797928910742,-0.014743165623107846,-0.018087099598488532,-0.020900093661551877,-0.007893816470845305,0.004208823642007475,-0.003805895431201467,0.019888194114486835,-0.022261104923817943,-0.007560659811184478,0.017736456610143003,0.0016588325496480483
2023-10-26,-0.02460571603145234,-0.037514364070580175,-0.034778231655263836,-0.01499299533713827,-0.026510635009113215,-0.03732516951143572,-0.031352997455599385,0.0025641796380502235,-0.009116883236130802,-0.0169560375444735,-0.011822876615926292,-0.01025613737761677,0.006681523573630832,-0.00228327427461561,0.0036606224945447963,0.019161982284192414,-0.00614829403001782,0.0015784524505007003,-0.004298001446633726,-0.0200101926222801,0.015338263154553777,0.006738793309215563,-0.010033147199696724,0.009310588640725426
2023-10-27,0.00796939598020674,0.005855636420039723,0.004314911482878658,0.06832816082460003,-0.0008994657935637029,0.02906203913736438,0.00748448962886572,-0.0360186336739986,-0.019051966240075546,-0.022818887178993164,-0.004790930595171439,-0.005533124007460533,0.0,-0.009889619773321368,-0.012117761192446008,-0.01626902467349889,-0.0014554785046488883,0.011629799758343662,0.015827334180738895,0.019118236862686544,-0.00424850529585441,0.0,-0.007226928505637331,-0.013300163952285393
2023-10-28,,,,,,,,,,,,,,,,,,,,,,,0.005301518539129857,-0.0019253015900076997
2023-10-29,,,,,,,,,,,,,,,,,,,,,,,0.013168432293093613,0.01065386858481232
2023-10-30,,,,,,,,,,,,,,,,,,,,,,,-0.0010457086417764438,0.008099264721129096
2023-10-31,0.0028190040908919745,0.002371865105797344,-0.009256235689287018,0.002863308000901066,-0.003053123344934683,-0.0045924226195436235,0.017632730628176496,0.011934262741560842,-0.00028329752353228876,0.008909768038084298,0.006549902080815517,0.006899851849329508,0.0018900839721041063,0.009739999556246381,0.008512458296475511,0.0179153212085974,0.0,-0.005456562573315948,-0.016869756690601756,-0.013543804961985484,-0.004881322492564233,-0.00029181282340795534,0.004794395311462418,0.0035193643267046326
2023-11-01,0.018738481904895243,0.023542466093448455,0.03788626594074951,0.02937864429857373,0.019100564726850067,0.0351178935613945,0.023999240251476817,-0.0008629627840639476,-0.001983958618362869,0.002359470527232954,0.010509662596211777,0.009832227534229299,0.00887920658616137,0.004436287191543098,0.005158365752258254,0.005898692959701801,0.009740521655134948,-0.003150642851826202,-0.00047665534318552805,-0.0035989956697947134,0.021682019363269633,0.009703523613628695,0.022195613001625203,0.01686288408831138
2023-11-02,0.020693435378791758,0.006501607762128492,0.027903061584796385,0.007810272439553012,0.008224565802336103,-0.0031425760819414617,0.06248172039245192,0.017849427036893406,0.03284734829265257,0.010424392718504372,0.01891002801196251,0.019669500363792114,0.005500432708062775,0.02333963486788493,0.022976461356779554,0.03268602093681805,0.019649785101954143,0.0033240729584831374,-0.004768644606364392,0.019130438865227806,0.022797082456191164,0.005798010871589154,-0.014081557224217889,-0.02515781959835861
2023-11-03,-0.005181342195232697,0.012861708193665944,0.034454992371588444,0.0038386235328597973,0.012628315631261877,0.011998787803354727,0.006635907937775798,0.011172768205608419,-0.012189524732131196,0.007321777278295638,0.009454915650196405,0.01138112935816249,0.006564572184230011,0.018926835279800436,0.02325839226105275,0.02364546645997323,0.012964247353699498,0.003638921283475316,0.016770410160364513,-0.017458674530411167,0.006778271290127202,0.005908240487397576,-0.005893770145759425,0.01786838809609348
2023-11-04,,,,,,,,,,,,,,,,,,,,,,,0.010073356782761111,0.013587684453004512
2023-11-05,,,,,,,,,,,,,,,,,,,,,,,-0.0009360829177728069,0.019625953467631962
2023-11-06,,,,,,,,,,,,,,,,,,,,,,,-0.0003419285416157436,0.002998529349214518
2023-11-07,0.014450790627662302,0.011219221214641584,0.00445891887237404,0.02125376487729147,0.005527697368786333,0.009562934134302647,0.013271256198382764,-0.00048598616901474045,-0.015679681923402744,-0.00527345415853353,0.0028521137027548438,0.003051638216631014,0.004367016948154889,0.0013312243129441903,-0.0015776372065622324,-0.009038848239506847,-0.005526864579027402,-0.0041451308444239165,-0.01660343371615125,-0.04151649256859735,0.01475009989442233,0.005035925985253931,0.011593090279608864,-0.006165335386688842
2023-11-08,0.005884837191831416,0.007405614714423914,0.013469804312995493,-0.004414580990635519,0.006642749214103683,0.0030110706916663954,-0.00031502415940676265,0.004930454639817228,-0.01228276544971496,-0.0036450400392220583,0.001038526584659305,9.517192095609417e-05,0.00434802903168241,-0.0019158598652005976,-0.006319716676676412,0.0038159891956706105,-0.002778862138763216,-0.00996764391222027,-0.0038591377459058496,-0.022423405876333735,0.017033612349659943,0.0031494461790402273,0.005973294692089626,0.0006345557534326307
2023-11-09,-0.0026247071419382983,-0.00691061641937929,0.00807298810718815,-0.010416636461610618,-0.012135915532403563,0.0024079153906526596,-0.054612601186257326,-0.002971473321852769,0.0002911746787330749,-0.019487604433614525,-0.007880424308376988,-0.008651053662713681,-0.008658411040791458,-0.00838324910293442,-0.013060841352001251,-0.01631894546855217,-0.002089792182257799,0.003982968433291267,0.001937090376091355,0.0008547878117519669,-0.023001121405909153,-0.007420534994417638,0.029107827327892632,0.12239237144858772
2023-11-10,0.023220241197886793,0.024896760820062758,0.029499738923094654,0.021052569890351647,0.01804359417972501,0.025643554808844282,0.022240205086035525,0.014831316175350162,0.00767300764403589,-0.0011530274526256878,0.015761713050454818,0.015151598753417206,0.002183679573082964,0.012009737669218756,0.011162293436795423,0.010368604250748481,0.004537509617406288,-0.010909752197912126,-0.016916402727665147,0.021921721217471157,0.005600061206029849,0.001868430423859646,0.01691989303173269,-0.019933988946118864
2023-11-11,,,,,,,,,,,,,,,,,,,,,,,-0.0047145338500075296,-0.012306237463546976
2023-11-12,,,,,,,,,,,,,,,,,,,,,,,-0.002249209321512735,-0.003666782589169526
2023-11-13,,,,,,,,,,,,,,,,,,,,,,,-0.014901395821212304,0.004927847225156823
2023-11-14,0.014285616556982461,0.009790660291013609,0.021308071622305524,0.02251214528584833,0.011583113665439404,0.02162879673718554,0.06123998273248876,0.018246816989081927,0.00385032932512952,0.00020323840633462709,0.019283005847253065,0.02240288202671703,0.010893355541396588,0.030994631794369898,0.045008894977952796,0.055822294241667514,0.02395005182292098,0.008919177105678688,0.03622123152541956,-0.0031540830130877273,0.02266746010257714,0.012202078771984759,-0.026428838121854925,-0.03708171667973137
2023-11-15,0.0030409367114865304,0.0004060190965911037,-0.01546626264632811,-0.017832688951265996,0.007483934910871293,-0.010704384457196459,0.022871793909364557,0.008757756331973177,-0.006040878545774286,0.007720376728553191,0.0017810618560900604,0.0019415041884225381,-0.005388040834943153,0.0031465834737367526,0.004361706946196975,0.002496434336566322,0.0033899236879744166,-0.002635601473798599,0.013226295967710078,-0.01857210150190647,-0.014034190228450871,-0.005530523954570654,0.06592844558740318,0.04110847506282078
2023-11-16,0.009042178683953628,0.01758307333072784,0.012109168748773103,-0.0025837648398919777,0.017159276152964864,0.004448500890051443,-0.038090924639652135,0.011419759726680523,-0.011576457528061246,0.0087367181146083,0.0014417189088133942,-0.00027696575865343576,0.005417229086473352,-0.0034389830303017677,-0.012376657130897417,-0.0020454555852554845,-0.004054123183957481,0.011286077178189302,0.014452189040384145,-0.04611709356628335,0.012426587785930643,0.005989485266621575,-0.04555929205565723,-0.04830442993030459
2023-11-17,-0.00010548553210665279,-0.016800938337856897,-0.0036781097347355907,0.016453061783939793,-0.011830748733579477,0.0025432855063005633,0.0030395424675642158,0.009045824085093024,0.024399898906656947,-0.0020654247976498175,0.001295429455661079,0.002584468858328748,0.002155103743007869,0.005309023847160921,0.010113374831015376,-0.0008911219170071316,0.010176319413379709,-0.00010890234740634774,-0.00045956933716218007,0.03967666167756989,0.004686666742309997,0.0014173850214562744,0.012222842746045792,0.0002035665608492998
2023-11-18,,,,,,,,,,,,,,,,,,,,,,,-0.000300039994658885,0.0010219202166552588
2023-11-19,,,,,,,,,,,,,,,,,,,,,,,0.021889527372586093,0.025426483024461932
2023-11-20,,,,,,,,,,,,,,,,,,,,,,,0.0024182537251242753,0.004487705105652884
2023-11-21,-0.004230840344200848,-0.011577983088056576,-0.009224484751516493,-0.015260459261028925,0.005284389804794065,-0.008794763961660679,0.023769060694616817,-0.0020877489237081104,-0.00038284836187152393,0.008071325686902053,-0.0019976990740598888,-0.0029248745960016587,0.0010741359159580632,-0.002289781056228568,-0.008555247599545401,-0.006377998095370763,-0.004337521305566194,0.01079790063288577,0.013500974008733735,0.0031811302604567437,-0.00044132946619712676,0.0014132591188678045,-0.04437779006078835,-0.04211784935612506
2023-11-22,0.00351442412436187,0.012812478755359624,-0.024587547047316805,0.019527539517508297,0.011097304098009575,0.01338349313807563,-0.028980059381488954,0.0023533680783927036,-0.004307767491536496,-0.0019850004678652056,0.004098639560532247,0.004491798140464409,0.0,0.004778576985552618,0.00633525123126133,0.0046359080709548195,0.0003350397042500841,-0.004262252597287075,-0.004593494688424071,-0.01268438142050432,0.003533972667042695,0.0008471136680803237,0.045192824521265385,0.06574813130783852
2023-11-23,,,,,,,,,,,,,,,,,,,,,,,-0.003812712499291715,-0.0010727438851469984
2023-11-24,,,,,,,,,,,,,,,,,,,,,,,0.011549062275727495,0.009185000500188556
2023-11-25,,,,,,,,,,,,,,,,,,,,,,,0.0020283973558654633,0.0015669139841998359
2023-11-26,,,,,,,,,,,,,,,,,,,,,,,-0.008404730932136117,-0.010135684364837805
2023-11-27,,,,,,,,,,,,,,,,,,,,,,,-0.006002091789647501,-0.017384294811873313
2023-11-28,0.0032140032248073602,0.010802711697752931,-0.008726874605242796,-0.00473835354015173,0.005791472696505151,0.012817434357285329,0.04506946504203557,0.0022844798896686225,-0.0005770575356300878,0.002313563981757971,0.0009981274903561044,0.0005478930472480048,0.0032117212275195595,-0.0012337426415937047,-0.0037856454943646645,0.00590363172775521,0.0030071200092391948,0.013331852960406732,0.015957474240858804,0.018582090748573865,0.001971373137497956,0.0042261473403932825,0.01548599794884531,0.010812167645888104
2023-11-29,-0.005409579685691002,-0.010060067574906406,0.006670829332714234,-0.0048288883967405605,-0.016107835153693184,-0.020029972237074478,-0.010457205813430348,0.005080472728298924,-0.015014456957130329,0.0031654042016147077,-0.0007833380963702119,0.00045612377630210865,0.005336289377087633,0.004304709883524049,0.005645880712374707,0.0068324221590321255,0.0006662683802629576,0.0014794398574642376,-0.0017452406367448603,0.017681651263876663,0.012571029885166451,0.005190599392743245,0.0007244373065387055,-0.009470831200383945
2023-11-30,0.0030627004862266993,0.00015830967223751102,-0.02845863405122362,-0.001571972217158657,-0.018223796689083582,-0.01520178372434855,-0.016629792613843564,0.011404621971451423,0.0039086444666194264,0.016764407576215223,0.004086317120945315,0.004285809984807987,-0.0003195537738235332,0.00741699967803644,0.005614183700902053,0.00765616020112958,0.0009985649889108217,-0.004167950375202456,0.010926573827357844,-0.032818496464250946,-0.011551283733135187,-0.0032100506275853924,-0.0038497596002547985,0.011146671092621574
2023-12-01,0.006791325401340975,-0.011612290194030539,-0.00010692211311724709,0.006434406632690459,-0.005055554214114966,-0.007122025395190468,-0.005206597761023168,0.0048695131673663905,0.00243317114062358,0.024052956303351358,0.0059630418054361645,0.008535398259539972,0.007455383533847781,0.016500877706260964,0.027807845420582344,0.02434816495344405,0.007316284566816655,0.017271494075951965,0.00864681237337428,-0.012831501763767239,0.018834052744787888,0.008157026365066322,0.025879947957747618,0.016849107974407973
2023-12-02,,,,,,,,,,,,,,,,,,,,,,,0.020356874575942596,0.03764204271297267
2023-12-03,,,,,,,,,,,,,,,,,,,,,,,0.012717964611113297,0.012923071442646705
2023-12-04,,,,,,,,,,,,,,,,,,,,,,,0.05006972516793251,0.022575720663866372
2023-12-05,0.021063345650574883,0.009156397885854428,0.023293809502679785,0.014084566393959497,0.013305254037688119,-0.005405696851942032,0.013328802806870987,-0.00012642417083330582,-0.01942789987866056,-0.00207714125248315,-0.0005204109017175051,-0.001988389531999313,0.006362795692509637,-0.009035857388762336,-0.013478565575387624,-0.006528270798412561,-0.003658073490300895,-0.0037794459254785195,-0.015137945641071293,-0.012998384311103672,0.021485420623720053,0.00643198059878447,0.05003682455553493,0.02256848231190145
2023-12-06,-0.005687232955119748,-0.009986067522059772,-0.02282782419208851,-0.016067541747663228,-0.007405048817908821,-0.0026392182301641087,0.002722829646282676,-0.010508400571795029,-0.013241830056786807,-0.012172772889811445,-0.0038804634956213224,-0.003713235354477651,0.0031611185709292666,-0.0007355177787106149,-0.0018917074212407847,-0.00286438493946084,0.001335136346233723,0.0036868953454944897,-0.00858953557183506,-0.0417283163423704,0.01331800381368975,0.002917681717749643,-0.007581629055975703,-0.027107545082919904
2023-12-07,0.010139411496955297,0.005829622532845802,0.02402027740334689,0.016329923474831087,0.05314535560456135,0.028791787627164167,0.01366087788429815,0.0030709128391466223,-0.006961985145239491,-0.007789678472955641,0.0081240595558707,0.007999393568472568,-0.0010502763582759256,0.0041946842015223584,0.006423117089668695,0.002956974001200985,0.004333252289846268,0.0016503277504122948,-0.006383921007761972,0.005404546982330727,-0.005737337524707398,-0.0002774684505523206,-0.010372985662227885,0.05642353010676748
2023-12-08,0.007412400633103777,0.008842336835281683,0.019529465733899132,0.0036764247561378305,-0.01416752862437387,0.018861646694837253,0.0049455858525417895,0.011033768571327318,0.011481365536260224,-0.006306318125548049,0.004123621906652275,0.0045090145461850195,-0.00420628926518174,0.004323666137476367,0.005754308922912177,-0.0016004027149729705,0.001327465981753262,-0.01334039111485108,-0.03166592496863685,0.02180921756464471,-0.008182749973281278,-0.004849229825820256,0.02018673414826888,0.0004887825441670657
2023-12-09,,,,,,,,,,,,,,,,,,,,,,,-0.009976252913108663,-0.007443253883560597
2023-12-10,,,,,,,,,,,,,,,,,,,,,,,0.0012284421841561866,0.004821233826242777
2023-12-11,,,,,,,,,,,,,,,,,,,,,,,-0.05792335792051162,-0.054361666168691425
2023-12-12,0.007919983885173565,0.008295153493698804,0.022090257140894742,0.010898597193382598,-0.005776755323686045,0.027484213930319967,-0.011387381846063915,0.008925031517144077,-0.015759868855515724,6.468877494070213e-05,0.004628366512576809,0.0041134161321525475,0.0021120834430281565,0.0029999780746992055,-0.0006212327065788781,-0.00042056181183813823,0.0,-0.0005446421195114404,-0.003347665965329094,-0.03817369663564274,0.0029677081760790536,0.002923308522593704,0.005004157345118276,-0.010132601687358522
2023-12-13,0.0166914845889492,-2.6699978067923347e-05,0.009043868561311674,0.009221593773735215,0.0003771924966904372,0.00155579832119912,0.009619842336358264,0.0033641676060913728,0.008873106862978375,0.0046428811084604504,0.01368112509313213,0.015584650778358577,0.011591207229140199,0.021153916363787495,0.02859504214884212,0.03778820303313757,0.011574016277022814,0.022562533466176538,0.044625734086681135,0.016809367020306443,0.023462423038349556,0.012770523803403488,0.03475299863154757,0.02661652224701272
2023-12-14,0.0007579370778270089,-0.022544421616182864,0.005448282984003905,-0.00954043404920335,-0.004752295724396061,-0.004690006838884986,0.04914543063053567,0.01819190480338584,0.026890528697045113,0.006932293614921647,0.0028690280553393954,0.005699821036940778,0.008333276357190611,0.01432815339073823,0.025584377847652107,0.029113550067296323,0.012422337567207897,0.005862552982469849,0.017455174679662733,0.028011660489266843,0.02601287542080022,0.007538689040072377,0.0031062756659134827,0.02474087211166509
2023-12-15,-0.0027258688196155623,0.013117107475091094,0.011168618732888547,0.01729753821347546,0.00500248485938215,0.005252342298180057,0.009758999874367902,0.007561630337123759,-0.006694215076999632,-0.010900565635405868,-2.2797105258209882e-05,-0.0009591214678269511,-0.0010329163101004957,-0.006714875519394314,-0.008053453352222628,-0.01276594245892504,-0.006455302084358849,-0.009166511771857233,-0.014446939067055964,-0.00014892995361925898,0.001110744122046592,-0.0014964564878903186,-0.025432678020983368,-0.041976420815141524
2023-12-16,,,,,,,,,,,,,,,,,,,,,,,0.007401888090740938,0.0034195392373013167
2023-12-17,,,,,,,,,,,,,,,,,,,,,,,-0.02072563201266564,-0.013671449108484612
2023-12-18,,,,,,,,,,,,,,,,,,,,,,,0.030433584522719714,0.009466157195896718
2023-12-19,0.005360285953275756,0.0016370094251123568,-0.009445427385047056,-0.0018174467759756174,0.006259095134326209,0.016655866024798183,0.0203903496997484,0.013354904802455492,0.01318246033334547,0.00656229421020571,0.005962191074517342,0.007214407137827061,0.0010366677211124387,0.008186077413376847,0.015243099700723572,0.00753259893484115,0.007907727109738527,0.00681394057869511,0.010550525579558379,0.01865184815341525,0.005388204452324574,0.0019109779299217866,-0.008282083715112631,-0.017769968394459656
2023-12-20,-0.010713906315183874,-0.007072937820789327,-0.03009838985133717,-0.01085895208954335,0.012367369230843694,-0.0030825541428767256,-0.03918825045959673,-0.01127942637830548,-0.016700649391972466,-0.020388418639332828,-0.01455565729094721,-0.015208690205928632,0.0031054882391792216,-0.01712753752265561,-0.018558822780699202,-0.012526495117439751,-0.01111484338647728,-0.005445982936102989,0.0004539368393163823,-0.008217988607386872,0.006775215544271518,0.0032700554061408926,0.032687613405284255,0.011037752537226941
2023-12-21,-0.0007701133962697559,0.007878755796011161,0.01827034638326719,0.011306871390431628,0.015035480143252844,0.013771202391950288,0.029780693649462897,0.005704148334356507,0.004542409686181026,0.010243140778646076,0.01029330846925447,0.011087775639466724,-0.0010318504948947371,0.013235298734346479,0.01587459533418789,0.00937548205513572,0.014545539326162205,0.007070635455129759,0.012250387440992494,0.0034888480967494306,-0.006327815893295563,-0.00013585076798816598,0.0049688697318006625,0.017090198956007274
2023-12-22,-0.0055473159568961705,0.002784039095554691,-0.0032659401870991367,-0.0027300973670256745,0.007620030351274787,-0.0019766382140558036,-0.007701401626197146,-0.0005970007444238146,0.0017694447915743705,0.004004288797123889,0.0016676079753754625,0.002262833218842575,0.0,0.004097343896929395,0.005700275454640913,0.0033114739757000855,0.0,0.004434417088942322,-0.008516299025422613,-0.00492534179201809,-0.004548773112184712,-0.0006674277764825431,0.002934864092908329,0.03883937127050796
2023-12-23,,,,,,,,,,,,,,,,,,,,,,,-0.005872083923035065,-0.007512713750621014
2023-12-24,,,,,,,,,,,,,,,,,,,,,,,-0.01653939964043194,-0.018775823775668332
2023-12-25,,,,,,,,,,,,,,,,,,,,,,,0.013879063861056418,0.003032022219169095
2023-12-26,,,,,,,,,,,,,,,,,,,,,,,-0.025055253200995553,-0.0180837485401647
2023-12-27,0.0005180630049905766,-0.0015747842294547842,0.0028003994639629326,-0.0004563413242133496,-0.008126210982093096,0.00845461610753584,0.018822405072142834,0.005997857259013362,-0.004699444953286114,0.0013448895294683183,0.0014987560624091234,0.0017280373466044274,0.006198143635101294,0.0018710281294644915,0.0018408469085686718,0.004950115027063218,0.008441619636786912,0.004537842226414179,0.0013512963182846782,-0.01837346435477505,0.017719637272453292,0.006400706998632932,0.021694364920222586,0.06599907965814755
2023-12-28,0.002226190181615184,0.0032347024871226537,0.0021248287658668374,0.0002609139551152939,-0.0009973828017666442,0.0013695115426022308,-0.03159428430420175,0.0053130284204945255,-0.01445987761186418,0.0014711846839066123,0.00047627328363120114,0.0003450925229817603,-0.0030796607506217155,0.0011755268809168218,-0.0005801557497393528,0.006355826042590218,0.000643924680237884,-0.005815437657636813,-0.01079621124877539,-0.025246632472395447,-0.007263065920413592,-0.0024359360324370805,-0.01876027694786908,-0.013105185204343561
2023-12-29,-0.005424091392017494,0.002025241777040998,0.0,-0.009388462612883952,-0.003850888759892035,-0.012167974476927412,-0.018563856087399966,-0.0011744647138475228,-0.0020960282545101627,0.0010219520210661415,-0.0027651396464890565,-0.004139004885872155,0.002891963339780368,-0.004973806532546754,-0.011128392148450073,-0.011999800834272878,0.0016087101861608222,-0.001566841018672216,-0.00954975382712242,-0.007889234547324708,-0.009020046883316035,-0.0023060231262403974,-0.012396896798793966,-0.019967696347748753
2023-12-30,,,,,,,,,,,,,,,,,,,,,,,0.0013658151137276864,-0.003748980355657072
2023-12-31,,,,,,,,,,,,,,,,,,,,,,,0.002568622223877659,-0.004622136062972015
2024-01-01,,,,,,,,,,,,,,,,,,,,,,,0.0450049945064126,0.031057455259582145
2024-01-02,,,,,,,,,,,,,,,,,,,,,,,0.017900939051301412,0.001491520357524756
2024-01-03,-0.007487575381940448,-0.0007279732837068842,-0.012435617145474032,-0.00973782115920796,0.005428085412091388,-0.00525558632535017,-0.04013364984377277,-0.00435842807905662,0.008401839765614039,0.006251055887157797,-0.007976980628993213,-0.010195275390212255,0.0,-0.015460809879567772,-0.025017083606429402,-0.02392085954677381,-0.007794723285734495,-0.008336809604204354,-0.02725173962972771,0.03679498132671655,0.004170460518432728,0.0008189164931580173,-0.04692812036242189,-0.06158087263741796
2024-01-04,-0.012700010777470627,-0.007177565740812852,0.00901855346388869,-0.026267891590348702,-0.01821192713058517,0.007692791908358254,-0.0021807686270334248,0.0066361620391224285,-0.00871927340957035,-0.0021120808185774997,-0.0032948077215162463,-0.00281705985132763,-0.00517594502937746,-0.0007089021828116104,-0.0012122417087335746,-0.0019475291497211833,0.0019638894940186002,0.0010046128932528209,0.0009496893765841286,-0.009092282217100456,-0.01519440427648977,-0.004501719420143213,0.03108057856532498,0.02636019798833411
2024-01-05,-0.004013024744302096,-0.0005163475028818754,0.022896846612893595,0.00463442024626004,-0.004839041712045522,0.01391457737122792,-0.001849229589212631,0.0050171831447900495,0.0030297070623317435,0.003112634942193049,0.0018262437916092278,0.0016773544947292773,-0.0020809337284765084,0.002092795430395533,0.0018204500969902782,-0.0024392803255932627,0.0006534577155989929,0.00015845540955172766,0.006166943132689839,0.021607208688273705,-0.009566060353689232,-0.003014984138874466,-0.0003900067727314882,-0.00017226204489362296
2024-01-06,,,,,,,,,,,,,,,,,,,,,,,-0.003928567037593367,-0.011911266210730354
2024-01-07,,,,,,,,,,,,,,,,,,,,,,,-0.0010479313368322307,-0.008368389496710593
2024-01-08,,,,,,,,,,,,,,,,,,,,,,,0.06889378335779228,0.04956067963271038
2024-01-09,-0.0022634092583259102,0.0029358935270491493,0.016975124554008625,0.015224607114340927,0.015197189141654466,-0.0034296193116560847,-0.02283214932024613,-0.007906294118906199,-0.012385992880750485,0.0006190584999681281,-0.0013424162907555992,-0.0019977459824020993,-0.0010384137577201802,-0.005100655375932739,-0.006953517884630389,-0.00730684389180003,-0.008427871083450666,0.0003193567900841021,-0.006152350493604297,0.01490960603944691,-0.006375919385616102,-0.0001369556838319852,-0.017687130611972357,0.005055408575588727
2024-01-10,0.005671276480224474,0.018574092327396263,0.02276993465582766,0.015590940651907248,0.009436147353654611,0.036482877477354014,-0.004341182513256769,0.0021095376090181084,-0.009832470556202066,0.0014847808449749422,0.00567319106644959,0.005308862901202804,-0.0010396011698131646,0.0029849040610139266,0.002000597068568144,0.0014559377987573008,0.0026152063115716384,-0.00228804710551489,-0.0028571174258277265,-0.01231639469612733,-0.004657351788796782,-0.0017794132087842751,0.010577584004972662,0.10119141078079541
2024-01-11,-0.0032223238689282896,0.004859368889495785,0.008684496512422202,0.009432101662268044,-0.0014058132176935079,-0.0021593124073165937,-0.028725319101363445,-0.004210100046392995,-0.00020256843087806953,-0.00444794013740013,-0.0006343606871036522,-0.0011254078176363702,0.004161975557406494,-0.003290957234923342,-0.004691957333925134,-0.009449904610653315,0.000652112826950324,0.0019733072916665595,-0.005730698957634894,0.016376262128399377,0.00561509562683038,0.005210765388507399,-0.005558733892443213,0.014529094117638142
2024-01-12,0.0017779866757745566,0.009983681351244389,-0.0020431013336903447,-0.0036086969005325598,0.004011899477933234,0.013038490879754061,-0.036660513098772496,-0.007339953894034523,0.012972430341519736,0.007694690019179218,0.0008387842687707092,0.0004332007857750231,0.002073062396626746,-0.0020021813121678944,-0.002808578652638727,0.00660447210861248,0.003584150356316318,0.009794068475553752,0.01777141424864581,0.005469255119616934,-0.0019644485570100567,0.0020457909831070875,-0.07581464687080208,-0.036325484903951155
2024-01-13,,,,,,,,,,,,,,,,,,,,,,,-0.0002516769882185965,0.020653007406344237
2024-01-14,,,,,,,,,,,,,,,,,,,,,,,-0.0244177193838242,-0.04050173658734413
2024-01-15,,,,,,,,,,,,,,,,,,,,,,,0.01712351907901466,0.01582473361444947
2024-01-16,,,,,,,,,,,,,,,,,,,,,,,0.015124600939588229,0.030392806292802277
2024-01-17,-0.005173440692785469,-0.002049905180649958,-0.005835216618530148,-0.009467203666572499,-0.007158422821266552,0.0024767365467963653,-0.019826295019533036,-0.00535756982713953,-0.007267740407765122,-0.0005608715863165692,-0.005592839806214944,-0.005830805214370849,-0.003121832994528506,-0.008115518854038384,-0.008015429882241465,-0.018443035358301607,-0.01319260823479007,-0.01101595063528893,-0.014790051502055368,0.010260259351765777,-0.001581802583613845,-0.0023310252318488045,-0.009553782672285682,-0.022924597112815248
2024-01-18,0.032570702242708194,0.011297438313155661,0.018803633453798874,0.011798781932089941,0.014208007544660006,0.021065541665974408,-0.017026203279914,0.0019749629161500692,-0.0018561953352893568,0.004862089981959583,0.008870823278542161,0.008578570722365564,-0.0020872335220460947,0.005216446340946312,0.007466632654959282,-0.005986022201418417,0.007687076609568244,0.008232882099906247,0.00774817677325923,0.016485061479846408,-0.009295595011824753,-0.0013740582834301796,-0.034639725632667706,-0.024264882460276693
2024-01-19,0.015532955824762329,0.012186777059605802,0.041746161648946956,0.011986946826648914,0.02021182441481506,0.01946151216855596,0.0014630807600990448,0.017262091510705346,0.0015495217084018353,0.002915380514015853,0.01237339370356616,0.012237340284888543,0.0,0.007570736935899491,0.010253690402232785,0.012127694625132968,0.004643519425892251,0.00298872590696031,-0.006727505681946799,-0.0034752081125677403,0.0031983478404822296,0.0,0.00863620644230223,0.009112105809166549
2024-01-20,,,,,,,,,,,,,,,,,,,,,,,0.0011336255217606617,-0.007997363142403069
2024-01-21,,,,,,,,,,,,,,,,,,,,,,,-0.0028752933279206916,-0.006347624922185768
2024-01-22,,,,,,,,,,,,,,,,,,,,,,,-0.049064374667218136,-0.05830959162402838
2024-01-23,0.006653399731093579,0.006027490266043323,0.003671076463046097,0.008011406531487353,0.007191879167577797,0.008958040674116097,0.0016283349277841364,-0.006583693761165077,0.011258139432240633,-0.0163721258757068,0.002948378864896295,0.002135175828565483,-0.0020872335220460947,-0.000525188995587067,-0.003468373772079203,-0.006081414095849058,0.0006607301067680371,0.0038991332271092194,0.01533142353206074,-0.0004304602991239692,-0.007923930692361192,-0.0023351425851868557,0.008560013431039293,-0.030352942295125973
2024-01-24,-0.003484098999660401,0.009175317903780567,0.024869309798779993,0.005447960655367012,0.011289553038372313,0.014278399160392974,-0.006263735117226887,0.008935432051316416,0.017260708063000063,-0.005318783588120879,0.0008239385394699372,-0.00025572602545098633,-0.002092685835892061,-0.0069699363875301845,-0.007458242368099444,-0.014139190979796878,0.006932950633883994,-0.008246890539639895,0.008767578753381855,0.012632747734072192,-0.005856918693690871,-0.002065802771599623,0.005810521700930993,-0.0031795028247356694
2024-01-25,-0.0016965377962193662,0.005738179805348631,0.004155735935132077,0.005609771850602074,0.02131817894474053,0.006347353235808706,-0.12125293136804816,0.014310862125853197,0.025401443513530575,0.0037743000384355962,0.005318291779041973,0.005199932823802378,0.0041930597706481,0.008817732826261748,0.007113524878249455,0.012245184320651914,0.002950864043654189,0.003969986681303217,0.011105816501817412,0.023958072291919263,0.006534180877260765,0.0046914818611671905,-0.0035747525934159974,-0.007096988643921831
2024-01-26,-0.009012814537381675,-0.002321709858035259,-0.0095104524285341,0.008684596622424712,0.002107104528390469,0.00244160319113762,0.0033948152034783963,-0.0038164048849463894,0.00851863374542794,-0.0003759597169078477,-0.0006641010050520979,-0.00025440165788404023,-0.0010436167610230473,-0.0011536743251286952,0.002288039727543545,-0.0025686754280573876,0.0029421154298372443,-0.0006946931881827156,-0.003820435609633299,0.01204478854705715,-0.0019154830624250607,-0.0015105192173773263,0.04715459322091098,0.022315585616102362
2024-01-27,,,,,,,,,,,,,,,,,,,,,,,0.007250269707417489,0.0003026990938410634
2024-01-28,,,,,,,,,,,,,,,,,,,,,,,-0.002005242826170095,-0.004708017139361198
2024-01-29,,,,,,,,,,,,,,,,,,,,,,,0.029799801358818767,0.02651747163790663
2024-01-30,-0.019245858765493118,-0.002757997100545806,0.004946769356855896,-0.014014601164705653,-0.01335422871381664,-0.002393869264918358,0.0034567835721344142,0.02049464036876736,0.01667805825943436,-0.0037025994956555452,-0.0005275404765695546,-0.001345465425102721,0.0010414422373434817,-0.0005205204063196689,-0.004507184096008476,-0.009486141668503367,-0.0035666518350844223,0.0013805262268788976,-0.0009428831342892519,0.010548153707779617,0.009066078842345338,0.001780548153570205,-0.007753530092744043,0.011838016077853064
2024-01-31,-0.01935755652929927,-0.026946245406738845,-0.01986485890753098,-0.023899390262627773,-0.07500308541181744,-0.024796238114370484,-0.02244377647032403,-0.010835667981553332,-0.019456476986374538,0.0008189407476029142,-0.01607759221227867,-0.01667234393879491,0.008140288444439925,-0.014311284261933621,-0.020669220565081026,-0.00932713712113431,-0.005206848832306155,-0.0007423479101065222,-0.01321381215613826,-0.025957965293536223,0.009820384059273213,0.004239760900504486,-0.00861423582021903,-0.02642328277923489
2024-02-01,0.013340483484671983,0.015594099605849232,0.02437942805924065,0.026288672108771616,0.007565835241438057,0.011892956219948125,0.008382761388752824,-0.0036132595690825386,-0.004085227078880815,-0.00339840973023553,0.012540291162945305,0.012587774969426757,0.005176197448026221,0.012686482405681598,0.013065265881626154,0.017737175860486065,0.00948650150709307,0.01040067256889099,0.014347165913426663,-0.026085709558452574,0.019615795774952094,0.0060369040940195795,0.011581441842771323,0.009323048929214206
2024-02-02,-0.005405132908465005,0.018426081098805502,0.04970889149116253,0.07866649218561839,0.008642728006323042,0.20317653705869,-0.0050301649114266045,0.005756031581873877,-0.004101904202214235,-0.011050540873375203,0.010751228397491097,0.009471622270947222,-0.009269133649469463,0.00048720822758463456,-0.0007936495539724309,-0.012885163776970576,-0.005832748997205206,-0.009453300862028224,-0.021687840845283746,-0.022585747292404368,-0.02208867525018554,-0.008960186174436613,0.0025556346111748063,0.0018288626271742991
2024-02-03,,,,,,,,,,,,,,,,,,,,,,,-0.0044831659668692625,-0.005199115184661651
2024-02-04,,,,,,,,,,,,,,,,,,,,,,,-0.009505619472114146,-0.002827560592065126
2024-02-05,,,,,,,,,,,,,,,,,,,,,,,0.0017632602500394778,0.0040806224708709316
2024-02-06,0.008631901274030795,-0.0003944980267063247,-0.0159956035791059,-0.00681113075414308,0.0029231102818549903,-0.010208593179363845,0.0223130928940527,0.003438434373371324,0.006892974677678909,0.014505834744492185,0.002344515902449773,0.0031978757449506734,-0.0031182233018280936,0.008114795249268392,0.006833473665173617,-0.00694504089779957,0.009171244388275435,0.005224693124019186,0.0019541239310765235,0.00924020608093401,0.009773948299908852,0.00469504897425721,0.009986338686479135,0.03189061801573012
2024-02-07,0.0005811012516196978,0.021110260812899462,0.027498074784522375,0.008158468416245013,0.009993034620626062,0.03270129347811901,0.01339813963135228,0.0018844346302966386,-0.0002933540530570822,-0.0005064493873593312,0.008241371963113142,0.007633475703818116,-0.0020855700457315107,0.005226852005283611,0.0025950261553429055,-0.0017693936183327263,0.0016228742034982702,-0.0002651978305409086,-0.008776221509851911,0.008864999738332102,-0.004839627300661897,-0.001923986050558768,0.028630850081180936,0.021728004179265792
2024-02-08,-0.005754729989208451,0.00014492614539629578,-0.006533692759945309,-0.004046223223746481,0.0025423042600138945,0.0008732153759001271,0.010555473441792307,-0.003591130549988164,0.017120053020596826,-0.010001145973246195,0.0006937414354275528,0.002247746062654432,-0.002089712266525545,0.0037437828614703683,0.011747081431509265,0.008187647933529885,-0.0009721468500539787,-0.0009018470501077624,0.015740270340634854,0.030250627045687706,-0.005814535913876373,-0.002616443401177393,0.022188248784866804,-0.0015837568973957605
2024-02-09,0.004094034423356652,0.015551403057371127,0.03578375358786845,0.02714319777292107,0.021177624733603073,-0.004021322366542623,0.021154303741671487,0.0012014188061881814,-0.021160117649481225,0.0023017518216814636,0.005849899751662724,0.006561993624534468,-0.0010473153108908617,0.0025211744718427465,0.009052664732648985,0.0017582046878110713,0.0012975232347567367,-0.003876152075832917,0.0014528177820685162,0.0020973368696801664,-0.0020206165361581485,-0.0008285516394264114,0.040741037427910465,0.02793873689875137
2024-02-10,,,,,,,,,,,,,,,,,,,,,,,0.013236801662479536,0.005512587075457986
2024-02-11,,,,,,,,,,,,,,,,,,,,,,,0.010940478338881565,0.002535668266889557
2024-02-12,,,,,,,,,,,,,,,,,,,,,,,0.034461993507690414,0.060036360595147054
2024-02-13,-0.011274310651427477,-0.021528754956246288,-0.0016607311316767515,-0.021469171561243172,-0.01620008613794377,-0.018724813104437077,-0.021846598116614713,-0.008703442991305432,-0.008608816938499797,-0.008742502806071584,-0.013561910697291513,-0.015590285522455338,-0.009433982750256531,-0.01797555241625648,-0.028640171290031824,-0.02040986147459367,-0.01453483855285509,-0.013788690196348319,-0.026974925807722205,0.007488571778625497,-0.017134930622401012,-0.008702935804729806,-0.004319233922406296,-0.005993216346274366
2024-02-14,-0.0048096874094283315,0.009665423646637139,0.024567358795925642,0.013875689909627953,0.005512022941039474,0.028601358278919742,0.025486372853585015,0.010157070794856837,-0.0049339466493623085,-0.004665341465219686,0.009770281268666858,0.011312251716608435,0.004233044911774675,0.013344025183612107,0.019160080432979454,0.007770423854883246,0.00950495531060902,-0.0005961123453055439,0.011881176339284538,-0.015141066084207289,0.00508945489484236,0.003762657780844725,0.041900916949929146,0.05136545149773286
2024-02-15,-0.0015747165062949264,-0.007155250758021148,-0.016806703591126904,-0.006901349311422389,-0.02172113351542071,0.02271381302645592,0.06221180550417671,0.021814567806651253,0.028659294672864988,0.013997534547181223,0.006039204718569113,0.007374289788062205,0.0021073280156964636,0.011375861789144848,0.018117992789642212,0.023640029082517833,0.009415660307981577,0.0067238125229136525,0.024461838891192134,0.01802925550121448,0.005171286780539797,0.002776291721370061,0.0021583350882306007,0.016730812227639058
2024-02-16,-0.008430437542606084,-0.006149181324786479,-0.0006191680474404437,-0.0017079419299743659,-0.01575968994419974,-0.022126683543029713,-0.0024943876658132247,-0.00467012809097489,0.0,-0.0011483708811399485,-0.004647544492955902,-0.00518180173696392,-0.0031548349193009084,-0.0054535209495891745,-0.008993442860270817,-0.00976732744246811,0.002894864948590481,0.0036625695484677756,0.021489916146798738,0.007825471621039082,-0.005787699954652337,-0.0031840858512641734,0.004267512618200353,-0.007324619212465078
2024-02-17,,,,,,,,,,,,,,,,,,,,,,,-0.009532306269177337,-0.006070139812886177
2024-02-18,,,,,,,,,,,,,,,,,,,,,,,0.008895163192163213,0.03313106792926823
2024-02-19,,,,,,,,,,,,,,,,,,,,,,,-0.006588364620277343,0.022430254937596983
2024-02-20,,,,,,,,,,,,,,,,,,,,,,,0.009767068832988945,0.02375647368863687
2024-02-21,0.004186100315110908,-0.0015144889986263843,-0.028508677679546124,0.00903755380828164,0.010133520091899495,-0.006832795462284769,0.00521268473502845,0.006509745021402891,0.020437952843103124,0.0051945090251748205,0.0013049221285876822,0.00033293428258796,-0.0031610465977408575,0.001480305680403804,-0.0025331599511760894,0.006371554722077288,0.0019194147076226908,5.331256612173263e-05,-0.005220721971751274,0.010770488801687739,-0.007109055939393483,-0.0027740974214147673,-0.008524364120598982,-0.014318281375232278
2024-02-22,0.01124370015313203,0.023546743278222815,0.1640086672884311,0.035530017339574504,0.010802995776410196,0.038672727838479526,0.013554445406056326,0.011995532660341368,-0.0008584278702344905,0.011154478189519645,0.021174759170579538,0.01996993094043531,0.0,0.012098734781280429,0.011330320967449126,0.002082572598008703,0.01021707202323463,0.00042672195902415666,-0.006679360484903363,0.0054645019474759415,0.00488195818804682,0.0004173299527796548,-0.010305082651198116,0.0002194536901753974
2024-02-23,-0.010033992272190706,-0.003182301295291512,0.003552444656776954,0.0023485144793740087,-0.0009022308485219233,-0.004319867376595399,-0.027556873210526134,0.005025474981629419,-0.00878197398877334,0.008663140717649176,0.00038287285223193024,0.0006527423502873386,0.004227802013779147,0.002037437689517585,0.0024145031990114862,-0.0009975989193821144,0.0003161248135752359,0.005651511902278639,0.008165229528615647,-0.022826091576163443,0.013386301787902788,0.003615081241421736,-0.011168964874795462,-0.01661023205546175
2024-02-24,,,,,,,,,,,,,,,,,,,,,,,0.016540904827679226,0.02420809632265497
2024-02-25,,,,,,,,,,,,,,,,,,,,,,,0.003143945229742817,0.04020580227502868
2024-02-26,,,,,,,,,,,,,,,,,,,,,,,0.053914352844811164,0.021298694046122835
2024-02-27,0.008114281945374113,-0.00014727351261167865,-0.0049435283184628975,-0.006810521779339163,0.009522490956323182,0.01102251481916161,0.0016549741281637331,0.0004909436910374154,-0.0021103346298337877,0.0011816902640622295,0.0017284721218808752,0.002615941179920478,-0.00210911475636244,0.004924867123453414,0.00827410499690262,0.0018514529460007534,0.0018993637879802794,-0.0010626830578386315,-0.0024248856631491345,0.014562406172021758,-0.0070520860003489005,-0.0015267730141717006,0.04700762695380023,0.0206120684504405
2024-02-28,-0.006625469104526327,0.0005888766493526987,-0.013189388077461284,-0.0021896371944472026,-0.018001043975472752,-0.006221160132594994,0.01156560160219966,0.005069344602422143,0.0027876306613652257,0.0035408865610111473,-0.0015763658404538416,-0.0017936831708856849,0.003171070499354167,0.001047487077539877,-0.0027673775762189212,0.009996685245900805,-0.007266962864078352,0.00180849115899262,-0.0009723120107145711,-0.0031143633350196875,0.006348575284802038,0.0022241355315988365,0.09493531994124749,0.04351478842287437
2024-02-29,-0.0036929933615745814,0.014519988515151683,0.018657800255081458,0.02078996747858297,0.015251334079978918,0.012623552161418194,-0.0007918650199801869,0.00911170413899609,0.0019170921571185495,-0.0010522855246813956,0.005440829853474494,0.005472786833869314,0.003909586274109422,0.006245702932273778,0.007367837147229217,0.009065958719971956,0.003182539259826811,0.005150266749304189,0.008759139263186055,-0.0035316778936488324,0.0070575463891044965,0.0016641117099371883,-0.020900898468654838,-0.012932076026531347
2024-03-01,-0.006030514192251313,0.004496577826056836,0.04003161236066455,0.00825982552183624,-0.009533394994428734,0.024830065127988243,0.003764585340074067,-0.00413857867068157,0.012629378562205806,0.0045855037057862535,0.008063989119936332,0.007961783337951056,0.0031581952710135752,0.006341256608810575,0.0073137248318710935,0.01030334466909566,0.010469636908333246,0.018910791174389097,0.021225303607032897,0.021810229836548345,0.006231073737343218,0.004193460360059298,0.020298739001094468,0.02786849665007196
2024-03-02,,,,,,,,,,,,,,,,,,,,,,,-0.006578811548619723,-0.003785719397915277
2024-03-03,,,,,,,,,,,,,,,,,,,,,,,0.01833832389535761,0.020146944548209422
2024-03-04,,,,,,,,,,,,,,,,,,,,,,,0.08173591649219114,0.039942835603055116
2024-03-05,-0.028440993821591154,-0.02957214971847355,0.008576526737743118,-0.01948421375262155,-0.005099342516049488,-0.01599788834435778,-0.03933237971984138,0.010017295506872914,0.012265234494057697,0.0008134048964909546,-0.010158443723801591,-0.010488082593595016,0.004201682039851606,-0.008237398448046718,-0.007528543573025792,-0.011959645185612655,-0.004720020191090635,0.006020141664404566,-0.008691698479077137,-0.0075666149415517525,0.014241820616853529,0.005404972142598163,-0.06628402455760396,-0.02078793930730316
2024-03-06,-0.005878118643612207,-0.0013905793367452457,0.031827210066779354,-0.0035033346396604603,-0.009572570598403995,0.011974218323957952,-0.02323786698783792,0.005197475012400643,0.010696710164685541,-0.003938448013487972,0.005216532762202464,0.005625713069434823,0.0020921049077600173,0.008037873542436902,0.006258174500165303,0.0050707606713396025,0.011381512871481148,0.008215401882095241,0.019843115074382744,0.012117078647063684,0.0058678701668846145,0.001792390614831163,0.03613733749494208,0.07433596350833915
2024-03-07,-0.000709519534275449,0.017533214236119088,0.04474630598193774,0.019076784751165476,0.022678680003526575,0.03245382752432491,0.011951969472048907,-0.008758363139141134,0.005619610391813357,-0.0029496169663064675,0.01042114508856895,0.010134646674663017,0.0010438685713189955,0.009069866537108728,0.009046422699729328,0.0006509950556377042,0.01031581572565976,0.005683843351386164,0.0063348139018957195,-0.0014795935751340528,-0.0009375242421838514,0.0016515717237148841,0.012384196927533564,0.01443259270225794
2024-03-08,0.010236526230318344,-0.007136909826193971,-0.0554770970043148,-0.008313545751684748,0.007664860503179494,-0.012183069793824775,-0.018527834714126334,0.0018628622839367281,0.009406854114362817,0.004091448916595519,-0.006456511758246575,-0.0060999395713751126,0.001042780046002001,-0.0035228455420222016,-0.00233475438908759,0.010734362603180392,-0.003093979712605166,0.008452547868211147,-0.0004496505838468279,-0.011720365179004988,-0.001772550618067692,0.0009614678690232914,0.020539401213709896,0.0045719642318817755
2024-03-09,,,,,,,,,,,,,,,,,,,,,,,0.0029105240064184468,0.006001424424042279
2024-03-10,,,,,,,,,,,,,,,,,,,,,,,0.007604594828588107,-0.00874129449649308
2024-03-11,,,,,,,,,,,,,,,,,,,,,,,0.04497430707429584,0.047730671374699885
2024-03-12,0.002778619833305962,0.026599366446481643,0.07157179437797101,0.019946455814511488,0.0060290229004529294,0.033416787519154,-0.0012938683737420131,0.008232013195708099,-0.006420889385257533,0.00936557644402658,0.01123738772707461,0.010031356800410007,-0.003128340138006225,0.002674358559752177,0.003011550785293249,-0.002747245904157869,0.008403360278306904,-0.01094062729637224,-0.011633119661930813,-0.003667539559735644,-0.00836143096168307,-0.003021038399473097,-0.008909905479502545,-0.021190960052674845
2024-03-13,-0.01212257718894405,-0.000433287460226639,-0.011151599715126359,0.0066708374081581034,0.009314142157831995,-0.008364185880087582,-0.04539820808488959,0.008112178724968944,0.011170651904914619,-0.01007748691849375,-0.0018799525300675635,-0.0012814342104898735,-0.001045836371984965,-0.0012513153533179056,0.0028145978836706664,-0.005023444744841843,-0.0021605890884557333,0.00700740378557585,0.0316885811726646,0.023721852760275386,-0.004848015930719485,-0.0016528220238734015,0.022414410239567806,0.006578402189656218
2024-03-14,0.010927270389522903,0.02437956937772978,-0.03239181750951503,0.012403729449981915,0.02367826482875479,-0.007546920882567143,-0.04118477639544138,-0.01781810169564113,0.017712031237931747,-0.011731865972574806,-0.002636798800912832,-0.0040901389165425295,-0.00628266928543697,-0.010022648151317703,-0.014034374668313587,-0.015146624988372603,-0.004948975336077299,-0.004175139558116325,-0.0026327938078376523,0.016114086734301925,-0.015357116969717532,-0.005931779337214338,-0.0230819028918976,-0.030779476587110888
2024-03-15,-0.0021964358427213337,-0.020695142067914007,-0.0012166146014758183,-0.024223786467438835,-0.013417334259652858,-0.01571668597812914,0.006584660456730784,0.01239561412167589,-0.0017941975755791928,-0.00646944407475647,-0.006441859061995903,-0.005717513965740717,-0.001054203426650857,-0.0006657724459860903,0.0001899758208516733,-0.001157575648185194,-0.0025894726544134494,-0.00319440663913817,0.013198466803825637,0.00039316878239858966,-0.0003224494567450886,-0.0005549924891475877,-0.027911980219644583,-0.03809292261097419
2024-03-16,,,,,,,,,,,,,,,,,,,,,,,-0.05891115205258901,-0.05685343706857138
2024-03-17,,,,,,,,,,,,,,,,,,,,,,,0.04708722796395115,0.03393634003909307
2024-03-18,,,,,,,,,,,,,,,,,,,,,,,-0.0123120859035869,-0.0341608641249429
2024-03-19,0.013584894555928928,0.009800620358218826,0.010660858076010804,0.00813845829732096,-0.004401178453633858,-0.0014888674653865674,-0.014269250195585559,0.0058652005991837175,0.007034539971915832,-0.0035084744677603696,0.005645289168150436,0.005720151266714213,0.0021120965380267975,0.005552063383483352,0.005984694969160431,0.0005796430599440683,0.0,-0.0011498061737871268,-0.0052378407980793185,0.005770671055019605,0.0028061084439872097,0.0026410656041433445,-0.08343356981432348,-0.10243560798455653
2024-03-20,0.014709363513023765,0.009064839610529951,0.01089491585109914,0.012791359170393646,0.011630076386663246,0.018700539195020793,0.025332688257929448,0.013106864089953207,-0.0008841759129908366,-0.002880949990202386,0.009036011983293735,0.010093720714634546,0.0021073184747899543,0.009157949212739158,0.015391648955506154,0.006373759256588674,0.009372133782774794,0.011911859798154678,0.02193944624457389,-0.01504526712462484,-0.0003228930351539816,0.0018031737512309576,0.09692504638897836,0.11267192037115104
2024-03-21,-0.040857435817532206,0.009735922156344001,0.011762582213355799,0.0,-0.007664420854167298,0.00443119836419803,-0.016167575308454918,0.013905200694118491,0.0044251528605483426,-6.401671418210242e-05,0.00326789471972333,0.004124156199770468,0.0,0.007462767681450044,0.011066754579282412,0.007320405822252463,0.002166522051670672,-0.0010386361790747367,-0.027479659589467187,-0.005566346992566751,0.0021529852618282774,0.0008304714444882233,-0.03566706353999505,-0.0058068810073729216
2024-03-22,0.00531015625336928,-0.0014673544486213386,0.031213388024470934,0.0040415450203241665,0.021476950787069127,0.0035842382828041863,-0.01151490226146512,-0.012257541554338225,0.0,-0.0033387477341985106,-0.001358783837344557,-0.002536292912074245,0.0031545477511316644,-0.005811155927443745,-0.009557515510841719,-0.01336551622796156,-0.004014771025582675,-0.00802096899240623,-0.0039735167374687075,-0.001822434134399864,0.009560529497952608,0.0033191293358190155,-0.02615044343853401,-0.04560653406668436
2024-03-23,,,,,,,,,,,,,,,,,,,,,,,0.004444134671348854,0.0008717090110383907
2024-03-24,,,,,,,,,,,,,,,,,,,,,,,0.04951388799118828,0.035378137308897495
2024-03-25,,,,,,,,,,,,,,,,,,,,,,,0.04052464020923141,0.039438972943898865
2024-03-26,-0.0066724081557022474,-0.0028614735379647316,-0.02569401539259264,-0.007845994154095037,0.003998106284281988,-0.014174409066227245,0.029195349264770964,0.004671019097000961,-0.0075012163923148245,0.003543387886781879,-0.0028040600178816932,-0.002389897416667619,0.001049236856576874,-0.0007228358325158668,-0.0011179733539324888,-0.004779818148414661,0.0006212020439306798,0.003233961285236564,-0.010628865010145372,-0.006044254215421874,0.002780332276280939,0.0008285219333474814,0.00041486463910467286,-0.0009409678643157449
2024-03-27,0.02121258145669014,-0.0005216139461550195,-0.02496735548187501,0.008581036192426339,0.0013274290649987197,-0.004093765843879993,0.012157391142962881,0.019363354047427617,0.010369910369143254,0.014059078222769195,0.0087484974651304,0.009582303459159336,0.0020963824924182806,0.014333697754639108,0.017627439999707173,0.025362327667738827,0.005276088376418686,0.007240660177973313,0.007609672118746635,0.0028464383244550806,0.009917968748605732,0.003449793246773858,-0.007608353371227561,-0.024359450730277232
2024-03-28,-0.010559091027415701,-0.0016848438389087672,0.0011744479375730421,0.0030584610251771505,0.000397598825334633,-0.016765757317140362,-0.022465709302040393,0.003909451069676884,0.011046487576843678,0.0014561816396503335,0.0011357124345359182,0.0013447276357367866,0.0019936796045700866,0.0031438816513191803,0.00394096976314251,0.007560201237873043,-0.0009261176914375779,0.012900024807739996,0.010661917755568462,0.015739919843620553,-0.0008448047994666918,-0.0012378837781511498,0.018567460837021654,0.017479056214108946
2024-03-29,,,,,,,,,,,,,,,,,,,,,,,-0.01204502883045766,-0.013896014686989755
2024-03-30,,,,,,,,,,,,,,,,,,,,,,,-0.0035414711944022903,-0.0010996667352133338
2024-03-31,,,,,,,,,,,,,,,,,,,,,,,0.02424203264779501,0.03988435846648297
2024-04-01,,,,,,,,,,,,,,,,,,,,,,,-0.022871394296192005,-0.03915351882861429
2024-04-02,-0.006998631751780615,-0.007372207360647032,-0.010081540016716573,-0.0015472110151306673,-0.0059813016422928245,0.012252017271982663,-0.049024062767074494,-0.0004021197674738408,0.01957430084784617,-0.00031680636206266044,-0.007212927615020126,-0.008238319490137869,-0.0010549385996841965,-0.009464979249195649,-0.014735620215732381,-0.01261723784844937,-0.00278973823563744,0.014772360490971526,0.042869620125581376,0.014058024003050562,-0.005510525295236657,-0.001112513525952319,-0.061047985989492126,-0.0649910010049034
2024-04-03,0.004797587007163706,-0.0023490940511086134,-0.005455434992151842,0.009519072430478781,0.0023291365939719366,0.01883911110386305,0.01050231020055925,-0.002816051234421413,0.0001677677924138976,-0.02199967139396175,0.0011242422894235382,0.001597402074080101,0.0010560526704095352,0.00216740708373786,0.004112833850888897,0.0007565932441098155,0.00497361958887188,0.008772374739768773,0.0373321889241609,0.005693762585219142,-0.0002173586278736428,0.0006958941440600164,0.008156830210526378,0.010437847565395009
2024-04-04,-0.004892488240284432,-0.006112445112173792,-0.03438468756778723,-0.013212014767422509,-0.028337241627308107,0.008248809331592888,0.016213301154368365,-0.007608502334243372,0.003520481230220307,-0.011409447101950021,-0.01220605309464573,-0.011961689062450875,0.0021097685771895858,-0.010550631377583941,-0.010426329944719481,-0.006300362090732592,-0.005876778680242278,-0.005734705223284009,-0.009704802893678588,0.01255380483774049,0.007172400418318237,0.0020863455423481003,0.038314642609167615,0.00561647566373269
2024-04-05,0.004501912895706228,0.018282678948351005,0.024480625347617524,0.028166707356770848,0.013087236181027695,0.032137948577478204,-0.036292482565110196,0.009200056132130152,0.013782171665439158,-0.0007212539692851294,0.011093752079032848,0.01081512273796914,-0.005263371258771521,0.009238707875356633,0.0068673148817270935,0.0057485713599307875,0.0034225151220799166,0.017114197447370305,0.022049853841329403,0.0015802222938763322,-0.01391872540502559,-0.004996827174703955,-0.009797320875087778,-0.0033498911937862585
2024-04-06,,,,,,,,,,,,,,,,,,,,,,,0.015602971156545964,0.010635674717235144
2024-04-07,,,,,,,,,,,,,,,,,,,,,,,0.006770270726916605,0.02960803456678729
2024-04-08,,,,,,,,,,,,,,,,,,,,,,,0.03270935878474601,0.07001548335394525
2024-04-09,0.007242153503416615,0.00398032584507213,-0.02041719064601155,0.002591909504893186,0.011301271666284807,-0.004525623702235193,0.02254601255405486,-0.006700918908472464,0.005226067020827729,0.004617787210186908,0.0015828655327445595,0.001596506976843548,0.0031778988495947402,0.0022569166330699275,0.0033466025107435904,0.013058332398862893,0.0018523607881142379,0.005497054993034878,0.012598413371265105,-0.012773667412961376,0.009301953757070436,0.003630063611752332,-0.03479403115822832,-0.051451781685670994
2024-04-10,-0.011139095581016,-0.007084441965901744,0.01974151806687785,0.0015080453603608657,-0.002937376766046329,0.005668422599319323,-0.028946236061948905,-0.008521419965401456,0.008417156401269388,-0.013723995867399696,-0.009440670988419164,-0.010758730622382084,-0.010559656808978968,-0.015013085539097748,-0.02149553528086967,-0.04088663238364909,-0.011093803110670986,-0.009463856185613961,-0.010497611105100169,0.011583423220416833,-0.021793256920554893,-0.011686168322057822,0.0209558550176423,0.011004831112360725
2024-04-11,0.04327092194962723,0.01103323741632889,0.0410965992544603,0.016671181255133227,0.020942641038038445,0.0064058993236753015,0.01653476762638495,-0.00020470452359544478,-0.003355088860753863,-0.00938732318547586,0.007473369662642337,0.007089432726287814,-0.0010671034427658377,0.0009278321379904142,0.0017043932663198813,0.0021399596249778163,0.002181311779362094,0.019433247203493043,0.022003907628869612,-0.006578064444175968,-0.004544768451030579,0.0,-0.007469744331340511,-0.010861205883757163
2024-04-12,0.00862669943595007,-0.01409100957485998,-0.026816512365673506,-0.015445639364236818,-0.010538866352373666,-0.021523098493646198,-0.020332204625772565,-0.06467780289645353,-0.011659393835305787,-0.008535560338028159,-0.01443990242866866,-0.014958899909744083,0.002136816782180251,-0.016055256161858433,-0.017960016948899815,-0.01067730271194034,-0.016791105806423068,-0.013239324939518515,-0.014609806411815307,-0.0002453006954302728,0.005344837768082256,0.002251891625012048,-0.04088948430588779,-0.07480580700184813
2024-04-13,,,,,,,,,,,,,,,,,,,,,,,-0.05021729270691988,-0.07342952756850973
2024-04-14,,,,,,,,,,,,,,,,,,,,,,,0.03004089104268326,0.050597851556279494
2024-04-15,,,,,,,,,,,,,,,,,,,,,,,-0.03517737178558533,-0.01753011445356112
2024-04-16,-0.019167224756300394,0.0022723351843467743,0.0164415550339847,-0.001633742516860992,-0.002970381327260463,-0.0009396748291461421,-0.027062145360474688,-0.011427557443685954,-0.008272216077588435,-0.021275172290048272,-0.0020542642069421024,-0.0023025933412633703,-0.0032188158364016006,-0.005106407324615869,-0.005074043474754375,-0.014485155491451351,-0.01112522668099647,0.0012220152803359419,-0.023097334868456443,-0.003919163366124301,-0.006637288938264541,-0.0025446279246637005,0.006080330797783695,-0.005377925568445963
2024-04-17,-0.008147448778114463,-0.006608943453229599,-0.038666092170634436,-0.011128128209780819,0.006930181633534094,-0.011185448791072639,-0.010565868854054306,-0.0039824212871413245,-0.0005054616179431815,0.0022154283912358963,-0.00578959933363854,-0.006182618195149758,0.005382127625236599,-0.0028741403505333496,-0.0076501504749503235,-0.007749759970187564,-0.0006427712357848225,-0.007368252752093185,0.001938028910378975,-0.029755294657097475,0.0110984737981219,0.004819002585777721,-0.03972884891052719,-0.03247819118850337
2024-04-18,-0.005714272097310236,-0.018380997552360334,0.0075682956586968775,-0.011363622972558218,0.0034732056110409193,0.015440075444275836,-0.03550983840996058,0.006497154942606054,-0.0009272628834973151,0.006700134353778031,-0.002135201631386363,-0.002156565206675065,-0.003211923088923374,-0.000651998905307094,-0.0016801872649733207,0.0007182044355131811,0.000964776984571758,0.0034154561341945833,0.00038685604387866945,-0.0016475082597787738,-0.005040122024006943,-0.0026803481492815306,0.03649124077498622,0.027238683519387852
2024-04-19,-0.01221276420015327,-0.012739073679527868,-0.10004608835874051,-0.02561096030926935,-0.012307035381037945,-0.041311304050308806,-0.0192088959161848,0.025103504283088718,0.01147482499427488,0.014889584299395464,-0.008710647275495531,-0.007564486166885542,0.0010739803214949717,-0.0007551997523878029,0.002573981872640463,0.004844252448064967,-0.003213280454115619,0.003131535140574959,0.013147724074368039,0.0008885465334966813,0.0036021903600500504,0.0012732045531580471,0.005208661031110617,-0.0022012272375354636
2024-04-20,,,,,,,,,,,,,,,,,,,,,,,0.018026421268684478,0.032147655318233825
2024-04-21,,,,,,,,,,,,,,,,,,,,,,,-0.0010431180502996629,-0.0032741746890918577
2024-04-22,,,,,,,,,,,,,,,,,,,,,,,0.029433758205850147,0.017273130222613897
2024-04-23,0.006391829362305312,0.016485492630473386,0.036532665559790845,0.01303389727631088,0.012669507839674576,0.029830020810589275,0.018514534090260826,0.014413075218217886,0.003898417835931589,0.002950734041633929,0.011974983122799765,0.012702300930377719,0.001073049099067358,0.010263685396798783,0.015157321803260349,0.009474188534333017,0.009875896048593402,-0.002458663172418052,0.002406717417084314,0.015232350802626193,0.0003371276592256667,0.0018354772701638655,-0.006439574982440521,0.0057031560320381924
2024-04-24,0.01270237446804745,0.0036557939879575674,-0.03331596780848467,-0.016430862529557833,0.005497385558139722,-0.005240933109544099,0.12061109407252757,0.0048923549374513264,0.00016540941357501282,-0.006886977354862545,0.00023486500876290783,-8.188551891463725e-05,-0.00214357706083379,0.0016199905774973988,-0.0006741318680869579,0.0017541769758711023,0.0,-0.0018600907225296837,-0.0036014467151739282,-0.004251112190728379,-0.007075983553190168,-0.0025367380515248783,-0.03208044676017341,-0.024878460883124842
2024-04-25,0.005147036115615178,-0.024495258211349902,0.03708730433836194,-0.016535467634067658,-0.019669431043874197,-0.10561302652532956,0.04965143743002587,0.0015020250671093915,0.002313057452608236,-0.01151273971251665,-0.0045697714045157545,-0.004673307739180732,-0.0032224939924571094,0.00097710386753036,-0.005783770774313579,-0.006129049127944652,-0.0028392122140710185,0.005963468053189924,0.006425696781659385,0.010045241811764694,-0.007013963118394861,-0.0028263626542877063,0.0031863484195515657,0.005320185415315981
2024-04-26,-0.003472607412917883,0.018243868651227402,0.06175562148336833,0.034260361668536854,0.10224341437494111,0.004327375876651107,-0.011105884774887609,0.0006205358601656386,-0.027775605638549195,-0.004631432440930672,0.010232858997891725,0.009802270399603241,0.0021554596266599724,0.002558672308763832,0.005623513616907161,0.0008810611801868262,0.006959864854298337,0.003241927353549112,-0.006783722263241976,-0.0006216192222797678,0.005240249179738532,0.0022674754866012226,-0.011265004482557628,-0.008346157799679732
2024-04-27,,,,,,,,,,,,,,,,,,,,,,,-0.005272966802647994,0.03897667565831631
2024-04-28,,,,,,,,,,,,,,,,,,,,,,,-0.004823625063903991,0.0032613458524253236
2024-04-29,,,,,,,,,,,,,,,,,,,,,,,0.011533090916022948,-0.01451087129353712
2024-04-30,-0.018270675217055943,-0.03211927829954753,-0.015440329756494342,-0.03293549122868411,-0.020282702598544144,-0.0056629548312274736,-0.05550118063944742,-0.007967459188110149,-0.011451069276050663,-0.015188756670748926,-0.01570619387599448,-0.016258857270611382,-0.001290097428899517,-0.017071731474832208,-0.019160554645220262,-0.017507181629993762,-0.012796428795096126,-0.019937078844561418,-0.03141364031583482,-0.014088084862667105,-0.008541144257475763,-0.0038058765416687512,-0.050191249309274655,-0.06317729070733402
2024-05-01,-0.006047057721725646,0.014409562272497789,-0.03889969126640147,0.02285714285714291,0.006634656216249812,0.02096822796425113,-0.017950640048260635,0.0006256450382082779,-0.01893969440722376,0.04557729021360468,-0.0034192645643927877,-0.0024791009668390096,0.0032289125257338736,-0.0016622371305274886,0.0011720589967028072,0.001418380711194045,-0.0009485627665645202,0.00906215232545482,0.009147660194687601,-0.03125793613287409,0.007371125820152313,0.0036054567761314438,-0.03929695449375714,-0.014109611457047588
2024-05-02,0.022031651866394997,0.007342831704713726,0.03342939693203206,0.031955314082140474,0.016843680054486665,0.005669604702405628,0.0001110562423569661,-0.0010422833205467885,0.001809883615385699,-0.008334344267446836,0.009127693242093171,0.009941113528868284,0.004292094643308486,0.008358817990991918,0.01307305306685036,0.013721919572433627,0.016455737286634964,-0.0030870874411647042,0.003708288046574859,0.0,0.004290904723298183,0.003959499800429311,0.014924669552331737,0.0061902767768931
2024-05-03,0.05981629418061418,0.02216972910007775,0.034631718482222906,0.008066292135759712,0.0037210189603085198,0.02327478354688517,0.006555235656792835,-0.006000378682814889,-0.002064741651832569,-0.004335809334520158,0.012616320220196986,0.011976137036880719,0.004273312559798681,0.006503526132729309,0.009437765165266843,0.006898848369117472,0.008405881499340406,-0.0007976266365629092,-0.005747179535684377,-0.010536060167818495,0.010118953294723676,0.005071155458473031,0.06370405294167747,0.03861011747338838
2024-05-04,,,,,,,,,,,,,,,,,,,,,,,0.015926845790239064,0.004522066678476877
2024-05-05,,,,,,,,,,,,,,,,,,,,,,,0.002185896653241981,0.006310224609351378
2024-05-06,,,,,,,,,,,,,,,,,,,,,,,-0.013574390387488533,-0.02375337855399917
2024-05-07,0.0037972583340635246,-0.010156274878643679,-0.017212859280596238,0.0003179520909595279,0.018738644940733407,0.005497256254217708,-0.03761635178001177,-0.00130198694348993,-0.004967832696341268,0.0009420492114218249,0.001400298254175869,0.0009621048227033135,0.0021254125412542013,0.0015915185791950393,-0.00037641471413540906,0.008838838487711831,-0.0006137059074926565,-0.004600326433150892,-0.0059832317653055744,-0.0021147720640344314,0.006098530687897119,0.0019600693807826364,-0.01309542885757653,-0.01833385054066039
2024-05-08,0.0018641801701475558,0.0029315341771223302,-0.0015682323981656143,-0.004026247769404412,-0.010919643544570534,0.00931156566429392,-0.017378079862311324,0.020338836736074395,-0.0001721888951504713,0.0015466543776032626,-2.0768398074078043e-05,-0.0006407658263739568,-0.00212090474371307,-0.0014233396870694248,-0.003390634374178525,-0.008589533439772978,-0.0012280408352572936,-0.002941061869504713,0.0012038798777551651,0.0080794782828022,-0.0060615640535001125,-0.0023754940074621755,-0.018398626419713127,-0.010949302229649516
2024-05-09,0.010014289637186202,0.004335879194663272,-0.018415631406043187,0.007978723404255428,0.003424408060897166,0.005967020936322509,-0.01573946875450305,0.009455660701610968,0.019716003745823718,0.006042198560865852,0.005301406983695189,0.005771091590272448,0.0021254125412542013,0.007358978558960949,0.010962110621107302,0.020447123176603244,0.005225996601660121,0.015778607960932778,0.036472938660740084,0.005386887786453132,0.004878695554986656,0.0026615911243688117,0.03043115176709965,0.0209719132026831
2024-05-10,-0.006890360477958768,0.005869089793586912,0.01274410817563787,-0.01065965315282813,-0.007708019999646987,0.001640593979551408,-0.02035238689978358,0.006430348874149061,-0.004052847572954543,0.000400437186236946,0.0017856656769472679,0.0011157299092099393,-0.00212090474371307,0.0017769285142807956,-0.0028043016117287323,-0.0027169567391132077,0.00275232411925308,0.008112513438038427,-0.0034802842406687073,-0.015943461119050317,-0.005627607783015964,-0.0027942014165218687,-0.035799920573900024,-0.041577205332458456
2024-05-11,,,,,,,,,,,,,,,,,,,,,,,1.5356984674586016e-05,0.0006223095933592937
2024-05-12,,,,,,,,,,,,,,,,,,,,,,,0.010768936188532141,0.005873005038939505
2024-05-13,,,,,,,,,,,,,,,,,,,,,,,0.023646747788683697,0.007053539594945368
2024-05-14,0.006173586503017248,0.006864595397054973,0.010586386952646576,0.002679959159411549,0.007094664811697848,0.008204897860736748,0.03292805679333921,0.013988776814365167,0.006070377859539011,0.0010580155165618166,0.004995865481688844,0.005652720445666226,0.0031881733627907582,0.004576314497455103,0.010394201138401726,0.007893510356108635,0.005785637113965736,0.008462045119477013,0.012790695095526328,-0.012084568529312611,0.005644865111610109,0.0029396266397496706,-0.02144084393922019,-0.023124226599441355
2024-05-15,0.012218006174512297,0.017484065531158555,0.0358378469616778,-0.005773249525686364,0.012739284962381747,0.020536132648949712,-0.02005067585133169,0.0029775047803812793,0.00773347241397615,0.008521582026843388,0.01190152015994772,0.011796619195870939,0.006356191187966598,0.010782706285674237,0.007877726797714146,0.014231475554079998,0.008477243689720249,0.012838750510223873,0.037887551100776795,0.008908365604323398,0.013647124330466553,0.006419832665733427,0.07659609250545496,0.05410973083044013
2024-05-16,0.0006323518398505534,-0.004940145315163291,-0.0028638273143025694,-0.012688857146349708,0.009680421933906613,-0.017257038939501146,0.004885285464054867,0.0017811835885408467,-0.0059875151992765385,0.010545618211977859,-0.001875307278419558,-0.002504066491613388,-0.002105384421776324,-0.003210008982514445,-0.007724130604063517,-0.001328544108672669,-0.0015011012547060387,-0.0038933433506626036,-0.002212439949640932,0.0048761565626620484,-0.000977086778190528,-0.0016642446873682548,-0.01563225228621834,-0.030267969283067964
2024-05-17,0.0001581095540452715,-0.0018526966224525765,-0.019923958285382848,0.005826891232250109,0.010793458491804131,-0.002789308460300677,0.014985188920464187,0.011458530187606009,0.01501662888555133,0.0023333193789523143,0.0012050307750302025,0.0012551149338859702,-0.0031645230337878916,0.0013661516876795066,0.0007412573852068061,0.00016634903296397496,0.004209280127244419,0.0164977725898805,0.0639320577874487,0.00944263896004105,-0.006738548734627758,-0.0025000709272432475,0.02790508695432159,0.050587747570991715
2024-05-18,,,,,,,,,,,,,,,,,,,,,,,-0.0016564833198177142,0.009317781735288744
2024-05-19,,,,,,,,,,,,,,,,,,,,,,,-0.009895869986810912,-0.0163646468279689
2024-05-20,,,,,,,,,,,,,,,,,,,,,,,0.07800174241430358,0.19272223475749883
2024-05-21,0.006857260970398071,0.008698907444450787,0.006393686596921189,-0.0021248741632045043,0.00525671143784745,-0.008979585898647668,0.06659050790792542,0.02014513638803561,-0.006909821143571304,-0.00019828786706477253,0.002526863829081405,0.0017213391522858945,0.0021192016680420256,-0.0008110105479359753,-0.0027726821387098477,-0.00033457827414140606,-0.0038887928333115607,-0.001469548604570936,0.010006933061012857,-0.007428641598941299,0.005158040338651526,0.002090690652287064,-0.018358253231772315,0.03424187347472718
2024-05-22,-0.0075384290083103656,0.0034495123578028863,-0.004570808639543844,-0.00010914012742568868,-0.0082654594038859,0.006779643308434169,-0.03478030697150003,-0.006064581656106349,-0.020110278829573836,0.014943019684398484,-0.002703287843708324,-0.003124429497429859,-0.0010574685998894218,-0.0026948671935889124,-0.006950759970221876,-0.008619881472222257,-0.006906956888681481,-0.01837396956557802,-0.035872945951071045,-0.016938036416733193,0.0012011894851688965,-0.0012514306851857393,-0.01446030042296964,-0.013747867811565229
2024-05-23,-0.021058001228533074,-0.008176112151050186,0.09319633569561292,-0.011358061353112014,-0.016044940872185665,-0.0042757301444033,-0.03536724832380789,-0.0070092424693702915,-0.017059230908247347,-0.024755625907733503,-0.007337213682756527,-0.008462669488434993,-0.0031745690306075325,-0.014194070088043187,-0.014465879555217387,-0.021357457379266087,-0.005442876481027814,-0.019944570339717638,-0.023742030212484222,-0.005609800760412287,-0.0064340006093441815,-0.0029250018782364107,-0.017255976976508713,0.010625410415868064
2024-05-24,0.016588067100702375,0.007400428864867026,0.02572272825185329,-0.0016570176564539851,0.008297475856428482,0.026708084694995415,0.03165649721483632,0.019246510144463214,-0.0007929634633689897,-0.01823654770761629,0.007021838653186396,0.007191277155122355,0.0,0.008322012740733742,0.009848628886348187,0.00043126340438570665,0.0057768410257537095,0.0009271136061119734,0.0068965713001554185,0.012088671091613268,0.002963475490650236,0.0011174785891379102,0.008781729788116976,-0.013236335392203924
2024-05-25,,,,,,,,,,,,,,,,,,,,,,,0.010796524727518797,0.005984006837891798
2024-05-26,,,,,,,,,,,,,,,,,,,,,,,-0.010796814497022966,0.020447066274494885
2024-05-27,,,,,,,,,,,,,,,,,,,,,,,0.012791671360530277,0.017279442451079374
2024-05-28,,,,,,,,,,,,,,,,,,,,,,,-0.015827408107827234,-0.013296607756030476
2024-05-29,0.0015789566972197466,-0.0026726092804512103,0.008112293628007139,-0.0007136405620595809,-0.002834345838509944,-0.01158537389519132,-0.0031683030189180172,-0.006967353221935091,-0.010708712919780816,0.0004155008046990982,-0.007358267483754455,-0.007928979004103387,-0.004260095888237725,-0.012356981784659382,-0.012541071220015576,-0.009548634579102933,-0.015719382879859634,-0.009303812074716977,-0.002393970429964254,-0.0140355899547423,-0.012101674883391977,-0.0036453310943866946,-0.01051485738366742,-0.020066320442424512
2024-05-30,0.005255053358605544,-0.03378610462603049,-0.037665971074175464,-0.014833517662161122,-0.021546384692346154,-0.015410228573949025,0.014756744473008343,0.006158198644748092,0.0031682193585980123,0.005815595819814723,-0.005873063136360379,-0.004510652536527937,0.004278321949985342,0.004616470243377302,0.007352808907916675,0.015425075047059922,0.004606659952597347,0.0018967600627461945,-0.025711347207349355,-0.013582354965030019,0.009665095462535245,0.004361941739652542,0.011644282841286824,-0.0043438931992773044
2024-05-31,0.005018742512159058,0.0011093009800142717,-0.007846131133703915,-0.016060700229647673,0.0022659456235623043,-0.0004710799908428376,-0.003971091681523098,0.016555417017503293,0.028686655859587074,0.009567722209008256,0.008117821162451078,0.007392812580285124,0.0063025671768162095,0.008591331991316453,0.008910828470960475,0.01812529069222313,0.005808693233394502,-0.00586417430627717,-0.023223076905008022,-0.009400226346452323,0.00678966621737076,0.0036424324341475245,-0.012778150001159894,0.0035168216840502087
2024-06-01,,,,,,,,,,,,,,,,,,,,,,,0.0031933460054698326,0.014141485892959826
2024-06-02,,,,,,,,,,,,,,,,,,,,,,,0.0006596674454519835,-0.00847135927884124
2024-06-03,,,,,,,,,,,,,,,,,,,,,,,0.015544720172089965,-0.0038368778068711418
2024-06-04,0.0016491049550020342,0.006166666417342315,0.012495703554343818,0.00560726713319748,0.0035802747729178908,-0.001047163136357221,-0.008622094682395387,-0.013180122931410798,-0.015552607003406882,0.00040605125049331114,0.001555491590989888,0.0,0.0031679158600164126,-0.0026924081162641444,-0.012573230004822356,0.007732948075888979,-0.00665466861315589,-0.008977059834655465,-0.031193938720833092,-0.010302178397608386,0.011680995808124983,0.003759151378121217,0.025622992224831664,0.01224693121792586
2024-06-05,0.007821083807012963,0.01908331942576158,0.05155574734267421,0.010817455564965828,0.009321592094431619,0.037883350482281086,0.0013159908560766986,-0.009540033472511755,0.003994089629322017,-0.01238149196945637,0.011871365862740513,0.012147057333762756,0.0031578041265090118,0.007931939363946983,0.01235053566655453,-0.0013491300977431786,0.008830745083293845,0.011845603201319,0.014063625252730638,0.011253384343352657,0.007337947660698063,0.0027746090810192303,0.007298724608017615,0.013572433260235606
2024-06-06,-0.007096628275302774,0.0012027475866995818,-0.011777120895514526,0.020520748266509736,0.00752501636416536,-0.0026258476752653026,0.01680001395089281,-0.0017744671031292292,0.007514092276277973,0.0030826419307286024,-0.00020194296172859616,-0.0006235102560701034,0.0,-0.0040338815664526795,-0.00397207706502023,0.002026463940751455,0.0024146273612486446,0.007391356612921562,0.04124091546888309,0.019056930841750752,-0.0014995009648013369,0.0001384488144851037,-0.004581363662391591,-0.0136261576231963
2024-06-07,0.012391971804348367,-0.0015782762967118114,-0.0009091192419976579,-0.003783767287795614,-0.01284417230850976,-0.0016203520196095278,-0.0025851787543875737,0.015438680951871397,-0.010704578885517568,0.004507818194060986,-0.0009290873349047102,-0.0019495250918328821,-0.008394446631728836,-0.0046478838508631215,-0.008925360191416432,-0.009016516694210774,-0.009635488539021853,-0.03568330143379639,-0.0651945518957594,-0.003276078162238627,-0.018345871930034008,-0.008022219605294922,-0.01999201273457618,-0.03488734358684775
2024-06-08,,,,,,,,,,,,,,,,,,,,,,,-0.0005308786729295578,0.0006308874002707299
2024-06-09,,,,,,,,,,,,,,,,,,,,,,,0.00493781012787653,0.006779189544245501
2024-06-10,,,,,,,,,,,,,,,,,,,,,,,-0.0019485261992140401,-0.010574014146293997
2024-06-11,0.07264926096277957,0.01124177145948213,-0.00714386224866026,0.0009087895389929823,0.00919946124566251,0.009689638268624456,-0.018010183238054034,-0.026301254255265416,-0.008047379452826298,-0.0025148368608314264,0.002721863618879272,0.0021808699413732313,0.003178092207933192,-0.0028894616032252296,-0.0037245801601791806,-0.003308587083832748,-0.009399583860978944,0.0028566106093961263,-0.015118058336031082,0.0006626431535181609,0.010342321511489283,0.0040495879613042796,-0.03136496113771259,-0.04592308012417712
2024-06-12,0.028578357437015756,0.019367615181701936,0.03548074907766785,-0.0018159287809064173,0.006624403639663212,0.00269967466468235,0.03884911216309472,-0.014560601969786036,-0.01105476333935862,-0.009198801108735943,0.008525590045854736,0.009249332936955845,0.004223923838599264,0.007761282406952619,0.013995390522039353,0.00944767206800834,0.009488774391610777,0.0026617200115086614,0.011980592030752968,0.006224357136888736,0.007513832703114787,0.0045900542354029295,0.013502581655740586,0.01751895888957078
2024-06-13,0.005491033904519993,0.0011791848315947373,0.03522364692035662,-0.016373254687715777,-0.014792732931543484,-0.009315278091006185,0.029217711832219218,0.01112097056468353,-0.008023022548383052,0.0002750752757683106,0.00235270880618188,0.000924094723293134,0.005257938835457443,-0.003007844343197008,-0.008130067425808352,0.004047188195748674,-0.009702869743362874,-0.008150148984962247,-0.022197571817531014,-0.003158798138459984,0.014699238627185585,0.00443017708318294,-0.021757960505889518,-0.025378125970065946
2024-06-14,-0.008168351865786572,0.0022418399365791153,0.01751419636239082,-0.0009247574783878276,0.009305811223368154,0.0011120171540150992,-0.024442410719736185,0.0006195244553950374,-0.008451486426483079,0.0006188871644834393,-0.00015914711585529595,-0.0015387760552748597,0.0010456378583640902,-0.007989883571122736,-0.013057367748910642,-0.00016795599428076624,-0.0064299763929910325,0.012959545903254766,0.02194475660268802,0.00448909396454833,0.008415151224304251,0.0015161211652077178,-0.011164543099157487,0.003168011430681794
2024-06-15,,,,,,,,,,,,,,,,,,,,,,,0.0027253941690672523,0.024503138996214258
2024-06-16,,,,,,,,,,,,,,,,,,,,,,,0.006768999939568809,0.015429295002475696
2024-06-17,,,,,,,,,,,,,,,,,,,,,,,-0.0022321747830370553,-0.03015678941117861
2024-06-18,-0.010984614046035568,-0.004527534163974556,0.035119710099421164,-0.006791263808433312,-0.01213063701580952,-0.014093135658615807,-0.013764414198944475,0.010359883337029752,0.00941301772549652,-0.0020554865858128935,0.0025465094530987553,0.0023700941345075055,0.004197330711169567,0.003751512626651188,0.0022049567620643362,0.004048623618476244,0.004608325409244829,0.004007271832187298,0.0014858472535419498,0.011312472593663525,0.009175415992423774,0.0034534903912122328,-0.02029695827328193,-0.007887929643914382
2024-06-19,,,,,,,,,,,,,,,,,,,,,,,-0.0027701435671353414,0.021720130807989513
2024-06-20,,,,,,,,,,,,,,,,,,,,,,,-0.00202647819256907,-0.013558805157003362
2024-06-21,-0.010444462012157985,0.009154144170796297,-0.032191454133625785,0.01601287280926522,0.01888831301594318,-0.013793145641355697,0.00793075466503601,-0.011929336960587511,-0.008770459196609237,0.006563840517657793,-0.0015198952040070823,-0.0009941270648491374,0.0,0.0005296642181029654,0.0031667876917593762,0.0029472930832041833,-0.0059451475551844934,-0.015493238109986152,-0.03642858777727398,-0.009570609509908734,0.0,0.0002755292641976048,-0.011298352821403679,0.0014208618736464285
2024-06-22,,,,,,,,,,,,,,,,,,,,,,,0.0024397531859308152,-0.006047141456727134
2024-06-23,,,,,,,,,,,,,,,,,,,,,,,-0.01668075089399379,-0.02180421377772701
2024-06-24,,,,,,,,,,,,,,,,,,,,,,,-0.04595356431233677,-0.019995095208515723
2024-06-25,0.0044682411130338995,0.007326669136457298,0.06756403579963455,0.004149318226444709,0.02683843843473044,0.023431060366590595,0.026125557150967316,-0.004072791168435175,0.0028058319584436386,-0.012942524247715914,0.003926164017321376,0.0026851771405695946,0.0,-0.004809410469829856,-0.007898739925924603,-0.013341109757867509,0.0024662457267734528,-0.004962237629221655,-0.022222236350730618,-0.010037584102830066,0.0016961206058418998,0.0005512820759436821,0.025336630415439876,0.013363963957398806
2024-06-26,0.019993223234552993,0.002683200265027663,0.002458698377246993,0.03901472799901873,-0.0008150004166856961,0.004935324407108865,0.04814512260377568,-0.003231234176205633,0.00034966806298042385,-0.0025137028002989448,0.0015800963484235986,0.0012239196738161873,-0.004188326250263219,-0.006421381519010172,-0.0015348639458983016,-0.0016903447816050132,-0.005842652434705942,-0.009228168111804491,-0.0034090967381953385,-0.0019011599870464302,-0.014285739325066715,-0.004683089635873716,-0.016072632592061153,-0.007526226555239823
2024-06-27,0.003985998566226057,0.0015261248843521091,-0.01906655737202012,0.0218997235669518,0.008320620600861028,0.01255060782024442,0.0053470646120412635,0.008813343157915154,0.00428282063545482,-0.006947218875891781,0.0009267788551012845,0.0017573421465608696,0.0010513510005645266,0.00278560936607275,0.004995787452966471,0.009650342148494362,0.0012372248941541208,0.011336925587312363,0.005321220062292298,0.014857119605654834,0.0039720470169595234,0.001799104946993202,0.013048951973404943,0.0223545777563241
2024-06-28,-0.016254089377776837,-0.013028723720693192,-0.003629264977343616,-0.023249966952787915,-0.017582635627457877,-0.02952480314100059,0.002330091774560339,0.015514341495956874,0.0019147260583181058,0.002469054766892409,-0.0039859164368099,-0.002985396982981836,-0.0011588300235345628,0.0,0.003800169945208598,0.008607522305819515,-0.0003088150800858447,9.297647872519299e-05,0.0045368214904895066,-0.00412915213482723,-0.0186056364008782,-0.004696787762832555,-0.020853310881755127,-0.02065854031739267
2024-06-29,,,,,,,,,,,,,,,,,,,,,,,0.009403861104374522,-0.00019806905467367741
2024-06-30,,,,,,,,,,,,,,,,,,,,,,,0.029413551620566913,0.017765182101838528
2024-07-01,,,,,,,,,,,,,,,,,,,,,,,0.002771094932125795,0.0021708806286613314
2024-07-02,0.016239957814716544,0.005583322655994483,-0.013113470560782048,0.014198798656638534,0.012295743815870175,0.009550668230518866,0.10197271435359379,0.016451704218406027,-0.006785081619341882,-0.002799827058540094,0.00619652135275417,0.005825426941570511,0.0031847782288638715,0.004435743877409193,0.0033774421779197983,0.004167089375642918,0.00339192345564987,-4.643394389247657e-05,0.004469233898692249,-0.005273489089376526,0.0077855738803140895,0.0029393428601738325,-0.013093697885290578,-0.0069722194841920215
2024-07-03,0.005811029633305154,0.0032441412245278745,0.04573228991239109,-0.012050018310546862,0.00313119234682957,0.0009028672224318246,0.06542422054051067,-0.0006704009227692653,0.005079758408320201,-0.002328267714500787,0.005115658608607188,0.0046489128163420546,0.0052909687281958995,0.0015054787594486196,0.002500455855344308,0.0005080481263652903,0.010448697160734266,0.011273000380832565,0.03225809645470057,0.001972580834803006,0.013133189451902227,0.0057211912980505986,-0.02990687070088416,-0.03613149037734886
2024-07-04,,,,,,,,,,,,,,,,,,,,,,,-0.05311634426354228,-0.07239623520151972
2024-07-05,,,,,,,,,,,,,,,,,,,,,,,-0.005534237213954074,-0.023873895979977133
2024-07-06,,,,,,,,,,,,,,,,,,,,,,,0.02896391234041995,0.029440346500360093
2024-07-07,,,,,,,,,,,,,,,,,,,,,,,-0.042097439142912196,-0.045608825587177826
2024-07-08,,,,,,,,,,,,,,,,,,,,,,,0.015326802715911692,0.03049945952793487
2024-07-09,0.003774949840798625,-0.014370293534326506,0.024805350630842105,0.0002509059834530092,-0.00026437259756884046,0.001284772981495541,0.03712336538398886,0.011989987333727248,-0.011053706362169624,0.010791977936577268,0.0007584108999678651,-7.523363865258315e-05,-0.0010479543392239998,-0.0027002987242050747,-0.0057666257969095636,0.000337048685895347,-0.0009095835363180926,0.0016957473442755777,-0.0003554326993066015,-0.008082585683642951,-0.0044197586109243625,-0.00041457387130938717,0.02299844211812685,0.015006640664742665
2024-07-10,0.01880349696454786,0.014601482487395012,0.026868670600911804,0.002257434315787954,0.011641243891373998,0.008849018365775674,0.003545241645880992,0.0008188362995216192,0.008833778181843721,0.016184822642110186,0.010337423091718145,0.010030221510374915,0.0010490536996006217,0.008758644840735519,0.009860040361606925,0.008088230390750573,0.010619084800331802,0.0036603361122538036,0.0014224397932058874,0.00890067373381176,0.003140042442332014,0.0008290392193233131,-0.004598069730556098,0.01246259146908213
2024-07-11,-0.02322089660913096,-0.02477201875036572,-0.05566677099833184,-0.023724863074531144,-0.029344022311234563,-0.04112669419973247,-0.08444127539962887,-0.0016842450684357857,0.011883467746221177,0.0018068877076511392,-0.008731669595613445,-0.004704061403860038,0.0052413760352800765,0.012129160618901791,0.025366027214199782,0.027747648119201163,0.004202917198012468,0.017733403441032136,0.01846592544678094,0.0057156941511611326,0.00971501476750336,0.004970453921339324,-0.006885432015347748,-0.0006085771524413364
2024-07-12,0.013050989937746227,-0.002529174171336801,0.014442863308030907,-0.0028710461411536325,-0.0026942611120363003,-0.02697485020590773,0.029871787680814776,-0.012099319809071085,0.00017649161675548086,0.0012024191686854646,0.005529676525568794,0.006076647241868516,0.0020854061046433614,0.007989273172428923,0.010548957596225428,0.00805077306080526,0.008968462375131159,-0.0006270969301161999,-0.019525783123556018,-0.008524863115809245,0.00427620137544138,0.0026104049838562293,0.009670444019596935,0.010911055279745563
2024-07-13,,,,,,,,,,,,,,,,,,,,,,,0.023013827240820017,0.013732565354943382
2024-07-14,,,,,,,,,,,,,,,,,,,,,,,0.026266900915231206,0.021050106325543716
2024-07-15,,,,,,,,,,,,,,,,,,,,,,,0.06715755212726138,0.0756682020158721
2024-07-16,0.001791882741659867,-0.009780594293625655,-0.016194369758576466,0.0015566783408964557,-0.01399234380100145,-0.012838570497443524,0.015516142251486675,0.01699586708198053,0.007204221501856178,0.011859945288606566,0.0063870852872740524,0.00883788815467823,0.004175486529441441,0.01770606406487385,0.02718288241297917,0.012505020931093291,0.004477779728604858,0.019925798233449088,0.02069211236168056,-0.01323021906702948,0.01410717473512313,0.0038487913739728707,0.003499237870556282,-0.013193469233778732
2024-07-17,-0.025295955263872405,-0.013347557149679834,-0.06623932488737805,-0.02637038381521739,-0.015767656835387722,-0.056759094768278784,-0.031415644041518975,0.015213964318594897,0.0137883604318505,0.03688518227639803,-0.013916855917873616,-0.01413409354746753,0.0,-0.009655061896558625,-0.012296333657508929,0.006650265812954137,-0.007726705929243072,-0.004643206403117217,-0.032855662845302724,0.01973191545866304,0.00021241475247202324,0.000958732903446391,-0.01502916014346345,-0.0159026492788078
2024-07-18,-0.020534826153081887,-0.00710225667960962,0.02627351970350622,-0.022242286163404512,-0.01839589425264132,0.030000770688330958,0.002937608561525362,-0.031770179875411864,0.009860637642048253,-0.007408418474632028,-0.007812857502186299,-0.008811213670883888,-0.002078797002433963,-0.005920171254711115,-0.013621878177049962,-0.008729850796650118,-0.007487250040538074,-0.006381186355259194,-0.01698588045025562,-0.00893080124254464,-0.007643992402022515,-0.0025992226630090487,-0.0022571629283560934,0.011067820433664055
2024-07-19,0.000579939538130736,-0.007402962196288887,-0.02609623382959758,-0.0033741230867346816,-0.00016864297495200464,0.0019752905172896185,-0.040243947162209914,-0.0009524447035555994,-0.022979941143722815,-0.004696925756607295,-0.007073208401506492,-0.006478786401923675,-0.003124956820730329,-0.005534687059666421,-0.005213116453845146,-0.0015075169979241743,-0.007241970412786847,-0.017937829186174925,-0.01875000788884984,-0.02377974329904753,-0.005884223820251666,-0.002605883962946476,0.042768734230136385,0.023196240831611536
2024-07-20,,,,,,,,,,,,,,,,,,,,,,,0.0067979482134701286,0.003868103950767088
2024-07-21,,,,,,,,,,,,,,,,,,,,,,,0.014753144342986024,0.0049186148294897425
2024-07-22,,,,,,,,,,,,,,,,,,,,,,,-0.00835268752223095,-0.027197137968854812
2024-07-23,0.004688358555445804,0.004312099288893201,-0.00768985430309066,0.021144894800451786,0.0006604701349581799,0.002646648189816636,-0.020396762498772203,0.0002377902712389357,-0.01613598451401521,-0.012253568487581745,-0.001557505509665158,-0.0005999768754041401,0.0,-0.004153298967469521,0.004176460829583339,-0.000236042184339591,-0.004522145281130929,0.003516676143213937,0.0018776247084095754,-0.012883277049922981,-0.001402857466687446,0.0001373772078601121,-0.02452573786440093,0.012084550339342526
2024-07-24,-0.028754294036718475,-0.03585475762820178,-0.0680316702482564,-0.029934025650088625,-0.05038771092057359,-0.056109224860669826,-0.12334604589403697,-0.008272742837038716,0.014108043577736762,0.025795994838482272,-0.023144225601466895,-0.023262651793623967,-0.002092483613147622,-0.015906117647106477,-0.021790159269684195,-0.01518725351220529,-0.012113956649373092,-0.0035043524704835294,-0.009370314735397511,0.0024797024954452684,-0.010808629271680803,-0.0028886908827164826,-0.008426492953570563,-0.04183132330756956
2024-07-25,-0.00480463428912381,-0.024481293688264905,-0.017242928617437037,-0.005419431054668911,-0.030991170343234842,-0.017039767442448506,0.01972310939623889,0.0003835166166883397,0.02104155977713118,0.021499678864671745,-0.005129752771458773,-0.003149945036746704,0.002096871281944024,0.001248109732299607,0.01025969746286215,-0.003276083747568048,-0.005211474670603566,-0.01564473026582147,-0.03859252538729352,0.008462459921093624,0.008194891344714295,0.002207149076338455,0.00619673448871394,-0.04852986825503891
2024-07-26,0.0021609109423159634,0.01641968961136553,0.006946926277276999,0.014734466536293178,-0.0016737899197059036,0.027105632919910194,-0.0020431189477511102,0.0171084178145946,-0.0008514599927161859,0.006264090607978057,0.011155069631133996,0.0117146681658995,0.0031379249286682676,0.011779455944087802,0.016742884815813985,0.017797091737682624,0.010785730771960544,0.010534525866662925,0.0027548089431157496,-0.01742833062325333,0.007803410982716974,0.003991879913940899,0.032455548053117234,0.031981885880926875
2024-07-27,,,,,,,,,,,,,,,,,,,,,,,-0.0014537411892032726,-0.008651992126869734
2024-07-28,,,,,,,,,,,,,,,,,,,,,,,0.006525726007755361,0.007345926636807887
2024-07-29,,,,,,,,,,,,,,,,,,,,,,,-0.021037797689324123,0.015000836945357587
2024-07-30,0.0025659471239309894,-0.008928390871022818,-0.07043638823153764,-0.008133134602594794,0.004482821666747849,-0.005410911035073851,-0.04084450985365373,0.020583333195704157,0.017829484379868088,0.01746989208524541,-0.004956171495217099,-0.004189506972378854,0.0010415105569991923,0.003237481784470253,0.0026176092868814838,0.00791656124299056,0.0,0.009985461488319247,0.015330164365614962,-0.0097087821948465,0.0038505690287304883,0.0012326565901454867,-0.009262185475442442,-0.012609873928464688
2024-07-31,0.014990904636569269,-0.010805748692531592,0.12812097415756396,0.029002194810164417,0.007340534926040032,0.02512991881424287,0.04244907202543402,-0.011106352013050658,0.0035540659370307814,-0.021570683442228122,0.01587935260470119,0.014533698916581628,0.009394315227809313,0.006615450709261506,0.005491553129755911,-0.004277210719240254,0.017125343934006,0.018110725786084414,0.021680196190338785,0.04405048105863951,0.010229442462398985,0.005469825955809027,-0.023893373992326827,-0.01444857310697567
2024-08-01,-0.01675072738259209,-0.0029640787604618968,-0.06674066655869126,-0.015563100170141508,-0.004547023082612345,0.04824883678221381,-0.06554059651757449,-0.02274445846637263,-0.013829101311077507,0.018435203909167308,-0.01366987866486713,-0.014928802695120424,0.0031027502946072705,-0.013849362749793648,-0.0223834385207613,0.01109038748326574,-0.021647585794557167,-0.003442943141866439,-0.013641482051118925,-0.01865187790181244,0.00862470107421709,0.0037388998106668847,0.011424614182306447,-0.009201015429318393
2024-08-02,0.006869350860462697,-0.020665931656513536,-0.017764070879033533,-0.0878470841762542,-0.024010138291895466,-0.019287129052343532,-0.042377581921705376,-0.04241198120449119,-0.0005984543975880996,0.02102499116779577,-0.018353187489355105,-0.0201300521256097,0.01134002305314974,-0.019602532958746144,-0.030039368330905925,-0.0011587243040406259,-0.017209611567874927,-0.0019046282784819235,0.00038418089197223004,-0.038012865265134255,0.031161290890685533,0.011417496068220068,-0.06032105869640059,-0.06732685619396284
2024-08-03,,,,,,,,,,,,,,,,,,,,,,,-0.011967302150066583,-0.02767149249716494
2024-08-04,,,,,,,,,,,,,,,,,,,,,,,-0.04223983565450573,-0.07473578631090383
2024-08-05,,,,,,,,,,,,,,,,,,,,,,,-0.07098647891315102,-0.10020575290203382
2024-08-06,-0.009748216388242747,0.011286800099220784,0.03782979986758184,0.005651399696776416,-0.006028214397927334,0.03859327542683855,0.008849529684359148,0.027911688285952918,-0.005314805582213422,-0.014139472430812039,0.01035714141542643,0.010385756490352671,-0.006122247324053198,0.012826918366882323,0.01107545310518998,0.02183618349427574,0.0064164718642520935,-0.008000713832612472,-0.008849606407954735,-0.010516310565742204,-0.022368549150654893,-0.006187491033198378,0.03783671505322772,0.01717585219975959
2024-08-07,0.012498148669757958,-0.002952846257408659,-0.051223008666704595,0.0051874985158653075,0.004106513239303888,-0.010463564450332585,-0.044258397676563366,0.0002994428782292502,0.013314592413343984,-0.00044039603320344956,-0.00768822799697122,-0.007968218051187526,-0.002053459284684367,-0.008141423914054036,-0.010089487498991412,-0.007955130784119246,0.0038251966329123643,-0.0006796279952806517,-0.012581147468397114,0.030917951518539155,-0.007039655359381558,-0.002436372171367829,-0.017968550940289485,-0.049673947786168404
2024-08-08,0.016633283819086575,0.010692004743514616,0.06126777693368868,0.018615215947435537,0.019441126236552808,0.042358608140749876,0.036921162045623124,0.01826339104189767,0.019104335701083164,0.008307143824362262,0.023034986777237032,0.0232931265290095,-0.0020575800088029617,0.020841746573249553,0.023490732057981356,0.010298707022941445,0.01746594008587965,0.015688013635013043,0.027949046745093575,0.0089703862236572,-0.0061519693422428245,-0.0014926534896989585,0.12144256099404904,0.14840580649003665
2024-08-09,0.013735965091612012,0.008269250355510183,-0.0020957683454991827,0.00687575011257735,0.010121644486259296,0.01597246279958009,0.005833854775063374,0.008527090052369513,0.008143177925413969,0.002496686218296018,0.004804563201935119,0.00447414879152519,0.0030928384232584705,0.002514848917131385,0.00037935887312312566,0.004591252549240865,0.003121089440582425,0.0024552612171107047,-0.00039984921192792733,0.011411897603321286,0.009861610811482624,0.00353301132856787,-0.013450358103773374,-0.03121250061300085
2024-08-10,,,,,,,,,,,,,,,,,,,,,,,0.001079157301276501,0.004009971491242048
2024-08-11,,,,,,,,,,,,,,,,,,,,,,,-0.036529632368097475,-0.021751054706288353
2024-08-12,,,,,,,,,,,,,,,,,,,,,,,0.010814659848586317,0.0670437834865365
2024-08-13,0.017193024844787574,0.017698508141519076,0.06530898050380807,0.020563504874259175,0.011522656657537489,0.024401465791747734,0.05235706137163754,0.00848736514140258,-0.009579845338780313,-0.009319510893652794,0.016874436207580557,0.016815031664658253,0.004106709704059686,0.011470801388570706,0.015960995077755946,0.008743886493829622,0.014299069974809342,-0.001532358906807807,-0.002746163022862569,-0.012590587541022713,0.006934974236681768,0.0037847405640423215,0.021144992390795814,-0.007619940833063277
2024-08-14,0.0020336631007802364,0.006883969213691943,0.016704101413275385,-0.0007636117446156998,-0.02308731323450519,-0.0033677788490340532,-0.0310349655555765,0.011060987980344272,0.009248261067662078,0.0005681230649448032,0.0038448806783766276,0.0033075962604276476,0.0010223743984969502,0.0025567785925724174,-0.0014110865432579445,0.0032506930022795366,0.001225849813853097,-0.008155751250824572,-0.01140837587163468,-0.013523996136169614,0.006270697603055542,0.0018851252682499098,-0.0308911115194338,-0.015074713930707695
2024-08-15,0.013530584420109681,0.011823902824311228,0.04048101286115857,0.04403286281963403,0.005799257901968113,0.020066117124060145,0.06336276788880446,0.006230853264007852,0.006186450559622081,0.0038491685228594363,0.016431848477449273,0.0170193949780284,-0.004085736463764089,0.013436956427477664,0.02034843317469659,-0.0010800953762173382,0.011631469178644993,0.0031388449312386157,0.0290490041370417,0.010706454673285792,-0.008070141669394904,-0.00416634402160454,-0.020041310813293967,-0.03485922591835067
2024-08-16,0.005918404575337544,-0.006080384981785647,0.013999661773986816,-0.002984395462729106,0.010291398771647753,-0.018443126524260167,0.009246267550119258,0.011439388554476126,-0.00471659874273167,0.0018856128807080985,0.0021282124087238508,0.002186005662486723,0.0020513534206627604,0.0031939297027976377,0.0014772988292921507,-0.0003862149554353378,0.007261752182738501,0.02238773852658915,0.02204175101976036,-0.014080918689049149,0.003501551641065248,0.0021596235858034607,0.023175912946963972,0.008987583355268836
2024-08-17,,,,,,,,,,,,,,,,,,,,,,,0.00993082725079053,0.008237105726658145
2024-08-18,,,,,,,,,,,,,,,,,,,,,,,-0.016728732324455264,-0.00045503000041835495
2024-08-19,,,,,,,,,,,,,,,,,,,,,,,0.01726094125025579,0.009164158253623267
2024-08-20,0.002744620432443279,0.007757492605651173,-0.021153770726436094,0.003703308593809629,0.003059991714750687,-0.004817856514886976,-0.007273684933137958,-0.004316442956545541,-0.033324725373225506,0.0033200945994595887,-0.0019487941317437585,-0.00275579369250345,0.0030673312065587766,-0.005007724154235893,-0.009403865093557173,-0.000613152342903045,-0.004457818598849195,0.0036699887797402297,0.0014909025583709212,-0.007394399605708646,0.007968183749521351,0.002959497334410699,-0.008079210921579816,-0.024342815448445854
2024-08-21,-0.00048570344817577826,-0.0015536117803544025,0.009823059677431356,0.006876093995775934,-0.007955441365813276,0.016004368122727097,0.009814554993405888,0.00037298879351288505,-0.006371174251314504,0.0079295877630976,0.004272283028895485,0.0053777782694024445,0.002038807116901964,0.00945695481391251,0.012903241613202887,0.004678311484879849,0.007164206970443621,-0.0013336178629832496,0.0029772951696096506,-0.016659939407128954,0.0006079122151412264,0.0021460105851469624,0.03664287570061453,0.02265299333570292
2024-08-22,-0.008259546356542802,-0.020252765944622775,-0.03704268236541408,-0.022097583221652117,-0.012360617477708002,-0.00603578847003583,-0.056478704568676985,0.009459319218445117,0.007729503274901406,0.005699077753046566,-0.00891215216596819,-0.008841053861773696,-0.004069214203435645,-0.0036203715799636438,-0.006915451023914443,0.0037405193760859934,-0.006816791269509737,-0.011975011209935604,-0.020779271147966183,0.013498669111996264,-0.009925867267464583,-0.00401526249699391,-0.012967304646127387,-0.003208978571182075
2024-08-23,0.010288212365897609,0.002983957273286375,0.04549839325486582,0.005166572293719973,0.01111105794800471,-0.007387955060847884,0.04585589810206048,0.007755084981807769,0.013858558280888555,0.010963955328011643,0.011497775787376652,0.013117550013419965,0.0040858403630741336,0.013004046844907968,0.024463964266003613,0.020914074504420066,0.015219305427034202,0.011553425520716143,0.030693497234741907,0.026773595700994912,0.0065471099408580535,0.004434419366398101,0.061482671821355916,0.05394518732020126
2024-08-24,,,,,,,,,,,,,,,,,,,,,,,0.0013205019089592707,0.0017879260896347393
2024-08-25,,,,,,,,,,,,,,,,,,,,,,,0.0024081210374646833,-0.007305556877908126
2024-08-26,,,,,,,,,,,,,,,,,,,,,,,-0.022583597070127692,-0.024668333251928187
2024-08-27,0.0037415222158205808,0.0008465879325454395,0.014550161715409793,-0.013561281383547064,-0.008907205800939177,-0.0038764465847406226,-0.018760845523390857,0.004608182106933034,-0.009511033064566021,-0.0025707653045596857,0.0016756586674886442,0.0009650498553177567,0.0,-0.00012588891755593856,-0.003406745553867996,0.001713652487227879,0.004131047677213173,0.002706671669018279,0.0014641623709432672,-0.017217062003851646,-0.0017321391801498054,0.0,-0.05369739018896724,-0.08302340092495786
2024-08-28,-0.00675344360558694,-0.007829126430308975,-0.020966498128261124,-0.013401063602498708,-0.01111243412361973,-0.004469224589770171,-0.01653843794670573,0.005041384905319912,-0.00985721291401176,0.0059527232483931325,-0.005980188713693435,-0.006079546209717401,-0.0010185206477016928,-0.00384553086005901,-0.005757549477556134,-0.003570010166736415,-0.0055833398170513915,-0.007026862307456638,-0.024488306335799348,-0.013204268989976509,-0.0012249315264536431,-0.000669694938000176,-0.00800797843742207,0.02834351973360194
2024-08-29,0.014570082342909574,0.0061373875186376825,-0.06384848827359224,0.007728290643119529,-0.006570320462008783,0.0027863236837157856,0.002575935743848623,0.004157537213548723,0.013817345167422168,0.001891126086252637,1.9181665512624235e-05,0.0008950154025906265,-0.0010193517147059072,0.0038603760553110877,0.005338347040167779,-0.003433700156653119,0.0038416916733694517,0.005177980359189593,0.004496025833032213,0.01709053032274821,-0.00327012581268582,-0.0014739225181307214,0.006108236397788236,0.00014918325787260933
2024-08-30,-0.003437883950512699,0.009730802844296615,0.015137425181729336,0.037067191865004956,0.009890028784412142,0.0059627680008700334,0.03795812428442069,0.01165557670055728,-0.0016084317732448783,0.009925100338298742,0.010233222260752406,0.009911880838552323,2.0758658392239226e-07,0.008037546896808134,0.006480141241606008,0.00973715785490148,0.0032382128092813822,-0.0071260085162319076,-0.017157743141957504,-0.03165299480829464,-0.010663600069988899,-0.002013179745234517,-0.004524521990973862,-0.0011747515310726042
2024-08-31,,,,,,,,,,,,,,,,,,,,,,,-0.002530098940268344,-0.004920466505769938
2024-09-01,,,,,,,,,,,,,,,,,,,,,,,-0.027885585694078285,-0.034014349489517204
2024-09-02,,,,,,,,,,,,,,,,,,,,,,,0.031172733823612075,0.04542394894641233
2024-09-03,,,,,,,,,,,,,,,,,,,,,,,-0.02844504270361159,-0.04632577672207194
2024-09-04,-0.008618757988215542,-0.0013188642836621245,-0.016574088556234545,-0.016567365497562103,-0.005782940087482924,0.0019148956715633325,0.04183284569452206,-0.004403123557831901,-0.012211021829619084,0.0011963682800810727,-0.0015648782213438794,-0.001735024564815002,0.005096661353445109,-0.0022255349636646216,-0.0022945360776579493,0.002374306326136111,-0.0029885742603222853,0.000607926500195255,0.003909319068333916,-0.020818621518907454,0.012889813447994447,0.004432819605900251,0.00941156177702851,0.011721576032903469
2024-09-05,0.0069278685765590264,-0.0012472138158491353,0.009415393942712846,0.026308183871355473,0.005049637894335657,0.00803524810507672,0.04904058305110959,-0.007750766513923146,-0.0078028953226263464,-0.014161104283706205,-0.002977727126449614,-0.00324943054860527,0.002028635384029087,-0.005766751019648186,-0.0053358051492824465,-0.003034819527856669,0.0020982788665102614,0.008332306942507639,0.02141741551886578,0.004022393001606117,0.005656233785253262,0.0024066967135676354,-0.031240343288065575,-0.03317283105091118
2024-09-06,-0.007015159488153233,-0.01638144814832121,-0.04085434884746009,-0.03653943460735232,-0.040193355465558134,-0.032097568484255046,-0.0844593239607937,-0.023755986363100168,-0.004683173940948082,-0.003697258312673646,-0.017134727800286798,-0.017058277652291287,0.001012007582872343,-0.011921219694694507,-0.015353302548051229,-0.0008907250467957706,-0.017648814946745084,-0.007402630408956501,-0.028593214376246068,-0.013735857674293306,-0.00010057140371977358,0.0012011104003548656,-0.03938239218868078,-0.06075888100671323
2024-09-07,,,,,,,,,,,,,,,,,,,,,,,0.003539165966313096,0.022587006825558698
2024-09-08,,,,,,,,,,,,,,,,,,,,,,,0.012964221602682846,0.010195557730363625
2024-09-09,,,,,,,,,,,,,,,,,,,,,,,0.039713831911113884,0.026635352920471922
2024-09-10,-0.0036214086874456486,0.020901197039294495,0.015309377130603874,0.023660258265018275,-0.00033622620655204827,0.0,0.04577608406578748,-0.05188875812565341,-0.03643163933058857,0.004621447530032574,0.004505643623498479,0.00396715288750249,0.0030301968752188824,0.0014429698174707184,-0.0018698393020046833,0.015077854113695333,-0.0033201952778417754,0.004404097525005923,0.003481630609661668,-0.03334773596852725,0.007000750338177042,0.003326826403987626,0.011034389872275785,0.013185970725884122
2024-09-11,0.011585173110859825,0.021342344943190428,0.08149877704877961,0.02768031821904482,0.016816758162034873,0.013946219149816752,0.008666077418469476,0.00812405320829801,-0.009925996174419027,-0.015294511146239587,0.010662697226497597,0.010107326970961283,0.0,0.003393968598160768,0.005526432579455953,-0.0014490157299916762,0.00514809899962243,-0.001590555949419148,0.00693910182998847,0.013291508390340212,-0.0007944816027904977,-0.0005305315684626111,-0.005300015516934153,-0.020815155801287455
2024-09-12,0.000493963689219612,0.009360743540514083,0.019161683449394173,0.013440254011034547,0.02335285538570564,0.02690340635992894,0.007364189890953776,-0.003039919035297989,0.013762284775445943,-0.0010921052249910357,0.0075139139754965,0.007824344199839572,-0.0020138241059443063,0.006158674410265519,0.010246753835085665,0.003990990134313144,0.00964169975953122,0.017567284525531468,0.04402754906511808,0.030066336940382188,-0.004671392566693244,-0.0010616263632247103,0.013669279499548104,0.009376782595058808
2024-09-13,-0.0012120645513313821,0.008407420794678933,-0.0003358162294692102,-0.0027272433520638684,0.017906734024104143,-0.0018642981989468455,0.0020886633855721204,-0.011035887396621868,-0.00071918115686187,0.005345115217476604,0.005583421860106963,0.007166166459357193,0.002017887776992744,0.009958470905171879,0.01908723678333013,0.010263117636797325,0.002387436350714811,0.009943683944142245,0.027502749813356875,-0.0007154536012947688,0.002696204331354979,0.002125509223076083,0.04205082955798245,0.03379882152498004
2024-09-14,,,,,,,,,,,,,,,,,,,,,,,-0.00934732588201681,-0.009424724345186375
2024-09-15,,,,,,,,,,,,,,,,,,,,,,,-0.013703582981947293,-0.04039471590968735
2024-09-16,,,,,,,,,,,,,,,,,,,,,,,-0.016733367188517922,-0.011036044683605084
2024-09-17,0.0021725717344860396,0.008832965313988916,-0.010190111185763628,0.010763186217390919,0.00797182523950779,0.005700761868814963,0.004806404196833203,0.00668721302766806,0.013042291313474674,0.0004789772504414369,0.00028810323858907694,0.0008877153139195126,-0.0020077585818952803,0.0019977237380610635,0.005482176076786915,-0.007484569857962864,-0.0020724287698423716,-0.0055309113549146804,-0.0039187962788558295,0.011851072232436533,-0.004835848018008848,-0.001321422390849536,0.0363626062794542,0.020225853753695455
2024-09-18,0.017989874337124512,-0.009973651453342058,-0.01920578191337563,-0.0024080275860086653,0.0030754485249848695,0.0030392575145807843,-0.0029402649901351108,-0.008219901989024891,0.0035033521941123524,-0.0055066028870246475,-0.002877092736901732,-0.0024391095372178206,-0.003018002733678138,-0.0024296640343597353,0.0005362835216511375,-0.0012206778014204334,-0.0035595495301902202,-0.007710465405288858,-0.025751049246433566,-0.014779664536421766,-0.012396019707731631,-0.0030450376731061546,0.02223798894564699,0.011966155926492306
2024-09-19,0.03706549900328859,0.018291166573476625,0.03969302819451159,0.01845197970580159,0.014579796348415108,0.039315727556487934,0.07359155565707187,0.014214848373654165,0.012393026164145171,-0.008004801902805836,0.01702315452741443,0.017263118650042264,0.0,0.013053249110021259,0.017509484525295882,0.0002875003080360372,0.020541754561086867,0.01554075728197235,0.031204125866805654,0.029578208740050904,-0.0033134141432508146,0.0,0.020937291974474137,0.04009875947956032
2024-09-20,-0.0029274552392543063,-0.007796017578692305,-0.01586490531965512,0.009111555436973395,0.008942925598005358,0.004024424730379561,-0.02324531900421767,0.0028980742249022917,-0.006293113470779765,-0.004004385824967316,-0.0019291416687760021,-0.002476470858720714,0.0,-0.0018186859860854776,-0.006760522426034088,-0.0033783894755858856,-0.007235491397868721,0.012710660066880486,0.011391943506085633,0.002336744590313522,-0.003828443746499266,-0.00013233233196463523,0.004012038411551844,0.039078907942797114
2024-09-21,,,,,,,,,,,,,,,,,,,,,,,0.003194394254405042,0.021391493792606076
2024-09-22,,,,,,,,,,,,,,,,,,,,,,,0.004004601863112578,-0.012613314361003103
2024-09-23,,,,,,,,,,,,,,,,,,,,,,,-0.005010473135318549,0.025430636221980274
2024-09-24,0.00397413970953564,-0.010011382365580634,0.03965247478219269,0.0004126358007008335,0.0027185397297939673,-0.0019133066084706662,0.017080017089843746,0.0007094571832819696,-0.0026414436398883856,-0.002695857288183001,0.002513222494018974,0.0023302362657733333,0.001010270485761522,0.0013816244145374856,0.001762562807664736,0.0003569954202486958,0.0114571957652434,0.01396907347432852,0.05003572699909986,0.014394476339478768,-0.0002028943827098173,0.0011962652307591082,0.01535087678718594,0.0021931251720292977
2024-09-25,-0.004398231601513647,0.006850426691283662,0.02184158981151829,-0.007372694808574054,-0.004929467516702202,0.00884009550904552,0.010815214909361437,-0.006616531926466607,-0.019478926057400536,-0.013392171835839628,-0.001866056520060222,-0.002906051924768116,-0.0030273433003209504,-0.005855679980745099,-0.009853054000340311,-0.005854126847182339,-0.005227831632373503,-0.001381767735031958,-0.010891753028078321,-0.024696377895804922,-0.008311961084924602,-0.0037166793043194035,-0.018021597802944433,-0.028242759218479185
2024-09-26,0.005080344649517121,-0.0018514294990622515,0.004291112163702371,-0.007115748848874004,0.007678487680616408,-0.0008269566946854656,-0.01089404681602335,-0.0019506548998315942,-0.017164699461433064,0.00491892569337149,0.004097925305339478,0.004298916632571759,-0.0010122128582440437,0.005651450778494604,0.007818669010396295,-0.008904974346515604,0.024233624229780926,0.005086884066794806,0.006882338837405966,-0.03455513576810054,0.002350846533616391,0.0,0.032273891570151925,0.020474339471486358
2024-09-27,0.0011865572921463396,-0.007627976429086858,-0.02128340222345626,-0.016687603998192135,0.007496998852165371,-0.0008454619172760802,0.024545630573566513,0.0034322206961368007,0.026772940586963223,6.191260783605657e-05,-0.0012283362500405959,-0.000647613528314106,0.0030395099303945905,0.0031082274431417645,0.004315114840312884,0.00176107322235719,-0.0051313068404573725,-0.007935830791900744,-0.013670526842150976,0.018258143281152606,0.005200848307671091,0.002931304719449468,0.00935309904070647,0.024200548885121798
2024-09-28,,,,,,,,,,,,,,,,,,,,,,,0.0014741358273548943,-0.006810923232421495
2024-09-29,,,,,,,,,,,,,,,,,,,,,,,-0.003829909793174213,-0.006794350426726936
2024-09-30,,,,,,,,,,,,,,,,,,,,,,,-0.035130555094979754,-0.021164662339909768
2024-10-01,-0.029141537415765972,-0.02233328033310933,-0.03656138884393423,-0.006440170323887107,0.006873672009565901,0.007039753910739188,-0.013798172234708361,-0.018116261607119988,0.023118886673167527,-0.000431891531503914,-0.009290933876767049,-0.009430018823738395,0.003039211026226507,-0.005416940233813006,-0.01037821826748786,-0.006734567451266549,-0.0022981421525547496,0.010491249392624136,0.005983811235726888,0.03132154603486437,0.0072197294796005895,0.002951232792553826,-0.039357521968434894,-0.059215476810716816
2024-10-02,0.002519664381519071,-0.008462262879768812,0.015811961686031717,-0.0019986515757441925,-0.006766918260634247,-0.006348809842846803,-0.03488095932262847,0.0012074046404153549,0.013257603647276683,-0.005062063027529873,0.00018989575207095655,0.00021964107916372377,-0.002020035516838603,0.0003382878061137795,-0.0002665149556665414,-0.004374554665827812,0.002591394135610159,0.00020358719772617384,0.014695594031320258,0.009014027463280838,-0.008427052093055054,-0.0018639993261091448,-0.0033568819965540397,-0.03417400898294953
2024-10-03,-0.004894664246391289,-0.0014143831867446943,0.03365592431567177,-0.015154729791167831,0.0,0.017387908903764515,-0.03357160254966751,-0.00993767903960896,0.008722957721264635,-0.004157070049725209,-0.0016702697529900057,-0.002049836653641668,-0.004048657987871573,-0.003475911367239237,-0.004355947407646887,-0.008201591765925387,-0.009764702289126181,-0.0006920058878576718,0.007931018697804326,0.04081914696954403,-0.00942046861513779,-0.004401778758763908,0.0020882627636797935,-0.006528083382423278
2024-10-04,0.005007421565833559,-0.0011524400702256354,0.01684978676440796,0.02500542770436165,0.007235047342129652,0.022598992536740026,0.03914235030998814,0.035493760032183186,0.018355306057000753,-0.001308565868801237,0.009182764566355361,0.009830489807463927,-0.007113593807525631,0.008334447151681967,0.012053656813214353,-0.005242324034257728,0.006960878202439291,-0.001996030315693287,0.004447522071541199,0.00818691522124082,-0.012300905162061948,-0.006564970428888484,0.021528753876634443,0.027663174452933648
2024-10-05,,,,,,,,,,,,,,,,,,,,,,,0.0003620681473552878,0.0003469822452661919
2024-10-06,,,,,,,,,,,,,,,,,,,,,,,0.011741093613744757,0.010070213255379601
2024-10-07,,,,,,,,,,,,,,,,,,,,,,,-0.009269383518558882,-0.0074432160600884645
2024-10-08,0.01840401539130787,0.012623853625990833,0.04047907598237832,0.010619458719785868,0.008590046472919832,0.01386840017124169,0.015238957526229946,-0.0008533257515304093,-0.026561469103322244,0.0010030505082532226,0.009700765449083715,0.00872800572763266,0.001026661005671059,0.003950722658363048,0.001690400399637415,0.0014964001876371924,-0.007225428497660613,-0.007371925565205384,-0.03180090102278188,-0.04305550712259876,0.0016871490637706543,0.0014880101731531425,-0.001682150134457161,0.007450745129958358
2024-10-09,0.01669838882977115,0.006631054963032179,-0.0018059585835642489,0.013408477078997505,-0.01533037617460331,-0.0040143601715226795,-0.014110416966225725,0.012669060398175613,0.0004095996691102499,0.006011673664318762,0.007139648101699869,0.006980297936183488,-0.003076927863147172,0.006794092232347282,0.005329061775644517,0.0003734201733220921,-0.0014556030553294352,-0.005446185963701722,-0.005355216612087155,-0.007124962514899691,-0.005684870916096818,-0.002701323776831188,-0.024944762232405493,-0.029328705566008972
2024-10-10,-0.002178192514399546,-0.0038805073821274183,0.016283494040900903,0.007992632403596822,0.0013591859637571702,-0.011312162680612525,-0.009458613360014412,-0.0027176396908228373,0.008600306820832682,-0.0008715626545025001,-0.0019265438719286987,-0.00202171389853123,0.0,-0.003450438039643733,-0.004417367467440481,-0.0076921101302191985,-0.0005830197686172989,0.007342892553628744,0.018664699893144565,0.0334883274826101,-0.0039171486322350235,-0.00040601597918943355,-0.005077433013489285,0.0065762664129611625
2024-10-11,-0.006505388432598402,0.001154157331133776,-7.416712582342111e-05,0.011626110360002828,0.007157121770302366,0.010482619640157953,-0.08782510719719305,0.04439945778493204,0.0038167687624712787,0.005918710145534689,0.00605340700030399,0.007669537575471619,0.0,0.012011325836828401,0.016150638017231378,0.01068707877926589,0.004667464381741038,0.010913408354139564,0.01479915745996796,-0.003600344495087948,-0.004039345515845061,0.00013539363170789187,0.036011743668549645,0.022088362462288513
2024-10-12,,,,,,,,,,,,,,,,,,,,,,,0.011977460447594401,0.016420909144015505
2024-10-13,,,,,,,,,,,,,,,,,,,,,,,-0.005406426515387475,-0.00357202041554483
2024-10-14,,,,,,,,,,,,,,,,,,,,,,,0.050830232433260125,0.06533387483978648
2024-10-15,0.011024697881098833,-0.0009544340078162517,-0.04686030433050681,0.0007998782160802964,0.0030310501221071373,-0.007029070262656534,0.0018707960177875016,0.004108709799915289,-0.030061316154243012,0.01547016539950219,-0.007523574594923366,-0.006628586164143191,0.005154786932589639,-0.003515213145288354,-0.0018231733651702386,0.012211353007708814,-0.01681640869304679,0.003468359323146597,0.005956487858864268,-0.04174895504022835,0.012157577732623714,0.00393085287929007,0.015064992457922477,-0.00870247272142377
2024-10-16,-0.008851749339171211,-0.006256899474054722,0.03130695678832418,-0.004262363692000948,-0.0018130416191693977,-0.016170030789747103,0.008015641700267029,0.005620761482132197,0.00257575244174868,0.0010968969324760547,0.004693573337474222,0.005453242216997722,0.0010256080538750822,0.007085274410857156,0.009914752101366942,0.01052870471527556,0.005013313488844151,0.005001609209081437,0.0069662406589074966,-0.004947781745216595,0.004214360090919467,0.0013502423218385573,0.008526251733136592,0.0019493612019787498
2024-10-17,0.001596203781044192,0.0014420043437459729,0.008915287559807528,0.0034244710350397334,-0.013502130641363075,0.00024274900327236892,-0.001987992760882462,0.0034877569741069703,-0.002569134986035282,0.0011566155196791605,-0.00016677454570934724,-0.0002855786655546755,-0.004098332634065227,-0.0015266915687398575,-0.0012055355550417701,-0.007163015449884513,-0.001173919832426984,0.00598831083503093,-0.0006918179823325321,0.0030386908296471393,-0.015842941061384175,-0.004854120971401699,-0.0031485616380424464,-0.0026152226716711358
2024-10-18,0.012276633384040503,0.003455604839017301,0.007814355082992996,0.007785456851548744,0.003007306756027228,-0.000797486228161226,-0.0008601676940163117,0.0042330119410978195,-0.002825150058790915,0.003951960224982454,0.004023545070125589,0.0037118081960638705,0.0,0.0037179787894139338,0.0016381547225137183,0.007214694417462919,0.0076380912116855715,0.010618185005034864,0.060574594564617446,-0.017075260895971556,0.0007462056982854293,0.0005416478625024368,0.015118035686984221,0.014314475606500121
2024-10-19,,,,,,,,,,,,,,,,,,,,,,,-0.0008192879217548965,0.002689606589697968
2024-10-20,,,,,,,,,,,,,,,,,,,,,,,0.009346740674458287,0.03688927328017333
2024-10-21,,,,,,,,,,,,,,,,,,,,,,,-0.023678423698328066,-0.029366775513825272
2024-10-22,-0.002621776337739523,0.020846325823830503,-0.0008348872397682117,0.003332044214411578,0.00652152134783357,0.011909641509031621,-0.004021041161846095,0.0050224490605059735,0.005163087985485149,0.0038074729939834295,-0.00046272014575166054,-0.0009987413729943828,0.0,-0.006017788756147224,-0.005491657191594834,0.001255180734436312,-0.005588324444578796,0.01078732362833379,0.028849250523284242,0.023802950039503612,0.0009758022492289964,0.00040922635094742255,-9.567341618454961e-05,-0.01707410468059689
2024-10-23,-0.02162303699697188,-0.006806900974045571,-0.028066189802143926,-0.026304640562205495,-0.01429081629002138,-0.031477073867339445,-0.019819274670942355,-0.003167917899473238,-0.003562382970368816,0.014744685802804414,-0.009180553258911761,-0.008926629216376214,-0.002072681529371123,-0.0029968014825414446,-0.00596008381600599,0.008258318863241687,-0.007985843670988313,-0.012050555849465017,-0.03245118758894128,-0.005812385586158264,-0.0027079587652820702,-0.002453690380624929,-0.01379441121005398,-0.04240086191916037
2024-10-24,-0.0008232612126159999,0.0003061277170652854,0.00609062345434741,0.009041189476714617,-0.00036854060466118277,0.007255762782067965,0.21919035070290427,0.007027340674693461,-0.005653991524185553,-0.013203917226806472,0.0021483232672538932,0.0023057338079031098,0.0010384932304225991,0.0007892751161124867,0.0031742492441044767,0.0018282905235067481,0.0014907560917709617,0.007693259346016168,-0.0006512064803397832,-0.006662209012000209,0.006408210237455858,0.0016399280191625731,0.02602442034118191,0.010123020035770258
2024-10-25,0.0036430797073065957,0.008052038869956535,0.008047824686881144,0.007779788122410869,0.0156711552956994,0.009633969642680151,0.03343823359841336,-0.011867742182258723,-0.0008362504992465158,-0.017046425465716664,-0.0002982987238052681,-0.0008626331796808273,-0.0020748317621060997,-0.0037922809662033208,-0.00457066336832701,-0.008978872802668847,-0.0023817309586673385,0.0020569789010425055,-0.001955078926259124,0.016014314774668748,-0.0056122850045245976,-0.0020463048673375894,-0.022280180844656217,-0.03888913398757343
2024-10-26,,,,,,,,,,,,,,,,,,,,,,,0.00558625096700216,0.017927081761059283
2024-10-27,,,,,,,,,,,,,,,,,,,,,,,0.01364777618155344,0.01062161945285034
2024-10-28,,,,,,,,,,,,,,,,,,,,,,,0.029125296867722028,0.02370665487957191
2024-10-29,0.0011567962685603561,0.01256469982667574,0.0051948466721249975,0.012951868195294036,0.01775433725812192,0.026152115466927084,-0.01139012091242797,-0.011529917640754506,-0.013624957262926007,-0.009344148337183777,0.0016179228017048075,0.001576827772309386,0.0010407599778339272,-0.002543065504816089,-0.00043641053458143286,-0.008224358928652031,-0.002077137447968891,0.010894858433216914,0.021477379018668197,-0.010932793408064523,0.0015234321099881765,0.0008209218169381582,0.04023493905417541,0.02830390688093809
2024-10-30,-0.01527791206688589,0.0013426978856849736,-0.013522109433509621,0.009956473710913016,0.028170718548505835,-0.0024949207403944795,-0.007590942139718337,0.006774370657634643,-0.00503063377799251,0.0032480874221201272,-0.0032863707782526674,-0.0030057705232954257,-0.00103967792266213,-0.0012141342522975496,0.0,0.004294351757363257,-0.005947244318166511,0.005505891218995584,-0.01847721997399343,0.02440420411816424,0.0029337688816901686,-0.0009569010735992478,-0.005238593875544262,0.007359875554762585
2024-10-31,-0.018209618672405115,-0.06052747629891453,-0.04722251983585746,-0.03284388507953562,-0.019202012145393188,-0.04092577049695434,-0.029897037679701755,-0.011095607850686529,0.0007713160680160591,-0.004669667787994158,-0.01853469965147192,-0.017873689175407326,0.0020879379053895253,-0.011304870738410022,-0.01406123689158556,-0.01673552406340073,-0.008076559520216686,-0.015495166963743978,-0.03245699504491739,0.02410315591356116,0.0016251629680015256,-0.00013711658151371875,-0.029366396164960396,-0.05327564692788833
2024-11-01,-0.013279562585659876,0.009892922659476389,0.019885453916823614,0.06185621865256041,0.0010517079581178201,-0.0007401720548850799,-0.003482130697311625,0.004596093140058155,-0.01567056009848078,0.0016889354194040695,0.0041376592360444775,0.004166044775695488,-0.004166650042763731,-0.0003074734288031067,0.002391739552910277,-0.010422227532947526,0.0033173922375491216,-0.0041023758773532926,-0.009057314835698271,-0.014504723062798819,-0.01409817693289428,-0.0038724367758682376,-0.010435331387529279,-0.001555695771857435
2024-11-02,,,,,,,,,,,,,,,,,,,,,,,-0.0027804900426771084,-0.00828735806127956
2024-11-03,,,,,,,,,,,,,,,,,,,,,,,-0.00791112711687536,-0.013907007819047301
2024-11-04,,,,,,,,,,,,,,,,,,,,,,,-0.013523338185854272,-0.024181043059307794
2024-11-05,0.006486266675724828,0.007344628754100357,0.028371843625664583,0.0190009257528736,0.002954396201397369,0.02095667985146088,0.03541429020427711,0.007780555618785989,0.0029507888499042956,0.0006951999780049345,0.012263002271511114,0.012912272889033849,0.00104153126935147,0.015619305741608747,0.016208686451807397,0.013639181423537261,0.0113977819771105,0.002254447895034817,0.004049977814116534,0.005922768017011526,0.005311354745205055,0.002471830096904659,0.02282879023690776,0.010690023242502233
2024-11-06,-0.003266945738759408,0.02119280384277289,0.0407404631298629,0.038045094425516846,0.03988449048092568,-0.0006638321306108308,0.14751032444224466,0.11544539699719647,0.017148627738635014,-0.0029681716352569776,0.025296577960046474,0.028015932994389425,-0.007284182112733739,0.02609588630395354,0.041695503483730745,-0.0208487190941008,-0.01008341944011426,-0.030386729020158154,-0.044369737641150264,-0.0025425188394377907,-0.027388294471781816,-0.0082180098461061,0.09053568676993895,0.12445812465100636
2024-11-07,0.021372227228034113,0.012494720509582224,0.02245727343804549,0.01429333510169939,0.02402127751145633,0.03435029513302035,0.02904379065700735,-0.04322830963900082,0.0012397586560690677,-0.007284095259811663,0.007469061513658337,0.006935539257475698,0.007337630751403035,0.0031274097323368277,0.0014977458564839896,0.011476873257554088,0.014379991616605858,0.016076503855530166,0.02391840653803956,0.0016099107205274077,0.012527684011113482,0.007457382953181213,0.003513808689745934,0.06292423408548897
2024-11-08,-0.0011881838699346892,-0.0067930822670971835,-0.008395969622886246,-0.008902691496347037,-0.013278062413617953,-0.003988540086118264,0.08187665372925301,0.002538261439331002,-0.00033031221892820817,-0.00803933881890806,0.003969871932271829,0.004383233768611161,0.002081419640420412,0.007147094356016348,0.007976852269867107,0.014481781164249474,-0.013289948692943532,-0.006769426092267161,-0.0216420836450002,-0.020492985985050227,0.012701507830688907,0.0019188543316770446,0.008439738809541852,0.023038926949513483
2024-11-09,,,,,,,,,,,,,,,,,,,,,,,0.0030490452928257916,0.05699898471735465
2024-11-10,,,,,,,,,,,,,,,,,,,,,,,0.048129393514959595,0.01922197042565066
2024-11-11,,,,,,,,,,,,,,,,,,,,,,,0.10223522760015435,0.05749377681988088
2024-11-12,0.0,0.012009245892509623,0.02085911232520865,0.010007771034946433,0.007041789692907141,0.0028293779112493755,-0.06145717075892854,0.0011283206713383898,-0.00099599715360843,-0.015479942989405138,-0.0028316752895707342,-0.003867493274659739,-0.006243419850607612,-0.006433881032459454,-0.011894033347594424,-0.013534422959799008,-0.01589217391074138,-0.008631355179477884,0.003575272932594631,-0.003524104756078783,-0.014993328174331078,-0.006031460964100455,-0.008406532091926988,-0.0380926778784183
2024-11-13,0.003969128785468401,0.005129774103391549,-0.01362193344368412,0.024843245179395845,-0.015086473144610868,-0.008241863110741265,0.005327407385385952,0.0066788915779782965,0.009306219719100506,0.003930939251322707,0.00027114000822070494,-0.0006239900299517265,0.0,-0.0012834263583552108,-0.004864356268288628,0.005697903723250741,-0.007007807321340098,-0.010081225320474285,-0.01638756998481461,0.0005658638300445329,-0.00948605880520681,-0.00041373391400312265,0.029882636380625716,-0.016530228997185037
2024-11-14,0.013770514460679228,0.003974552754804961,0.0033500832276680548,-0.012237320417028852,-0.018448198883780464,-0.004896418739074315,-0.05771559508909463,0.002944142958621221,0.0006639727976682774,-0.008940314601983523,-0.005931533388738419,-0.006799064045113212,-0.001047301001991463,-0.009287600552790543,-0.011433287502705225,-0.0100641060597213,-0.0006137955301721565,-0.0026091417886487944,0.007243710654458946,0.007917397596713949,0.005790510048833131,-0.0002760111502256857,-0.03680261786927608,-0.041861613246530704
2024-11-15,-0.014109231725173532,-0.027852687728531444,-0.032570295907606295,-0.041942478231440816,-0.017598680645244724,-0.03998901263546917,0.030657525449785616,0.014222519400996836,-0.010368326760861746,0.014025266634633882,-0.013080233773043237,-0.013062453089783377,0.0,-0.005542335762322548,-0.010643641071231613,0.0011295685921799414,-0.004912394320312097,-0.0017720694429753658,-0.008629981148042809,-0.02160192026581842,-0.0026571290503605294,0.00027608735341377866,0.04373133907381366,0.014414035918883572
2024-11-16,,,,,,,,,,,,,,,,,,,,,,,-0.005573223886622736,0.00974315294018413
2024-11-17,,,,,,,,,,,,,,,,,,,,,,,-0.007869224693816235,-0.01838725437104416
2024-11-18,,,,,,,,,,,,,,,,,,,,,,,0.007755383808848215,0.04298093890177013
2024-11-19,0.0011401980712311133,0.004882553313466209,0.048947700677948625,0.014427385751800914,0.01608658208915892,0.012067105331715178,0.021432396454288627,-0.007917523083198375,-0.0139639922246374,-0.011436323432122308,0.003983731346946184,0.004651682961303916,0.001047195459211947,0.002949481491105299,0.004979724369325034,0.0056035335422433,0.0006120437662868738,0.008959325127211537,0.004228359506059931,0.0033300661133035536,0.005097405792613197,0.0017918959757405872,0.019892819836786257,-0.030073793436219964
2024-11-20,0.0031541185202828004,-0.005505230286540819,-0.0076185062905554934,-0.00845508881471324,-0.012014302638664542,0.007895367929851238,-0.011473991967350106,-0.00950254395017991,0.014246113171015207,0.0007190094730513685,3.660530579119303e-05,0.0005612825589949022,-0.0010460999880544941,0.0033818828426703806,0.004955115055784054,-0.0017088774753968305,-0.003058040172713161,0.005632045702723465,-0.014035074334395548,-0.004010523099414409,-0.003197096589667825,-0.0011007841668652096,0.02161166598491282,-0.012597623598885388
2024-11-21,-0.002096044896067739,-0.004316744669813799,0.005346513126098795,-0.022180598835253806,-0.04744850986878735,-0.004296923928656438,-0.006987644766217049,0.016529514745775353,0.013380891661073369,0.015609707761898406,0.005503667728750106,0.006941702837714114,0.0,0.013247263947987031,0.01604537051748922,0.0070705209850912,0.0009201953645543437,0.008339500390982302,-0.0021352122821304276,0.01638434268504496,-0.0007742844559962547,-0.0005506644729191823,0.044151545428309014,0.09402613638837987
2024-11-22,0.005907517065716572,0.010003230772778648,-0.032181054925635055,-0.006351495788949668,-0.0171210007465169,-0.007014730771245703,0.038040225983177356,0.015484664423734529,-0.0011482487476128789,-0.0021222468719969134,0.0035098961298662967,0.005361713280905178,0.0,0.009776747458512869,0.015380870019270798,0.0083512731429225,0.002145251053100816,0.012892210445830665,0.015335177738494021,0.014344304583786327,0.000553385812995133,0.0004130030200706347,0.005004201495724558,-0.008763062239896535
2024-11-23,,,,,,,,,,,,,,,,,,,,,,,-0.012327389984975179,0.019396849109391878
2024-11-24,,,,,,,,,,,,,,,,,,,,,,,0.002419161787646784,-0.009588143309746888
2024-11-25,,,,,,,,,,,,,,,,,,,,,,,-0.05011051933125821,0.01483028442427825
2024-11-26,0.009404449847425056,0.021968009182276926,0.006616671939369878,0.03181932866326265,0.008768285034761458,0.014917308149371644,-0.001063189566898104,-0.0012784880803614618,-0.016670879903761704,-0.00012951203935118727,0.005781528446795692,0.004275524055529667,-0.0010386004986496777,0.0005686949676357855,-0.005032498190981838,0.004122920892969839,-0.0051782350813111,0.0019383092584315254,0.006152735485252414,-0.006796087019965813,-0.003882195295554225,-0.0017747501149851796,-0.011997304040733403,-0.0254945044570557
2024-11-27,-0.000553155177552056,-0.011682597579722231,-0.011539715341721934,-0.010199148999145757,0.0006502832080468313,-0.007566899274715877,-0.015788061864523528,-0.0007200544122228925,-0.0026277636519151937,0.00569497069078051,-0.003736380269660833,-0.0033645370453371237,0.002078941523090183,-0.0008810560954140012,-0.0011239129166813466,0.006267114372651372,0.0033680560952753513,0.002222714763140843,-0.012589873515338357,0.0015361068204720052,0.006928657024950047,0.0027350265176495636,0.04323745271515378,0.09942287996365606
2024-11-28,,,,,,,,,,,,,,,,,,,,,,,-0.0032310787967048116,-0.021173767078749073
2024-11-29,,,,,,,,,,,,,,,,,,,,,,,0.018912786163713058,0.003822229533186672
2024-11-30,,,,,,,,,,,,,,,,,,,,,,,-0.010388394458550332,0.03122613408711894
2024-12-01,,,,,,,,,,,,,,,,,,,,,,,0.008613193542348574,0.0014733272945559595
2024-12-02,,,,,,,,,,,,,,,,,,,,,,,-0.01454037255458307,-0.018044617264257212
2024-12-03,0.012771842943683387,0.0005105450685249924,0.011757990339645197,0.012956175029913197,-0.0008746007111712917,0.03511958433802498,-0.01587830229999254,-0.00580714245876135,-0.0015274303052495997,-0.015762287650872953,0.00046481233854978043,0.00013669214781208971,-0.0020662688308547006,-0.0015379759670344217,-0.002408991766461255,-0.005467795281591803,0.005120405068040679,0.002012776164397767,0.017632232996595,0.028153152790329594,-0.008628834358746729,-0.0023152995225229622,0.0014276215513644441,-0.0064449882448404106
2024-12-04,0.001483632339151164,0.014424881591619032,0.03479242822173445,0.02211394849472459,0.017684047490301502,0.00021177731739996375,0.018524782309774723,-0.0058001928321052,-0.028809324649316737,-0.012404769363411505,0.0060770896642137195,0.00683845578964104,0.0031054046418699244,0.004393066736489093,0.004346706437432513,-0.00241884329940667,0.0008990825533607971,0.003033679807253664,0.008840169516617369,-0.015881758592130257,0.010745540410093124,0.003412993323141267,0.02881567529768403,0.06093260244895049
2024-12-05,0.0001234265638461185,0.01188791194037031,-0.00048221920538693563,0.010955259211262725,-0.0099214022440961,-0.007901748136874054,0.03229681165351517,0.008545539617035525,0.004375126324143608,-0.006313596554130219,-0.0018120372020978825,-0.0029204213420553904,0.0,-0.004686358850191752,-0.009537524078566895,-0.003159731434125179,0.004191589210079227,-0.007397709454119217,0.0010514818988740515,-0.005703896054271906,0.002020155285140657,0.00013600711624328632,-0.022020788503929523,-0.007893814272854183
2024-12-06,-0.0008229105467324471,0.0021462914358996166,-0.01806148214891312,0.029381072944344444,0.011990300445116953,0.024370640977710245,0.053397958017247005,0.007658452255638437,-0.010541801042234789,-0.001404687140171168,0.002598397874100433,0.0031334010730084128,0.002064033462539694,0.0018261012123996778,0.0028321585711068575,-0.0005160039357303692,-0.0005962904714135187,0.0003705687954560499,-0.010854323240168662,-0.017210064865331054,0.0014853349662082849,0.002720978767131621,0.03444474217316973,0.051115670898385535
2024-12-07,,,,,,,,,,,,,,,,,,,,,,,2.627082989481444e-05,-0.0007783493216640958
2024-12-08,,,,,,,,,,,,,,,,,,,,,,,0.013136868131795154,0.0007524841828581152
2024-12-09,,,,,,,,,,,,,,,,,,,,,,,-0.03756861480096407,-0.07165135464156769
2024-12-10,0.004133767070892969,-0.006031175836112235,-0.02694326589892848,-0.004644181824783544,0.05588182821584908,0.009371393181600851,0.02873337295448497,-0.0038964934011394003,-0.002037217460110874,-0.002473189152207511,-0.002946836040067957,-0.0038290969286252086,-0.0010333420180427266,-0.010163461621490955,-0.00813077230864967,-0.014789412793505652,-0.008625609479366969,0.01316431251835759,0.00034507346583145804,0.0032317460004369636,-0.004704795790539951,-0.0010883148704113887,-0.007772430783165474,-0.02335679484361486
2024-12-11,-0.005166184870432078,0.012767049682790743,0.03139106037169204,0.02319588240507109,0.05524652765819926,0.02157196621789237,0.05930322291934931,0.0027588015343258387,-0.0066564679125089565,-0.017355776575284643,0.00816775552256388,0.008305367516699524,-0.002068198384531761,0.0036358828404432497,0.006394021153780072,-0.002165657019802869,0.005400427070995972,0.009533812345188464,0.0017247721560520457,0.027030816021428983,-0.009454419971430705,-0.0021796600859190773,0.04652269534294651,0.055340716460503314
2024-12-12,0.005963823561796255,0.0012695322083662308,-0.014141056000939622,-0.0056023335225716675,-0.01760488354571077,-0.0029872769550925993,-0.015702575706076027,-0.008212548465005076,-0.0008936045064814602,-0.0027277376886861715,-0.005401055844672986,-0.005922306072775774,-0.004145177636115882,-0.004115535971734641,-0.006923515475445452,-0.0014968482369337455,-0.008057158610725645,-0.014663722649505995,-0.028925624177193243,-0.001636475434140916,-0.012147676006787789,-0.003958988611139191,-0.011169293200355757,0.013118151777930187
2024-12-13,0.000685557912040613,-0.005093897138370274,-0.022498918064773,-0.006594726378065796,-0.011148184237555814,-0.0165506641684654,0.04336284290396253,-0.0065829900580995915,-0.008764031710924325,0.0025984440686428467,8.939957579068292e-05,-0.00041090121672948676,-0.004162013424966027,-0.003841336291531716,-0.004839156825867108,-0.002998244953452689,-0.0021060033137543233,-0.012091578404740733,-0.01595747343137821,0.013659336327079608,-0.010210359052303386,-0.0039748349951221895,0.014156490833941326,0.007237451638409276
2024-12-14,,,,,,,,,,,,,,,,,,,,,,,-0.0008504799301751742,-0.010942930708463194
2024-12-15,,,,,,,,,,,,,,,,,,,,,,,0.02886101293644905,0.02159439944037822
2024-12-16,,,,,,,,,,,,,,,,,,,,,,,0.016596788984881483,0.00899299697642908
2024-12-17,0.00971962452327757,0.006355192349287497,-0.01219680993700567,-0.00764177579215608,-0.0063053243670843084,-0.007689357383177997,0.036369912179738284,-0.005092244229937926,-0.004240837338923331,0.017796178383149952,-0.0038428406270836213,-0.004911660818593178,0.0,-0.00840166520644059,-0.01125636392865359,-0.005355288888677312,-0.005142270516095282,-0.0038386247250202787,0.00035972047324750456,-0.00542732582153671,0.0024331835338029517,0.00013729843227139327,0.001045771070669721,-0.02525776168846805
2024-12-18,-0.02142180288699569,-0.03756097603971409,-0.01135050407143623,-0.045987410359975445,-0.03592266397492083,-0.03591961812157629,-0.0827949436951747,-0.03352086425930367,-0.014720969307460474,-0.011337987235154112,-0.02946968709408848,-0.03139784460504558,-0.007306698523693256,-0.03333055722414169,-0.040634902744201784,-0.04079771285400402,-0.020370905553285024,-0.01918507783771317,-0.03451992459217135,-0.004911331451069145,-0.01250446095215707,-0.007833800183637774,-0.057462106019896764,-0.06894545380539963
2024-12-19,0.007014646628176857,-0.0008229633400899106,0.013730304699117735,0.012561168873593154,0.0005838816445218331,-0.002712498178601752,-0.008997322180141931,0.011242948359114546,-0.008550940004857233,-0.008082763655316128,-0.0008648184333206466,-0.0012031126497538125,-0.0031547024539122503,-0.002290402767794242,-0.003551236829043569,-0.01565329112278624,-0.0024829403334535316,0.0014210967336203417,-0.012290499777191877,-0.004524291472567277,-0.015141316962661855,-0.0027706201253110407,-0.025495268879325628,-0.05550562793804503
2024-12-20,0.018815884262783245,-0.0009838993733572998,0.030762238773439643,0.00729994595290151,0.015383898531535767,-0.017328018836843095,-0.034642491239586515,0.019917535664852437,0.0034119931551859217,0.0061984840613713565,0.010922129429918881,0.011125403062393069,0.0021097554008624453,0.015917288890249015,0.010865825101380677,0.017187353979725595,0.0005379182750053779,0.010434056495473909,0.01508294161485102,0.006748352288261428,0.005694285497177987,0.00305614956733935,0.002717960528709318,0.015982047785855658
2024-12-21,,,,,,,,,,,,,,,,,,,,,,,-0.005433973434635808,-0.038971625917780583
2024-12-22,,,,,,,,,,,,,,,,,,,,,,,-0.021802983021374844,-0.01788530954448675
2024-12-23,,,,,,,,,,,,,,,,,,,,,,,-0.004402456102765462,0.042181162840310815
2024-12-24,0.011478269984108502,0.00937383721687568,0.00393796389977541,0.017728630305015702,0.007604177315864824,0.013169922608469387,0.07357174228224572,0.01644359984499455,0.0009406988930626969,0.003992688921670373,0.01103155272804024,0.010830932196693066,0.0010559385348705153,0.008687969648619509,0.008368623314194856,0.007386856710257073,0.0018856243865985611,0.001992014086009908,0.0011115482363808216,0.0080756089104983,0.004228512916111704,0.0014358317066360815,0.04213760595334648,0.022327047913535125
2024-12-25,,,,,,,,,,,,,,,,,,,,,,,0.0063146152104343045,0.00033949884489303805
2024-12-26,,,,,,,,,,,,,,,,,,,,,,,-0.03528406928650052,-0.04637807223950974
2024-12-27,-0.013242268452804407,-0.017301584164585493,-0.020867746305433532,-0.014534256804240364,-0.014519604145878828,-0.005867283485731956,-0.04947922616674816,-0.008102330543458769,-9.383477139790486e-05,-0.0036403710437489245,-0.01096855651540063,-0.011263887165651743,-0.002109543418405746,-0.008942784795659797,-0.011672535379018911,-0.009684276361602517,-0.0009398585125065528,-0.0068705038771271765,-0.01400144323184982,0.009845497712902995,-0.008198182010913158,-0.0020863543729006118,-0.017022260795415023,-0.000693089573747363
2024-12-28,,,,,,,,,,,,,,,,,,,,,,,0.010609799867287384,0.02072306150150305
2024-12-29,,,,,,,,,,,,,,,,,,,,,,,-0.017167251608511402,-0.014240820106154684
2024-12-30,,,,,,,,,,,,,,,,,,,,,,,-0.00948373223930199,0.0020537760301735375
2024-12-31,-0.007057812266172192,-0.007838449264731984,-0.023274255761140172,-0.008630834323407832,-0.010144419871699784,-0.009691170257885351,-0.03251001941775111,0.0016296871665899548,0.017114122002064303,0.008929804352535209,-0.004183376807841976,-0.0038147068597863543,0.00116165086209441,-0.000764351323870538,0.0011301273562183134,0.008865844641571252,-0.0012606277830597978,0.006233636577161361,-0.003783593655507622,0.009756794438801508,-0.0053530875824709945,-0.001666026316388347,0.008484077565384274,-0.0071090729967826505
2025-01-01,,,,,,,,,,,,,,,,,,,,,,,0.010602195613021781,0.006293237021109732
2025-01-02,,,,,,,,,,,,,,,,,,,,,,,0.026129247147606893,0.029189893122086197
2025-01-03,-0.002009484004472095,0.011395711491791083,0.044537685755323686,0.018027432561515733,0.01245832947260972,0.008994637843520392,0.08215567328200035,0.013666750899438806,0.005125482273832693,0.0011804962782642203,0.012667163682947846,0.013210218692680575,-0.0021071985414349292,0.012366483899017844,0.014693135872783758,0.013105300494203442,0.005374716190257978,-0.007864039973028869,0.001856637077383816,0.012868813984691085,-0.0031975494659175485,-0.0012508040923343566,0.012597729955682757,0.04450875524089293
2025-01-04,,,,,,,,,,,,,,,,,,,,,,,0.0013128146911018934,0.014617719482165947
2025-01-05,,,,,,,,,,,,,,,,,,,,,,,0.0008014800420892421,-0.006452957745802013
2025-01-06,,,,,,,,,,,,,,,,,,,,,,,0.03827621924594227,0.01499890260780301
2025-01-07,-0.011387752561417774,-0.012808242998255781,-0.06216958077745127,-0.02416414035082548,-0.007009586303438731,-0.01953347624231383,-0.040603340073111505,0.00963255409481989,0.00937437553430609,0.01788948512802624,-0.011096828942886994,-0.011016744656890176,-0.0031714025791519385,-0.005650574830652455,-0.0076139924610186815,-0.008714489464572428,-0.0028134057876040286,0.005633435188264313,0.003303970387081856,0.01125478761760168,-0.011277201100841294,-0.0034831445202716527,-0.05050430525956884,-0.08323835401301194
2025-01-08,0.002023026959630858,0.005184939579072401,-0.00021402417068083768,9.006470850470016e-05,-0.00787764073987296,-0.011604023939572272,0.0014707807875757872,-0.00016444963245665356,-0.016735539943205757,-0.02708065143711802,0.0015767364782006688,0.0012691124567973944,0.0010602496445566434,0.0025527218664009865,-0.0006034878572003244,0.002580902870018331,-0.0021942957094427396,0.005315681488123669,0.0025612768027671873,-0.01112952715320803,0.0012803880360812148,0.0011185605674652876,-0.019388436629511285,-0.016337951334858714
2025-01-09,,,,,,,,,,,,,,,,,,,,,,,-0.026929603222076492,-0.03213713091240178
2025-01-10,,,,,,,,,,,,,,,,,,,,,,,0.023976181025154863,0.014927896012281394
2025-01-11,,,,,,,,,,,,,,,,,,,,,,,-0.001424047578467369,0.004507369034684849
2025-01-12,,,,,,,,,,,,,,,,,,,,,,,-0.0008264678561502592,-0.004955978757455792
2025-01-13,,,,,,,,,,,,,,,,,,,,,,,0.00029724205673309356,-0.03994285558798849
2025-01-14,-0.004778122103303195,-0.0036433471228902725,-0.011033737518763242,-0.003204303696411115,-0.007067656766736041,-0.02314554676364078,-0.017232432245921525,0.013349124191243567,0.003934581060405451,0.0019381295556057943,0.0011505903403783435,0.0022841873657324374,0.0,0.010090150154486999,0.011316165380748977,0.00879699199039119,0.00739083661034412,0.005249423200524461,0.008902139711311152,-0.006810229419029423,-0.0016388712114770998,0.0007028483593092272,0.021345722040169157,0.028124644018336253
2025-01-15,0.01967593011248736,0.025597058118875582,0.03400143694638924,0.025670516796895804,0.031055680736040703,0.038485728425168064,0.08038151439752794,0.01971955820003135,0.01631422254726078,0.0015198937778173605,0.018409313356314128,0.018303458290805708,0.008538021021830433,0.010625016659130182,0.01437430287622421,0.005974881877423233,0.011164274121415296,0.007488993695735191,0.027941113978523058,0.032692521474312564,0.017235305435606474,0.008003346029123337,0.041129999632577796,0.07037072715887938
2025-01-16,-0.040400266944386476,-0.004058053181059784,-0.019597788453814435,-0.012043887924316987,-0.013500473088811304,-0.009431020734840145,-0.03362756026209679,0.007608475809676385,-0.0017038841675793837,0.019314448845718868,-0.0020934039949314087,-0.000979132993282228,0.0021163291074579593,0.010483489917624267,0.006024560458030237,0.02030670266175072,0.004100901841139093,0.006910965874952435,0.0028612959110974057,-0.016599406654887572,0.003227402935770396,0.0019501953049576581,-0.0074383335632930425,-0.041208762051769265
2025-01-17,0.007535300675703516,0.010480933475101484,0.0309949619330947,0.023928209424767255,0.01601788567882223,0.0024048883691718537,0.030641323404759335,0.01923158837356631,0.008983064897805315,-0.005007741045213843,0.01001483696298533,0.009451164392780154,0.0,0.005068710924382547,0.00404856814473975,0.00015735830707175325,0.004398304450689894,-0.005307269747253374,-0.015335245760911054,-0.005063971376617182,0.0017232212166304883,0.0002776102062247432,0.04716598568833419,0.05010419171097702
2025-01-18,,,,,,,,,,,,,,,,,,,,,,,-0.000516635042589142,-0.0484491750950794
2025-01-19,,,,,,,,,,,,,,,,,,,,,,,-0.03178356737719257,-0.02928958236001966
2025-01-20,,,,,,,,,,,,,,,,,,,,,,,0.009170622908047932,0.02152440391061483
2025-01-21,,,,,,,,,,,,,,,,,,,,,,,0.040479676535688514,0.015061109347230373
2025-01-22,0.005344873292606023,0.04130693153603837,0.04430888193590321,0.018638063663626525,0.0016156751918545709,0.011420100303000558,-0.021128638710367298,-0.0007223794584320098,-0.017403670776537372,-0.019439833571035625,0.006158902297827007,0.004945034542465976,-0.001053546503688274,-0.0029395595514359885,-0.004957808222272431,-0.017230668628412604,-0.0006158502904271002,0.005135652699768123,0.0003565735095132361,-0.008383680188124631,-0.005229015237833035,-0.0020790597260296195,-0.023488299826845638,-0.026201080984625813
2025-01-23,-0.0007594645528145039,0.0011428797143615554,0.00101979985104661,0.0017446222360446573,-0.001965990626364378,0.02076975590789698,-0.006576523247056931,0.01183236398611065,0.005660499565910637,0.009430725138606322,0.005320377810122956,0.00512567338450709,-0.0021095265598246593,0.002889737417885563,0.0034048262577022204,0.00739050966111976,0.004621054842202765,-0.0014148699521492336,-0.009982131440735675,-0.015168484596221221,-0.007770472537078299,-0.001527225080236283,0.002962783076025932,0.029161404946970837
2025-01-24,-0.0039345195198347005,-0.005932258454794392,-0.031245872234980654,-0.002421170970448472,0.011263784146150035,0.017346262625017816,-0.014064741844588391,-0.0041738126185180136,-0.013527006268716724,0.001227541256210385,-0.002761068268293254,-0.0025159025369798638,0.0010569930347927858,-0.00040742559637951814,-0.001406954210228517,0.0037462043208131846,0.005519891813000388,0.006218705580030903,0.00504138953333344,0.004923613106377234,0.0044915832530572075,0.001947100165238691,0.008265785680243276,-0.007544628669076459
2025-01-25,,,,,,,,,,,,,,,,,,,,,,,-0.0010001569662844156,0.0023310081774501334
2025-01-26,,,,,,,,,,,,,,,,,,,,,,,-0.019406534499448846,-0.02445844485711024
2025-01-27,,,,,,,,,,,,,,,,,,,,,,,-0.005792734886665207,-0.017679695057172262
2025-01-28,0.03654395020885026,0.029086948931724477,0.08925862094077885,0.011596277923593856,0.018195081890176157,0.02189813423123077,0.0023668700890153715,0.004852302665469654,-0.019333786329489566,-0.016416973018940295,0.009203738333613654,0.008851993144756598,0.0,2.924878606114234e-05,0.0036006665853758335,-0.01175033259055036,0.0018412547000792312,0.008656417783572623,0.006190826000066041,0.01193379060097377,-0.0006798376271338613,-0.000552573422083924,-0.007397669160641884,-0.0320259233300908
2025-01-29,0.004616745178229298,-0.010890061244708926,-0.04101100261279511,-0.004534900692607424,0.0005632529269372633,0.0032029046696704366,-0.02258280870425211,-0.0020964168976521647,0.005831275063572061,0.005120364036278691,-0.004675925388264113,-0.004318560614306688,-0.0010503315424534865,-0.0024967678751698363,-0.004171850078556361,-0.013677228882781889,0.00030620099620781716,-0.0038404097330004827,0.013391272185009129,-0.013695179085668419,-0.0020411754903768564,-0.0005523238289596444,0.023395602825692086,0.011662386097330613
2025-01-30,-0.007394624185709686,-0.06180908670730423,0.007679956466735138,-0.010250170242948609,0.02794133982498148,0.015536193853986857,0.028732954254456988,0.006189502024026128,0.008281867484405181,0.011379472935313162,0.0053076316081612784,0.00605847104476398,0.0010514358987427919,0.012574645205059243,0.011813940795013744,0.014182228339287617,0.011022519695951472,0.01514551884715587,0.02571426119123177,-0.0003856875773680102,0.0037495793417128276,0.0013824057570284154,0.009952379879751394,0.0432961927853559
2025-01-31,-0.006692258645848992,0.00016869525432472443,-0.03674293172733545,0.012955989149507907,0.015681676774165876,0.0031732714122454375,0.010792463618949588,-0.003466954062391836,-0.025006821614508068,-0.004709954578924314,-0.0049942011953098,-0.005064172511349385,0.002213228664877498,-0.007183601859872879,-0.009274496225453066,-0.002408362438063194,-0.008176821013228364,0.0019763991077348386,-0.007311946013000337,0.0034726256342945128,-0.00656558776169236,-0.001380497349544929,-0.022249243050878498,0.015544497153892722
2025-02-01,,,,,,,,,,,,,,,,,,,,,,,-0.017080384621634526,-0.05455489961504678
2025-02-02,,,,,,,,,,,,,,,,,,,,,,,-0.02947596219670423,-0.08005434100956466
2025-02-03,,,,,,,,,,,,,,,,,,,,,,,0.03804365081173988,0.005533453740142802
2025-02-04,0.021007787881840212,0.003528572725813195,0.017058061271298497,0.019543422733693472,0.025592818531406714,0.00964932712408606,0.022232065633156273,0.0042352111364032385,0.02679999078062112,0.010667099994940754,0.00722487594277732,0.007347762972145677,0.0010514760342821283,0.002088166395171731,0.007868780200093406,0.0006251547780915523,0.012345591802229938,0.00984841707528572,0.019183789173245147,-0.0039835204293167115,0.0030628404730441705,0.0013854890113651486,-0.034846278405663456,-0.05183287439003281
2025-02-05,-0.0014175007199868084,0.002231181486065603,0.05208598999691194,-0.024332807771026643,-0.072923877745657,0.0009656834714619755,-0.035797094243459227,0.009293029929642982,-0.0007274958531215958,0.007818112695812118,0.0039452672518480725,0.004541584875924265,0.005252172545318734,0.007454850826275283,0.007975031305728741,0.014210945150471277,0.007012161230261604,0.006209542410714253,0.004449044187890161,-0.01832029104894184,0.01651016154004803,0.005119571371938525,-0.012836943218062724,0.01927853557646908
2025-02-06,0.0032262256341100137,0.006121493153160573,0.030841888466742517,0.011263088803542765,0.001411231201877916,0.010101074206863903,-0.010180622383618276,0.023925054976244198,-0.013196340583178312,-0.007628281916526092,0.003643831494849925,0.0029455870263006556,-0.0010448836843243159,-0.0004952764279692046,-0.001582412550119483,0.0033105607851562358,0.003935833395159349,-0.0026502562908058414,0.0010221049031335916,-0.008411084511115163,-0.00044540642349943926,-0.0011011978434737335,-0.00022924323774897726,-0.035647794157377954
2025-02-07,-0.023968793125519916,-0.014597690954086695,0.009014626809372261,-0.04053095448794508,-0.03267227856756194,0.003553431915836569,-0.0339282217314959,-0.003972810390013293,0.004242402480146623,-0.0025405764633803507,-0.009432705309853628,-0.009425663257435213,-0.003138243085089032,-0.0025066295545227435,-0.010176790064592045,-0.003759997274490834,-0.005126608059746629,0.0017841598670260694,-0.011912814299480101,0.005434111049608559,-0.006454992380407365,-0.0030321568239589647,-0.0006647556256734743,-0.024620471517087794
2025-02-08,,,,,,,,,,,,,,,,,,,,,,,-0.00048309597099249757,0.0038506311160004802
2025-02-09,,,,,,,,,,,,,,,,,,,,,,,0.00018283765004545316,-0.0013627424019899692
2025-02-10,,,,,,,,,,,,,,,,,,,,,,,0.009714611676219231,0.0123427150611084
2025-02-11,0.021831795788583408,-0.0018921861993742572,-0.005764745233480362,-0.0016299428832775575,-0.006167165121429452,0.0033453743690372573,-0.06338211812502892,0.014573361397673512,0.006307920815593393,0.012253467726139,0.0003568640595648098,-0.0007536133323654548,-0.002098538941755601,-0.004737826433265702,-0.005131197491295536,0.004545484013473544,0.0021097046413502962,-0.0036516022155236305,-0.0068493410175966,0.011240246770494178,-0.006404264909916524,-0.0016585754293738653,-0.017345724709743937,-0.02193953673434812
2025-02-12,0.018270185287032614,-0.005833131503942712,-0.012499984196003622,-0.01645472556041927,-0.009227295576289651,0.007752206588158117,0.0243835913717656,0.0016727640881284422,-0.030086657158987395,-0.005572249690250608,-0.0026042777899256686,-0.003016514359349687,-0.0052575901097221545,-0.0053446823019099865,-0.007186975623420855,-0.00989329077625789,0.0015037933070456422,0.0010471549570203464,0.011724143192685776,-0.024913722139720207,-0.013570045723489854,-0.005121808571088016,0.02233406885677658,0.051529524214203315
2025-02-13,0.01967327176214928,0.003667050772909297,0.031645296317544425,0.006290143220533118,0.013779201164832333,0.004383916274320887,0.05773971683431944,0.003158568455044808,0.007265945972648735,0.012817322278853238,0.010426466428620218,0.010452428284302151,0.006342411946325122,0.0050797719337529745,0.011582310852140454,0.01014727711647545,0.011711643599911614,0.009862831092105617,0.0040899431240861706,0.0009171867807142853,0.016622632519808,0.005983118394129905,-0.012892487184132717,-0.022287794557012575
2025-02-14,0.012710545112279759,-0.005139506410141381,0.026313990247600838,-0.007336035409240549,-0.004888767627518442,0.0111314417177657,-0.0002809633725618932,0.000977190209972445,0.0010172949631381822,-0.006995276461662314,0.000159383107299238,6.800053852207277e-05,0.0031512196400718118,-0.002132643673710022,0.0005892981160637856,-0.004217628681276175,0.0011872290418524223,-0.014871773334245608,-0.005091636903998831,-0.007461705712507927,0.005299936376044645,0.0031810946266808138,0.009160278803397981,0.018755901306300338
2025-02-15,,,,,,,,,,,,,,,,,,,,,,,0.0007320640697474623,-0.011933472391497446
2025-02-16,,,,,,,,,,,,,,,,,,,,,,,-0.014401672980240199,-0.011228225310643603
2025-02-17,,,,,,,,,,,,,,,,,,,,,,,-0.004176223623530095,0.029994109419593684
2025-02-18,,,,,,,,,,,,,,,,,,,,,,,-0.0024415545387781457,-0.026925068435387
2025-02-19,0.0016361523213930251,0.012523124318230439,-0.001219570148058735,-8.819331220011328e-05,0.008162408676317012,-0.017588724410725898,0.018214714280444966,-0.0025005269298912225,0.0014527044915328968,0.018710918569764257,0.0023828500431106736,0.0012215724223192392,0.0010514760342821283,-0.00037823994637320446,-0.005265248948024381,0.00038335355973884155,-0.006476402404465453,0.000554096378723612,-0.0033433761945799167,0.006366916185013283,0.0012484740542337835,0.0013839851656654023,0.011472343504350446,0.017394617624989728
2025-02-20,0.0039204764503546485,0.0052907175683352126,0.0063205003339330545,-0.016546793977871843,-0.003832374370965397,-0.01268885363554273,-0.01708454543992588,-0.04458380675066964,0.015412461127214616,0.011336849907728208,-0.00420871957733393,-0.005286672021587724,0.0010503715937242308,-0.006604051812771683,-0.009326104361591314,0.004520978783493224,0.004444545256947707,0.0005168326664386491,0.004696454193399813,0.004002649453884954,0.00374139146945196,0.0012435995027373359,0.017574558032842136,0.009063900656951951
2025-02-21,-0.0011389704828973501,-0.019032597328200285,-0.040539626315509114,-0.028266344731418536,-0.026549582538114458,-0.01624824363572608,-0.046839747148427646,-0.009595080358108743,-0.011696312299620204,0.01640791653415019,-0.01702943113984745,-0.01860179868265499,0.0041973921301332595,-0.018948699983260542,-0.026291419220778933,-0.009459163698565698,-0.005604869613155761,-0.0009225433005247696,-0.012020053461802682,-0.03099284459749896,0.012085002981883752,0.0044168953072103445,-0.02245807176184722,-0.029459697666460616
2025-02-22,,,,,,,,,,,,,,,,,,,,,,,0.0047043783073406065,0.039243345090012705
2025-02-23,,,,,,,,,,,,,,,,,,,,,,,-0.0031460239332733453,0.020723733255699095
2025-02-24,,,,,,,,,,,,,,,,,,,,,,,-0.05043681513571874,-0.10898801644535905
2025-02-25,-0.00024287271534673138,-0.015099071793035268,-0.028016689407695194,0.000423094048469963,-0.0213667385370796,-0.015909991628830444,-0.0838955952220366,-0.015076125946783203,-0.013840222333207919,0.01435193357999398,-0.004664551603842937,-0.005024646998439408,0.006263280568126861,-0.0017352855862474703,-0.002796947984261444,0.01203724310297094,0.005365059646210035,-0.013188334192659745,-0.020720129051828073,-0.024220138708958228,0.017247021107262617,0.006312753271842331,-0.029337712021491935,-0.008047015853369976
2025-02-26,-0.027040111525261312,0.0045992342106173645,0.03672120832607595,0.007283848822975836,-0.015334662597836779,0.024638769321619236,-0.039630120487999076,0.005400326659778187,-0.002460594103952274,-0.01812249706581448,0.00016356062819888884,0.0004208351311820735,0.0020746963161326626,0.0003595779547007627,0.002103662703851983,-0.004394015570939436,0.003854152883659534,0.0015263333689308212,0.0038154911773382594,-0.0037771319259554126,0.005906977642133215,0.0014999948117853101,-0.04946290046952739,-0.06502260921668868
2025-02-27,-0.01273084535990976,-0.018012224014775424,-0.08478064931096696,-0.02617215045770671,-0.024489125785192356,-0.022947950989067323,-0.030433204805490277,0.0010044954026902086,0.0063037117901096895,0.003985513623078196,-0.01587280328022178,-0.015494728903067467,-0.0010353554403438325,-0.00994654971657527,-0.014169642818326889,0.004185032745191997,-0.012699334674108664,-0.015239958822878874,-0.018659326384318886,0.019363579346272974,-0.007068534736225929,-0.0012256385524508362,0.004234922709094535,-0.01113823258073876
2025-02-28,0.0191318806316656,0.011362193286000188,0.03970039779860968,0.016958863624485065,0.01056377557565047,0.015131303270574659,0.03912040539724382,0.021617483458528985,0.010712714162221415,0.007878844540865959,0.01598128266319021,0.015596167929233129,0.006132917534365623,0.013647511961627945,0.010114468023356471,0.008183728661802947,-0.002393161464977478,-0.006265820058134697,-0.0031690194998864607,-0.0007969920239989658,0.012266138560869999,0.004226533273057331,-0.003910297790814532,-0.029312322518993406
2025-03-01,,,,,,,,,,,,,,,,,,,,,,,0.019661575342751147,-0.009500832382402846
2025-03-02,,,,,,,,,,,,,,,,,,,,,,,0.09550452979612856,0.13671629895947635
2025-03-03,,,,,,,,,,,,,,,,,,,,,,,-0.08682040111941614,-0.14847855308604507
2025-03-04,-0.008822457609658607,0.0003088656635419351,0.016920912602227833,-0.005950644792114046,0.023411721501241045,-0.02297536141004808,-0.04429996705409467,-0.03978971377508089,-0.002041575852254285,-0.011119105588608513,-0.012201646943928446,-0.012143746780448605,-0.003092888859156595,-0.01485536156126599,-0.014405207547660615,-0.011965350126748264,0.0017984596696838384,0.008697635934455272,0.008695652173912993,-0.00013641757054150272,-0.012315067009461056,-0.002853305222293878,0.013437685575495406,0.011391432967872817
2025-03-05,-0.0008053362915595441,0.03193438180182895,0.011294072316198722,0.022374865016246748,0.01228651647351775,0.025734362314612236,0.025952056083059283,0.005114945073584121,-0.019527549925663745,-0.0018136733850043774,0.011191917851626876,0.011497564593635268,-0.003102175732527579,0.010534202761807387,0.012697503718159364,0.010899209998045611,0.025433974428230588,0.0020813110966888537,0.026551739922885176,-0.025780922828947506,-0.007984165404949173,-0.003542212691605151,0.03899657851208138,0.03316205356610458
2025-03-06,-0.0017391939743134355,-0.010298687471953394,-0.057374215738241974,-0.03676331176651382,-0.003872379718075636,-0.04347497340287243,-0.056073068986891905,-0.019838575663667535,0.020675236635640637,0.00430006761034929,-0.017805131150938847,-0.018873282238497824,-0.0010373796335576557,-0.01756619426263284,-0.01840162402421519,-0.02568125315922798,-0.0072951743495428545,-0.005081207410422395,-0.0026872664587141992,-0.0040605001814945085,-0.0033076800570002174,-0.0008204067051051922,-0.007303133084179958,-0.017618594251921915
2025-03-07,0.015892641540643737,-0.009020116631290431,0.01917340033920767,-0.007224698407026442,0.008761244957040892,-0.003615047372413027,-0.0029607088371812473,-0.017279151223378864,0.013008639917966747,0.005186014321998611,0.005672121923644635,0.005319182559610169,-0.0010383535579913117,0.006929252058317292,0.006065092695275887,0.007069818864682942,0.007936641421396828,0.0005219558189655249,-0.003368150207845755,0.013496402664721296,-0.003207925603355699,-0.0010944823708131102,-0.0357824911826653,-0.02882630029114286
2025-03-08,,,,,,,,,,,,,,,,,,,,,,,-0.006779571257010009,0.029230046295678047
2025-03-09,,,,,,,,,,,,,,,,,,,,,,,-0.0644603432710168,-0.08448795471326165
2025-03-10,,,,,,,,,,,,,,,,,,,,,,,-0.02567012890361897,-0.07658500963990722
2025-03-11,-0.029189335217892576,0.0007628752282822227,0.016638570814033082,0.010537694677220655,-0.011032786901892244,0.01290991191512969,0.037947369642955975,-0.013263280787633502,-0.0236135480009676,-0.010971923894500413,-0.007566680141982363,-0.0064108019732543875,-0.0031055926218298557,-0.008527220630372478,-0.0038424896584607904,-0.011258474431199095,-0.0002984015849434307,0.011727541035094546,0.029199534740608435,0.00789952833143226,-0.0071391052586115,-0.003817652097683366,0.05513944554449135,0.031536179458804936
2025-03-12,-0.017478772796841624,0.007412217003214927,0.06427597593132295,0.011699491808345508,0.018715015696266102,0.022865768372959394,0.0759389121683911,-0.00541158237231365,-0.00027493135029965643,-0.01814781739389948,0.004908359239547799,0.004651626064261505,-0.0020769138152078037,-0.001264898118000457,0.00037629097945757195,-0.0031976708755374617,0.006567383381915537,0.004346793335703092,0.00867824555497343,0.01889441793109614,-0.005973369516290794,-0.0020533714816366455,0.010380466895202334,-0.005657907202539225
2025-03-13,-0.03364367441753047,-0.011741093546594805,-0.0013824365221175583,-0.025139524437347016,-0.026030621382300723,-0.046678305614260784,-0.02986820819658198,-0.011891185230063939,-0.0042150619496019726,0.0008598472153200643,-0.01380368611965832,-0.014636669982604378,0.0020812363637643383,-0.01307528134979341,-0.01805692594464814,-0.019716660129790675,-0.007117620549058845,0.017756144523255468,0.017207163123060587,-0.016208794721297548,0.008791595486475456,0.0030176110369362075,-0.0317197970748182,-0.024103446480985946
2025-03-14,0.018170574441256804,0.025846863895390815,0.052690747948613614,0.02093969555611075,0.01677306270250889,0.02962968342692629,0.038640532386444715,0.032195130766220714,0.02972306210427944,-0.0011044856087777388,0.021474943109389244,0.02220557692962455,-0.0020769138152078037,0.02226280566966521,0.026051121294975887,0.020352710812084673,0.017921198070320443,0.00039975774946587883,-0.0009759494752402675,0.009215247241055824,-0.005295224097634388,-0.002461556336520121,0.03580259620308812,0.024959035666801466
2025-03-15,,,,,,,,,,,,,,,,,,,,,,,0.004454112352525463,0.01462560823630299
2025-03-16,,,,,,,,,,,,,,,,,,,,,,,-0.020907717157540473,-0.025786999381329778
2025-03-17,,,,,,,,,,,,,,,,,,,,,,,0.018115835083536647,0.020963831795744126
2025-03-18,-0.006121523995937239,-0.013326341856779722,-0.03430103850741972,-0.014917738259935254,-0.02203415863103031,-0.03726247510212444,-0.05335909096824687,0.004445914595887501,-0.001054910055858782,0.008658811282681311,-0.01062489320707305,-0.01066962254728343,0.0010407217465897567,-0.007484313417183697,-0.00883649145281118,-0.004926838077132678,0.0,0.011671955843306048,0.001298309517063112,-0.006876633286972189,0.0009932775570691277,0.0010951502814453562,-0.016142449028442418,0.002875204421535882
2025-03-19,0.01198938232124358,0.011211858265421037,0.018106216047043544,0.014106347155876442,0.02004110438638662,0.00291934857987175,0.046824389357219776,0.01761928322820938,0.01557557374043772,-0.007671135766575077,0.010816161864340534,0.011528327846314523,0.0031184020274268587,0.0109684440663258,0.013744340326045101,0.0015473452491998607,0.0028985019888383423,0.004107707999658539,-0.0032415034111245022,0.0029081718201795503,0.005181280152248169,0.003008204860192487,0.049997601050550955,0.06478796942480636
2025-03-20,-0.005296425228035306,-0.0025268926380662693,0.008594247566485969,-0.003017266841301769,-0.006650858250150105,0.0033213553905826476,0.0016958954271570903,-0.0004183339038977829,0.004245674323116733,0.000183888482172323,-0.002075282439827908,-0.0024263519983943604,0.0010363046991590519,-0.003236294991750599,-0.0065957273335369715,-0.001081412555454242,-0.0066471391344086195,-0.0012805854303336028,-0.008130081300813052,0.018088997805995932,0.0006579124746444176,0.0004090289465550345,-0.030937253791171848,-0.03676306928602102
2025-03-21,0.019476937223347424,0.011425896818111791,-0.0070024387239934205,0.006463245885351521,0.007309643275977384,0.01749160472974909,0.05269623506518384,0.01096197540429733,-0.003451303951902407,0.003742034287020468,0.0008585377804510852,0.0005161159488733524,-0.001035231883493526,-0.0030614002257156603,-0.003965320490683322,-0.010439191435662631,-0.0055732303082142165,-0.008049901213267985,-0.015737689909387842,0.0008137468582944951,-0.005918375810656351,-0.0008175057672681341,-0.0014727011460912154,-0.008704061657306195
2025-03-22,,,,,,,,,,,,,,,,,,,,,,,-0.0025077306278807887,0.007731036303297412
2025-03-23,,,,,,,,,,,,,,,,,,,,,,,0.026503933905394295,0.012758015026691494
2025-03-24,,,,,,,,,,,,,,,,,,,,,,,0.016786352378946434,0.035994533770415726
2025-03-25,0.013681814751342891,0.005291573607126621,-0.005930343262850357,0.012053587883713357,0.017175619919233664,0.0120547653552181,0.03502280788451673,0.012376093941966593,0.00682195225935045,-0.013901538079704623,0.001610850136723796,0.0010119690116832114,0.0010415984155511815,-0.0019479589093361893,-0.003793251086722016,-0.011269329270019335,0.002051670356736368,0.004400365088198743,0.02069428765619441,-0.0008012494764215727,-0.00011132962383741951,0.001232860558110671,-0.0003109860024155253,-0.004676265671871183
2025-03-26,-0.00992168106867608,-0.013133931408371269,-0.05741983754646518,-0.022264360904062586,-0.032246851568102364,-0.024476834269347103,-0.05580626179068926,-0.00039818627988064126,0.01440951527396983,0.004347317470767553,-0.011165210412981685,-0.011339602429134787,-0.0020810292343492742,-0.0052146268014054975,-0.007887664172022024,0.004719672788987994,-0.00906693802074332,-0.0008259812019960622,-0.00163503064700099,0.008019225829569265,-0.006573296299283049,-0.0021889926067006904,-0.00652577110204744,-0.028327615997143618
2025-03-27,0.010472640655200038,0.0015641740737437626,-0.020481661324519007,0.0011435177345771042,-0.017084613791921166,-0.013748347431543073,0.0039329829222258805,-0.011592279129477023,-0.0032129298674899998,0.00871877773987939,-0.0033173035673847995,-0.004134869050219425,-0.0010429958160819153,-0.004874171649779546,-0.006055555602868634,-0.003209961849486076,0.002951636709557448,0.013405732882559862,0.025876154287945097,0.0007956137555700238,-0.0029156691222783637,-0.0004116034280357006,0.003178549412391707,-0.003400331205273277
2025-03-28,-0.026580362142440972,-0.03016024594039235,-0.015794711282008045,-0.04290822091507418,-0.04875498073768714,-0.04288228591726495,-0.03507493471452938,-0.021239659172325065,-0.0013572047860362924,0.0035553952305402703,-0.01970793545960725,-0.019876137804221816,0.005219385070418525,-0.015285042155569473,-0.01929289722693117,-0.000863859537498346,-0.011477332046301636,0.007412123023167849,-0.010217104021144063,-0.009406553819422458,0.013834401210014224,0.005761534516297795,-0.032393289916566204,-0.05336434495667708
2025-03-29,,,,,,,,,,,,,,,,,,,,,,,-0.020812056603918605,-0.03597072635426679
2025-03-30,,,,,,,,,,,,,,,,,,,,,,,-0.0031848691098436133,-0.01154788485957492
2025-03-31,,,,,,,,,,,,,,,,,,,,,,,0.0026038970780313253,0.009556624138489678
2025-04-01,0.004772000986040137,0.018114533691861334,0.016331442457370837,0.010038913682617334,0.01571389700922854,0.016725492191498548,0.035885119854736525,-0.006685675441252759,0.0009250474666597786,-0.07591658389983924,0.0038051452606866487,0.0039625282479174295,0.003109170887420687,0.003215915813997716,0.0036708395810558514,0.0008569938423772516,0.0029994436601450403,-0.0019782303576065807,-0.011616670313340016,-0.0032328978931900343,0.008665448401013132,0.003141766434449078,0.0317418810684309,0.044975253629213396
2025-04-02,0.003136264028730462,-0.00013082881178716477,0.002451195873350409,0.01998228846583383,-0.00019106721764217127,-0.003532381592498246,0.05326685079977622,0.00886479869994683,-0.003108286051414666,0.013768288662878936,0.006753967256099447,0.008042772771147844,-0.0010335537072873047,0.01033275548855328,0.016130660906766403,0.005371866043506257,0.002990356236453051,0.0020516615880092903,0.0042442400155775495,0.008562480760722302,-0.0006556976000365866,-0.0008170950282926359,-0.031507420800550134,-0.05782142048584138
2025-04-03,-0.09245603843227079,-0.023630163414979033,-0.07806553896593948,-0.08979129298487254,-0.040244495773779976,-0.08958260330905199,-0.05474611137253549,-0.06968508694710407,-0.05258281357064731,0.028707667852417185,-0.04835537976278603,-0.05075339277083257,0.005170755886200862,-0.049379238402282866,-0.06691290104821657,-0.03321982653638822,-0.02027418367312228,-0.006038278082531101,-0.060793264802305735,-0.07061998989748008,0.004593770287846022,0.005178624695603151,0.007481504135517403,0.011320573057860273
2025-04-04,-0.07288742279088833,-0.035565858615312806,-0.07357563943470402,-0.041533565999713695,-0.033970189732181355,-0.05058117766806369,-0.10419786826814681,-0.07483831414310071,-0.07195594890709989,-0.04117124057291177,-0.05960919599540759,-0.058759530304861585,0.001028790520554157,-0.06007788880132414,-0.048466736901217944,-0.04405283208713706,-0.05690819761859556,-0.02339226273628292,-0.06265141932093365,-0.059930821191068295,0.010887201463688934,0.0008131184988289242,0.008916382019940938,-0.00016633386447217902
2025-04-05,,,,,,,,,,,,,,,,,,,,,,,-0.004043325726492686,-0.0051571403729591125
2025-04-06,,,,,,,,,,,,,,,,,,,,,,,-0.06335339642726368,-0.12693722742042624
2025-04-07,,,,,,,,,,,,,,,,,,,,,,,0.013051950296130821,-0.013627626435405826
2025-04-08,-0.04981809555074146,-0.009221495839314864,-0.013723798645924323,-0.026246667744515673,-0.013969381819509796,-0.011234789076859486,-0.048994783337158565,0.011331737591855129,-0.021080303153309887,-0.004116328477826947,-0.015712750190712832,-0.016670802309609378,-0.0051974237358881625,-0.016839742424552107,-0.025705602947067474,-0.02642680845383094,-0.006958221272622911,0.005443793790763651,0.0,-0.04001217141599733,-0.01887838065121994,-0.005758899166877218,-0.03739976334343409,-0.05316723773116572
2025-04-09,0.15328838258086197,0.10133683979457686,0.1872273810033236,0.11977031526306248,0.0968210499360338,0.14755608085829275,0.22689989839624536,0.0805552196317596,0.04991574374256924,0.006466797644901101,0.09517181129643015,0.09539482057859616,-0.0020899348847892574,0.08090830851175213,0.09358177343303131,0.05985862296263056,0.05638968774801367,0.03699125081478161,0.03389830865821053,0.06694034840941754,0.005885674450143874,0.0023444114651238745,0.0826253916648998,0.1327537447707503
2025-04-10,-0.04239368362090323,-0.023406404700070715,-0.059127091160678824,-0.05170070417193329,-0.03711150218175552,-0.06739840090440374,-0.07274069589492627,-0.030852600249576367,-0.055482039635047053,-0.015102467561583066,-0.03443478851712156,-0.035420176787662516,-0.0052354161088032924,-0.03067928494957428,-0.042639051986153365,-0.0234420677879712,-0.009475692594036134,0.0244235794430141,0.007840385776562542,-0.03344187740450666,-0.027568429033350328,-0.007980084778339003,-0.0356990599146636,-0.08724085563087758
2025-04-11,0.04059431742492592,0.018618047906728608,0.031235463613924708,0.020141230945248445,0.028268423781081076,-0.004979053143821632,-0.00035656236159631316,0.04002468229152423,0.03212248723360833,0.02044532907613128,0.01811934193309006,0.017721754225068054,-0.0021057518234639527,0.017190346559257774,0.014194508259490313,0.013241054220868076,0.024872560046213188,0.019086664805096243,0.032178211644875665,0.017452532072482096,0.005438462113476872,-0.0011098183653577287,0.04745546227457886,0.02931391157840868
2025-04-12,,,,,,,,,,,,,,,,,,,,,,,0.022567917271733462,0.04873738626716384
2025-04-13,,,,,,,,,,,,,,,,,,,,,,,-0.01878516957885823,-0.028501344272703122
2025-04-14,,,,,,,,,,,,,,,,,,,,,,,0.010245734631468162,0.016336405441875312
2025-04-15,-0.0018762362129480792,-0.005363481321224328,0.013458567331988691,-0.013891933050343641,-0.017351010079133422,-0.018739993590368265,0.0069744183248166,-0.006774070067272153,-0.002804895576259514,-0.004793981826519023,-0.0016434365827807662,-0.0012445319409948308,0.0010484097455212282,-0.0008838762455621874,-0.0013037217975907511,0.0028912170018946526,0.005837318694403182,0.005232379352138938,0.0010211261913706249,-0.0027002744567519166,0.0035423964712333333,0.0024849173582555117,-0.01033089354397465,-0.021036532181973544
2025-04-16,-0.03893347667468283,-0.03660592054639622,-0.06871651023515024,-0.029288905919567454,-0.019064637488595326,-0.03683471843775721,-0.049427403598542585,-0.015098878416883066,0.010572361362521487,0.0018877477209453541,-0.02238281877889936,-0.021031471510370103,0.0031411042485978147,-0.011107555291389626,-0.011648921961279868,-0.0014826399459532125,-0.004887118669509638,0.0325408102664011,0.01190072707533596,0.01910343831133332,0.005579462909469868,0.0027544555321563635,0.004360934564412222,-0.00662651680945181
2025-04-17,0.013949748781774352,-0.01030650831489155,-0.02871100041942709,-0.009866352335440198,-0.014152511026659709,-0.0016523140471742526,-0.0007452201709629014,0.010234776166775816,0.02620210706023096,0.023130302343845832,0.0013553078271595353,0.0023075330032740204,-0.002087339831950419,0.008018407553271656,0.008636426259545527,0.015179018935360222,0.010128999852296205,-0.004390692094044635,-0.007056484885960668,0.025535104899388816,-0.008832375496292566,-0.002197227245486655,0.01025637449930672,0.002815397066748826
2025-04-18,,,,,,,,,,,,,,,,,,,,,,,-0.005241078764249063,0.004029161456178265
2025-04-19,,,,,,,,,,,,,,,,,,,,,,,0.007254038339443714,0.015103402450633574
2025-04-20,,,,,,,,,,,,,,,,,,,,,,,0.0013036230231544543,-0.01575312130479345
2025-04-21,,,,,,,,,,,,,,,,,,,,,,,0.027527099529631727,-0.004900607977736393
2025-04-22,0.0340649766689165,0.021441330200441255,0.020431214700521227,0.03502262189247651,0.02573292033469432,0.032228758724369255,0.04602198338770602,0.028822144776244896,0.02800195389470672,0.005289378086037022,0.025136420811017413,0.025445056153152734,0.001051508258788525,0.02703699081610056,0.026093194230259797,0.019918601984005857,0.013365869453241253,-0.014195668551963636,-0.009734840772569031,0.010929757650546934,0.005581374394595606,0.0017994769684794854,0.06767662701452015,0.11242216226721125
2025-04-23,0.02433156893742483,0.02063689254690204,0.03862885163399654,0.042845673527805994,0.0256156319838714,0.03995773883685483,0.0536622440095611,0.02245428285508355,-0.008587272433418502,-0.01502366210127648,0.016694967939983485,0.016886021770148307,0.0021007033047550916,0.011296284444199278,0.014875824363611345,0.00187172246040479,0.005695348678665502,-0.023978630729734163,0.03593218528618247,-0.019028393290488332,0.009713331075976273,0.002072378520899143,0.0027527134594511615,0.022063326905880754
2025-04-24,0.018426156726373488,0.03448268214847272,0.036218405891449645,0.03289029336584037,0.025297764984791193,0.02475630160725495,0.0349764859229853,0.015609464961153785,0.011735066095005076,-0.0028962472637917847,0.020249063020963076,0.020737496486462836,0.005241320881903544,0.018714025906111598,0.02159053336973682,0.00308634796482532,0.013412717763884752,0.014556277018207942,0.0,0.0060249230613995675,0.010535995678085497,0.005652932899968599,0.0026114175645013393,-0.014627537926254486
2025-04-25,0.004367308117191548,0.011748025566775455,0.04303310043246045,0.013133978209558528,0.016825660437140844,0.026484150196779632,0.09803091011549903,-0.004455495311177948,-0.000552327570713218,-0.0022589999357174317,0.007385846765633808,0.006721068296491106,0.0031282094194653443,-0.001334924071086263,-0.0012602433200955554,-0.0015384258648756255,0.0,-0.010841679678267213,-0.01668848945662471,0.008326025452043861,0.007366377584729911,0.003290348123021758,0.008267742531563593,0.009494042160750782
2025-04-26,,,,,,,,,,,,,,,,,,,,,,,-0.0007767095032226168,0.019727919508667258
2025-04-27,,,,,,,,,,,,,,,,,,,,,,,-0.00942540809771053,-0.015926458222360718
2025-04-28,,,,,,,,,,,,,,,,,,,,,,,0.013054325526514532,0.0033392455309573243
2025-04-29,0.005091900712749453,0.007362569252317153,0.002667092080054001,-0.0016515586767922308,-0.0028018852617022194,0.008549572955702578,0.021512501019458785,0.005756100587218205,-0.002485365099203163,0.0036048300239757136,0.005798913213462598,0.005911000295860003,0.003111881621314705,0.005582350277938408,0.004930302542889953,0.004591483355273818,0.001752873867109317,-0.009738925467677184,-0.011924498310142195,-0.0281877745261776,0.008384483845482738,0.00259023535629499,-0.007306486319308303,0.00018003291759050022
2025-04-30,0.006107551180572157,0.003096191958594563,-0.0009173250395856369,-0.015849304820837684,-0.00849151087918365,-0.009811727295555683,-0.03379788089732105,0.0,-0.025193920110230916,0.0025653999949701856,0.0015582084945038321,0.0008286340575227591,0.0021786990748708934,0.000757039253481917,-0.0033669307101911183,0.005051763737828008,0.002333075568951015,-0.007482221012837353,-0.007710343373267925,-0.034775962853363485,-0.00809307713183871,-0.0006800564044235902,-0.0008217291810309613,-0.0030015237962643937
2025-05-01,0.0038590173853749743,0.07625351859990581,0.024697053835501137,0.031341496782804956,0.015743087438187864,0.042276756967503104,-0.005812356915055328,0.0092797183697777,0.0014200729341331542,-0.011835341911884179,0.006320486152253002,0.006172250599695728,-0.003105412367625404,0.0021747925965471815,0.0035713811077418,0.002313729667288822,-0.002909441764742282,-0.02077228754256477,-0.007094628010638648,0.015103764144643206,-0.0050704545434211434,-0.00278423751202872,0.02425526614507767,0.025335483600515296
2025-05-02,-0.03736175662959673,0.023225259769653617,0.025893817366504868,-0.0011566836184702112,0.016924979987050115,0.04335833423122848,0.023848576584252656,0.022763108799828347,0.004065058239798303,0.010747034665279154,0.014745425906627974,0.015560828846820307,-0.005192323370137197,0.016165023370055875,0.022314197518556567,0.012895038782861912,0.017507932343582056,0.0017481999132260562,-0.009186749099087677,-0.007904441000784579,-0.010824332540560366,-0.0049276661697299495,0.0043291974532626565,0.0018955454880142941
2025-05-03,,,,,,,,,,,,,,,,,,,,,,,-0.010507405827035687,-0.004812571830357215
2025-05-04,,,,,,,,,,,,,,,,,,,,,,,-0.016433317174712747,-0.013766461212495806
2025-05-05,,,,,,,,,,,,,,,,,,,,,,,0.0045811763897039,0.006139172208646793
2025-05-06,-0.0019106338687361335,-0.006557043258831552,-0.0024599900463295743,-0.007190832051464091,-0.005968120974805258,-0.019957592555055692,-0.017519458684867262,-0.013105863723333555,0.013944030848438205,-0.003419298800897863,-0.0076854449846308626,-0.007930118122285501,0.0020901578156973244,-0.0060476878459997385,-0.007935790526347741,-0.006937842043624243,0.0,0.02802400275899264,0.02510175653354252,0.03575436236052765,0.0033240277499955173,0.0022038291723116554,0.02168299794413664,-0.0025333800408158247
2025-05-07,-0.011384768552630153,9.232956359972455e-05,0.031002237470267424,0.019998985551532122,-0.07259685214806544,0.016175346708767302,0.003159597232260225,0.0005616845744191856,-0.0009549579546429543,0.018320760740043296,0.0,0.0,0.0,0.0,0.0,0.0,0.0,-0.014993060801348546,-0.024156173356156718,-0.01687306777607045,0.004227035257337475,0.0019240828547479882,0.0023743581586117557,-0.0019177229274721652
2025-05-08,0.006318471846909812,0.01112266287088337,0.002648296176307241,0.01785806262143419,0.019156917993409017,0.0020107257858348326,0.031134624811778533,0.016359859652694597,0.01395664868433677,-0.010425972662706062,0.010178649891338987,0.011504506323753327,-0.004171183919867372,0.014291116137803872,0.019426801160018714,-0.0035725394541503697,-0.006017335183676309,-0.0196942722998793,-0.0010173172898729765,0.03290820670482164,-0.011149003469290597,-0.005349659695733089,0.06399043746457878,0.2179876908621854
2025-05-09,0.00526603727610353,0.0012779959899980042,-0.0061345365349878556,0.0051020185245573835,-0.009916876365565375,-0.009230470904825094,0.04718770485146129,-0.0015385547269808342,0.011690214668047094,-0.009250857195251094,-0.0005352769092664689,-0.0005907105549064484,0.0010471638931595084,0.0005535803133156492,-0.0002803523913950112,0.006214679481483021,0.006053762702982635,0.007254674259445482,0.01154107817902461,0.015396374386028588,0.0014958554289037362,0.0008274343167933296,-0.002621130818400763,0.0629919569669184
2025-05-10,,,,,,,,,,,,,,,,,,,,,,,0.016756941758927724,0.10100811912068441
2025-05-11,,,,,,,,,,,,,,,,,,,,,,,-0.005635047193781384,-0.027952363120453683
2025-05-12,,,,,,,,,,,,,,,,,,,,,,,-0.01242389281274392,-0.005513456904119418
2025-05-13,0.01015224408951143,-0.00026701790827032834,0.0563413373781545,0.01308471882441209,0.006752278564271963,0.025960762700455442,0.049280740626853614,0.011382434015009713,0.002748156810489899,-0.03697933280727972,0.00728033488121782,0.0073676441162868755,-0.0010506713141597013,0.00462005541204169,0.0050441803846115185,-0.012130780529314267,0.002835200169215124,0.004258992599597278,0.010124912349184667,0.029437838885918666,-0.004058317998189898,-0.00041469444534347755,0.013197358248725033,0.0735988233044782
2025-05-14,-0.002817877547288572,0.008460518515972515,0.0416377797663503,-0.005298742220089303,0.036607565340829984,0.005075890100651792,0.04073991993646375,0.009999763422798846,-0.008952920279054366,-0.014012306663682916,0.0010666541271484586,0.000355054934309873,-0.0021029289414633556,-0.0046883537950439536,-0.00519813176433892,-0.009409089137980109,-0.0019790514236321943,-0.021037827999516923,-0.02271968921624734,-0.012357997215309169,-0.006636566610071948,-0.003458428018194848,-0.006051642240404331,-0.02614291683469505
2025-05-15,-0.004144441006121102,0.0022560663097470623,-0.003768232765931301,-0.024161720956264898,-0.008526200996681776,-0.02347726270725936,-0.013978329078298546,0.00696415514923876,0.010140418100014204,0.022205357631774225,0.00437235499810118,0.003903998905955497,0.004214929523344235,0.00777089363464456,0.002522579525713331,0.017306558517118598,0.0076487803138094446,0.015963953531585195,0.012307713174412482,-0.01658674470191135,0.008790556076497369,0.005413853570773286,0.00198211052629782,-0.02421638604114429
2025-05-16,-0.000898553042967154,0.002515917627796016,0.004227577634351887,0.002047074000553817,0.013600758225998488,-0.005497920842833848,0.0208856061756566,0.000261575500994482,-0.003591734559912796,0.011496620632799992,0.007133567168803978,0.007565548402110656,0.001049050231359594,0.010955979459786436,0.010334276572836254,0.0125811227483148,0.001686839082144509,-0.012087047232674286,-0.010469482164841337,0.007545526910238465,0.0026721858048064373,0.0006901076140668483,-0.0024613470244020386,-0.004146022508211833
2025-05-17,,,,,,,,,,,,,,,,,,,,,,,-0.0028814878109744146,-0.023870705359441913
2025-05-18,,,,,,,,,,,,,,,,,,,,,,,0.03154266519659865,0.009079756900171487
2025-05-19,,,,,,,,,,,,,,,,,,,,,,,-0.007889709931436006,0.01238199059589462
2025-05-20,-0.009196255872420789,-0.001525411472787952,-0.008777813578017879,-0.010137739138364021,-0.015371644761944192,-0.00519962769254656,0.005057180873010214,0.0030203169905780314,-0.014276363894884292,0.007672669256621578,-0.0038644315981152255,-0.0035766639888962226,-0.0010491539847204967,-0.0037959939055528524,-0.0021428659236388814,-0.00609039177781312,0.002233421306610861,0.0186222454642182,0.024133211510245944,0.0021894835965794446,-0.007205186970880573,-0.0017939751385966929,0.011220046530480143,-0.001974425904344268
2025-05-21,-0.023059049776969598,-0.012222605207279247,-0.019199168803037292,-0.014455883280997672,0.027930265005007726,-0.002511391982708111,-0.026758222357769146,-0.017464620042666468,-0.0122915050173803,-0.0031239247665502123,-0.01610048435424105,-0.017384574396881902,-0.006302677674688617,-0.02070734596202317,-0.027559052938247675,-0.027024950264182723,-0.004456888503476697,0.007378683875855163,0.012612050404901654,-0.015584143127700512,-0.017089995458999585,-0.006221530039192014,0.027034018449719976,0.011161703733228778
2025-05-22,-0.003612241451258269,0.005060036300466919,0.0078148503695743,0.00984492359983613,0.013704315617206086,0.001683679122128412,0.019185982671137136,-0.0014174230407698607,-0.006656395034162266,-0.003721016905940955,-0.00042586769542585223,-0.00014330726858668985,0.002114043589684922,-0.0014477604144328415,-0.000644178426961961,-0.004037179379032363,0.0,-0.008861493387459118,-0.015732531584249032,-0.006657744823547529,0.005239907144973799,0.002782325088642734,0.018191448638679386,0.04380666386466037
2025-05-23,-0.03024438341070823,-0.010288911312403837,-0.01159380523896325,-0.010388973643241206,-0.014045775231931401,-0.014939416911942782,-0.004984788190348977,0.00015330566153215486,0.0005826857064834545,0.002162410924260394,-0.0066668397550851966,-0.0063041011328094365,0.0010550005199385648,-0.002990580779415053,-0.0036828226009307796,0.0006486339650364492,0.0030775531503799414,0.021906288045034472,0.01398601620681017,0.012660090584572625,0.0016586341241531244,0.001526159462915233,-0.03927066820202352,-0.051691806751355096
2025-05-24,,,,,,,,,,,,,,,,,,,,,,,0.004691674073487251,0.001664137106111907
2025-05-25,,,,,,,,,,,,,,,,,,,,,,,0.011543009819045436,0.008344775909608915
2025-05-26,,,,,,,,,,,,,,,,,,,,,,,0.003714175371671846,0.004849395212889407
2025-05-27,,,,,,,,,,,,,,,,,,,,,,,-0.004072780217708405,0.03858270497969518
2025-05-28,0.0010488369682313259,-0.0072282733043803615,-0.005092117794083917,-0.006310081665849121,-0.003123267581885303,0.0019616737747951696,-0.016506435862546853,-0.006785239585485714,-0.013620476981449081,-0.005350832011150608,-0.005553596784029335,-0.006002892150941297,-0.0020987229828842713,-0.00834203015826318,-0.010666205397133255,-0.0012739789360141085,-0.008575341699366357,-0.0022660178699712707,-0.008269930657812563,0.00906659663227094,-0.004315786839389935,-0.002205956432415168,-0.010939184653144474,0.007188345657390238
2025-05-29,-0.0023451157536734657,0.002886199964228675,0.03249016424752793,0.004787005283780621,-0.0029008367600174,0.0022841386690026777,0.004286911755287504,0.0033400528755118675,0.0056801956571399526,0.007544543134468729,0.0040232392811379025,0.0037654577519281585,0.0031543934121951445,0.003304891222256856,0.002466925446370949,0.009089374442342368,0.004743317417246429,0.0059247154716217665,0.01067377250534629,-0.010310752018491298,0.00925483056839238,0.003592741370968877,-0.020041963379443528,-0.01847657419064974
2025-05-30,0.004501243745582917,0.0036625974856825394,-0.029168709381678815,-0.0033544115296213484,-0.0006981407325559186,0.003782592613579494,-0.03339564619395741,-0.0013995691732326954,-0.0037978220033356713,0.010613461518405476,0.0,0.0,0.005469327252018985,0.002245815451499711,-0.0034633990249778313,0.0008691724095957198,-0.001110709369043894,-0.006576942326457891,-0.009900965168791576,-0.0005953402898329907,0.0015092251875630236,0.0019275267423171094,-0.015554336978341854,-0.039014299261621144
2025-05-31,,,,,,,,,,,,,,,,,,,,,,,0.006149348357177731,-0.00033842697943353706
2025-06-01,,,,,,,,,,,,,,,,,,,,,,,0.009690618169351017,0.002838555548326349
2025-06-02,,,,,,,,,,,,,,,,,,,,,,,0.0021715582000447764,0.027927293393387842
2025-06-03,0.007783885702387527,0.0021645930567710803,0.027951559872750442,-0.004548692041520419,-0.01686080539195023,-0.0060367736707234165,0.004610541775392996,0.006083389610946899,0.0072781065313256565,-0.006306304683576958,0.005812034673488675,0.006698261699916719,0.0,0.00870569492386375,0.01327731131719001,-0.0024453200823741916,-0.004680738348936342,-0.008855551213511115,-0.004748325983087609,0.004888516505708873,-0.001761375718693503,-0.0011052675862114336,-0.004241178746647534,-0.005299816803046031
2025-06-04,-0.002213824650510565,0.0019439126825187003,0.00495687095373043,0.007388989179248462,0.011252872440602468,0.03164137062292438,-0.03549540073392177,-0.007698962200506032,-0.014450886211738623,-0.0077709771671214956,0.00010851864663607991,0.00014001743784741727,0.006295938475467944,-0.0028965690635692765,-0.000994098110395747,0.0027675927187471583,0.005809049774642139,0.006441974072654677,-0.0031806736568404936,-0.007869552962670001,0.016233305547023624,0.006224788779540358,-0.0066439151364365845,0.005924077364914293
2025-06-05,-0.010797795842732771,0.00821350711493185,-0.013599137425771679,0.0032814165352026414,0.000952049557965351,-0.00484055364043634,-0.14259893789082123,-0.008591284398430488,-0.004594328428211614,0.002871717987651845,-0.005198262189740288,-0.004551929629628471,-0.0020853788676332696,-0.0010671930334755775,-0.0015378304255611042,-0.0007096310394018035,0.001100342515154784,-0.00504987891618125,0.03541801547374601,0.008508854895378004,0.0006944455303139474,-0.0019245698635820263,-0.030134359325224014,-0.07373849813037003
2025-06-06,0.016398398699723593,0.005773203914539726,0.012357853449719514,0.027223334916139486,0.03251876663864839,0.01912022685175585,0.036670186138995975,0.014430221801416732,0.02396144348424656,0.00891584715424587,0.010396313708133542,0.010692941394566446,-0.005224650820680465,0.007210927038692194,0.01141515969534912,0.005208261604108699,0.0032966425959257695,-0.013416073696802311,0.0073959278313369126,0.02073497700435256,-0.01272398364893057,-0.00537191216894195,0.027707252931573167,0.02520777285804554
2025-06-07,,,,,,,,,,,,,,,,,,,,,,,0.011737496074678777,0.019905800865118284
2025-06-08,,,,,,,,,,,,,,,,,,,,,,,0.0016855786016509722,-0.006221345063654238
2025-06-09,,,,,,,,,,,,,,,,,,,,,,,0.04253991795791734,0.06799858890117094
2025-06-10,0.006056142857262303,-0.0038709607045448458,0.009324789052088667,0.0029035159702168745,0.014254127418659834,0.012016288122745467,0.05674382827003055,0.006973109800994637,0.021434726667791004,0.007859356645531168,0.005526551662568213,0.00507612687451009,0.0010494609530520282,0.0023916882521988203,0.0035711705973207053,0.008781551353086448,0.002729297209458803,0.000293510988597534,-0.004791849366182155,-0.006245726003834551,0.005149627121462608,0.0019357469355594237,-0.0003342625487465778,0.049226047740363876
2025-06-11,-0.019193793028711492,0.0036098981722312296,-0.007780571947151982,-0.020265629565462184,-0.006998900962931098,-0.011759685106714546,0.0010426457165473302,-0.0016754349499784604,0.01949263432509385,-0.0076063326036289736,-0.0027391877325432246,-0.0026981089313151685,0.003144669030376246,-0.0025921134671732515,-0.003914212657266214,-0.005518409444240757,0.0005442665873864883,0.005412290790508978,-0.008426084356124908,0.04497208504643968,0.0030276281944521255,0.003174284432735597,-0.014244955298426398,-0.01421291324458307
2025-06-12,0.0021129184846335747,0.013224209048209312,0.015192942029507384,0.00018765734284498237,-0.009303619858426537,-0.0011237124495696582,-0.022424432461661592,0.00033564934864527274,0.0038423002983161147,0.00901717328359064,0.003823709772356798,0.0031217898575992553,0.0041795764941581215,0.0031009265361732208,-0.0012502939389308354,0.004923778705354653,0.005984746133174568,0.0124202002480438,0.0033384099485449514,0.0030740892524956376,0.011957173280032096,0.0037143867949158693,-0.025371753999169577,-0.04389141697422694
2025-06-13,-0.013805280225029803,-0.008165125471244261,-0.020896542846801203,-0.0053460859139069505,-0.005862329309522685,-0.015129169212728333,0.019429076154419578,-0.012265009759328649,0.0217807687938818,0.002808659744694353,-0.011123369657237703,-0.011687414898371329,-0.0041621803430319515,-0.011511880296582677,-0.01609606287917087,-0.009488182418301072,-0.013520699954140736,0.013100564311248064,-0.002722327551401782,0.06888738119543913,-0.009636245431235868,-0.0035635322258614766,0.0015285141831733462,-0.02726797414745119
2025-06-14,,,,,,,,,,,,,,,,,,,,,,,-0.0058304915798971235,-0.017849288846087386
2025-06-15,,,,,,,,,,,,,,,,,,,,,,,0.0007548627203146641,0.005286505610925474
2025-06-16,,,,,,,,,,,,,,,,,,,,,,,0.011792615001237072,-0.0024470263889081467
2025-06-17,-0.014010657964138473,-0.0022958041499749893,-0.003939529332248171,-0.005923177895162723,-0.004638912324730127,-0.006964704906452512,-0.03882963749794621,-0.0031069659326938837,0.013513412992561591,-0.018296565680852805,-0.008311850901133733,-0.008315401603880224,0.00314127287076138,-0.007730191122481744,-0.0093406125808434,-0.00298272450647874,-0.011444200116433989,0.0005131941200071655,0.021495698619733217,0.04720711142314271,0.012169378829924193,0.003169691282052023,-0.020559056941174436,-0.011746613932036243
2025-06-18,0.004804669485349855,0.0046021097802841915,0.009436565638210936,-0.010706651956707725,-0.014947253067415844,-0.0020938609152689747,0.0180179597897272,0.016473684514293208,-0.007105196569262673,-0.010828279826524678,-0.00028905629089570617,0.0004192995141540923,0.0010437777698686368,0.0022598072817485715,0.0050770366930523725,0.0031490897654207206,0.0005513843825903919,-0.005385627565021256,-0.013930088835860555,-0.00036459790496645716,0.0017340898155087103,0.00054949943730076,0.0026979724986506692,0.005392801825034654
2025-06-19,,,,,,,,,,,,,,,,,,,,,,,-0.0018977187896134229,-0.0010489829382142046
2025-06-20,,,,,,,,,,,,,,,,,,,,,,,-0.013131746055793259,-0.04534697662134013
2025-06-21,,,,,,,,,,,,,,,,,,,,,,,-0.010184874363913243,-0.04436854876282892
2025-06-22,,,,,,,,,,,,,,,,,,,,,,,-0.012422235919953284,-0.031420390689421374
2025-06-23,,,,,,,,,,,,,,,,,,,,,,,0.04545759771084712,0.0868910668308287
2025-06-24,-0.0059553649555199595,0.008456685924216112,0.025872058712224533,0.02062648355436747,0.00956474370701077,0.01956962142166052,-0.023545920693855638,0.010744934177257859,-0.030427742360733867,0.005749369579457264,0.0,0.0,0.0,0.0,0.0,0.0,0.0,-0.015719378751237634,-0.010618886038925246,-0.04462771232401275,0.007260476971843621,0.003011402675907604,0.004431419225533917,0.01081161455453472
2025-06-25,0.00629057689537782,0.004407293766809595,0.043340313576431866,-0.0036659245365152637,0.02344542221457635,-0.0049424701355385015,-0.037947582404945,0.00995519278341428,0.0002768659981560173,0.0005914117370093841,0.011155398785679616,0.010192647797728327,0.0031216608934090395,0.0022890414391232294,0.0008040427282196561,-0.021212377656682824,0.013614821450321113,0.003037305817845004,0.012266105602422694,0.004246541898544454,0.0012586496936246583,0.0002730204238701184,0.012406215749838134,-0.011723195789307361
2025-06-26,-0.002778191195320079,0.010522686147626192,0.004601045575293838,0.024199205109171285,0.01675646678691778,0.024566878180301233,-0.0054037218123500486,0.01651058188657184,0.014948790359764041,-0.0017731865277037517,0.008034784830044162,0.008785943761525417,0.0031121509027220995,0.007349693075685115,0.013926073273513584,-0.0011180917599460383,0.010142475955475572,-0.0011070472235482631,0.00999702659298296,0.0038193805568345063,0.005027815932413304,0.002864745271347058,-0.003737454466123835,-0.0013076347482894324
2025-06-27,0.00039801190502575245,-0.003035486574416879,0.017610676115523027,0.028463559660798277,0.028754166762869682,0.010384310048560996,-0.006599526995335614,-0.005679833488089647,-0.005545962743870203,0.002631461571638294,0.005278437496434307,0.004762788591029521,-0.003102495468648603,0.004650999872226169,0.0017609034087582298,0.003118394924538137,0.004613409846768501,-0.018123728993798327,-0.021595717378760648,-0.0042124959100471315,-0.006367009796622858,-0.0023125522413910415,0.0012007263229245613,0.0031952591093227234
2025-06-28,,,,,,,,,,,,,,,,,,,,,,,0.002234353778444831,0.00546334924732772
2025-06-29,,,,,,,,,,,,,,,,,,,,,,,0.009856422495764683,0.02619931078698512
2025-06-30,,,,,,,,,,,,,,,,,,,,,,,-0.011535062936840146,-0.005796016607685361
2025-07-01,0.012916230362977066,-0.010775874969415344,-0.02968544324345679,0.00487719279454657,-0.0022129688077355825,-0.025566093145412805,-0.05335897504131726,0.001724625649672351,0.013358025013745722,0.020752712780231608,-0.001082978219136943,-0.0005404338528514074,-0.001033021894482955,0.00498853505406438,0.009771196476500377,0.006576899377778167,0.0002695855196350738,0.008923010663382636,-0.002438336717651368,0.011215971658850021,0.0024793671202929524,-0.0007492243283535593,-0.013413452013053329,-0.032444314225516746
2025-07-02,0.02223072103194701,-0.0019509840445374182,0.025766351418616162,-0.002449462616694653,0.015923470766441294,-0.007855757496262994,0.04968242780731846,0.005475105293576643,0.016569084966300274,-0.0023088554430095165,0.0047731337772498605,0.005407885070164875,-0.0010339885516673641,0.002840565240785242,0.0095022410952319,0.0028339303343032363,0.003503140824997919,0.005527596405484614,0.015582100316632763,0.022453618637394035,-0.006353472858185216,-0.0010906077147356807,0.02990624847553991,0.06881005288444131
2025-07-03,0.005225057886292905,0.01578120315165288,0.013290989179453039,0.015869432167251007,0.004982099165997456,0.007623713769976614,-0.0009503811144286889,0.01858215930727969,0.010355559464335418,0.002892898189357007,0.008491449837705112,0.008606323812157202,-0.003105684800346231,0.005922227294972382,0.007167433196773043,0.0019624885649969226,0.0021482614053407456,-0.006822911403597365,0.008122642281372494,-0.0052916247633666424,-0.0069650169092817515,-0.0024571113769981112,0.007244728772290987,0.007650450666005781
2025-07-04,,,,,,,,,,,,,,,,,,,,,,,-0.014716556343200904,-0.03183665785149692
2025-07-05,,,,,,,,,,,,,,,,,,,,,,,0.0018220480395592098,0.003492786444157847
2025-07-06,,,,,,,,,,,,,,,,,,,,,,,0.009247710575546852,0.021434461935417204
2025-07-07,,,,,,,,,,,,,,,,,,,,,,,-0.008534295352390808,-0.010976581842489175
2025-07-08,0.00028576554438819457,-0.0022101629506433573,0.011122326495506485,-0.018391733064396676,-0.013745095069217284,0.0032295537252584605,0.013165935514200422,-0.03147591864280386,0.027720186469162522,0.0033489854343820014,-0.0007131396734376683,-0.000403199279744193,-0.0010419370718304233,-0.0005723775975541301,0.004509155222972128,-0.0011070501947850753,0.005965200981509211,-0.010443411868664265,-0.004187836924032684,0.006276094488371298,-0.0012770928455505537,-0.0005491011579822347,0.006005750382996888,0.028506606355380493
2025-07-09,0.005380768910944633,0.013873876524359341,0.017999969095818136,0.014496684294917905,0.012961754671038994,0.016803948389237044,-0.0064806174796113725,0.0013438950005659756,-0.003415209195515634,0.0031452586448696973,0.0060736211044536415,0.006386839598343519,0.004171071068610255,0.004323386825301867,0.007251409665413933,0.000633265674724548,0.004312631166255354,0.004471282664348264,-0.008711351984135307,-0.00038979703292285617,0.0104614244119412,0.003983549532119657,0.021810695604753683,0.05936584999764771
2025-07-10,0.006014951043801897,-0.004031706213070474,0.007490211033165828,-0.0012581953255335065,0.0056617336869819734,-0.007560359059448407,0.0472826483827995,0.017763630089264293,0.009929547405364003,0.00902220191439329,0.002888911018792628,0.002739088246269006,0.0,0.0029648610913048934,0.00548508361323341,0.006486865256823071,0.0013420345911276943,0.0022257895319868215,0.022727272727272707,-0.020018210183521012,0.0006902988064934057,0.00013675181228500755,0.041864660687494615,0.06643175827521208
2025-07-11,-0.005884883770447158,0.0036691458164881396,0.0049968979800461,0.012417933203629827,0.014469203241549211,-0.013379201227002313,0.01174690904506881,-0.004615012391645634,0.004350503203191858,-0.0050098442522436,-0.0032945597920334135,-0.004130581417121082,-0.004153745500925066,-0.006366984201609638,-0.010143199306132056,-0.00039299128294090213,-0.0067005514559398405,0.009601575193336043,0.03792588975694455,0.0252023019135319,-0.013794723348366289,-0.0041039344198655625,0.013189291760499877,0.0010291624108509367
2025-07-12,,,,,,,,,,,,,,,,,,,,,,,-0.0006957770402219454,-0.005062604917237423
2025-07-13,,,,,,,,,,,,,,,,,,,,,,,0.014313342548076147,0.010345966697322684
2025-07-14,,,,,,,,,,,,,,,,,,,,,,,0.006158578325259345,0.013450089573111779
2025-07-15,0.0023487523440752778,0.005566410200881,0.040409535932759866,0.0029243814744550622,0.0024235267064269816,-0.014606227253880277,-0.01931207079538977,-0.007447269554351044,-0.008865802218403385,-0.010521702138630684,-0.003871034466688128,-0.005339766627018516,-0.0020875073568766833,-0.013189869756651373,-0.016902629269222924,-0.014453083862168259,-0.004854313692848167,-0.004155705135267751,-0.010684456689858512,-0.004760653230309941,-0.007008405944360696,-0.0030222391447977115,-0.01729262210051885,0.04199272686615596
2025-07-16,0.0050212784395655685,-0.0003954127748910796,0.00392503050477,-0.013960696164789232,0.005329590368722936,-0.010529583801249798,0.03504091219258654,-0.002547402915380359,-0.006022502282452269,0.061932072367629765,0.003192306845995363,0.003824945111887912,0.0010460912038228187,0.004676617544781214,0.0065456822819949245,0.009908831946088048,0.0027100431684170534,0.004988096125243757,0.004378328465492798,-0.0009301048742665907,0.0014115926980482474,0.0019290040901316363,0.00816219450392297,0.07376602792880305
2025-07-17,-0.0006660714311723659,0.012024854080743053,0.009511589505708296,0.0030915472640284936,0.003333959370128481,-0.0021339496877712527,-0.007025863995037018,0.014274634018463184,-0.0050788183926328,-0.010923650617579606,0.005360758485516204,0.006083340655758773,0.0,0.00821807419471865,0.011965571091610228,-0.0022763079058985003,0.005135017671784592,-0.0021735334020257513,0.006974765461524646,0.012900667498435325,-0.00023499581480546095,0.0002752582809486537,0.004643278306736054,0.03122567831346279
2025-07-18,0.00552320145423657,-0.003224549647297126,-0.0034103327462868815,0.010050026580880944,0.008061785193836046,0.004091853667365086,0.03205907804067243,0.004725671395221731,-0.0348379516398748,0.004417679687690024,-3.442025436040108e-05,0.0,0.0020895855131923824,0.004987430503666346,-0.0014565265468311495,0.002989491633774266,-0.0018822167443438564,0.002600924347578637,-0.0011544275257092673,-0.003020001915362558,0.0015275992906982339,0.0016496862388031275,-0.01078563897020779,0.020775499653849394
2025-07-19,,,,,,,,,,,,,,,,,,,,,,,-0.0005360022928398989,0.013033843623181607
2025-07-20,,,,,,,,,,,,,,,,,,,,,,,-0.00541960002562214,0.04567044638207407
2025-07-21,,,,,,,,,,,,,,,,,,,,,,,0.0011828564931994912,0.0010373538968471152
2025-07-22,0.009036190140318423,-0.009391040502518044,-0.02538216980801078,-0.007980819043607368,0.006522893036042143,-0.011445066170811091,0.0110201078413521,0.001581029855053373,0.004534884991602706,0.021720715839194327,0.0006697966855586657,0.0015273949835454825,0.002081092700414011,0.0096935907170137,0.012257170395770123,0.017667270137912805,0.004020184273803906,0.009484882235462067,0.010466839110414794,-0.0031749950442745423,0.006046516894208542,0.0016423429723968486,0.02176332622218302,-0.0037800761075303946
2025-07-23,-0.001166095219330865,0.001187468877313691,0.022450948681822958,0.003604836070819184,-0.0058012432765619515,0.012443155925715432,0.0013550095657464123,0.018289131614985576,0.012806313016663351,0.006967263704157345,0.007810438177440426,0.008156034123177003,-0.0020767707479699693,0.0067768068050213515,0.010573915147164437,0.0016132809560616135,0.017885833247377025,-0.01240118112003663,-0.0008399382130129807,-0.0009289939779927314,-0.005547918357128867,-0.0020495087728066297,-0.010337504434577038,-0.03185843128317001
2025-07-24,-0.0018211179209767225,0.00990375963025647,0.017332301017892293,0.01725876103762447,0.010198270357911765,0.0017097194403725702,-0.08197020076301287,-0.0007077964129620362,0.007823215335670097,0.002720115650205912,0.0007153390141660942,-0.00039460702384308544,-0.0010404441354378013,-0.001402443214638005,-0.008775559630578189,-0.0031444305329246802,-0.005507446133568128,-0.006118276977772341,-0.005603725299460183,0.010759797711586971,-0.0017433219507209108,-0.0012325329550644248,-0.0032584822936673197,0.021572560819185016
2025-07-25,0.0005614158591495944,0.005539530264368153,-0.0013813721014661606,-0.00340177109187767,0.005255644141298976,-0.0029659759236772,0.03524405566934252,0.006980345259651521,-0.003520158527472006,-0.007430930407513969,0.004016805419318148,0.004408420904239652,0.0010415277869155748,0.0076394198676053016,0.006129219806686681,0.00038461629115915663,-0.0018459820244191016,-0.0092499926477293,-0.023386920028191538,-0.01629646370678095,0.00628717722591432,0.0024682160047257984,-0.006185093838706357,0.005194498732584263
2025-07-26,,,,,,,,,,,,,,,,,,,,,,,0.002647868724685587,0.0037907536475187964
2025-07-27,,,,,,,,,,,,,,,,,,,,,,,0.012727075099638885,0.03577557309550983
2025-07-28,,,,,,,,,,,,,,,,,,,,,,,-0.012758768211219684,-0.022661990384936437
2025-07-29,-0.012987666728969671,0.0001366145828312071,-0.007015547037994785,-0.007646371539299812,0.016460621361634953,-0.02456704980058999,-0.013483166498468035,-0.004157043831962359,0.01292170759024902,0.011370509423408226,-0.002966101164274537,-0.0032758353823900688,0.0041663157901199455,-0.0016516768290707473,-0.0032280127933853597,0.016498585253777565,0.0005350276957050148,0.002750389076383808,0.0005773804306026253,0.034080665352028694,0.016885997482957604,0.005205458891214709,-1.9742508661990676e-05,0.0015918602984175134
2025-07-30,-0.010507843356575286,0.001307093023200201,0.021423331819171443,-0.003549595623255297,0.0039847438467683904,-0.006842815301756788,-0.006724793213012448,0.008719348832429086,-0.008681754841269651,-0.005056285061957322,-0.0012409651644247344,-0.001380216937769796,-0.0020745148112449874,-0.004402499396437776,-0.003835031429702429,-0.014461619731139908,-0.008556283354755001,-0.017273497289540862,-0.03317950175827167,0.015538819753744493,-0.005153482537696874,-0.002589412338214081,-0.0007713643170961237,0.0038874395023140718
2025-07-31,-0.007079644851470834,0.03947468753579009,-0.007809521101566741,0.017029402351838252,-0.023558802420669878,0.11252712930803033,-0.03375758288237862,-0.011314125363786731,-0.0023234932984513845,-0.01506631975451489,-0.0036254461591797016,-0.003619985138336612,0.0033375191019515693,-0.0035487335506030337,-0.01009483908038089,-0.01397123396717137,-0.008630019787291832,0.0066454015709211944,-0.005669908571343973,-0.017892455099403848,0.0005754943829379133,0.00013678038573572415,-0.017592832754910526,-0.029277308933214563
2025-08-01,-0.02500361855671096,-0.01760072632036802,-0.02333162962246693,-0.08269617085933034,-0.014434487271471896,-0.03029318125190328,-0.01829559909125389,-0.023190610334723027,-0.01791470382043303,0.01572175181054125,-0.015938104660325747,-0.016448808587677277,0.00831594103430544,-0.012973843236659954,-0.01581546327564476,-0.002374746280217055,-0.003536282633932686,0.020299689958884537,0.008103255109141339,-0.02676212277200385,0.014216599697854715,0.008662290939043471,-0.021062154747402473,-0.05635874139752328
2025-08-02,,,,,,,,,,,,,,,,,,,,,,,-0.006999393518263508,-0.027412478154400954
2025-08-03,,,,,,,,,,,,,,,,,,,,,,,0.015025363723748075,0.030841709681774132
2025-08-04,,,,,,,,,,,,,,,,,,,,,,,0.007478798363486527,0.06336371438852972
2025-08-05,-0.0021146570738387327,-0.014730137540040489,-0.009666692667442134,0.009922070229506863,-0.0018969853747939913,-0.016628680790430894,-0.0017461311772288823,-0.0098213024018583,-0.00121090697493198,-0.0017538083962963524,-0.004858287569756592,-0.004300352828313647,0.0,-0.0059229835453143975,0.0006918016603238986,0.0038482898840632718,0.0018857661649955837,0.0008040912066364925,0.010888726806039806,-0.014321428965235139,0.0030660899284282728,0.00040755217654742104,-0.008085706753543476,-0.028794587423448093
2025-08-06,0.050906762062084,-0.0053244744476292905,0.00650733795265368,0.04004677220394748,0.0072944097036733435,0.01117281279015736,0.03624644466558724,-6.864605329826023e-05,-0.0068070772019751535,-0.0008786269775368227,0.007288662601380391,0.006511677186405551,-0.0010299334036893981,-0.000510801785442272,-0.0029381744225530637,-0.007197661909135622,0.006453449618897489,-0.00212110700071233,0.0,-0.016395571615274718,-0.0057738894912068295,-0.0008144523541107063,0.007767158415357134,0.01993999056395901
2025-08-07,0.03179366736256095,-0.007810365732719093,0.007524253573444106,0.0036885760119835798,0.0021928627336715856,-0.013160838375011474,0.007377028928595486,-0.015136431176119403,-0.005257745219016896,0.005510308857332946,-0.0007507756789449926,-0.0009242213668680943,-0.0010307934010651554,-0.0005677405293503801,-0.0016467064067803294,0.0025216848118074786,0.008282113111534706,0.008437987494967825,0.011935949508731447,-0.005014266729791772,-0.0017080385574886892,-0.00040761147997869784,0.021463456180234486,0.06254349511267532
2025-08-08,0.042357898901638213,0.00230382319612632,0.010676511404752675,-0.001971955504762035,0.0249338355005293,0.00980544027151975,0.02290006868278205,0.006342802000925074,0.008022697925639921,0.010493877302357735,0.007873136411860049,0.006673750511303922,-0.002064017166027332,-0.0029255115174978696,-0.001041722927401345,-0.008803696693087337,0.002119696604707011,-0.00022357985855403495,0.0034523231408700727,-0.0016343655704182947,-0.004334254481602184,-0.002174600820445738,-0.0068782400705657,0.02440342244929994
2025-08-09,,,,,,,,,,,,,,,,,,,,,,,-0.0016142706587778388,0.06328174749903215
2025-08-10,,,,,,,,,,,,,,,,,,,,,,,0.02408918266480664,-0.0022003353011864624
2025-08-11,,,,,,,,,,,,,,,,,,,,,,,-0.004822128356753663,-0.006405637420032861
2025-08-12,0.010872370357086103,0.014316698328075361,0.0060419962243181136,0.0007681796954406295,0.01164176515299653,0.03150660288750817,0.005338753399730889,0.011362113862153134,0.0028346945630461917,-0.0059832555802654674,0.011380762362670493,0.01263321978585985,-0.0010330242082052798,0.01209577542193152,0.02423502614230255,0.0059846503003231355,0.0106073292766391,-0.0009074665058316222,0.006729067881298345,-0.011517697403338745,-0.0050348089568358345,0.00013634329423584113,0.012140515376580119,0.08610382463415012
2025-08-13,0.016024473911425474,-0.016362973710205786,-0.008571788762128718,0.01395221168040428,-0.006786642026895162,-0.012556848573065715,-0.004283509772223915,-0.007922170288335417,0.013850924936107623,0.009491832957348345,0.003258119213017441,0.004613448427187139,0.0041364710456137654,0.009210566697333444,0.01932081984874867,0.009597834580169495,0.006297453359848104,0.0030492830145867345,0.01714618294693948,-0.006716900401204762,0.008280526590517256,0.003674244894773304,0.026388279596092357,0.036016942392504525
2025-08-14,-0.002357161460252888,0.0036496793661924265,0.0023679889843464252,0.02858923333961183,0.004852458559567729,0.0026278173924541015,-0.011196942235471519,0.012494322457958562,-0.002044556417591825,0.0017200003173958311,0.000334885964577758,-0.0010350260294561542,-0.003089598559887885,-0.00705483324888545,-0.012191087626858166,-0.0071495086113063655,-0.0031289708737982647,-0.006338706734070332,-0.014285714285714235,0.017664901952381573,-0.007414164093928366,-0.0028474382856181757,-0.040411222672351976,-0.04375468965602913
2025-08-15,-0.005112222817020617,-0.004421286091483956,-0.008625390714084524,0.00021648217457226338,0.0047304574450992565,0.003963582784102471,-0.014959143019665277,-0.012476130711183253,0.0009399002702239478,0.010989029572067155,-0.0026775725938399386,-0.002654572440738745,-0.0020660484164104487,-0.0024246697531583594,-0.0037193874226132406,0.005301796608414122,0.003923541175517187,0.0005858183101099534,0.0,-0.012747421199391762,-0.007124705686170407,-0.0013596779164781747,-0.008121240187970669,-0.023784910750758614
2025-08-16,,,,,,,,,,,,,,,,,,,,,,,0.0007921746665282559,-0.0031100515039045318
2025-08-17,,,,,,,,,,,,,,,,,,,,,,,-0.00032588834829794244,0.010639266076744924
2025-08-18,,,,,,,,,,,,,,,,,,,,,,,-0.01022323279139703,-0.03593937951766457
2025-08-19,-0.0014292032878627792,-0.014175078123200624,-0.034998081958037885,-0.01503309388634011,-0.009483953842087556,-0.020707108878388558,-0.017454368181154756,-0.0029841460470685366,0.0065591750446445385,0.008794368992224078,-0.005772343603531405,-0.006035436501610314,0.0010351629048857003,0.0021739651296062146,-0.0019462900155445828,0.017782049029891667,-0.002864742384299568,-0.005473279447945512,-0.0196816301068502,-0.011890052466295375,0.005803735797329512,0.0019084553998685028,-0.029428514056440758,-0.055429681352263005
2025-08-20,-0.019734590701623533,-0.007944703615221593,-0.0013664290809751733,-0.01842023178556884,-0.011162347191454702,-0.005003419248742258,-0.016428300696053943,0.005435752313595499,0.010333311576310678,0.005849322420032443,-0.0024133743169129085,-0.0024810698959466526,0.001034092450740376,-0.0004226002180203192,-0.004409116200070229,0.0024178603302411616,0.0013058317560570298,0.010122175284489776,0.01653384679513037,0.016874046193818604,0.0021926373583867065,0.0006802623649229123,0.012794003430595335,0.06408215951312646
2025-08-21,-0.004911316333835347,-0.0012875305942530169,-0.0023945663416949925,-0.008310623433453235,0.0021571735938934467,-0.011528447077268633,-0.011701168929731831,-0.0026347935995355565,0.006449856369644458,0.000503195031942516,-0.003874344688028941,-0.0033382160048195386,-0.0030991737626819837,-0.003663938709325021,0.0,-0.0028010750769047466,-0.002869022182621195,-0.0034698951143765644,0.005228007655542211,0.008297070704628373,-0.004951451761079251,-0.0024472369935922833,-0.01623902974513114,-0.025675513855549226
2025-08-22,0.012716805363276906,0.005929802111420912,0.017202090813873028,0.031043025385826706,0.03173969535974508,0.021228551413740027,0.062166209505171155,0.016365299488910967,0.01876765831503513,0.002011941634051162,0.015217685020345817,0.017009288471467654,0.005181279865709376,0.018698263881038457,0.030318527157902952,0.019350796831589134,0.014909722171834838,0.01070642694476942,0.021092156294790554,0.006879834818919406,0.007406454844364196,0.0050427962531700565,0.03962900798880531,0.14399915644733907
2025-08-23,,,,,,,,,,,,,,,,,,,,,,,-0.012832252765613172,-0.011437448418844975
2025-08-24,,,,,,,,,,,,,,,,,,,,,,,-0.016605933647771742,0.0007447783980119027
2025-08-25,,,,,,,,,,,,,,,,,,,,,,,-0.029385900493979156,-0.08508151935728459
2025-08-26,0.009464670754514737,-0.00440250800265396,0.01090037658917331,0.0033781006590050122,-0.006475158460752639,0.0010620353899721824,0.01462783391499567,0.012444823159558416,-0.002237351138217436,-0.003500609569070834,0.00420021243642732,0.004541554993518604,0.001031857032484984,0.0022102909544441385,0.003582177010807319,-0.0032327769944980878,0.0005201387903841503,0.007262047243691283,0.0,-0.02244220393719054,-0.0005761274098361469,0.0012221230843847408,0.015240086898922645,0.05200997021062914
2025-08-27,0.005145914812595631,0.009361814233312282,-0.0009352252999643706,0.0017926124405795996,0.001641392626254845,-0.008911243392746515,-0.0058862207330171445,0.0023780648098361556,0.0113015519169124,0.0016996864344431817,0.0023924812734901213,0.0027126731580753294,0.0,0.003852350042069297,0.005976587427645175,0.0063321430980507465,-0.0031194134332812595,0.0020187288833615202,-0.0008566184724371206,0.008507727582099278,-0.0011527372281852077,0.0009496522346237324,-0.005193022862549412,-0.021092323933093016
2025-08-28,0.008980837064874514,0.005722875063482347,-0.00787445711365986,0.0108240705271474,0.020050154686121147,0.004990674818342367,-0.010354676927882056,0.005981026202280582,0.005321500538780777,-0.007579464045506246,0.0031878422151701002,0.003607112626500264,0.002061990520293877,0.0019187402889464522,0.0023929588726216977,-0.0026089771793160743,0.0036507716426852355,0.007419038046796889,0.015147149296167228,0.0074986282311910735,0.0065781851195365615,0.0012192603317222606,0.01189280397942638,0.0008404036496352241
2025-08-29,-0.0018060015285242814,-0.005788441732677008,-0.03324642868305783,-0.011226278216735164,0.006000789805796547,-0.016522129527605012,-0.03500206799409333,0.0011626017597914373,0.008292852733821965,0.009803236650979263,-0.006322335976987725,-0.00628975922645203,0.001238576630999022,-0.0028865169142731073,-0.003704334561998035,0.005385292874971137,-0.005196286623731172,0.00964990177666114,0.018862560819558505,-0.005316341536893088,-0.007108458148337826,-0.001217775546305755,-0.036731759955323295,-0.032620169651272346
2025-08-30,,,,,,,,,,,,,,,,,,,,,,,0.003664157476186425,0.0032110086092389523
2025-08-31,,,,,,,,,,,,,,,,,,,,,,,-0.00525107534173741,0.0036271528440883216
2025-09-01,,,,,,,,,,,,,,,,,,,,,,,0.009367272930950854,-0.017209225605980594
2025-09-02,,,,,,,,,,,,,,,,,,,,,,,0.017848801737061493,0.002525340834435452
2025-09-03,0.03808984120498149,0.00045537194199019027,-0.0009367869432114206,0.0028845707190781056,0.09136496245047532,0.002639103675137644,0.014361219324440011,-0.0006339083965175574,-0.024239254258684673,-0.0003369920129338011,0.005124479824767381,0.004225258123231823,0.003099252802356567,-0.0017934851838786736,-0.001495869157449814,0.00046668594437515587,0.002365800760650849,0.007831992196408066,0.005114363900540653,-0.0251433070800402,0.010977534158796987,0.003269802500685648,0.004699840343410866,0.028904708992612438
2025-09-04,0.005493363876168944,0.005184547565648234,0.006095406083867605,0.042877945692648245,0.0071101442827747885,0.01573849185555254,0.01328983953448204,0.014390143956228396,0.004378460543906337,0.004269715366474136,0.008435883659691168,0.00886776912776166,0.003089476124619406,0.007551906906308581,0.012151387660764623,0.007853121565583931,0.003933934007780637,-0.004418882618094533,-0.010980177979021621,-0.008686375918397382,0.007623868809849332,0.003802212633392754,-0.008947195185422974,-0.03407455260068215
2025-09-05,-0.00037540658420298634,-0.025533004123011738,-0.027030129068697395,-0.014214150326010255,0.011622819404686346,0.005075776265750953,0.036363092201525005,-0.03107106413841898,-0.028202758344695433,-0.0018461549621611173,-0.0030267870500331195,-0.0019889654436880955,0.0041068479758950005,-0.0014210723175938078,0.007071861226847442,0.010955101326429961,0.006008313865253356,0.01334594055214322,0.007581878607719084,-0.02089516103236877,0.015247025958537996,0.004734869150191834,-0.0006558419928113235,0.00191791570666755
2025-09-06,,,,,,,,,,,,,,,,,,,,,,,-0.0038525555367432407,-0.007603126867408605
2025-09-07,,,,,,,,,,,,,,,,,,,,,,,0.008554542812086785,0.007277423081211376
2025-09-08,,,,,,,,,,,,,,,,,,,,,,,0.008130177859939192,0.0006328430576436617
2025-09-09,-0.014839416284502027,0.0004214692447397361,0.014556426417988044,0.010176429751274751,0.02388492284117061,0.017812109375095364,0.001645517708609212,0.016865373618045076,0.007282719323852049,-0.0065681982900844815,0.0027132803460996335,0.0018593945958833569,-0.0020364471777261084,-0.0006125248967138175,-0.007584425323843735,-0.002073146250518132,-0.00025744200993027544,-0.002269905468609168,-0.008797601469578864,0.0047918739010679445,-0.0056830070446419745,-0.001878803560404707,-0.004826232823193166,0.00022498189944109015
2025-09-10,-0.03225946602106422,0.003932547586223745,0.03847514721289991,-0.03320182790348514,-0.0019197113425437617,-0.017918261146779302,0.0023633378140295314,0.009031295810073336,0.016719380418995122,-0.00661171198858812,0.0030210553977358945,0.0024960329339620557,0.0010205005202073014,0.00011143642062094727,-0.0011504159876082332,-0.0016159513389142344,0.0028321889805156264,0.0035922056391106683,0.0061861092078665525,0.01798609764003345,0.005715488204371066,0.0017479850158272914,0.02174124101370767,0.009307056372314992
2025-09-11,0.014286365271970913,0.0012790734278176341,-0.0008459006393353175,-0.0016498279850283293,0.0050173832714282,-0.0014361872154198263,0.06043873744853956,0.016703201335316553,-0.003199995702762526,0.015416051071399206,0.008490379919993574,0.009384548446661478,0.0020385224442376337,0.01354025183544394,0.01752366368174285,0.018574286824651454,0.009756175358588193,-0.0014913797811720864,0.010157740434781681,-0.022888490234609704,0.006686045137326957,0.0021477172896444685,0.013620945043858246,0.025772278613875654
2025-09-12,0.01756300955560164,0.01774414523211698,0.003668730192814884,-0.007827802024989672,0.00178889295927398,0.006245844848263626,0.07356092584909457,0.004418224693015338,0.00017838279621607,-0.002464952563803191,-0.0004430840590582408,-0.001581106161028134,-0.002034375324478588,-0.007092108941959552,-0.010268497114042208,-0.004767035226250549,-0.00203420176802116,0.0019715725978484144,0.014554094303674825,0.004246541898544454,-0.004317021762868523,-0.0012055477853277763,0.005142859655061782,0.05693777317310178
2025-09-13,,,,,,,,,,,,,,,,,,,,,,,-0.0013011908618274504,-0.009981749693273922
2025-09-14,,,,,,,,,,,,,,,,,,,,,,,-0.004681752350561785,-0.012549223717087221
2025-09-15,,,,,,,,,,,,,,,,,,,,,,,0.0003224981011604733,-0.0179576071325368
2025-09-16,0.006125935389198034,-0.012263262823754228,-0.016146215426247723,0.011320962964584513,-0.001788470640503359,0.01870012446108804,0.028241113869250656,0.0009389812534517095,0.020738822177836402,-0.005298632641247858,-0.0012581174832460018,-0.0011349275957149851,0.0010172869291136255,-0.0035232950543655495,-0.001224034177832567,-0.005560002826521804,0.002531561685241712,0.0020064107533963593,-0.004127963218285791,0.019399093990169147,0.002107398918659742,0.00013363883345363092,0.012112382641498831,-0.005137349788500112
2025-09-17,0.003527220020250743,0.0019251529153794245,-0.0262466362492908,-0.010382430689534927,-0.006489901775133755,-0.004210478864319689,0.01005642588937583,0.008279577149845174,0.005319158638488419,0.0041935116441138565,-0.0009649962491952158,-0.0007576724047217986,-0.002032605382214503,0.00013917917961947524,-0.0004903144935364256,-0.0006895225543669392,-0.0025251690639904734,-0.007715171664187115,-0.020984393539207113,-0.009250653696057043,-0.002545665012919196,-0.0017396927136743567,-0.0032066883445814875,0.019799637873646025
2025-09-18,-0.004644573125239804,-0.003078267683711111,0.034940451119733984,-0.0016837898189709932,0.010018852475278228,0.005839765835216726,-0.021157139806429193,0.004747627303658852,-0.011796390812304769,-0.01715570480217732,0.00481391436900358,0.0062545160079263695,-0.0030548695025292005,0.006875611401208737,0.01504133449115419,0.00222280611841863,0.002278553879387024,-0.0040063094596702875,0.005292425458959915,-0.0037348109208720226,-0.010319539395573063,-0.0025472123494079124,0.005741425944741474,-0.0006128056825500661
2025-09-19,0.03203293872010393,0.018644946824940778,0.0024397346321005653,0.0010811746080494622,0.010673352478958398,-0.0023967230123045358,0.022118270566640064,0.00494829202870295,-0.009742794787322873,0.011655978621782914,0.004888577005999206,0.003829707132539717,0.0,-0.0015482027513423757,-0.0057984977784936165,-0.006118053397000778,-0.0030457703374298095,0.010607227252210416,0.027638831025788013,-0.015664824743548578,-0.001906134398374948,0.00040332375825324895,-0.012364506846338497,-0.025926809284188335
2025-09-20,,,,,,,,,,,,,,,,,,,,,,,0.0002861257573012477,0.002538323308692858
2025-09-21,,,,,,,,,,,,,,,,,,,,,,,-0.003593675600818802,-0.006901983511407805
2025-09-22,,,,,,,,,,,,,,,,,,,,,,,-0.02218083931492132,-0.055815163176552995
2025-09-23,-0.006443258425658294,-0.010146780170470104,-0.028212036426306986,-0.030400202172415014,-0.0034450767766622814,-0.012755514184467964,-0.019253323313789705,0.000960053433196828,0.01722913064527276,0.013604161204033405,-0.005504931685607839,-0.005356252373766468,0.0020470685949753875,0.0008292113057331019,-0.0022669901294579686,0.005773765698536604,-0.0017753477133474194,0.004086375052867464,-0.0019980476829525307,0.021783610210945215,0.0069899490032041545,0.002019183082542897,-0.00651013327573835,-0.008892368544476281
2025-09-24,-0.008332350414175016,0.0018065456770510746,-0.008182476268150385,-0.0022654160880354324,-0.01796081033780872,0.006963202490423814,0.03977927016229388,0.0021745817382852195,0.0053531669181832164,0.0006230697906355331,-0.0028408162384102598,-0.0035691502746905135,-0.002042886665838739,-0.003369928762254615,-0.008601842174063457,-0.010238370201491098,-0.005081344583106273,-0.009063049726670935,-0.0035034883097091463,0.017854713969385205,-0.0038064566124198507,-0.0020151141980447873,0.011731809832655538,-0.0028891265593804505
2025-09-25,0.018072966979806315,-0.006115801241625585,0.00406859508864299,-0.00935476479077324,-0.005462455840465341,-0.015447146303462223,-0.04381307961359793,9.562611296254353e-05,0.008990960955784333,0.005885902709089619,-0.00499777024871273,-0.005530221709892369,-0.0010235342974876938,-0.0071505136729572705,-0.009904217123419157,-0.002576274028224912,-0.005873207310526207,0.004165188877066628,0.03038671757272593,0.007854411296178032,0.0,-0.0010769468341167432,-0.03776048156409062,-0.0686499014554498
2025-09-26,-0.005489100657377954,0.008737088754400935,0.00281385463560313,0.007471945580644679,0.0030513656392046062,-0.006889990525446699,0.0401756741055197,0.00832657857393615,0.014101597481306571,0.011140603322099318,0.0059226789786501755,0.0063192191914722695,0.0,0.011138158197371961,0.009755300099713038,0.0097056689518904,0.0023118065429308388,0.00577227044053652,0.020229145887118438,0.00038964515039929815,-0.0008992045077482747,0.0,0.0060847628462732395,0.043314242191835106
2025-09-27,,,,,,,,,,,,,,,,,,,,,,,-0.0002814877077529365,-0.004269131498844225
2025-09-28,,,,,,,,,,,,,,,,,,,,,,,0.02225248016477188,0.03056203169493088
2025-09-29,,,,,,,,,,,,,,,,,,,,,,,0.02031473906432546,0.018318402441761972
2025-09-30,0.0007861150085717306,0.006510017339799168,0.026010341701790507,-0.011702709034319914,-0.0038925989781598558,-0.012133364705162464,0.0034069849388267404,-0.000823552442548503,-0.012869933168811909,0.020922807702298263,0.004197006820985116,0.003454501842940827,0.0021541286534629833,0.0017626784718305366,0.0004105687010824699,0.00464933314617344,0.0063711295157817815,0.008540004081594166,-0.003058848661534941,-0.011261514668608696,-0.002900870673182787,-0.00040321850675062443,-0.003009577997342028,-0.016926367551390986
2025-10-01,0.0032203416899190263,0.0033979607738821027,0.0035374376225016935,0.004827606336181178,0.007404312255769652,-0.023203310225039298,0.033144428390707636,-0.014963669335741447,-0.006740636062409822,0.0033977553384705317,0.0034343828380520858,0.0033801596866525063,0.0030706266021678363,-0.0009347382445485941,0.0032838956184146895,0.00038567141275769323,0.005824225248273418,0.0015753722020723782,0.012744888580135783,-0.008271194716631403,0.00258254686399062,0.002522316791406576,0.04026829179914837,0.04948308905476795
2025-10-02,0.00657662791005964,-0.007638979219349085,0.00881217616136909,0.008067800117406154,0.0032257939734434693,0.013536118432406985,-0.051059922281332826,-0.010170369787239508,-0.006250515388033895,-0.0003762868429210142,0.0006296311642051133,0.0013723281875175353,0.0010204419910340157,0.0035771937251578567,0.006136922570275871,-0.005011555482815955,0.0025175959586902774,-0.003482825151325697,-0.008855769505162425,-0.021875833845680148,0.002911899796064432,0.0010765476869663004,0.017128920845327356,0.03144288491246505
2025-10-03,0.003461279462880995,0.0031217278987927255,-0.006723523591067093,-0.013039023009411066,-0.0013837949040700348,-0.022680690993296504,-0.014151406944344913,0.008063791934254994,0.017701563880982096,0.014302622440732327,0.00017741811178395572,0.0006229741387799859,-0.002038803501363873,0.0025226391667323433,0.004635680256749541,0.004029486376153857,0.006027193307332368,0.008032937892485048,0.02327772647265447,0.0023762673576988025,-0.0018985309313660492,-0.0012096825805498757,0.013136036748664148,0.006004285806920251
2025-10-04,,,,,,,,,,,,,,,,,,,,,,,0.001299606980548873,-0.005686395488865736
2025-10-05,,,,,,,,,,,,,,,,,,,,,,,0.008887425412982486,0.005841932173111797
2025-10-06,,,,,,,,,,,,,,,,,,,,,,,0.010031736794915869,0.0381688799649984
2025-10-07,-0.0008181444267610916,-0.008683906700529431,-0.002694803694029413,0.003983725247293846,-0.01864793189274816,-0.003605051719678065,-0.044478772558432134,-0.004819040811961939,0.0005253594122540672,0.003879590353589313,-0.003808940768109448,-0.004714045903157604,0.0020470512148100806,-0.005821296362284345,-0.010020978763434885,-0.0038958382266757186,-0.008704256409135747,0.005159462258136571,-0.0152065810885047,0.004528532856074685,0.005751676785079374,0.001888479778516139,-0.026461574802715715,-0.05047593076900958
2025-10-08,0.006160270999708617,0.001660362669058335,0.021995224919487466,0.015510877718191152,-0.0046386296778294644,0.006675299796049083,0.012930352007360923,-0.011895246207542787,-0.0021004698290881807,0.004235390074081025,0.005840155135218739,0.006418984521699311,0.0,0.0046184035019187775,0.009142877289624485,-0.005084470726038348,0.004515834195385038,0.01649095687844504,0.02696478451487838,0.004508221923670508,0.0007848623062678417,0.0,0.01567280940669602,0.017185685016793073
2025-10-09,-0.015577801150541859,-0.004667933745094888,0.018296257179543973,0.01118907849570383,-0.012631867983262879,0.021829323693641323,-0.007180455170972544,0.004933811144375078,-0.00973503635316375,0.007327693090584564,-0.0027266970705338567,-0.003158036607219694,-0.0010214843565646836,-0.007059840395655992,-0.008574710770116956,-0.005189068592195589,-0.007742377160613656,-0.018452848086064955,0.003366196287227785,-0.013871843601248601,-0.0007842467805310172,-0.0006732833455215248,-0.013370216251727518,-0.03500810935589638
2025-10-10,-0.034522045132806656,-0.02189895346520787,-0.04886534322137259,-0.049925397829666096,-0.0205356530012617,-0.038458922589062805,-0.05062684914805626,-0.015186715723217503,-0.019307488418148666,-0.0018840166394540336,-0.026988002633033692,-0.027270556799532608,0.004089817040834776,-0.022900738129898013,-0.03035244286500327,-0.012329092216298854,-0.02391138851404284,0.010097700011942212,0.016103807547452442,-0.043028584397504566,0.01614709338009024,0.003906770031187223,-0.06976852117831744,-0.12042057191289324
2025-10-11,,,,,,,,,,,,,,,,,,,,,,,-0.02125599811033263,-0.02404293663335999
2025-10-12,,,,,,,,,,,,,,,,,,,,,,,0.03936437283871608,0.11033298280456205
2025-10-13,,,,,,,,,,,,,,,,,,,,,,,0.000879679657679322,0.01946006611990403
2025-10-14,0.0004441421356069508,-0.0009338503679007237,-0.044020911827305276,-0.016721987604375044,0.00532458229618471,-0.009850467050215861,-0.015278742269702716,-0.01912528477724018,0.0004454906564650418,-0.0002618438448380722,-0.0015461161725630612,-0.0001885492815741907,0.002036826916266943,0.007640781154814924,0.009316455548628921,0.010422438965743464,-0.0010161898895082455,0.007141189222626965,-0.009733370732327495,-0.01821284578157878,0.003201830279222939,0.0014736190194426513,-0.01867262888064536,-0.028278547964407763
2025-10-15,0.006336473629484196,-0.0002725107645331626,-0.0011108615216387507,-0.003789417568938358,0.022733770887638283,0.012559079627743053,0.013768529951932784,0.01195050884675486,-0.0060557404653877045,0.0016767086651354735,0.004107776000051189,0.004210699136570906,-0.0010163927684870844,0.0013837583028688538,0.004166039433869617,0.013937072376019266,0.008901274926155667,0.017332403569977117,0.032692363652487844,-0.00014495849609375,-0.0022011855122441304,-0.0006689456347486189,-0.02064646024028005,-0.03343972264134598
2025-10-16,-0.007579986804138628,-0.003544859011397894,0.011010395836064779,-0.00510277898660183,0.0017129885103226439,-0.007637063538248778,-0.01470755828163206,-0.023389754519057115,-0.00869091383638021,0.0049693789548146405,-0.0062989773020522,-0.007509842619903395,0.004069113781809852,-0.011607252805695856,-0.01285292772835811,-0.0029510366365191887,0.0040332895611985276,0.02338727694573084,0.017380432569131132,-0.01710393305861324,0.0075006271824547,0.003748540469461492,-0.023443318504017374,-0.023249158708877005
2025-10-17,0.019559457191237417,0.003850671086669477,0.007755381326113531,-0.006667636156250767,0.007317228042831969,0.006811065712973852,0.02462973191508744,-0.0032825735954961077,0.014461225703349623,0.005725590608218756,0.005293405230773596,0.004413889141068106,-0.002026114496016973,0.001761435617318341,-0.0002471735423615895,0.0064646354453126165,-0.0005021481378005843,-0.01881705572696646,-0.04433590749766092,0.0025070904654278525,-0.0015328611118802238,-0.0013338911947461396,-0.01588236351834038,-0.015969057439913503
2025-10-18,,,,,,,,,,,,,,,,,,,,,,,0.006861009972426446,0.015078008181977465
2025-10-19,,,,,,,,,,,,,,,,,,,,,,,0.013698405510000455,0.024240379173758653
2025-10-20,,,,,,,,,,,,,,,,,,,,,,,0.01768912239467313,-0.0009760969295927735
2025-10-21,0.002021049273656983,0.0016835817454483593,-0.008103403516373953,0.025637486886977978,-0.0237380177422285,0.001502441080561745,-0.010794954856246153,-0.01742959685911194,8.881696150986329e-05,-0.009498180865394223,3.218429477502838e-05,0.0001242569595809595,0.0020283663497366877,0.004061246975452404,0.002195273423170052,-0.0027584646037585037,-0.007713287705079952,-0.06426889260666147,-0.08235541082657738,0.00648672858814936,0.004915146714657981,0.0012003250975902713,-0.019098105646452646,-0.02612468149719649
2025-10-22,-0.016440179021178225,0.0055634361363350315,-0.004857555235790012,-0.018375903497213075,0.004910968712675823,0.00019084801636037874,-0.008201547294971134,-0.010030508243946468,0.01774463033326157,0.0055242982636736215,-0.005322183051663987,-0.006393579228646917,0.0,-0.007016413910545749,-0.012575049588311349,0.004302853957417918,-0.0010030370925807608,0.00010605594835544352,0.0020552672004163774,0.03456863521892739,0.0006523006768268669,0.0,-0.007267028792566799,-0.017705963754152787
2025-10-23,0.004372053262009956,3.8501348547992365e-05,0.010428209748937878,0.014406971477930908,0.005522699879762394,0.0008045097225555242,0.022803402824313368,0.001462085409841718,0.011071433323294855,-0.002436091698245657,0.005851772885707041,0.006746939013083431,-0.0030363413863343514,0.007620200638243313,0.012324394770091285,-0.0009945185395614509,0.006525994428765003,0.004002358382396931,0.00683681015856985,0.037661103858823264,-0.006843544192010831,-0.0019982820472481677,0.022111355667553845,0.01257944172448533
2025-10-24,0.012481779466614773,0.00585904386582925,0.0225075935807193,0.01411194729592502,0.02702702050007999,0.005940057024214296,-0.03398817183887881,0.020031119674333464,-0.005087127113515777,-0.010754940847464423,0.007939088299921737,0.008004997074943399,0.0010151633608188604,0.004207583595438713,0.00657412330260998,0.003216304364148437,0.0034914669513439467,-0.0033528327110016187,-0.004300557387880488,-0.0015008951968542572,0.00043766385634702587,0.001334751261272693,0.008759859251149305,0.0203683813713873
2025-10-25,,,,,,,,,,,,,,,,,,,,,,,0.005474045023684315,0.004804483597282472
2025-10-26,,,,,,,,,,,,,,,,,,,,,,,0.025355383127430242,0.051731330083082616
2025-10-27,,,,,,,,,,,,,,,,,,,,,,,-0.0030847352525406047,-0.009107091228975794
2025-10-28,0.0007068103233436318,0.019848571819303773,0.04981984937812545,0.010045375014470892,-0.006684584225920109,0.0008258355763159919,0.017969970655449252,0.003978375289924285,-0.007848926720630867,-0.017708930670286338,0.0022994857248239686,0.0009736737233645432,0.0,-0.010002668585187169,-0.009070481664537056,-0.020024243084914795,-0.0004931362207547529,-0.007166030388359279,0.007075453449628899,-0.02365978243914202,0.002614944886884407,0.0005330711031161783,-0.01019252462848308,-0.03346008122768285
2025-10-29,0.0026022346664624774,-0.0009593537042699163,0.029896025705414164,0.0045801659836763875,0.02654501245177565,0.00030599533627628794,0.0020845119924046696,0.0004913027605584208,0.012344555658700296,-0.0017653014539622536,-4.708447253476411e-05,-0.0009727266050292283,-0.005065828271742734,-0.006552365504098767,-0.008262498018835607,-0.025405944604483977,-0.005181300426783331,-0.0037872684129753864,0.012412149176280085,0.00574315262102143,-0.010106547351239725,-0.004926773476307877,-0.025681284408657135,-0.01981522433432381
2025-10-30,0.006303229091240592,-0.029156935182629407,-0.020044469393717956,-0.03230569840563213,0.025166657317651886,-0.11334753120791408,-0.04639120107705208,0.012863612685704906,-0.015113696853055636,0.01312964918440418,-0.009900651909428015,-0.010102927485549085,-0.0010180667726203962,-0.0062629780991766415,-0.009311370951548215,0.004783134642932563,-0.004216291318410947,0.01964188672951095,0.02567662785346725,-0.0012535370955385483,-0.005818305525632561,-0.0017397656894098112,-0.015898895718551742,-0.025357117972616416
2025-10-31,-0.003795042898427692,-0.01512103683912347,-0.0019714724306379994,0.09584492754129248,-0.0010303957518730256,-0.0271880753086835,0.03740057084027071,0.005429162640980367,-0.002877334427119016,-0.0009521235376207526,0.0026983056846658915,0.003627461009441779,0.002249902258994574,0.004517639254143946,0.007172908546366541,0.002380182587674806,-0.0014944378383293655,-0.005430550723012573,-0.007442531121313656,0.011853276878721175,-0.0029815521915580456,-0.00026796980280618943,0.011547120379193476,0.01122525392067275
2025-11-01,,,,,,,,,,,,,,,,,,,,,,,0.004635536182247879,0.007046295825625215
2025-11-02,,,,,,,,,,,,,,,,,,,,,,,0.005229768982454308,0.009518186585722344
2025-11-03,,,,,,,,,,,,,,,,,,,,,,,-0.03698585893164408,-0.0789440386423853
2025-11-04,0.003679658451690937,-0.005222061797499733,-0.039588173995557474,-0.018425168014886806,-0.02178209205107451,-0.0162927162989287,-0.05147636612701911,-0.00032331060497625685,0.0033403270807306207,0.003221312462501791,-0.011724928942764556,-0.0122382871977047,0.0010215194485319046,-0.009940074776171981,-0.013455854289396774,0.0016638959728390024,-0.013919963784202904,-0.017517195825319742,-0.023308882134131403,-0.011135518042092118,0.002228719975130966,0.0005385902536330089,-0.046523840630681046,-0.08598199640611282
2025-11-05,0.0003703646251622672,-0.013940547578869977,-0.017514626436203384,0.0035295587926045258,0.024392838125841587,0.01375694996028587,0.040089130615176494,0.007857713267444666,-0.004030099153987332,-0.004602358505296333,0.0036615728152613602,0.0045223074446389955,-0.004081710182945897,0.004640286354365308,0.01197609268208133,0.000711896137763457,0.005797896624448962,0.011564369498527016,0.021291525776204745,-0.012512185764778083,-0.010896165200030339,-0.0028267051003327825,0.02265282648549194,0.040271429297028094
2025-11-06,-0.0013697625428008564,-0.019835950877711617,-0.03652481390732354,-0.028617121300727022,0.001547675477206134,-0.026747431842005898,-0.03497306340156037,0.005582719588749896,0.007213254363411581,0.005214986433847768,-0.011183600034077923,-0.011594180399585707,0.004098438822421446,-0.00772612299680675,-0.014053270834492482,-0.004663705064693602,-0.003759406189421499,-0.0012005195756799036,-0.0022910031001733833,-0.002111805271811873,0.008992957324690076,0.003914685605816315,-0.02493503798083263,-0.03296574838976807
2025-11-07,-0.0048188791892468386,-0.0005632641778654524,0.0003721807128440613,0.005636975040415049,-0.020790126323925406,0.004475403013952883,-0.03675632866235745,0.0025204552273638825,0.023755425564249144,-0.002139276564534831,0.0013694329198459254,0.0024333409854091492,-0.0010204770114180528,0.010043117156484982,0.011752900447153936,0.015565462282884246,0.0012577990092155211,0.006119021470095687,0.008495957252965924,0.005361242911083419,-0.002116803102373277,-0.0005379304803838636,0.020445121741957006,0.037147836870148554
2025-11-08,,,,,,,,,,,,,,,,,,,,,,,-0.010547196317199026,-0.01016651774327515
2025-11-09,,,,,,,,,,,,,,,,,,,,,,,0.02383137448193029,0.053595650182295396
2025-11-10,,,,,,,,,,,,,,,,,,,,,,,0.012194017448672767,-0.003952797579624412
2025-11-11,0.02160110352909128,0.00529640782497709,-0.02959058026486583,0.0028180846386129943,0.00417102948457293,-0.007407866899360238,-0.01260026442672324,-0.004007743624198978,0.013195719034210462,0.028766999487826794,0.0020754237955860066,0.0020240864403531234,0.002043038897064031,0.0025776627111764316,0.0012263184949989903,0.011505065850113683,0.0044665301606803265,0.003937814406542062,0.014413623809042209,0.014508941282080912,0.004578490841188998,0.002825734506177069,-0.028294541304540788,-0.04292544572498369
2025-11-12,-0.0064667915516215535,0.0048360784124728,0.003313360000960719,-0.01967085120518708,-0.015790810910155995,-0.02881614128990906,-0.02051769508633805,0.015176447755680389,-0.013858690309006882,0.0028890685292630724,0.0006639715633793841,0.0005509426531082884,0.0,0.00016585954306580497,0.00146972957590763,-0.007892271018385522,0.00494075398293603,0.016110762091908537,0.040258318647365066,-0.04029153267315433,0.0017785806683456862,-0.0004024792302967928,-0.012954505253314763,-0.0006406464052173266
2025-11-13,-0.0019014401037990014,-0.015357852274828332,-0.03581019794270368,-0.027108907452568887,-0.0283909889900702,0.0014449834159191433,-0.06644220962287406,-0.034112491501447795,0.005672173554868154,0.00442415855815792,-0.016526481192291498,-0.017496694661878975,-0.003058310099104289,-0.016722856329785984,-0.022095358135783005,-0.011932581696274425,-0.00983292589807716,-0.008083098515826892,-0.01862585951082507,0.0008596870297561399,-0.008211439281098243,-0.0029533294360859497,-0.01933536967351135,-0.05283685290035778
2025-11-14,-0.00197847614027602,0.013689946462120961,0.01771385068101239,-0.012164320933474637,-0.0077539015234869835,-0.0007050093657080536,0.005870832424868633,-0.018967353968996736,0.012992504976247155,0.003482702907628754,-0.0002892054081411466,-0.0004359124581505558,-0.002044929767745618,-0.0010120007714269352,-0.0024179454262086564,0.0018943643290760814,-0.00248259485652369,-0.018047911171504505,-0.030788678634508848,0.021904063174227995,-0.00570587337332118,-0.0014810387132708769,-0.053157837862490065,-0.039895183075048135
2025-11-15,,,,,,,,,,,,,,,,,,,,,,,0.012196889211437911,0.02024808099609965
2025-11-16,,,,,,,,,,,,,,,,,,,,,,,-0.01435983820826503,-0.023300450051277788
2025-11-17,,,,,,,,,,,,,,,,,,,,,,,-0.02212006537551514,-0.02208598894421776
2025-11-18,-7.469218596389826e-05,-0.02699557164947486,-0.028081462747415187,-0.04431653833391602,-0.0025962638674692506,-0.007175889417777026,-0.018756757252943457,-0.0031959998506426723,0.011471814868966979,0.0021044328372894494,-0.008189514016813781,-0.006922579451728583,0.0,0.0003429536939600908,0.0018728027588759133,0.003891489161065076,-0.009813868563861905,0.007264932736103624,0.013855228425442068,0.016830251008139285,-0.0003366858015700913,0.0008086396096049775,0.009284005043766586,0.03254717213392322
2025-11-19,0.004187757744410714,-0.01350779898552179,0.02845164512789311,0.0006290693674619874,0.030005646778675565,-0.012330860969233193,0.006828636098130891,0.012891982118452994,-0.014114091579286114,0.012549986951619685,0.0037769997051524395,0.0032954013787012126,0.0,-0.0017134780522096715,0.00016990685747853007,-0.007673463146768089,-0.002795405302644105,0.0016294519610446923,0.007592240789657145,-0.022344865470096953,-0.0020210579646746663,-0.0004039931199636415,-0.015953746750565823,-0.031991314382848524
2025-11-20,-0.00860139398019577,-0.016001348276606597,-0.03152474073899536,-0.02492255148822009,-0.011475006577587155,-0.0019819475718578783,-0.02168365419886953,-0.016124166946488994,-0.0028121420029613153,0.0027653133533929175,-0.015425999209497498,-0.015790868236956856,0.001023511388325682,-0.015132936711971912,-0.017500632472354782,-0.004145449524276312,-0.013506608291812161,-0.0002933255655774847,-0.014424154416314727,-0.010299037187164406,0.003937778811530457,0.0014819417241274113,-0.05285126891851111,-0.0632777812683677
2025-11-21,0.01968065895668869,-0.01318895836861611,-0.009743076928405703,0.016348913427910006,0.03527385943371031,0.008656550909420968,-0.010474950113494086,-0.0012066479330745672,0.0005127822107036106,0.004087194496180002,0.009893682378238067,0.01110258160880151,0.0020451280351265755,0.0157430127518976,0.024816164988351153,0.016170381664211586,0.010333235468739987,-0.0015473311468576778,-0.010484918196489779,-0.01211687035826392,0.0030260299600746166,0.0024211407639977978,-0.017790340109098413,-0.023334590055091975
2025-11-22,,,,,,,,,,,,,,,,,,,,,,,-0.0051983141515926645,0.0006899532357182991
2025-11-23,,,,,,,,,,,,,,,,,,,,,,,0.025477734635657168,0.012309767363083646
2025-11-24,,,,,,,,,,,,,,,,,,,,,,,0.01688329653360121,0.05390964270915899
2025-11-25,0.0038054245067611348,0.006307939090366643,-0.02591077088622873,0.0149814363087164,0.015255251141815362,0.03779448814508113,0.0038776272725380423,0.016778439870717365,-0.012589459948208481,0.009377309180366611,0.009131145540471675,0.010499882914664083,0.0020368963469448165,0.013787746731159123,0.019746743724860183,0.008955923318184622,0.008396884862862164,-0.00031569077041548876,0.0008577546625325727,-0.01661457255563059,0.0025552791566425537,0.002277160287633695,-0.010520742688141405,0.0017688477411781367
2025-11-26,0.002094015298321983,0.01784106796189966,0.013721716820289664,-0.0022205534501759105,-0.0107901444269769,-0.004102274143574558,0.017119677587676296,0.015313624693302552,0.0022705389439716672,0.004306337043130881,0.006922090993272345,0.00692734551342622,0.0010161315940171445,0.008244351087184576,0.006781613922768992,0.0044382133605653795,0.010850474120803977,0.007998338908444147,0.03706885418488737,0.011407955458878627,0.0044328288159720675,0.0010692863888566162,0.03636830551491177,0.023623136478952533
2025-11-27,,,,,,,,,,,,,,,,,,,,,,,0.008473504729832548,-0.0043826285579375845
2025-11-28,,,,,,,,,,,,,,,,,,,,,,,-0.004010602738938163,0.0058921738820569836
2025-11-29,,,,,,,,,,,,,,,,,,,,,,,-0.0007425028351905061,-0.013395469150188521
2025-11-30,,,,,,,,,,,,,,,,,,,,,,,-0.005035073877646679,0.0001428111751458072
2025-12-01,,,,,,,,,,,,,,,,,,,,,,,-0.045055292472078956,-0.06414317003534598
2025-12-02,0.010914820528252767,0.006697657758429676,0.008559328912786102,0.0023088475921804186,0.0029214936883741327,0.009721170997479378,-0.0020923987153301793,-0.0033666715672946435,-0.01071770834012431,0.0003896608396831702,0.0024763859813239364,0.0020269758724911213,0.0010214582234149283,-0.0003620706468410173,-0.002193908846315762,-0.0029715142315664966,0.0029953963566848874,-0.006440050713598433,0.011614634520845435,-0.012102457640002506,0.0004504472948643201,0.0009425495966590702,0.05825464938016567,0.07062049558248629
2025-12-03,-0.007128107299873898,-0.02504083083412756,-0.010305312728931093,-0.008702300580441968,0.012095886930105992,-0.011590187959922837,0.04076973347810542,0.013804105854062554,0.02097423855349878,-0.00043812302034407224,0.003008598203241286,0.004229888388530556,0.00102051452115548,0.007882107043176045,0.010342066454495091,0.0025097727893979016,0.0029865475208743497,-0.0009296182229129313,-0.0011293313021788487,0.006552802476705866,0.002815078358645362,0.0014803211000748995,0.023837949867722363,0.06458838390069488
2025-12-04,-0.012141483369261685,0.006509927133071081,0.021160543078458716,-0.014071797072686909,-0.006288490400907287,0.034287227832469735,0.017437455153354264,0.012719019200689408,-0.005602733802893334,-0.013880101295827285,0.0011526233886682835,0.0014649258706282975,-0.0020388497565634323,0.0022383883128274107,0.004997193155325208,-0.0023470367185171037,0.00223331332021659,0.0006461951944911615,-0.024684405140834698,0.010331102316804897,-0.005389599745694085,-0.0018810612465539611,-0.014821043775501641,-0.01793955301277983
2025-12-05,-0.006840070477014848,0.004824912832363637,-0.00528960563825176,0.0018331725713693903,0.01149162969858919,0.017973345192401124,0.0010340378456106247,-0.003353267147222616,-0.005122044401323245,-0.0027163786305285376,0.002081647642504958,0.001767595731124949,-0.0010215569341052166,0.0005790990355161174,0.0003207368318547399,-0.0011762791295668595,0.001733054537742973,-0.0017823532991587676,0.022990774343035092,0.007423991929235374,-0.00462865578904037,-0.0012114804290843662,-0.029887330373216225,-0.03505821706537382
2025-12-06,,,,,,,,,,,,,,,,,,,,,,,-0.0012908122468182626,0.005215821632364781
2025-12-07,,,,,,,,,,,,,,,,,,,,,,,0.012694471554050235,0.0069383396729270075
2025-12-08,,,,,,,,,,,,,,,,,,,,,,,0.0025945560296725123,0.02087224497595197
2025-12-09,-0.0025550193698475887,0.0020365533068591457,-0.0031258565800189597,0.004539639393836836,0.010710086670107533,-0.014756922636823044,0.01271674558948499,-0.04663548081072799,0.019572312623794996,-0.008233273704347788,-0.0008683607052286657,-0.0009157400182885356,-0.0010244989613915623,-0.0016049752616307256,-0.0006439726418646652,-0.0034026410553581465,-0.0022283367460796955,0.005137202012788666,0.046670444454576465,-0.008937399241173427,0.0010241245097637464,-0.0006746289279209172,0.022633530616329445,0.0626894655346446
2025-12-10,0.005772445948890148,-0.027356619467261645,-0.006433507035163322,0.016935769749744978,0.009871356077685745,-0.01039647440985958,0.014106967203253218,0.03194551491487574,0.010909068472082284,0.03290653781022912,0.006779721209666523,0.007576574658592294,0.003076748023435716,0.01269432617597177,0.01594843859187245,0.0032554701970322064,0.011414423086292702,0.004259147967166088,0.01631324190229,0.009733757504076346,0.003864946799655433,0.002971209144695841,-0.007236522211271801,0.0012872624094455443
2025-12-11,-0.0026902907054526803,0.010259979343901993,-0.015507714749317336,-0.006471654188885845,-0.024296583966444296,0.0039684237599497685,-0.010100780674035192,0.023443384673624168,0.0,0.016800591909168494,0.002087752290147238,0.0030321350465942754,0.0,0.007991896082542693,0.01133744377310042,0.004353002964202712,0.0019627635818069145,0.010769830543307712,0.027644002951610958,-0.01828750919740052,-0.0013588211097969038,0.0,0.005329119618741718,-0.026563274780229462
2025-12-12,0.0008992558753764257,-0.010217781958397731,-0.03266450115570951,-0.017760970816273702,-0.010050140247244932,-0.012991955429604962,0.027008830833098685,0.0035918672622627934,-0.006023089699107698,0.007475876405680371,-0.01060494465258377,-0.011124525906589078,-0.0030673106813595696,-0.010318021331230609,-0.013405412530724026,-0.0011032325043494051,-0.005876660858584515,0.005594579039939429,-0.026379737694208094,-0.006353825868682272,-0.009638395133918953,-0.0030972329804922483,-0.024223213861206738,-0.0472294070775402
2025-12-13,,,,,,,,,,,,,,,,,,,,,,,0.00031346787642294593,0.01054503402301843
2025-12-14,,,,,,,,,,,,,,,,,,,,,,,-0.023516739363752315,-0.018000022559953033
2025-12-15,,,,,,,,,,,,,,,,,,,,,,,-0.019908078936967,-0.03150094334836495
2025-12-16,0.0018241206270945831,0.003306541643073313,0.008111685598434226,8.989068511033871e-05,-0.005353302720950914,0.01488783345310063,0.030653694218629735,-0.013967993793286504,-0.026154906723085847,-0.022738903636060126,-0.0023466927509817603,-0.0024511258577882833,0.0010245979754981427,-0.006256384959598238,-0.005033556428845842,-0.007312464154437537,-0.006630643499549782,0.00022745542760316262,-0.006539340287797901,-0.025335119106885462,0.0054919648362696805,0.0018889289282251198,0.01648005936140917,-7.412718940891239e-07
2025-12-17,-0.010086976563313366,-0.0005668130933824678,-0.038149894542773066,-0.005796159688549518,-0.03212971824112465,-0.011641234572675407,-0.04617456293730249,-0.001806251457973418,0.023805417842484022,0.0049211563255200375,-0.011569713110263113,-0.01118002630450221,0.0,-0.005688230940647743,-0.005781791522260771,0.003564335419180331,-0.0059332252153324605,0.008588228474273762,0.043824680397682725,0.02735386486436009,-0.0009102837562601218,-0.00026944266411543794,-0.01935507109105894,-0.04479394067431908
2025-12-18,0.0012875132341483297,0.01650851077648796,0.018719942068098128,0.024811271877659857,0.01934483666819986,0.02301768054998421,0.034477560704677446,-0.006286169244011375,-0.0074099566116092586,-0.00960397908410704,0.007942818185102896,0.007765454625898727,0.0020470984980196505,0.003637929358926817,0.005492274355503257,-0.00552480894640861,0.007958249119440541,-0.0018032036998043566,-0.015599048338723387,-0.011621077912859046,0.0047835431242655435,0.0021219627690751697,-0.007908292107279613,-0.001530856537254932
2025-12-19,0.005437456457254575,0.004008420178750471,0.03933622863520214,0.0026019210221046585,0.015539319976288546,-0.008548376598183527,-0.00448927929345333,0.013450425955421785,0.001287070751524677,-0.00931300472259411,0.00883741529965576,0.008938413538753354,-0.0020429164468297456,0.004261285075130017,0.00979998041868213,-0.003412694648527226,0.006256029341451974,0.0011289903434381632,0.027140940974954786,0.012501805437842517,-0.0037323095725131372,-0.001483364943009824,0.03090097713717843,0.05337740480626607
2025-12-20,,,,,,,,,,,,,,,,,,,,,,,0.002731077738661547,-0.00013035171680586544
2025-12-21,,,,,,,,,,,,,,,,,,,,,,,0.0031439599746445612,0.008070725107488519
2025-12-22,,,,,,,,,,,,,,,,,,,,,,,-0.0014864790528285043,0.0014858543703297755
2025-12-23,0.005129726100470355,0.003980023810253641,0.030050700900573935,0.016241329216049705,0.014752462851436388,0.005200233268028764,-0.00648622625268469,0.008790166670989974,0.01074903116100323,-0.007428149127685302,0.004552990792064948,0.0032853635429219707,0.0,-0.0024414579474308917,-0.005135481603867564,-0.00119910573118176,0.006949520450678204,0.013252341857567629,0.03793813143711078,0.008174382150915926,0.00160253739815297,-0.00013502174915303033,-0.01215974047919599,-0.014204477620910372
2025-12-24,0.0053238158353827725,0.0024031254578502637,-0.0031711222062752453,0.001033882544133169,-0.0008271339575212089,0.003925197635620936,-0.00032952397832164415,0.009940839366306298,-0.0016747081383741147,0.009719125698376407,0.0032148869950225922,0.003153110466624476,0.0020470984980196505,0.002915018934650959,0.002223645567292376,0.007122861131392044,0.0002465783257463716,-0.004134082564786756,0.005860655525522285,-0.0014225618659219341,0.006057244357350555,0.0024320773953512287,0.0022646365284737513,-0.006001080904730394
2025-12-25,,,,,,,,,,,,,,,,,,,,,,,-0.004305562231041726,-0.014262330504439258
2025-12-26,,,,,,,,,,,,,,,,,,,,,,,0.0007644603322913834,0.007634030664264602
2025-12-27,,,,,,,,,,,,,,,,,,,,,,,0.005735605525503784,0.0076058169600530245
2025-12-28,,,,,,,,,,,,,,,,,,,,,,,0.00038358610925337544,0.0001932919094582708
2025-12-29,,,,,,,,,,,,,,,,,,,,,,,-0.007943173820266769,-0.004758168917232131
2025-12-30,-0.002483993295382736,0.0007801596803003186,-0.003612788112190568,0.001982123671998126,0.0009249568493068239,0.011021868735651363,-0.011335005235871831,-0.00101929823743252,0.0038164833158684797,-0.003131614346345568,-0.0013649673244555682,-0.0016998229556290934,-0.0010204159111910638,-0.0018984060333679942,-0.003990133962485376,0.0019811654241355114,0.0012321172460001417,0.0007275678386380324,0.04499319988770312,0.0018675082930346143,-0.002384602791573154,-0.00040374684563027063,0.014826942349620564,0.01256702548089339
2025-12-31,-0.004467601499789753,-0.007918308222643278,-0.005545422619901985,-0.0073538531116630335,-0.0027083771406897217,-0.008799449548235638,-0.010364613980130777,-0.0037103729341126934,-0.005372364402120411,0.0001933520695047708,-0.007290032556194204,-0.007540804526232625,0.0013323968979177536,-0.009399894521911145,-0.00985494331378245,-0.008304356928726553,-0.0024612959774430454,-0.006467991163222386,-0.066106189708237,-0.00831652164362151,-0.007967088170284131,-0.002692802202365452,-0.01041844740246467,-0.0014737583994245407
2026-01-01,,,,,,,,,,,,,,,,,,,,,,,0.013977518339667538,0.01124242223269234
2026-01-02,,,,,,,,,,,,,,,,,,,,,,,0.013667122921255048,0.04133734051066695
2026-01-03,,,,,,,,,,,,,,,,,,,,,,,0.007321078638514056,0.00047844777570227315
2026-01-04,,,,,,,,,,,,,,,,,,,,,,,0.008943445698309516,0.004732360608502573
2026-01-05,,,,,,,,,,,,,,,,,,,,,,,0.027009825802690735,0.027197643098951785
2026-01-06,-0.018334308830022295,0.011970000253572977,-0.004677819899715829,0.033768107781812384,-0.00695025521734649,0.0027778133230071944,-0.041424095947095174,0.006224686240595911,-0.03438093107805096,0.002349376128803815,0.006261646063069781,0.007032796610790815,-0.0010224043637817593,0.011237170686543951,0.016536700188156672,0.0075582787820964725,0.00457944638227703,0.010813149047262716,0.0670236990546309,-0.0243520229955293,-0.0020581631396412448,0.0,-0.0016352711961346023,0.021640912864389295
2026-01-07,-0.00773747740562758,0.010365499243197629,0.009987125820996923,0.0026148877348795008,0.02430495071090233,-0.01805880137473037,-0.0035799792672750463,-0.02277270780531304,-0.0211483736149225,0.013184275288075531,-0.0034310306221296827,-0.003552107014929917,0.0010234507442887786,-0.012137244801643132,-0.007281745473839085,-0.009870506081721797,-0.004558570652394511,-0.009559953917111952,-0.03730837110509877,-0.01050943217417244,0.005843267289910692,0.0010783650114996046,-0.025829527204251357,-0.03917016624496916
2026-01-08,-0.004955108337700187,-0.011086551233978836,-0.021521859150629097,0.019581038977249277,0.010745959085171286,-0.004054319385594418,0.010175897854927118,0.008563024588912116,0.037302772745044566,-0.008385973311859862,7.818546108784297e-05,0.00048338521686486224,-0.0020450056846745834,0.004286554786652852,0.0067889802558456225,0.009091610139025263,0.00024101865027903457,0.005522515913727544,-0.01761555828815564,0.04056645468152098,-0.0050119778013766325,-0.0017506506781052034,-0.003076724046541912,-0.01972355629036915
2026-01-09,0.0012738954148727721,0.0024471834263524173,-0.000972775721840291,0.004425724253495522,0.009617777517530124,0.010834917424294543,0.02113359850994656,-0.0018193679489144632,0.01383125613815217,-0.006609915596588523,0.006509772083246768,0.006582490868230151,0.002049196302762679,0.005600491655431528,0.009378396900015185,0.002054882843827599,0.007469869807686047,0.007242001159325273,0.03830150916671049,0.003402294593913169,0.006640033841523563,0.002158393554599014,-0.005646925984974294,-0.006872686838344633
2026-01-10,,,,,,,,,,,,,,,,,,,,,,,-0.001397069847536736,-0.00021119464663144072
2026-01-11,,,,,,,,,,,,,,,,,,,,,,,0.004876964768804504,0.01183795263773435
2026-01-12,,,,,,,,,,,,,,,,,,,,,,,0.004024457429802286,-0.008515881935856728
2026-01-13,0.0030738623692765366,-0.013642593572847694,0.004704209026523465,-0.0157016882298876,0.012384857350936418,-0.01694769778166183,-0.003920124914344347,-0.041881133582052144,0.020237077718742835,0.018739232643366632,-0.0019247434253534257,-0.001796622020609484,0.0010234507442887786,0.0008636575911384892,0.0006130736458385133,0.0057493895095852565,-0.004033340713071043,-0.0014210408732292512,0.017739156514804177,0.025540848458931453,0.001710983512573483,0.0008082597670449054,0.04527528885126264,0.07430339604003233
2026-01-14,-0.0041753602144793955,-0.023987065591537404,-0.01436954614122099,-0.024526018373191683,-0.00038695353039874814,-0.024671631819543127,-0.017889087168218576,-0.009745849792895389,0.028923590340198313,0.022934686030920304,-0.00531843837974344,-0.0043796182138783335,0.0020450056846745834,0.0020494477592363225,0.002297822851559772,0.008770636885911287,0.002620350821408657,0.010222226854541994,0.07582696183429283,-0.011839993288458861,0.0058074251984854275,0.0020194857954403123,0.016864423365986925,0.009821270239958713
2026-01-15,-0.00673187624656213,-0.005921024377300688,0.02134988022026696,0.006465239039753046,-0.0091115228573736,0.008578061270618553,-0.0014344373071545347,0.0045149317748736095,-0.008217983129173656,0.00466717806708461,0.0026109308175126245,0.0031334425191353876,-0.0010204160856414068,0.003955903842958186,0.01008710140552993,0.006908875877212228,0.003326160489012464,-0.006127660830587689,-0.014664118963701567,-0.02038291343469012,-0.00022652002475587185,-0.0014780961274463156,-0.01421799419905967,-0.011214440579919382
2026-01-16,-0.010379073276537754,0.007007346870100184,-0.004383967623675433,0.0039466053837939885,-0.008353871352345,-0.0008859052794759625,-0.0024397640202233895,0.010379544850873224,0.0058854730271853395,-0.004144506288299543,-0.0005769455682456126,-0.0003603332903642231,-0.003064375194665403,-0.0029217177516378534,-0.0012861564951193172,0.011872583911696433,0.0002368856873757874,-0.004818883830700504,-0.027604453434733833,0.007310618480811826,-0.00577511425894861,-0.001614552858093421,-0.00027284132392391136,-0.006517479736100618
2026-01-17,,,,,,,,,,,,,,,,,,,,,,,-0.004451136256293897,0.004060735078022848
2026-01-18,,,,,,,,,,,,,,,,,,,,,,,-0.01541002514624834,-0.0083734299173297
2026-01-19,,,,,,,,,,,,,,,,,,,,,,,-0.011543146480490485,-0.028811971050971552
2026-01-20,,,,,,,,,,,,,,,,,,,,,,,-0.04584033237499219,-0.07877164352915944
2026-01-21,0.003850831106810837,-0.022903278470751354,0.02948284071008489,0.001341980773133189,0.019813685178711404,0.014632888532054578,0.02907573629435012,-0.0023121331059161587,0.024145267923803226,-0.0009165560690416186,0.011597576275883092,0.0119565865165554,0.002055613516547261,0.014523308429666537,0.01866063103183202,0.004268832745029982,0.009106125990874459,0.014568979615140476,-0.01674669534368367,0.02059554293026089,0.007616785649434243,0.002840476921595503,0.012071608510981546,0.014748373722715646
2026-01-22,0.0028266120532465244,0.015829449808587803,0.008291401026019996,0.01309929882528893,0.006577736544023383,0.05656156488055886,0.041535283721378935,0.0052641178593690885,0.00022452694139363238,0.002201738522740415,0.005511796826481508,0.005574528998763206,0.0010255501466065464,0.002183636721728943,0.0033925440004285434,-0.01035618956013995,0.008311542577002617,0.01846258414950319,0.037756052924154515,-0.020725343863715384,0.004352298594555659,0.0004046181727459519,0.000956534957143873,-0.009825039857546347
2026-01-23,-0.001248289505752287,0.032827950848620446,0.015310552663258647,0.020568436457892858,-0.007896232610549059,0.017185745710614375,-0.0006675890216037983,-0.019464496763157202,0.009952138107438557,0.007551791930517027,0.000407247177845127,-0.0011449153501384979,0.0,-0.005003436865578581,-0.01119460648402526,0.0018741646258788602,0.005652391882504437,0.013745304981574558,0.06633773201989479,0.029657438909338696,0.0027369315601983857,0.0010788232989149549,0.00046300848627667257,0.0012283041671792283
2026-01-24,,,,,,,,,,,,,,,,,,,,,,,-0.00439244250598092,-0.0015290325215363554
2026-01-25,,,,,,,,,,,,,,,,,,,,,,,-0.028487203509257375,-0.04504918926428636
2026-01-26,,,,,,,,,,,,,,,,,,,,,,,0.019578126787931138,0.03926083862438623
2026-01-27,0.011197578028024013,0.02190185886971885,0.010993681830616886,0.026256163723313408,0.0038707612918738032,0.0009072802471117303,-0.009880556502607107,-0.002424942828042287,0.014758218588135419,0.013318825213516572,0.004081327846419347,0.0037845569187762162,-0.0010236479029758216,0.0015893545509126916,0.00022846352097993794,-0.00031220444931367997,0.015162179963047029,0.024531942321975864,0.033048608104816024,0.029667939651367492,-0.00622517465221839,-0.000807059199799065,0.009464787027023913,0.032720079340819774
2026-01-28,-0.007085445328186779,0.0021848569201308177,0.01591348287194827,-0.0068252338521122,0.004364196880606519,-0.006300453828018804,0.0012995998294869082,0.0015316962350975238,0.005481304493666128,0.014614193213793092,-7.760360817832268e-05,-0.0006583188019861907,0.0,-0.0025013146710867185,-0.0029705139395076463,-0.010150806861322637,-0.0020679865833108657,0.038773348494905324,0.0394724114655256,0.012688329870560455,-0.002277904127125918,-0.0004037514755659277,0.0009202877056453396,-0.005162947242162819
2026-01-29,0.007175077196164281,-0.09993146244609463,0.005169082772252587,-0.005267268047532414,0.006666405517007812,0.10404802222031617,-0.03453389466363932,0.018785269292614704,0.021296692335595724,-0.0018883200680959167,-0.001272246985953518,-0.0017366610644751201,0.0,-0.0010515660504395452,-0.001680630973733943,0.014435718208123838,0.001611767122025487,0.0027094717415592218,-0.0002840793535070496,0.03288953997301736,0.0002282309283314632,0.0001346034849913913,-0.05183614563372574,-0.06265359238084345
2026-01-30,0.0046461394466286166,-0.007404862064634643,-0.00716839684544246,-0.010052507834071855,-0.0007390768797954639,-0.029540407622858034,0.033248526466028494,-0.0017296907488322244,0.006333976569752764,-0.0001760151189428294,-0.004241057649716495,-0.005518925644489081,0.0033926306890583735,-0.009744170364361149,-0.010713131294663447,0.0007775071562796665,-0.01471261906088972,-0.10274245274560045,-0.28540302491726877,0.004801582718582553,-0.0055923260500800875,-0.0004040683710330173,-0.005119696877728619,-0.041109956346790044
2026-01-31,,,,,,,,,,,,,,,,,,,,,,,-0.06546567255435032,-0.09520641066538593
2026-02-01,,,,,,,,,,,,,,,,,,,,,,,-0.02094439679701987,-0.0724418417956253
2026-02-02,,,,,,,,,,,,,,,,,,,,,,,0.022271291537603544,0.03368299377022699
2026-02-03,-0.0019629122599374993,-0.028721958392058156,-0.028392945801114955,-0.017863069956986388,-0.011580300604792315,-0.02082356156043974,0.0003555958781265023,0.021775739143063966,0.038511559105832704,0.010184168618640577,-0.008394720793972854,-0.007617621719999357,0.0010266797788922588,-0.0025237829195897676,0.0012283358395053234,-0.0020416515319410244,0.0048871529721532525,0.06358720612372104,0.06239641759706527,0.028408327859169358,0.002426326317895633,0.00027069938213419853,-0.03882661934945053,-0.04982085366444211
2026-02-04,0.026012954335186356,0.00724696002125591,-0.03410220337884484,-0.023593955826118118,-0.01963432234313034,-0.032832122742163405,-0.03779974882085746,0.007686122055548195,0.0268559129304744,0.005877270220576047,-0.005069969079876002,-0.004774824731284877,-0.0010256267886077364,0.004216891968696235,0.00030685401241270505,0.014556634238232835,-0.0011579277240879593,-0.0007044119795716064,0.028846170050839115,0.0052923199464889326,-0.002535768237486802,-0.00040588708210953506,-0.03455931736640505,-0.037733992059035826
2026-02-05,-0.0020976508564164442,-0.04954246909318927,-0.01326138417734124,-0.04420791797466184,-0.005374779306136834,0.0018237011014892168,-0.02167438757390938,-0.022409818542664217,-0.0102309288504846,0.01415959692165547,-0.012236363753669988,-0.01281425021442606,0.004106719115569257,-0.01381695253612869,-0.011881104894387429,-0.0013184025214583173,-0.011824731820861412,-0.026631707613677613,-0.1577418264161473,-0.015279851746007767,0.010862060451603428,0.004330316699626913,-0.14129892381358544,-0.15013782215594373
2026-02-06,0.008009793893585249,0.018975241101618856,0.07871770227202068,-0.05554804877440456,-0.02532829146093707,-0.013055666551943346,0.03499406912088299,0.03946348615324524,0.020331308435832085,0.009251875217964223,0.01972829576962387,0.02140879191738998,0.0,0.024587207687841284,0.031029389942257568,0.015298592681811218,0.02111682775907897,0.03073229479090611,0.052481629507737715,0.003911793099661054,0.0006858411195875824,0.00013462864706625943,0.1252476912623226,0.1326816155325108
2026-02-07,,,,,,,,,,,,,,,,,,,,,,,-0.018048541205989532,0.013163964881106383
2026-02-08,,,,,,,,,,,,,,,,,,,,,,,0.014184900201757111,-0.0008545012256375717
2026-02-09,,,,,,,,,,,,,,,,,,,,,,,-0.00204861414171964,0.007087777756089597
2026-02-10,-0.003422920610733904,-0.0007979599440377516,-0.007893101110529654,-0.008432323191560842,-0.017698662560139744,-0.009598072537813196,0.018906316477488305,-0.011859725795086873,0.0025130829846635727,-0.0012151592270626121,-0.003247891938776948,-0.0029966418273625894,0.003067540358692611,0.000347504883819294,0.0005242113973651374,0.01302153336802414,0.001811656073958945,-0.009913720520981939,-0.03458702290574178,0.00012819964958765695,0.011540274443760046,0.0029630202989250343,-0.018921927121284043,-0.03996552777885132
2026-02-11,0.0066501292492171515,-0.02153555363583015,0.008008991631896611,-0.013915755650289796,-0.023918591893986596,-0.0030265012397907576,0.00719643851293883,-0.023438421571628232,0.026189039969609418,0.01053069895845038,-1.5655190234942218e-05,-0.0006612868751163514,-0.0020388055028277563,0.0019774049682483863,-0.002545048528351135,-0.005186710447057985,0.007233260726559054,0.011310577541873812,0.04290960004556221,0.01102141001929291,-0.005308993512207927,-0.0020143056981750673,-0.02619404614799148,-0.03905729079240505
2026-02-12,-0.049981811301894274,-0.006256627631262779,-0.016364120017250072,-0.021952154485218922,-0.006303051873291943,-0.028234280627180808,-0.02615168463063977,-0.026317534667602005,-0.02976772238305303,0.01532009937885026,-0.015575726247530564,-0.01594086593740407,0.004085843400220224,-0.014588217802532055,-0.017936196614617428,-0.0015868145580476556,-0.00987436359419025,-0.03472828959819363,-0.1153343062073936,-0.03181648061414255,0.013286517205794102,0.00457484367755101,-0.011495780977477277,0.0032563467246882194
2026-02-13,-0.022733396848946263,-0.001294005019369382,-0.02209264710071812,-0.004058180323715632,-0.010614844217675667,-0.015450703086662299,0.0008871295242764976,-0.00029747383395828386,-0.009871245246703242,-0.004498095888246456,0.0006334103601188801,0.0018338525818304419,0.002034657431142728,0.012693197314045834,0.011233378888714673,0.014531160310215396,0.0027199045277077616,0.024878663914389865,0.029381334196638687,-0.0020947373457477214,0.0054913306790431715,0.002946645451149532,0.039805596623848194,0.05217758881277712
2026-02-14,,,,,,,,,,,,,,,,,,,,,,,0.013212456278809848,0.01829725240883784
2026-02-15,,,,,,,,,,,,,,,,,,,,,,,-0.014038567315427408,-0.05751017989077156
2026-02-16,,,,,,,,,,,,,,,,,,,,,,,0.000799101589935125,0.016212644568821766
2026-02-17,,,,,,,,,,,,,,,,,,,,,,,-0.019594358734823403,-0.0028646768590002702
2026-02-18,0.0017811172199722058,0.006904209070364153,0.016272852504360502,0.018095945812067304,0.004337473124623736,0.0061474413165121256,0.0016803507615161806,0.005372327181836223,0.030713387778857237,0.006822043974271885,0.005596527516227967,0.005668656574106867,-0.0010152142791086671,0.006179302523948493,0.007261196405510262,-0.011750838592570867,0.0036198600949644,0.022489929267582198,0.05604932103909199,0.048461613710060636,-0.0037833059543337377,-0.0010686048424829453,-0.015836888807606253,-0.019184983188783145
2026-02-19,-0.014261469431454121,-0.0005769168650320289,-0.00042552880599477927,0.00034184934085601526,-0.0015823770894107803,0.002425376093321052,0.0009481282794785439,-0.0023641582522772042,0.0019246652443491996,0.007837008162978831,-0.002688358605418717,-0.0021213711514489475,0.0,-0.0023661808134789464,0.0010512932424995292,-0.0017947540407338147,-0.0011271262403768079,0.0027930496262249527,0.013126064294605833,0.022544091701861335,0.0010052919124576842,0.0004011168642756857,0.008012052068341324,-0.002954528018943803
2026-02-20,0.015350373037534393,-0.0030868355547025716,0.010218257158700395,0.025627257563010764,0.040052807314611805,0.016873931020055855,0.00026721690370390405,0.008894742952802126,-0.024441958081538595,-0.01790123786602893,0.006983344558185722,0.005952410834694888,0.0,0.0041305570121679125,0.00352556126700998,0.007267022704333437,0.010381434745027285,0.019714504323102178,0.07900296354855696,-0.004187756584076108,-0.002343210640985638,-0.00013365201134951654,0.015650197075734784,0.010687443713567113
2026-02-21,,,,,,,,,,,,,,,,,,,,,,,-2.435467576455963e-05,0.0023945100352251725
2026-02-22,,,,,,,,,,,,,,,,,,,,,,,-0.005064057803784272,-0.008071629067117003
2026-02-23,,,,,,,,,,,,,,,,,,,,,,,-0.04497014110892317,-0.05225395436661606
2026-02-24,0.022390946489790453,0.01178245055508631,0.006786724366676156,0.016027637831418806,-0.0018940708591722588,0.0032169028217925444,0.023885197787236967,-0.0012431491035961306,-0.009949589112859702,0.0071154230021104325,0.007703602720691594,0.008305817250333636,-0.0010140874138093725,0.010784209300634062,0.010339866731486458,0.0027524807086585223,0.006963153434573988,-0.01385890426498504,-0.018493209251746467,-0.0017305239432369168,0.001782907962254443,-0.0005336411249561301,-0.008305824880296298,-0.001365303886856295
2026-02-25,0.007679856784716499,0.029820067104153303,0.014052296839024425,0.00997315810991184,0.00643284820201151,0.022508987054494556,0.019590573349979934,0.02018164272899292,-0.0013399233257578302,-0.004507067629743955,0.008178507618184394,0.007813444464469299,0.0,0.0036982988754250545,0.0025584543842185337,-0.0028931945689077976,0.008699498183182719,-0.0025072627221415233,0.012139593604506782,-0.012753823081374072,0.00011128705582241771,-0.000266808800187035,0.060550552894326426,0.10882988045871778
2026-02-26,-0.004667610137537803,0.002795794059219592,-0.0545612407949545,-0.012913032798065993,-0.017641310753361283,0.005078920968760059,-0.021130827631028026,0.009330769938703076,-0.0034885568293164804,-0.00693395179238343,-0.005371787178122034,-0.0037863762941070522,0.001015116831011298,0.007926035362423978,0.006680138067682417,0.007365440783664301,-0.001990242735985581,0.008575889154321725,0.005122389155736595,0.0005016089859393169,0.004003914946685061,0.0014684056752984898,-0.007450715585058165,-0.013547624241957545
2026-02-27,-0.03213049693728531,-0.022353905603506474,-0.041646311846979644,0.01000385652833935,0.014249474647304972,-0.013439769474314134,-0.014856275407819197,-0.019044222796515298,0.026659532064465807,0.020372084569802773,-0.004242314339563014,-0.005127771844994133,0.00508649969967756,-0.002787832239298904,-0.00961821311147426,0.0014772610009246012,0.0,0.01313141674919538,0.05643258033245391,0.027328574613463497,0.006092880408315793,0.0019993326999905303,-0.023304501473983996,-0.04738065532627633
2026-02-28,,,,,,,,,,,,,,,,,,,,,,,0.016910019957618205,0.017759153699916874
2026-03-01,,,,,,,,,,,,,,,,,,,,,,,-0.018773664883674046,-0.013223011941958851
2026-03-02,,,,,,,,,,,,,,,,,,,,,,,0.04620988327616793,0.045486972038864204
2026-03-03,-0.0036642536122324376,0.013498946299321357,-0.013316539505995872,0.0016315386481426941,-0.009591529564517476,0.0023257820270317087,-0.027000928420799375,0.009073787728847149,-0.015497337379916987,-0.0072819342467489445,-0.009396778593689814,-0.010295478928964652,-0.0010163632440027826,-0.014062538640341682,-0.016997377008872716,-0.0058102079638649995,-0.035304732987076703,-0.04461221500318879,-0.08446732150822389,0.0345222436352004,-0.002008651822444807,-0.0010717337152814643,-0.007011227255569463,-0.021950713860043103
2026-03-04,-0.004663548763329417,0.0031441575378865494,0.016606495502460517,0.03875826073047883,-0.0014821877429089803,0.01931049595986445,0.03442654745501761,-0.0028973861311007987,-0.01323845407755786,-0.0058763807426228665,0.007772699315092169,0.007648938218803192,-0.0010172999399354898,0.0050041312423563244,0.005332025448685052,0.0017014437401552396,0.0037296419445831397,0.007818116439543887,0.008837654392311212,0.015077612598279222,-0.003130972930495246,-0.0006706166087937504,0.06467555605177866,0.07249278959354588
2026-03-05,-0.00849451684471103,0.013524136978431578,0.0016390080583172928,0.009777672934109694,-0.007422644642436693,-0.010722798086019725,-0.0009607691927178141,-0.01950645568892695,0.006274109842906439,-0.0231145458557086,-0.005619260683852101,-0.006497780998401037,-0.003054910230523955,-0.008999924882362564,-0.015532580600015833,-0.009231116857741584,-0.013237339823621519,-0.012017768242597593,-0.014202279623500402,0.05187855096828975,-0.004038118458431383,-0.0022817296490023065,-0.025710882421896564,-0.025816959171616194
2026-03-06,-0.010872553678353492,-0.004188178755669236,-0.03010798420604055,-0.026171534044230005,-0.007843650721151452,-0.02378254039549188,-0.021748186591348584,-0.013864685824104273,0.002984957703821456,0.0032132412385019737,-0.013138309925058267,-0.013691959310423774,-0.001021554097452415,-0.012789431281528207,-0.022088813557963438,-0.011106221861429288,-0.009414030897668568,0.01583250339069653,0.022485604871718357,0.12937389056512183,-0.003716623941178221,-0.0013450993450764281,-0.03817885179689062,-0.04482236094062009
2026-03-07,,,,,,,,,,,,,,,,,,,,,,,-0.01267893913767526,-0.004697799435284367
2026-03-08,,,,,,,,,,,,,,,,,,,,,,,-0.01936617019467901,-0.016680097080789325
2026-03-09,,,,,,,,,,,,,,,,,,,,,,,0.03687448277691541,0.02908879392733521
2026-03-10,0.0036554627966916,-0.008915253325116002,0.011606999188437328,0.00393459326562029,0.002219686727622072,0.010318403014069721,0.0014046291985592152,-0.004104646261508971,-0.015354942309931507,0.004616886074793269,-0.0020360011674916967,-0.0024577254852392594,-0.0030582191236291356,-0.008511065090344272,-0.005373432507823517,-0.001354618639046401,0.006140681614396737,0.01127967872100144,0.023383518422023686,0.014664993313950658,-0.01064668025658455,-0.00308918834629901,0.022287806357257578,0.022169403074209226
2026-03-11,-7.663617950748325e-05,-0.002168781697636457,0.006873722377926494,-0.007838417021498345,0.0054064734754804,0.001207794890799807,0.02149087591352461,-0.004190830232280396,0.02329033169864214,-0.0029543358945800513,-0.0007968958729557274,-0.0008007075414997455,-0.005112406605062181,-0.003936672586762557,-0.0008612377708763219,-0.010174176357659048,-0.001173693035218637,-0.003390104145245987,-0.0272192879942722,0.020687723680138603,-0.01291338031345901,-0.004446241867485767,0.003975020350486469,0.007094700046877733
2026-03-12,-0.019362766377938656,-0.007459048347235875,-0.015535125563684415,-0.014671973697334195,-0.016682942048633964,-0.025471061323605992,-0.03141091003024221,-0.016103083976032773,0.012864473708184665,-0.003909676058910905,-0.015185814761949135,-0.01590432345483872,-0.0030832655785312246,-0.017592981807176278,-0.02060963071376143,-0.007080726481621169,-0.02091655452855512,-0.019653925633074443,-0.018354514670254618,0.09569640023922621,-0.0019509794467363895,-0.003654062284439097,0.004110513591636167,0.010510464768130001
2026-03-13,-0.022051921765652405,-0.015701980263283843,-0.015780274103308733,-0.008877013416636048,-0.004183788716005665,-0.038343458890626625,-0.009645319015724074,0.0019441494546730276,0.01686964344742692,-0.002148359891322449,-0.005928335557735975,-0.005575074382903833,-0.001030933835653003,-0.0004190651091284803,-0.0012002069296938034,0.0017635589335913693,-0.009121427357701495,-0.012936961278600778,-0.0495554491262159,0.012669989084662214,-0.004944133737451839,-0.000950850898879585,0.006735442992662266,0.009370945241431228
2026-03-14,,,,,,,,,,,,,,,,,,,,,,,0.0034714019404360474,0.0021615561057222177
2026-03-15,,,,,,,,,,,,,,,,,,,,,,,0.022120302711697182,0.03833396568225522
2026-03-16,,,,,,,,,,,,,,,,,,,,,,,0.028454105238008953,0.07977111189072517
2026-03-17,0.005577044389181385,-0.001350190094862036,-0.00704076266961684,0.016340754535353108,0.01754161510658081,-0.007634136535675906,0.00937908655570907,0.002551037088385444,0.010048984761105384,-0.0208890241377363,0.0025323333432745176,0.003180145204361162,0.0010288125602950782,0.006280272454741054,0.009526013632507935,0.004175754745745275,0.00404284192064952,-0.002519392047785618,-0.021305620494208033,0.033121773441933344,0.0027519940871401083,0.0020318464439670336,-0.01253801442025071,-0.014087655809712052
2026-03-18,-0.016874457610149385,-0.019078127856892224,-0.00840982158463277,-0.024767666852414494,-0.010388559265513075,-0.011209939244207434,-0.016254640751756533,0.0029627028745808914,-0.007682143690311394,-0.0034857915624170177,-0.013594825863236903,-0.01348827956386689,-0.0030832655785312246,-0.01267467128192612,-0.010772950999485165,-0.014894903368700807,-0.015395608202851796,-0.03163716142328721,-0.04130625959529932,0.023813546939267072,-0.00560326016815671,-0.0040552451886789465,-0.0362122396594321,-0.04934391616753975
2026-03-19,-0.0039209238936004365,-0.007070163788856276,-0.010199536586162128,-0.005288991452693126,-0.0018200057010314685,-0.014585467410955566,-0.03177353995904619,0.0007994110433215962,0.0036170273333631098,0.0013486485412383953,-0.0026911689633491997,-0.0019533118540395744,0.0010309338356528919,0.0005012909286301603,0.003418150358926564,-0.0033769651913364562,-0.0033677675455995315,-0.041215062676522196,-0.043959196174952364,-0.035423667489573596,0.006094832653796622,0.0010859061536072634,-0.01870697238447039,-0.03006246566260873
2026-03-20,-0.003896213024359163,-0.018379502592174246,-0.03281810422532416,-0.01623874055782004,-0.019958990607744198,-0.021493388495351096,-0.03244805872728129,-0.004896382729087878,0.009547258926864144,-0.009385567883178347,-0.015111473362895311,-0.015908991204972356,-0.00823887829286818,-0.01756239424199002,-0.02337010692348529,-0.0311898596227691,-0.027831473923487615,-0.0305574415876555,-0.06333739080516243,0.03467961548787879,-0.018973568236646088,-0.00799910281093208,0.008722250723753211,0.00424494293930433
2026-03-21,,,,,,,,,,,,,,,,,,,,,,,-0.025680602546325204,-0.03252141820817256
2026-03-22,,,,,,,,,,,,,,,,,,,,,,,-0.012607965253281006,-0.01138427123429453
2026-03-23,,,,,,,,,,,,,,,,,,,,,,,0.04524488014825101,0.04826854503462008
2026-03-24,0.0005964209042432778,-0.02678853724706265,-0.002505138026276832,-0.013800294588880768,-0.03846916245483134,-0.018441900959278335,0.005724019012326664,0.008588885393816303,0.02637621716135974,-0.0006371331987554685,-0.0037429192699784952,-0.0032315288593857128,-0.0020703064130760396,0.003582264434844662,0.004456492884895358,-0.007016962612680477,-0.0039033871885924,0.00022274115430986896,0.00768368069244163,0.03599858397992728,-0.004398690226732782,-0.002586645730340509,-0.005598262529164066,0.0016533960130185044
2026-03-25,0.00389443542328749,-0.004560770869753483,0.019862989658425256,0.021569200454641724,0.0016870618036641805,0.0033225929215809913,0.007623458833617036,0.010328370772313633,-0.012819024751382635,0.019806980569965438,0.005454125208700145,0.006038964975151329,0.003111951844706695,0.004350394280908665,0.009824089194539365,-0.0008030071075350032,0.015674733307547095,0.030089336389747867,0.035901482035624266,-0.01004017388411782,0.009650026319960148,0.003821883897092926,0.011231529778693128,0.005713742098458985
2026-03-26,0.0010688159198788405,-0.013664314379738696,-0.04163861365338872,-0.019696817795534227,-0.034406831540405025,-0.07959460649053962,-0.03585963575004292,-0.012727709195087478,0.01329167121131114,-0.002875785452757351,-0.017404661926821663,-0.017123685461458815,-0.005170562046398208,-0.011967237765532768,-0.01592658754441212,-0.0007233301218710908,-0.024355006185199812,-0.0375939695290467,-0.0680876965042958,0.03413001823276596,-0.008406250926824788,-0.005847087140857576,-0.03531428903229905,-0.050019391420208725
2026-03-27,-0.016173025219509918,-0.02513870584021738,-0.02172390271764868,-0.039510442389467326,-0.023423098303163248,-0.03985098476796356,-0.027626237359861583,-0.030240671116531836,0.03360946057876957,0.005057646828689366,-0.016747828681652255,-0.01708273137135552,-0.0010396065112731057,-0.011796184153588296,-0.017076879015629598,-0.008122844913806326,-0.00766182811686511,0.035093842463368,0.04393612224507071,0.05918467239962144,-0.0054581408018725686,0.0,-0.035662044616623034,-0.03316523299517671
2026-03-28,,,,,,,,,,,,,,,,,,,,,,,-0.0002815819275042708,0.0007144214559386963
2026-03-29,,,,,,,,,,,,,,,,,,,,,,,-0.005500227885263609,-0.005086021609450597
2026-03-30,,,,,,,,,,,,,,,,,,,,,,,0.011167073154841889,0.020657738756954647
2026-03-31,0.029031294901536553,0.031229168262500107,0.05588179348466227,0.03642700888472339,0.05140766931844154,0.06665050836078534,0.04635780589195071,0.036614158333540425,-0.01055576803935554,0.008041555957229551,0.02921225161620078,0.029725774258829274,0.005505396378137739,0.02224016147431418,0.031488957638261095,0.015184596719847177,0.027944083850240053,0.037893826237359374,0.07273298014153418,-0.019872154314624413,-0.0010370781576509724,0.0021774099389444412,0.02311941479563351,0.040124913175980215
2026-04-01,0.007250134541771258,-0.0021612185793732364,0.0077408609562046315,0.011043371606930696,0.03418422998087833,0.01240972423285469,0.025581734406523227,0.004147464284507629,-0.05234000171600661,-0.0013091446613590074,0.007220337664326948,0.007168984232258646,0.0,0.005706090408065467,0.006217111310288681,0.0037393683791375754,0.01650486147047503,0.017499822514495555,0.0,-0.02483303467276521,-0.0009844112710656328,0.00040875279602969883,-0.002268068291422898,0.016167945634351977
2026-04-02,0.0011344258521832629,0.011072898156205158,0.009331433227018238,-0.0037992260242744047,-0.005447478243950976,-0.008234999321398373,-0.05421500524128142,-0.0026406763221814566,-0.0005597483429152783,-0.004424061333182627,0.0011864650051665038,0.0016523323593955475,0.0010329829434172488,0.0038849160056544374,0.004277573864585049,0.013633430099726285,-0.006447002169950533,-0.019208815315471695,-0.03448779711139971,0.11145138398905519,0.006144163058410479,0.0021792979518269195,-0.017479577533077273,-0.038286390129433245
2026-04-03,,,,,,,,,,,,,,,,,,,,,,,0.0006358522809097877,-0.001685723740716183
2026-04-04,,,,,,,,,,,,,,,,,,,,,,,0.005369911059425414,0.005827600335098326
2026-04-05,,,,,,,,,,,,,,,,,,,,,,,0.02513553056906015,0.021131532161972943
2026-04-06,,,,,,,,,,,,,,,,,,,,,,,-0.0017695992030517527,-0.0005851746946151648
2026-04-07,-0.020706117804507373,-0.0015822686391459007,0.0025895446715138437,0.00460553135602737,0.01823394579408988,0.0035425782564793007,-0.017487708462248674,0.006600039292219417,0.003305432827702015,-0.01062371890951297,0.0007701028857456382,0.0006315742805758084,0.0010329829434172488,-0.0015238074302416083,-0.00015714454276150036,0.0015621072908389433,0.0009571886731516432,0.009727589667910319,-0.0022695400937461363,-0.006189726466387824,-0.00011541583503493769,0.0014971628919477897,0.04474125312086663,0.06359598447469827
2026-04-08,0.02130175107094434,0.005479540091115842,0.02234697131467711,0.03499085736091123,0.03882674065642666,0.06498564630983283,-0.009808146419583275,0.035541383796725334,-0.046916004329172756,0.012121972003088954,0.0250843363283606,0.02518624882768239,0.002064030818346163,0.025305203306432267,0.027587849120646712,0.01738923605752607,0.04327031985090679,0.00629906958171822,0.023202892366533057,-0.0977694077417357,0.0032317512556456762,0.0019027260686164116,-0.011361353371537541,-0.022959692630716844
2026-04-09,0.006141353323192211,-0.0033659586280663234,0.010050537196021558,0.056045170153601775,0.0036870757694167366,0.026076927899042923,0.006904574267115882,0.00766303647176092,-0.007553500994429196,4.141942274982213e-05,0.006229473899101112,0.005541492988059948,0.0,-0.0006765533866444073,0.00045890741986309713,0.007664597153704378,-0.0009166112760494727,0.007778530578574028,0.013635662550766536,0.019104167751141432,-0.0025310848583861567,0.0004069230285208558,0.009061281070850802,-0.0005439378020498653
2026-04-10,-3.8309525974056235e-05,-0.005897049250381925,0.025664733438725884,0.020244002182271403,-0.0039247701288198655,0.00233926489737013,0.009634908676839249,-0.0014822655720735378,-0.016318362286224186,-0.01181049634727438,-0.0010318502625404902,-0.001408338319621505,-0.0010298896851234085,-0.0051994014333105465,-0.0035168708190714826,0.0024339549894161205,0.001146859025407787,-0.0017811851128632927,0.010089230114990855,-0.01685569789760788,-0.0024221582256489516,-0.0014915825897822144,0.016876904061948084,0.025582893392399164
2026-04-11,,,,,,,,,,,,,,,,,,,,,,,0.0010307967248304184,0.017923737259448957
2026-04-12,,,,,,,,,,,,,,,,,,,,,,,-0.031495312720733026,-0.04077595476873197
2026-04-13,,,,,,,,,,,,,,,,,,,,,,,0.05273575609654846,0.08143124552858283
2026-04-14,-0.001427567968129817,0.022738482049594833,0.03803284053190947,0.038059130876826774,0.03610222586180267,0.04406404684815701,0.03342602102735692,-0.008161175779035967,-0.02227459322641323,0.008993105266725143,0.011797831937157444,0.011461488536105513,0.003089570839684308,0.006539973871643845,0.007405695715097416,0.009218688638831685,0.007959937784952853,0.022349346089928224,0.05506740192518178,-0.03596172415881871,0.0053025670105495415,0.002439099018645363,-0.004068372317531099,-0.01999660571788242
2026-04-15,0.029362927395561567,0.04606857252161789,0.012009570384825752,-0.00208820280916866,0.012646034690357633,0.013721002565265872,0.07619439612820611,-0.0166816743470678,-0.0015412153434868348,-0.005955884623983665,0.008053345717305094,0.007614391291941747,-0.002053337223750229,-0.0004010639332630017,0.0007501770710907074,0.0009733818897044166,0.0009025477392323733,-0.010402401583740839,-0.002776298932467225,-0.010173614467130943,-0.004357288144820282,-0.0013518154213737477,0.008404626904874313,0.015550417222206292
2026-04-16,-0.011372588907376024,0.0219833872819577,-0.0026147182905368327,0.004828961562342915,-0.0032629512323445464,0.007876913983037692,-0.007781651270713175,0.013140325000793096,0.01993155714509398,-0.017304248185769144,0.002621897574954124,0.0026181271438663334,-0.0010288301036119885,0.0033971459076411747,0.004197567972579197,0.009200356833549694,0.0004508669406781962,-0.0008627455164704756,-0.00835187228155021,0.02651113546852657,-0.00633427082599336,-0.0014889580257023693,0.004639453579876829,-0.004573969185826421
2026-04-17,0.025930209749845057,0.0060200797613549906,0.0167884369538549,0.003444135445984209,0.016844246911391636,0.017255887777621215,0.03013628543234881,0.0010969392627850905,-0.03645212160727118,-0.00153492206300343,0.01204441805169898,0.012819012831509546,0.003089570839684308,0.013702686809630382,0.01798912920915119,0.01578716952060244,0.01171699966761075,0.013293051904224695,0.033548560658561044,-0.07787663467542938,0.009156242239701795,0.003931165689305516,0.02627659540184779,0.030837677558848364
2026-04-18,,,,,,,,,,,,,,,,,,,,,,,-0.01816051878803593,-0.02890091572709097
2026-04-19,,,,,,,,,,,,,,,,,,,,,,,-0.024692366775663332,-0.036656702084753356
2026-04-20,,,,,,,,,,,,,,,,,,,,,,,0.027298557704868998,0.022206292914811687
2026-04-21,-0.025196757637106715,0.014566929536200313,-0.010788838474320439,0.0065651880571397925,-0.015203617683191117,-0.003085281739606205,-0.015490411649084379,-0.012587117439969986,0.004604604335695095,-0.01963673644872177,-0.0063378478228404145,-0.006570813360164407,-0.0041067723606769135,-0.006231194676654339,-0.007581783917879115,-0.017818159623579577,-0.014084531065562733,-0.028320000717914517,-0.05072770041171237,0.05712166438021704,-0.005514151719750449,-0.0031077600918427706,0.0063296958930805225,0.005510533991485822
2026-04-22,0.026298980526972437,0.02065260677572822,0.013107839969903834,0.021807838295304194,0.02115621474771645,0.008791255923035424,0.0028207553957204645,6.386266348834546e-05,0.007684007717433827,-0.00026528810409554016,0.01047201947929266,0.009803364106530932,0.001030951451389095,-0.0002371007617937293,0.0008080555822080893,-0.008071057484337008,0.004988689984473105,0.013245809401008168,0.02744933481458034,0.008966814007675517,0.0019637055902894662,0.0010842802499768656,0.024233934691509473,0.020669366999717997
2026-04-23,0.0009517122497622044,-0.03966093711350327,-0.014123459804205263,-0.001096486445127054,-0.0012672187507363208,-0.023076160429692183,-0.03558619957523779,-0.004248887032602733,0.00688962394178505,0.02012378447652763,-0.004127171027266785,-0.004327770450850421,-0.0010298896851234085,0.0025561325830627535,-0.003816825099049459,0.010600164958026292,-0.00834835140867507,-0.00969535708776803,-0.028279173163180293,0.041112886979535634,-0.002190360911199285,-0.0017600599765594804,0.0008420581944230676,-0.018759497216376042
2026-04-24,-0.008667648687676,0.021334925116506254,0.04322783464835034,0.03493017225717909,0.016258901147509164,0.024091639679341137,0.0069035282132037246,-0.010940369069907585,-0.010761942007072589,-0.013657030044830987,0.00801439801762216,0.006930940826908927,0.001030951451389095,-0.000972599876181035,0.0008841373129107044,-0.002363770960828071,0.007280994067559998,0.005127114447075254,0.005995959031555476,-0.017220956823018607,0.0018486100388355187,0.0017631632496273308,-0.010395445352393673,-0.006786890852357175
2026-04-25,,,,,,,,,,,,,,,,,,,,,,,0.0020231423764509593,0.0013554991229898228
2026-04-26,,,,,,,,,,,,,,,,,,,,,,,0.013471154293320797,0.021950691540593592
2026-04-27,,,,,,,,,,,,,,,,,,,,,,,-0.01641182876919478,-0.028131925191703266
2026-04-28,0.011584044965448959,0.01042792853303709,-0.01588108781548958,-0.005438047398549362,-0.0015984402707296397,-0.010727606486840457,-0.006998242057971282,-0.0005775845488592557,0.01599294876943258,0.010872446028482585,-0.00489138156719926,-0.0055362014757631695,0.0,-0.0069354841435501635,-0.010010309172985066,0.009159364418965588,-0.0049774030974133465,-0.0185629131043068,-0.031172322928937124,0.036223313825672454,0.0010431970928934664,-0.00027113926032129587,-0.013131671764148978,-0.0059244064939814045
2026-04-29,-0.0019946734305643643,-0.011159018159398681,-0.01838907070702589,0.012860978748156615,0.000457440856160396,-0.003306866341159176,-0.008563377785179571,-0.007063773064066581,0.02729809163786734,-0.0019315474585598347,-0.00039436364624612086,-0.0012891955966700674,-0.004127963218285791,-0.00207126986857864,-0.00542747752817152,-0.007895567373710444,-0.004320114340304104,-0.010665781709228828,-0.02054381681338846,0.07901144911926394,-0.00775739779272,-0.004476464813877645,-0.007525003361340765,-0.01572621507544203
2026-04-30,0.004367593060422559,-0.039296972651300055,-0.04626041900014932,0.0076793983730687465,0.09961703465838956,-0.0855003921421249,0.02368566893502,0.012869881928304405,-0.002198204835557327,0.010996260975958405,0.010274636887612765,0.011559005488257945,0.0010362931893419525,0.019558292555253542,0.018763507712264316,0.01487541870878517,0.01758393335613384,0.014973287523456946,0.028069207696040488,-0.02350135052890645,-0.000933472628977694,0.0014988993191487054,0.00697036758667724,0.0012582894176169646
2026-05-01,0.032393618379240596,0.016332345093055922,-0.005612117727474941,0.012072784412985094,0.0023129279539280123,-0.005164114466532643,0.024080922159745333,-0.002426363180308977,-0.01023781385543121,-0.011572780471936994,0.0029444349647365087,0.0030742389678686255,0.0010352203974945962,-0.0016703226962135886,0.0012474183333435196,-0.0021986299631183703,-0.002693059759507954,-0.0011330099187530918,0.024452402698328823,-0.029165771928350348,0.003575409461164636,0.00139230351612607,0.024568460603834108,0.017215516135995923
